profile_id,source_section,raw_keyword,context_text
0d72bdb8-ada8-4eb2-be40-1d31a38d4e9f,skills,R (Programming Language),R (Programming Language)
0d72bdb8-ada8-4eb2-be40-1d31a38d4e9f,skills,Microsurgery,Microsurgery
0d72bdb8-ada8-4eb2-be40-1d31a38d4e9f,skills,Chemogenetics,Chemogenetics
0d72bdb8-ada8-4eb2-be40-1d31a38d4e9f,skills,Optogenetics,Optogenetics
0d72bdb8-ada8-4eb2-be40-1d31a38d4e9f,skills,Mouse Models,Mouse Models
0d72bdb8-ada8-4eb2-be40-1d31a38d4e9f,skills,Writing,Writing
0d72bdb8-ada8-4eb2-be40-1d31a38d4e9f,skills,Manuscript,Manuscript
0d72bdb8-ada8-4eb2-be40-1d31a38d4e9f,skills,Editing,Editing
0d72bdb8-ada8-4eb2-be40-1d31a38d4e9f,skills,Computer Literacy,Computer Literacy
0d72bdb8-ada8-4eb2-be40-1d31a38d4e9f,skills,Academic Editing,Academic Editing
0d72bdb8-ada8-4eb2-be40-1d31a38d4e9f,publications,Mechanical fatigue of whole rabbit-tibiae under combined compression-torsional loading is better explained by strained volume than peak strain magnitude,Mechanical fatigue of whole rabbit-tibiae under combined compression-torsional loading is better explained by strained volume than peak strain magnitude
0d72bdb8-ada8-4eb2-be40-1d31a38d4e9f,publications,Finite-element modelling to predict the fatigue life of rabbit tibiae subject to compression-torsional loading,
0d72bdb8-ada8-4eb2-be40-1d31a38d4e9f,experience,"The focus of my thesis work is to better understand and treat cardiovascular dysfunction following spinal cord injury through the use of epidural spinal stimulation. Individuals living with spinal cord injury are at a four-fold greater risk of developing cardiovascular disease than uninjured individuals, so developing and testing a therapeutic for this condition is of the utmost importance to improve health outcomes in this population",Doctoral Researcher
0d72bdb8-ada8-4eb2-be40-1d31a38d4e9f,experience,"As a member of the Affiliate Management Committee, I am responsible for ensuring that there is a clear vision for Special Olympics Calgary that is founded in championing the health and social benefits afforded to Calgarians with an intellectual disability through the Special Olympics programs offered",MSc Student - Clinical Neruosciences
0d72bdb8-ada8-4eb2-be40-1d31a38d4e9f,experience,"As Social Director for the HBITO, I was responsible for organizing and running the social events of the HBITO. The aim of these events was to bring together trainees from the HBI of all all levels (MSc, PhD, and Post-Doctoral Fellows) in an informal setting to get to know one another and foster a better sense of community",Young Leader - Calgary Affiliate Management Committee
0d72bdb8-ada8-4eb2-be40-1d31a38d4e9f,experience,"Line cook for JOEY Crowfoot. Responsibilities included preparing and cooking meals for customers, maintaining kitchen cleanliness, and training new cooks to the kitchen. After starting out as an appetizers cook, I was promoted to an entrée cook after only 4 shifts on the job",Social Director - Hotchkiss Brain Institute Trainee Organization
7437c7f8-fe99-48bc-8d20-fe278b91a74f,publications,Locus coeruleus microcircuitry processes periaqueductal gray inputs into distinct outputs for regulation of pain and anxiety,Locus coeruleus microcircuitry processes periaqueductal gray inputs into distinct outputs for regulation of pain and anxiety
7437c7f8-fe99-48bc-8d20-fe278b91a74f,publications,Pannexin-1 channel inhibition alleviates opioid withdrawal by modulating locus coeruleus to spinal cord circuitry,Pannexin-1 channel inhibition alleviates opioid withdrawal by modulating locus coeruleus to spinal cord circuitry
7437c7f8-fe99-48bc-8d20-fe278b91a74f,publications,Expression of GAD2 in excitatory neurons projecting from the ventrolateral periaqueductal gray to the locus coeruleus,Expression of GAD2 in excitatory neurons projecting from the ventrolateral periaqueductal gray to the locus coeruleus
7437c7f8-fe99-48bc-8d20-fe278b91a74f,publications,Differential regulation of Cav3.2 and Cav2.2 calcium channels by CB1 receptors and cannabidiol,Differential regulation of Cav3.2 and Cav2.2 calcium channels by CB1 receptors and cannabidiol
7437c7f8-fe99-48bc-8d20-fe278b91a74f,publications,Central and peripheral contributions of T-type calcium channels in pain,Central and peripheral contributions of T-type calcium channels in pain
7437c7f8-fe99-48bc-8d20-fe278b91a74f,publications,"The T-type calcium channel antagonist, Z944, reduces spinal excitability and pain hypersensitivity","The T-type calcium channel antagonist, Z944, reduces spinal excitability and pain hypersensitivity"
7437c7f8-fe99-48bc-8d20-fe278b91a74f,publications,Chapter 17 - Changing Pain - Opioids and Pain,Chapter 17 - Changing Pain - Opioids and Pain
7437c7f8-fe99-48bc-8d20-fe278b91a74f,publications,Insights into spinal dorsal horn circuit function and dysfunction using optical approaches,Insights into spinal dorsal horn circuit function and dysfunction using optical approaches
7437c7f8-fe99-48bc-8d20-fe278b91a74f,publications,Intracellular calcium responses encode action potential firing in spinal cord lamina I neurons,Intracellular calcium responses encode action potential firing in spinal cord lamina I neurons
7437c7f8-fe99-48bc-8d20-fe278b91a74f,publications,VIP cortical conductors set the tone for chronic pain,VIP cortical conductors set the tone for chronic pain
171a01b1-dbe6-4762-bf8b-b8e9f0acf564,skills,Circadian Rhythms,Circadian Rhythms
171a01b1-dbe6-4762-bf8b-b8e9f0acf564,skills,Student Trainee at University of Calgary,Student Trainee at University of Calgary
171a01b1-dbe6-4762-bf8b-b8e9f0acf564,publications,"Agonists for glutamate, acetylcholine, and orexin cause non-photic phase shifts when applied to the intergeniculate leaflet","Agonists for glutamate, acetylcholine, and orexin cause non-photic phase shifts when applied to the intergeniculate leaflet"
28eb115e-bbc6-49e3-a967-454d528de547,about,Professor with a demonstrated history of leadership in the higher education,"Professor with a demonstrated history of leadership in the higher education. Skilled in MR Imaging, Clinical Research, Biomedical Engineering, Medical Physics, and Science. Professional with a Doctor of Philosophy (PhD) in Medical Biophysics from Western University."
28eb115e-bbc6-49e3-a967-454d528de547,about,Skilled in MR Imaging,
28eb115e-bbc6-49e3-a967-454d528de547,about,Clinical Research,
28eb115e-bbc6-49e3-a967-454d528de547,about,Biomedical Engineering,
28eb115e-bbc6-49e3-a967-454d528de547,about,Medical Physics,
28eb115e-bbc6-49e3-a967-454d528de547,about,and Science,
28eb115e-bbc6-49e3-a967-454d528de547,about,Professional with a Doctor of Philosophy (PhD) in Medical Biophysics from Western University,
b3c59c34-c5b1-43ce-90af-b5ab281cec9a,about,I am a Biomedical Engineering PhD candidate at the University of Calgary specializing in machine learning applications for fMRI data analysis,"I am a Biomedical Engineering PhD candidate at the University of Calgary specializing in machine learning applications for fMRI data analysis. My research involves estimating physiological fluctuations such as respiratory and heart rate variability directly from imaging data, leveraging CNNs and large datasets like the Human Connectome Project. Passionate about innovative solutions in biomedical imaging, I aim to advance non-invasive physiological measurement techniques for both clinical and research applications. For a full list of my publications, please visit my Google Scholar profile: https://scholar.google.ca/citations?hl=en&user=VQZ39nkAAAAJ"
b3c59c34-c5b1-43ce-90af-b5ab281cec9a,about,My research involves estimating physiological fluctuations such as respiratory and heart rate variability directly from imaging data,
b3c59c34-c5b1-43ce-90af-b5ab281cec9a,about,leveraging CNNs and large datasets like the Human Connectome Project,
b3c59c34-c5b1-43ce-90af-b5ab281cec9a,about,Passionate about innovative solutions in biomedical imaging,
b3c59c34-c5b1-43ce-90af-b5ab281cec9a,about,I aim to advance non-invasive physiological measurement techniques for both clinical and research applications,
b3c59c34-c5b1-43ce-90af-b5ab281cec9a,about,For a full list of my publications,
b3c59c34-c5b1-43ce-90af-b5ab281cec9a,about,please visit my Google Scholar profile,
b3c59c34-c5b1-43ce-90af-b5ab281cec9a,about,https,
b3c59c34-c5b1-43ce-90af-b5ab281cec9a,about,//scholar,
b3c59c34-c5b1-43ce-90af-b5ab281cec9a,about,google,
b3c59c34-c5b1-43ce-90af-b5ab281cec9a,about,ca/citations,
b3c59c34-c5b1-43ce-90af-b5ab281cec9a,about,hl=en&user=VQZ39nkAAAAJ,
b3c59c34-c5b1-43ce-90af-b5ab281cec9a,publications,Machine Learning-based Estimation of Respiratory Fluctuations in a Healthy Adult Population using resting state BOLD fMRI and Head Motion Parameters,Machine Learning-based Estimation of Respiratory Fluctuations in a Healthy Adult Population using resting state BOLD fMRI and Head Motion Parameters
b3c59c34-c5b1-43ce-90af-b5ab281cec9a,publications,Image Translation for Estimating Two‐Dimensional Axial Amyloid‐Beta PET From Structural MRI,Image Translation for Estimating Two‐Dimensional Axial Amyloid‐Beta PET From Structural MRI
b3c59c34-c5b1-43ce-90af-b5ab281cec9a,publications,Limitations Of the Derived Respiratory Variation Measurements Used in Functional Magnetic Resonance Imaging,Limitations Of the Derived Respiratory Variation Measurements Used in Functional Magnetic Resonance Imaging
b3c59c34-c5b1-43ce-90af-b5ab281cec9a,publications,Direct Machine Learning Reconstruction of Respiratory Variation Waveforms from Resting State fMRI Data in a Pediatric Population,Direct Machine Learning Reconstruction of Respiratory Variation Waveforms from Resting State fMRI Data in a Pediatric Population
b3c59c34-c5b1-43ce-90af-b5ab281cec9a,publications,An intelligent system based on optimized ANFIS and association rules for power transformer fault diagnosis,An intelligent system based on optimized ANFIS and association rules for power transformer fault diagnosis
b3c59c34-c5b1-43ce-90af-b5ab281cec9a,publications,Control chart pattern recognition using RBF neural network with new training algorithm and practical features,Control chart pattern recognition using RBF neural network with new training algorithm and practical features
d2199e31-d8f5-4fec-81cf-10506771a2c5,about,As a Software Developer & Data Scientist specializing in health tech,"As a Software Developer & Data Scientist specializing in health tech, I build scalable, production-grade software that seamlessly integrates advanced AI and machine learning capabilities into clinical workflows. Currently developing robust software systems at the University of Calgary, my expertise lies at the intersection of full-stack software architecture and applied AI. I focus on transforming complex clinical datasets and Electronic Health Records (EHR) into reliable, high-performance applications that improve patient outcomes. Key Highlights & Expertise: -AI-Applied Software Engineering: Architected an end-to-end clinical risk prediction application, integrating fine-tuned Transformer models (Bio-BERT/ClinicalBERT) via PyTorch directly into secure, cloud-native software microservices. -Cloud Architecture & MLOps: Experienced in designing scalable backend infrastructure on AWS (ECS, EKS, SageMaker) using Docker and robust CI/CD pipelines to ensure efficient, low-latency model inference in production. I hold a Master's in Software Engineering, providing me with a deep foundation in algorithm design, object-oriented programming, and scalable systems. I am passionate about modern software craftsmanship, currently expanding my focus into building robust deployment pipelines for clinical LLMs and implementing Explainable AI (XAI) frameworks within software user interfaces. Always open to connecting with fellow engineers, architects, and innovators building the future of health tech."
d2199e31-d8f5-4fec-81cf-10506771a2c5,about,I build scalable,
d2199e31-d8f5-4fec-81cf-10506771a2c5,about,production-grade software that seamlessly integrates advanced AI and machine learning capabilities into clinical workflows,
d2199e31-d8f5-4fec-81cf-10506771a2c5,about,Currently developing robust software systems at the University of Calgary,
d2199e31-d8f5-4fec-81cf-10506771a2c5,about,my expertise lies at the intersection of full-stack software architecture and applied AI,
d2199e31-d8f5-4fec-81cf-10506771a2c5,about,I focus on transforming complex clinical datasets and Electronic Health Records (EHR) into reliable,
d2199e31-d8f5-4fec-81cf-10506771a2c5,about,high-performance applications that improve patient outcomes,
d2199e31-d8f5-4fec-81cf-10506771a2c5,about,Key Highlights & Expertise,
d2199e31-d8f5-4fec-81cf-10506771a2c5,about,AI-Applied Software Engineering,
d2199e31-d8f5-4fec-81cf-10506771a2c5,about,Architected an end-to-end clinical risk prediction application,
d2199e31-d8f5-4fec-81cf-10506771a2c5,about,integrating fine-tuned Transformer models (Bio-BERT/ClinicalBERT) via PyTorch directly into secure,
d2199e31-d8f5-4fec-81cf-10506771a2c5,about,cloud-native software microservices,
d2199e31-d8f5-4fec-81cf-10506771a2c5,about,Cloud Architecture & MLOps,
d2199e31-d8f5-4fec-81cf-10506771a2c5,about,Experienced in designing scalable backend infrastructure on AWS (ECS,
d2199e31-d8f5-4fec-81cf-10506771a2c5,about,EKS,
d2199e31-d8f5-4fec-81cf-10506771a2c5,about,SageMaker) using Docker and robust CI/CD pipelines to ensure efficient,
d2199e31-d8f5-4fec-81cf-10506771a2c5,about,low-latency model inference in production,
d2199e31-d8f5-4fec-81cf-10506771a2c5,about,I hold a Master's in Software Engineering,
d2199e31-d8f5-4fec-81cf-10506771a2c5,about,providing me with a deep foundation in algorithm design,
d2199e31-d8f5-4fec-81cf-10506771a2c5,about,object-oriented programming,
d2199e31-d8f5-4fec-81cf-10506771a2c5,about,and scalable systems,
d2199e31-d8f5-4fec-81cf-10506771a2c5,about,I am passionate about modern software craftsmanship,
d2199e31-d8f5-4fec-81cf-10506771a2c5,about,currently expanding my focus into building robust deployment pipelines for clinical LLMs and implementing Explainable AI (XAI) frameworks within software user interfaces,
d2199e31-d8f5-4fec-81cf-10506771a2c5,about,Always open to connecting with fellow engineers,
d2199e31-d8f5-4fec-81cf-10506771a2c5,about,architects,
d2199e31-d8f5-4fec-81cf-10506771a2c5,about,and innovators building the future of health tech,
8de3946e-b9fe-4885-8ca3-d92aa08f6f3c,skills,Homework Help,Homework Help
8de3946e-b9fe-4885-8ca3-d92aa08f6f3c,skills,One-on-one Instruction,One-on-one Instruction
8de3946e-b9fe-4885-8ca3-d92aa08f6f3c,skills,Individualized Instruction,Individualized Instruction
8de3946e-b9fe-4885-8ca3-d92aa08f6f3c,skills,Autism Spectrum Disorders,Autism Spectrum Disorders
8de3946e-b9fe-4885-8ca3-d92aa08f6f3c,skills,Public Outreach,Public Outreach
8de3946e-b9fe-4885-8ca3-d92aa08f6f3c,skills,Corporate Outreach,Corporate Outreach
8de3946e-b9fe-4885-8ca3-d92aa08f6f3c,skills,Community Outreach,Community Outreach
8de3946e-b9fe-4885-8ca3-d92aa08f6f3c,skills,Social Outreach,Social Outreach
8de3946e-b9fe-4885-8ca3-d92aa08f6f3c,skills,Online Content Creation,Online Content Creation
8de3946e-b9fe-4885-8ca3-d92aa08f6f3c,about,I am a doctoral student in the Psychedelic and Cannabinoid Therapeutics lab at the University of Calgary,"I am a doctoral student in the Psychedelic and Cannabinoid Therapeutics lab at the University of Calgary. I have a special interest in neuropharmacology and the development of novel therapeutics for psychiatric disorders. My current work largely focuses on the psychophysiological impacts of childhood maltreatment, particularly concerning the endocannabinoid system and social information processing. I am eager to connect and collaborate in science, advocacy, community outreach, or on the trails 🥾."
8de3946e-b9fe-4885-8ca3-d92aa08f6f3c,about,I have a special interest in neuropharmacology and the development of novel therapeutics for psychiatric disorders,
8de3946e-b9fe-4885-8ca3-d92aa08f6f3c,about,My current work largely focuses on the psychophysiological impacts of childhood maltreatment,
8de3946e-b9fe-4885-8ca3-d92aa08f6f3c,about,particularly concerning the endocannabinoid system and social information processing,
8de3946e-b9fe-4885-8ca3-d92aa08f6f3c,about,I am eager to connect and collaborate in science,
8de3946e-b9fe-4885-8ca3-d92aa08f6f3c,about,advocacy,
8de3946e-b9fe-4885-8ca3-d92aa08f6f3c,about,community outreach,
8de3946e-b9fe-4885-8ca3-d92aa08f6f3c,about,or on the trails 🥾,
8de3946e-b9fe-4885-8ca3-d92aa08f6f3c,publications,Individual and additive effects of childhood maltreatment and substance use disorder histories on baseline and stress-induced changes in peripheral stress biomarkers,Individual and additive effects of childhood maltreatment and substance use disorder histories on baseline and stress-induced changes in peripheral stress biomarkers
8de3946e-b9fe-4885-8ca3-d92aa08f6f3c,publications,Endocannabinoids and the neurobiology of emotional states,Endocannabinoids and the neurobiology of emotional states
8de3946e-b9fe-4885-8ca3-d92aa08f6f3c,publications,"Endocannabinoids play a crucial role in regulating the stress response, influencing both the initiation and resolution of stress-related processes in the brain. This discovery has been greatly advanced by the development of pharmacological tools, particularly fatty acid amide hydrolase (FAAH) and monoacylglycerol lipase (MAGL) inhibitors, which have been pivotal in uncovering the endocannabinoid (eCB) system's role in stress regulation. The success of these inhibitors in animal models of stress and emotion has led to the development of clinical therapies targeting eCB enzymes. FAAH inhibitors have demonstrated potential for enhancing fear extinction in healthy humans, offering hope for posttraumatic stress disorder (PTSD) treatment, though clinical trials in PTSD have yet to provide clear therapeutic evidence. In social anxiety disorder (SAD), FAAH inhibitors have shown potential for symptom reduction, but further research is needed. These findings emphasize the growing understanding of eCBs in regulating the stress response and the promise of eCB-based therapies for stress-related disorders. … more",Endocannabinoid Contributions to Psychiatric Risk
8de3946e-b9fe-4885-8ca3-d92aa08f6f3c,publications,Endocannabinoid Contributions to Psychiatric Risk,"Endocannabinoid contributions to the perception of socially relevant, affective touch in humans"
8de3946e-b9fe-4885-8ca3-d92aa08f6f3c,publications,"This chapter examines the role of the endocannabinoid (eCB) system in psychiatric disorders, including anxiety, depression, eating disorders, post-traumatic stress disorder, substance use disorders, autism spectrum disorder, and schizophrenia. We pay specific attention to the eCB system's role in regulating stress, fear, emotional processing, metabolism, and synaptic plasticity. 10.1007/978-3-031-87990-6_15 … more",
8de3946e-b9fe-4885-8ca3-d92aa08f6f3c,publications,"Endocannabinoid contributions to the perception of socially relevant, affective touch in humans",
profile_id,source_section,raw_keyword,context_text
b23b8e92-e714-4120-9e60-e12ee0aaafdd,publications,Machine Learning-based Estimation of Respiratory Fluctuations in a Healthy Adult Population using resting state BOLD fMRI and Head Motion Parameters,Machine Learning-based Estimation of Respiratory Fluctuations in a Healthy Adult Population using resting state BOLD fMRI and Head Motion Parameters
b23b8e92-e714-4120-9e60-e12ee0aaafdd,publications,Image Translation for Estimating Two‐Dimensional Axial Amyloid‐Beta PET From Structural MRI,Image Translation for Estimating Two‐Dimensional Axial Amyloid‐Beta PET From Structural MRI
b23b8e92-e714-4120-9e60-e12ee0aaafdd,publications,Limitations Of the Derived Respiratory Variation Measurements Used in Functional Magnetic Resonance Imaging,Limitations Of the Derived Respiratory Variation Measurements Used in Functional Magnetic Resonance Imaging
b23b8e92-e714-4120-9e60-e12ee0aaafdd,publications,Direct Machine Learning Reconstruction of Respiratory Variation Waveforms from Resting State fMRI Data in a Pediatric Population,Direct Machine Learning Reconstruction of Respiratory Variation Waveforms from Resting State fMRI Data in a Pediatric Population
b23b8e92-e714-4120-9e60-e12ee0aaafdd,publications,An intelligent system based on optimized ANFIS and association rules for power transformer fault diagnosis,An intelligent system based on optimized ANFIS and association rules for power transformer fault diagnosis
b23b8e92-e714-4120-9e60-e12ee0aaafdd,publications,Control chart pattern recognition using RBF neural network with new training algorithm and practical features,Control chart pattern recognition using RBF neural network with new training algorithm and practical features
b23b8e92-e714-4120-9e60-e12ee0aaafdd,experience,"As a 4th-year PhD candidate in Biomedical Engineering at the University of Calgary, my research focuses on advancing machine learning applications for fMRI data analysis. I specialize in physiological signal processing and functional connectivity, aiming to improve the accuracy of physiological noise correction and enhance our understanding of brain dynamics. My current projects involve reconstructing physiological waveforms, such as respiratory and cardiac signals, directly from BOLD-fMRI data. Key achievements: -Awarded the Hotchkiss Brain Institute Scholarship and Eyes High Doctoral Recruitment Scholarship for outstanding research contributions. -Recipient of the Graduate Student Research Impact Excellence Award and BME Graduate Program Research Excellence Award in recognition of research impact and excellence in the Biomedical Engineering program. -Trainee at the Hotchkiss Brain Institute and Alberta Children’s Hospital Research Institute, collaborating on interdisciplinary research projects. -Published multiple peer-reviewed papers on physiological signal estimation and fMRI data processing in leading journals and conferences",Assistant Professor
b23b8e92-e714-4120-9e60-e12ee0aaafdd,experience,"Unpaid volunteer position as an Editorial Board Member for the Computational Research Progress in Applied Science & Engineering (CRPASE) journal. Responsibilities include evaluating manuscript submissions, collaborating with the Editor-in-Chief and fellow board members to maintain publication standards, and providing expert guidance on research methodologies and relevance. Actively contribute to promoting high-quality research in computational science and engineering by supporting the editorial and peer-review processes",PhD Candidate in Biomedical Engineering
b23b8e92-e714-4120-9e60-e12ee0aaafdd,experience,"Teaching Introduction to Biomedical Imaging and Applications (BMEN 509), covering foundational concepts and applications in biomedical imaging. -Designed and led a weekly 2-hour lab session, providing hands-on experience with MRI, CT, X-ray, PET, and ultrasound imaging. -Supervised two teaching assistants for lab sessions and student support. -Developed course materials, delivered lectures, and guided students in understanding biomedical imaging techniques. -Assessed student performance through assignments, labs, and exams",Research Trainee
b23b8e92-e714-4120-9e60-e12ee0aaafdd,experience,"Co-founded and led Ferdows Golestan Ghaboos, an NGO dedicated to supporting education for underprivileged children, particularly Afghan refugee families in Iran. -Organized fundraising efforts and distributed over 2,500 aid packages, including school supplies and essentials, to children from low-income families. -Provided free tutoring, counseling, and resources to help children continue their education, especially after the Zemestan-Yurt coal mine disaster, which left 100 children without a parent. -Honored by the President of Iran and the Welfare Organization in 2018 for impactful contributions to the community. -Developed leadership and interpersonal skills, managing a diverse team and fostering a culture of inclusion and support for disadvantaged groups",Research Trainee
e754b33f-1a31-420f-b17a-1c21838a82dd,skills,Teaching,Teaching
e754b33f-1a31-420f-b17a-1c21838a82dd,skills,Leadership,Leadership
e754b33f-1a31-420f-b17a-1c21838a82dd,skills,Research Skills,Research Skills
e754b33f-1a31-420f-b17a-1c21838a82dd,experience,Shift Supervisor,Undergraduate Researcher
e754b33f-1a31-420f-b17a-1c21838a82dd,experience,Teaching and Leadership,Lifeguard/Swimming Instructor
e754b33f-1a31-420f-b17a-1c21838a82dd,experience,Nephrology Research Group,Skating Instructor & Summer Camps Leader | Active Living
e754b33f-1a31-420f-b17a-1c21838a82dd,experience,Why am I seeing this ad?,Undergraduate Researcher
profile_id,source_section,raw_keyword,context_text
2150e7f0-9348-4733-b56a-600d219f5a78,publications,Machine Learning-based Estimation of Respiratory Fluctuations in a Healthy Adult Population using resting state BOLD fMRI and Head Motion Parameters,Machine Learning-based Estimation of Respiratory Fluctuations in a Healthy Adult Population using resting state BOLD fMRI and Head Motion Parameters
2150e7f0-9348-4733-b56a-600d219f5a78,publications,Image Translation for Estimating Two‐Dimensional Axial Amyloid‐Beta PET From Structural MRI,Image Translation for Estimating Two‐Dimensional Axial Amyloid‐Beta PET From Structural MRI
2150e7f0-9348-4733-b56a-600d219f5a78,publications,Limitations Of the Derived Respiratory Variation Measurements Used in Functional Magnetic Resonance Imaging,Limitations Of the Derived Respiratory Variation Measurements Used in Functional Magnetic Resonance Imaging
2150e7f0-9348-4733-b56a-600d219f5a78,publications,Direct Machine Learning Reconstruction of Respiratory Variation Waveforms from Resting State fMRI Data in a Pediatric Population,Direct Machine Learning Reconstruction of Respiratory Variation Waveforms from Resting State fMRI Data in a Pediatric Population
2150e7f0-9348-4733-b56a-600d219f5a78,publications,An intelligent system based on optimized ANFIS and association rules for power transformer fault diagnosis,An intelligent system based on optimized ANFIS and association rules for power transformer fault diagnosis
2150e7f0-9348-4733-b56a-600d219f5a78,publications,Control chart pattern recognition using RBF neural network with new training algorithm and practical features,Control chart pattern recognition using RBF neural network with new training algorithm and practical features
2150e7f0-9348-4733-b56a-600d219f5a78,experience,"As a 4th-year PhD candidate in Biomedical Engineering at the University of Calgary, my research focuses on advancing machine learning applications for fMRI data analysis. I specialize in physiological signal processing and functional connectivity, aiming to improve the accuracy of physiological noise correction and enhance our understanding of brain dynamics. My current projects involve reconstructing physiological waveforms, such as respiratory and cardiac signals, directly from BOLD-fMRI data. Key achievements: -Awarded the Hotchkiss Brain Institute Scholarship and Eyes High Doctoral Recruitment Scholarship for outstanding research contributions. -Recipient of the Graduate Student Research Impact Excellence Award and BME Graduate Program Research Excellence Award in recognition of research impact and excellence in the Biomedical Engineering program. -Trainee at the Hotchkiss Brain Institute and Alberta Children’s Hospital Research Institute, collaborating on interdisciplinary research projects. -Published multiple peer-reviewed papers on physiological signal estimation and fMRI data processing in leading journals and conferences",Assistant Professor
2150e7f0-9348-4733-b56a-600d219f5a78,experience,"Unpaid volunteer position as an Editorial Board Member for the Computational Research Progress in Applied Science & Engineering (CRPASE) journal. Responsibilities include evaluating manuscript submissions, collaborating with the Editor-in-Chief and fellow board members to maintain publication standards, and providing expert guidance on research methodologies and relevance. Actively contribute to promoting high-quality research in computational science and engineering by supporting the editorial and peer-review processes",PhD Candidate in Biomedical Engineering
2150e7f0-9348-4733-b56a-600d219f5a78,experience,"Teaching Introduction to Biomedical Imaging and Applications (BMEN 509), covering foundational concepts and applications in biomedical imaging. -Designed and led a weekly 2-hour lab session, providing hands-on experience with MRI, CT, X-ray, PET, and ultrasound imaging. -Supervised two teaching assistants for lab sessions and student support. -Developed course materials, delivered lectures, and guided students in understanding biomedical imaging techniques. -Assessed student performance through assignments, labs, and exams",Research Trainee
2150e7f0-9348-4733-b56a-600d219f5a78,experience,"Co-founded and led Ferdows Golestan Ghaboos, an NGO dedicated to supporting education for underprivileged children, particularly Afghan refugee families in Iran. -Organized fundraising efforts and distributed over 2,500 aid packages, including school supplies and essentials, to children from low-income families. -Provided free tutoring, counseling, and resources to help children continue their education, especially after the Zemestan-Yurt coal mine disaster, which left 100 children without a parent. -Honored by the President of Iran and the Welfare Organization in 2018 for impactful contributions to the community. -Developed leadership and interpersonal skills, managing a diverse team and fostering a culture of inclusion and support for disadvantaged groups",Research Trainee
855929b9-766b-4077-97ce-9ea170a67b85,about,As a Software Developer & Data Scientist specializing in health tech,"As a Software Developer & Data Scientist specializing in health tech, I build scalable, production-grade software that seamlessly integrates advanced AI and machine learning capabilities into clinical workflows. Currently developing robust software systems at the University of Calgary, my expertise lies at the intersection of full-stack software architecture and applied AI. I focus on transforming complex clinical datasets and Electronic Health Records (EHR) into reliable, high-performance applications that improve patient outcomes. Key Highlights & Expertise: -AI-Applied Software Engineering: Architected an end-to-end clinical risk prediction application, integrating fine-tuned Transformer models (Bio-BERT/ClinicalBERT) via PyTorch directly into secure, cloud-native software microservices. -Cloud Architecture & MLOps: Experienced in designing scalable backend infrastructure on AWS (ECS, EKS, SageMaker) using Docker and robust CI/CD pipelines to ensure efficient, low-latency model inference in production. I hold a Master's in Software Engineering, providing me with a deep foundation in algorithm design, object-oriented programming, and scalable systems. I am passionate about modern software craftsmanship, currently expanding my focus into building robust deployment pipelines for clinical LLMs and implementing Explainable AI (XAI) frameworks within software user interfaces. Always open to connecting with fellow engineers, architects, and innovators building the future of health tech."
855929b9-766b-4077-97ce-9ea170a67b85,about,I build scalable,
855929b9-766b-4077-97ce-9ea170a67b85,about,production-grade software that seamlessly integrates advanced AI and machine learning capabilities into clinical workflows,
855929b9-766b-4077-97ce-9ea170a67b85,about,Currently developing robust software systems at the University of Calgary,
855929b9-766b-4077-97ce-9ea170a67b85,about,my expertise lies at the intersection of full-stack software architecture and applied AI,
855929b9-766b-4077-97ce-9ea170a67b85,about,I focus on transforming complex clinical datasets and Electronic Health Records (EHR) into reliable,
855929b9-766b-4077-97ce-9ea170a67b85,about,high-performance applications that improve patient outcomes,
855929b9-766b-4077-97ce-9ea170a67b85,about,Key Highlights & Expertise,
855929b9-766b-4077-97ce-9ea170a67b85,about,AI-Applied Software Engineering,
855929b9-766b-4077-97ce-9ea170a67b85,about,Architected an end-to-end clinical risk prediction application,
855929b9-766b-4077-97ce-9ea170a67b85,about,integrating fine-tuned Transformer models (Bio-BERT/ClinicalBERT) via PyTorch directly into secure,
855929b9-766b-4077-97ce-9ea170a67b85,about,cloud-native software microservices,
855929b9-766b-4077-97ce-9ea170a67b85,about,Cloud Architecture & MLOps,
855929b9-766b-4077-97ce-9ea170a67b85,about,Experienced in designing scalable backend infrastructure on AWS (ECS,
855929b9-766b-4077-97ce-9ea170a67b85,about,EKS,
855929b9-766b-4077-97ce-9ea170a67b85,about,SageMaker) using Docker and robust CI/CD pipelines to ensure efficient,
855929b9-766b-4077-97ce-9ea170a67b85,about,low-latency model inference in production,
855929b9-766b-4077-97ce-9ea170a67b85,about,I hold a Master's in Software Engineering,
855929b9-766b-4077-97ce-9ea170a67b85,about,providing me with a deep foundation in algorithm design,
855929b9-766b-4077-97ce-9ea170a67b85,about,object-oriented programming,
855929b9-766b-4077-97ce-9ea170a67b85,about,and scalable systems,
855929b9-766b-4077-97ce-9ea170a67b85,about,I am passionate about modern software craftsmanship,
855929b9-766b-4077-97ce-9ea170a67b85,about,currently expanding my focus into building robust deployment pipelines for clinical LLMs and implementing Explainable AI (XAI) frameworks within software user interfaces,
855929b9-766b-4077-97ce-9ea170a67b85,about,Always open to connecting with fellow engineers,
855929b9-766b-4077-97ce-9ea170a67b85,about,architects,
855929b9-766b-4077-97ce-9ea170a67b85,about,and innovators building the future of health tech,
855929b9-766b-4077-97ce-9ea170a67b85,experience,"As a Data Scientist at University of Calgary, Hotchkiss Brain Institute (HBI), I develop & deploy ML models on health datasets for actionable insights & improved patient outcomes. Specializing in end-to-end workflows (preprocessing, anomaly detection, predictive modeling), I leverage advanced ML/NLP to drive data-driven healthcare decisions. Key Projects & Impact: Readmission Risk Prediction: Developed & deployed a real-time model by fine-tuning BioBERT using PEFT (QLoRA, PyTorch, Transformers). Deployed as a scalable API on AWS (ECS, EKS, API Gateway), improving prediction accuracy by 90%, aiding doctors in proactive discharge decisions. Dementia Risk Prediction: Architected an NLP pipeline using EHR & clinical data with BioBERT & advanced fine-tuning (PEFT, PyTorch, Transformers). Achieved 95% prediction accuracy & 80% false positive reduction, enabling targeted interventions. Time-Series Analysis: Used autoregressive modeling (ARIMA) on longitudinal clinical datasets to forecast patient health trends & inform proactive interventions. Feature Engineering: Applied PCA, LASSO, & Random Forest feature importance (Scikit-learn) to optimize model performance & interpretability. EDA & Data Cleaning: Performed comprehensive EDA, statistical analysis, & robust data cleaning (Pandas, NumPy, SciPy) for high-quality data inputs. Cross-functional Collaboration: Partnered with psychiatrists, data engineers, & mathematicians to integrate predictive models into healthcare workflows, ensuring operational alignment",Senior Software Engineer
855929b9-766b-4077-97ce-9ea170a67b85,experience,"As an Associate Researcher, I engaged in AI-driven healthcare research projects, specializing in the analysis of complex clinical datasets to develop robust predictive models that enhance patient care. My work encompassed designing and implementing end-to-end data pipelines, from meticulous data preprocessing and feature engineering to advanced predictive modeling, to extract actionable insights for healthcare providers. Key Contributions & Technical Accomplishments: * Predictive Modeling for Kidney Disease: Developed and implemented a predictive pipeline for identifying high-risk kidney disease patients, utilizing Random Forest models for classification and comprehensive feature importance analysis (Scikit-learn). * A/B Testing & Model Validation: Conducted A/B testing to compare different model performances and refine prediction accuracy, ensuring the most effective model for high-risk patient identification. * Clinical Data Analysis & Feature Extraction: Performed in-depth statistical and time-series analysis on diverse clinical datasets to extract meaningful features and identify critical trends, leveraging tools like SciPy and Pandas. * AI Knowledge Sharing & Collaboration: Collaborated with cross-functional teams, including executives, to organize and schedule workshops on AI development, fostering knowledge-sharing and promoting innovation in applied machine learning",Data Scientist
855929b9-766b-4077-97ce-9ea170a67b85,experience,"As a Data Scientist, I have successfully applied machine learning and statistical methods to solve business challenges across various industries. I specialize in sentiment analysis, trend prediction, and building data-driven solutions that enhance decision-making processes. Key Projects: Customer Sentiment Prediction -Developed a sentiment prediction model for a Canadian telephone operator, leveraging Natural Language Processing (NLP) techniques to analyze customer feedback. This model enabled the business to gain insights into customer sentiment, identify areas for improvement, and improve customer satisfaction. -KPI Prediction Built and deployed a prediction model to forecast business key performance indicators (KPIs) for dashboard visualization in QlikView. This empowered stakeholders to make proactive data-driven decisions and adjust strategies based on predicted trends. -Market Basket Analysis for Transactional Data Utilized association rule mining techniques (Apriori, FP-Growth) to conduct Market Basket Analysis, identifying product combinations and purchasing patterns. This analysis improved the company's cross-selling strategies and recommendation systems, leading to higher customer engagement and increased sales",Associate Researcher
b711d973-3252-49f4-a51f-d2a4eb9d300c,skills,Homework Help,Homework Help
b711d973-3252-49f4-a51f-d2a4eb9d300c,skills,One-on-one Instruction,One-on-one Instruction
b711d973-3252-49f4-a51f-d2a4eb9d300c,skills,Individualized Instruction,Individualized Instruction
b711d973-3252-49f4-a51f-d2a4eb9d300c,skills,Autism Spectrum Disorders,Autism Spectrum Disorders
b711d973-3252-49f4-a51f-d2a4eb9d300c,skills,Public Outreach,Public Outreach
b711d973-3252-49f4-a51f-d2a4eb9d300c,skills,Corporate Outreach,Corporate Outreach
b711d973-3252-49f4-a51f-d2a4eb9d300c,skills,Community Outreach,Community Outreach
b711d973-3252-49f4-a51f-d2a4eb9d300c,skills,Social Outreach,Social Outreach
b711d973-3252-49f4-a51f-d2a4eb9d300c,skills,Online Content Creation,Online Content Creation
b711d973-3252-49f4-a51f-d2a4eb9d300c,about,I am a doctoral student in the Psychedelic and Cannabinoid Therapeutics lab at the University of Calgary,"I am a doctoral student in the Psychedelic and Cannabinoid Therapeutics lab at the University of Calgary. I have a special interest in neuropharmacology and the development of novel therapeutics for psychiatric disorders. My current work largely focuses on the psychophysiological impacts of childhood maltreatment, particularly concerning the endocannabinoid system and social information processing. I am eager to connect and collaborate in science, advocacy, community outreach, or on the trails 🥾."
b711d973-3252-49f4-a51f-d2a4eb9d300c,about,I have a special interest in neuropharmacology and the development of novel therapeutics for psychiatric disorders,
b711d973-3252-49f4-a51f-d2a4eb9d300c,about,My current work largely focuses on the psychophysiological impacts of childhood maltreatment,
b711d973-3252-49f4-a51f-d2a4eb9d300c,about,particularly concerning the endocannabinoid system and social information processing,
b711d973-3252-49f4-a51f-d2a4eb9d300c,about,I am eager to connect and collaborate in science,
b711d973-3252-49f4-a51f-d2a4eb9d300c,about,advocacy,
b711d973-3252-49f4-a51f-d2a4eb9d300c,about,community outreach,
b711d973-3252-49f4-a51f-d2a4eb9d300c,about,or on the trails 🥾,
b711d973-3252-49f4-a51f-d2a4eb9d300c,publications,Individual and additive effects of childhood maltreatment and substance use disorder histories on baseline and stress-induced changes in peripheral stress biomarkers,Individual and additive effects of childhood maltreatment and substance use disorder histories on baseline and stress-induced changes in peripheral stress biomarkers
b711d973-3252-49f4-a51f-d2a4eb9d300c,publications,Endocannabinoids and the neurobiology of emotional states,Endocannabinoids and the neurobiology of emotional states
b711d973-3252-49f4-a51f-d2a4eb9d300c,publications,"Endocannabinoids play a crucial role in regulating the stress response, influencing both the initiation and resolution of stress-related processes in the brain. This discovery has been greatly advanced by the development of pharmacological tools, particularly fatty acid amide hydrolase (FAAH) and monoacylglycerol lipase (MAGL) inhibitors, which have been pivotal in uncovering the endocannabinoid (eCB) system's role in stress regulation. The success of these inhibitors in animal models of stress and emotion has led to the development of clinical therapies targeting eCB enzymes. FAAH inhibitors have demonstrated potential for enhancing fear extinction in healthy humans, offering hope for posttraumatic stress disorder (PTSD) treatment, though clinical trials in PTSD have yet to provide clear therapeutic evidence. In social anxiety disorder (SAD), FAAH inhibitors have shown potential for symptom reduction, but further research is needed. These findings emphasize the growing understanding of eCBs in regulating the stress response and the promise of eCB-based therapies for stress-related disorders. … more",Endocannabinoid Contributions to Psychiatric Risk
b711d973-3252-49f4-a51f-d2a4eb9d300c,publications,Endocannabinoid Contributions to Psychiatric Risk,"Endocannabinoid contributions to the perception of socially relevant, affective touch in humans"
b711d973-3252-49f4-a51f-d2a4eb9d300c,publications,"This chapter examines the role of the endocannabinoid (eCB) system in psychiatric disorders, including anxiety, depression, eating disorders, post-traumatic stress disorder, substance use disorders, autism spectrum disorder, and schizophrenia. We pay specific attention to the eCB system's role in regulating stress, fear, emotional processing, metabolism, and synaptic plasticity. 10.1007/978-3-031-87990-6_15 … more",
b711d973-3252-49f4-a51f-d2a4eb9d300c,publications,"Endocannabinoid contributions to the perception of socially relevant, affective touch in humans",
b711d973-3252-49f4-a51f-d2a4eb9d300c,experience,"Calgary, Alberta, Canada",EDIA Coordinator
b711d973-3252-49f4-a51f-d2a4eb9d300c,experience,Outreach Director with the Hotchkiss Brain Institute Trainee Organization,Outreach Director
b711d973-3252-49f4-a51f-d2a4eb9d300c,experience,"I tutor children with various neurodivergent conditions (such as Autism Spectrum Disorder), primarily in math, reading comprehension, and verbal expression",Private Tutor
b711d973-3252-49f4-a51f-d2a4eb9d300c,experience,MSc. Thesis student in the Psychedelic and Cannabinoid Therapeutics lab at the University of Calgary,Masters Student
b711d973-3252-49f4-a51f-d2a4eb9d300c,experience,Assisted in preclinical research investigating novel pharmacological interventions for PTSD in rodent models,Undergraduate Research Assistant
b1c80b61-8cab-47b2-b741-5828bd5f16f8,experience,"Calgary, Alberta, Canada",Graduate Student Researcher
b1c80b61-8cab-47b2-b741-5828bd5f16f8,experience,"Calgary, Alberta, Canada",Software Engineer Technical Lead
b1c80b61-8cab-47b2-b741-5828bd5f16f8,experience,"Calgary, Alberta, Canada",Teaching Assistant
b1c80b61-8cab-47b2-b741-5828bd5f16f8,experience,"Calgary, Alberta, Canada",Vice President Information Technology
e26978e5-af18-4929-be79-e444c5aad696,skills,Event Management,Event Management
e26978e5-af18-4929-be79-e444c5aad696,skills,Budgeting,Budgeting
e26978e5-af18-4929-be79-e444c5aad696,skills,Budget Management,Budget Management
e26978e5-af18-4929-be79-e444c5aad696,skills,Grant Writing,Grant Writing
e26978e5-af18-4929-be79-e444c5aad696,skills,Fundraising,Fundraising
e26978e5-af18-4929-be79-e444c5aad696,skills,Teamwork,Teamwork
e26978e5-af18-4929-be79-e444c5aad696,skills,Leadership Development,Leadership Development
e26978e5-af18-4929-be79-e444c5aad696,skills,Educational Leadership,Educational Leadership
e26978e5-af18-4929-be79-e444c5aad696,skills,Clinical Research,Clinical Research
e26978e5-af18-4929-be79-e444c5aad696,skills,Medical Genetics,Medical Genetics
e26978e5-af18-4929-be79-e444c5aad696,about,Inspired graduate student with excellent work ethic and communication,"Inspired graduate student with excellent work ethic and communication. Interested in in vitro and in vivo disease modelling with a focus on mitochondrial disease. Relevant scientific writing, presenting and laboratory skills with experience in leading projects."
e26978e5-af18-4929-be79-e444c5aad696,about,Interested in in vitro and in vivo disease modelling with a focus on mitochondrial disease,
e26978e5-af18-4929-be79-e444c5aad696,about,Relevant scientific writing,
e26978e5-af18-4929-be79-e444c5aad696,publications,Drug repurposing screen identifies an HRI activating compound that promotes adaptive mitochondrial remodeling in MFN2-deficient cells,Drug repurposing screen identifies an HRI activating compound that promotes adaptive mitochondrial remodeling in MFN2-deficient cells
e26978e5-af18-4929-be79-e444c5aad696,publications,The MFN2 Q367H variant reveals a novel pathomechanism connected to mtDNA-mediated inflammation,The MFN2 Q367H variant reveals a novel pathomechanism connected to mtDNA-mediated inflammation
e26978e5-af18-4929-be79-e444c5aad696,publications,Pharmacological activation of integrated stress response kinases inhibits pathological mitochondrial fragmentation,Pharmacological activation of integrated stress response kinases inhibits pathological mitochondrial fragmentation
e26978e5-af18-4929-be79-e444c5aad696,publications,"In this work, we show pharmacological activation of the Integrated Stress Response using small molecules promotes adaptive mitochondrial elongation. This proves to be a therapeutic tool for patient derived cells from a patient with CMT2a, harboring MFN2 D414V mutation. … more",Valosin-Containing Protein (VCP): A Review of Its Diverse Molecular Functions and Clinical Phenotypes
e26978e5-af18-4929-be79-e444c5aad696,publications,Valosin-Containing Protein (VCP): A Review of Its Diverse Molecular Functions and Clinical Phenotypes,"Characterization of a novel variant in the HR1 domain of MFN2 in a patient with ataxia, optic atrophy and sensorineural hearing loss"
e26978e5-af18-4929-be79-e444c5aad696,publications,"Characterization of a novel variant in the HR1 domain of MFN2 in a patient with ataxia, optic atrophy and sensorineural hearing loss",The Role of Impaired Mitochondrial Dynamics in MFN2-Mediated Pathology
e26978e5-af18-4929-be79-e444c5aad696,publications,The Role of Impaired Mitochondrial Dynamics in MFN2-Mediated Pathology,
e26978e5-af18-4929-be79-e444c5aad696,publications,A review looking at the function of MFN2 in regulating mito-ER contacts and pathological consequences of failure to do so,
e26978e5-af18-4929-be79-e444c5aad696,experience,4th Year Ph.D. Candidate in Shutt Lab,Chair (Mental Health and Wellness)
e26978e5-af18-4929-be79-e444c5aad696,experience,"Calgary, Alberta, Canada",Doctoral Student (Ph.D. Candidate)
e26978e5-af18-4929-be79-e444c5aad696,experience,"London Area, United Kingdom",Trainee
e26978e5-af18-4929-be79-e444c5aad696,experience,"Dhaka, Bangladesh",President
e26978e5-af18-4929-be79-e444c5aad696,experience,Biomodelling Project- How do MAGUKs cluster proteins at the synapse?,Exam Question Designer
f1d407b4-9c1c-45dc-95f5-1500ce248150,skills,Creativity and Innovation,Creativity and Innovation
f1d407b4-9c1c-45dc-95f5-1500ce248150,skills,Problem Solving,Problem Solving
f1d407b4-9c1c-45dc-95f5-1500ce248150,skills,Entrepreneurial Thinking,Entrepreneurial Thinking
f1d407b4-9c1c-45dc-95f5-1500ce248150,skills,Research Design,Research Design
f1d407b4-9c1c-45dc-95f5-1500ce248150,skills,Online Content Creation,Online Content Creation
f1d407b4-9c1c-45dc-95f5-1500ce248150,skills,Networking,Networking
f1d407b4-9c1c-45dc-95f5-1500ce248150,skills,Canva,Canva
f1d407b4-9c1c-45dc-95f5-1500ce248150,skills,Creative Writing,Creative Writing
f1d407b4-9c1c-45dc-95f5-1500ce248150,skills,Leadership,Leadership
f1d407b4-9c1c-45dc-95f5-1500ce248150,skills,Time Management,Time Management
f1d407b4-9c1c-45dc-95f5-1500ce248150,about,I am a first year psychology student at the University of Calgary,"I am a first year psychology student at the University of Calgary. I could say a lot in this bio — but the description with the greatest potency in the least amount of words is this: asking stupid questions has served me well. I love learning, whenever I can; everything I do reflects that. Top skills Leadership • Academic Research"
f1d407b4-9c1c-45dc-95f5-1500ce248150,about,I could say a lot in this bio — but the description with the greatest potency in the least amount of words is this,
f1d407b4-9c1c-45dc-95f5-1500ce248150,about,asking stupid questions has served me well,
f1d407b4-9c1c-45dc-95f5-1500ce248150,about,I love learning,
f1d407b4-9c1c-45dc-95f5-1500ce248150,about,whenever I can,
f1d407b4-9c1c-45dc-95f5-1500ce248150,about,everything I do reflects that,
f1d407b4-9c1c-45dc-95f5-1500ce248150,about,Top skills Leadership • Academic Research,
f1d407b4-9c1c-45dc-95f5-1500ce248150,experience,"Calgary, Alberta, Canada",Research Intern
f1d407b4-9c1c-45dc-95f5-1500ce248150,experience,"In this role I mark Kumon math and reading worksheets and instruct students who face difficulties with their coursework. I have also worked within my Kumon centre to organize supplementary activities, such as the Kumon Southcentre Charity Book Drive",Classroom Assistant
f1d407b4-9c1c-45dc-95f5-1500ce248150,experience,"Edmonton, Alberta, Canada",Student Researcher
b1a543d6-4992-429d-9bb5-a904a8ede2af,about,I am a physician-scientist in training,"I am a physician-scientist in training, currently pursuing a PhD in biomedical engineering, where I work at the intersection of systems and computational neuroscience. My research investigates how neuronal circuits compute to give rise to behavior and cognition, using in vivo experiments, brain-stimulation tools, and statistical and computational modeling. I'm drawn to complex systems, circuit-level mechanisms, and questions at the boundary of neuroscience and clinical translation – to explain intricate brain functions that can be disrupted by neurological diseases and to inform next-generation therapeutic interventions."
b1a543d6-4992-429d-9bb5-a904a8ede2af,about,currently pursuing a PhD in biomedical engineering,
b1a543d6-4992-429d-9bb5-a904a8ede2af,about,where I work at the intersection of systems and computational neuroscience,
b1a543d6-4992-429d-9bb5-a904a8ede2af,about,My research investigates how neuronal circuits compute to give rise to behavior and cognition,
b1a543d6-4992-429d-9bb5-a904a8ede2af,about,using in vivo experiments,
b1a543d6-4992-429d-9bb5-a904a8ede2af,about,brain-stimulation tools,
b1a543d6-4992-429d-9bb5-a904a8ede2af,about,and statistical and computational modeling,
b1a543d6-4992-429d-9bb5-a904a8ede2af,about,I'm drawn to complex systems,
b1a543d6-4992-429d-9bb5-a904a8ede2af,about,circuit-level mechanisms,
b1a543d6-4992-429d-9bb5-a904a8ede2af,about,and questions at the boundary of neuroscience and clinical translation – to explain intricate brain functions that can be disrupted by neurological diseases and to inform next-generation therapeutic interventions,
b1a543d6-4992-429d-9bb5-a904a8ede2af,experience,"Selected for the 2025 cohort of the Evolve to Innovate (e2i) program at the Hunter Hub for Entrepreneurial Thinking, with a focus on research innovation and translating research into real-world impact. • Collaborated with mentors, entrepreneurs, and researchers to explore the intersection of research, innovation, and entrepreneurship. • Gained hands-on experience in problem-solving, science communication, and early-stage innovation strategy","Director, Main Campus Chapter - Hotchkiss Brain Institute Trainee Organization"
b1a543d6-4992-429d-9bb5-a904a8ede2af,experience,"Completed rotational-based, hands-on clinical training and gained experience in diagnosis and treatment planning. • Conducted patient assessments and provided medical care under supervision. • Collaborated with healthcare professionals to develop comprehensive treatment plans and ensure optimal patient care outcomes",Education Subcommittee - Hotchkiss Brain Institute Trainee Organization
b494b370-173c-43b3-bff1-34696fd2c960,skills,Emocodes,Emocodes
b494b370-173c-43b3-bff1-34696fd2c960,skills,MNE Python (for EEG processing and analysis),MNE Python (for EEG processing and analysis)
b494b370-173c-43b3-bff1-34696fd2c960,skills,Pandas (Software),Pandas (Software)
b494b370-173c-43b3-bff1-34696fd2c960,skills,Python (Programming Language),Python (Programming Language)
b494b370-173c-43b3-bff1-34696fd2c960,skills,Clinical Research,Clinical Research
b494b370-173c-43b3-bff1-34696fd2c960,skills,R (Programming Language),R (Programming Language)
b494b370-173c-43b3-bff1-34696fd2c960,skills,Data Entry,Data Entry
b494b370-173c-43b3-bff1-34696fd2c960,skills,MRI,MRI
b494b370-173c-43b3-bff1-34696fd2c960,skills,EEG,EEG
b494b370-173c-43b3-bff1-34696fd2c960,skills,Computer Science,Computer Science
b494b370-173c-43b3-bff1-34696fd2c960,about,I am currently an incoming fourth year student at the University of Calgary working towards an Honours Bachelor of Science degree in Neuroscience,"I am currently an incoming fourth year student at the University of Calgary working towards an Honours Bachelor of Science degree in Neuroscience. I am passionate about everything science-related (especially the brain) and always strive to improve the world even in little ways. I have previously held two student research positions and have presented my project at the Calgary Youth Science Fairs in 2022 and 2023 where I have received multiple medals and awards for my scientific research projects. Over the summer of 2023, I volunteered at numerous locations primarily to work with and give back to children in my local community. Currently, I am working as a student researcher at the Alberta Children's Hospital under Dr. Signe Bray to determine how preterm birth impacts the brain's development and increases the potential for neurodevelopmental disorders."
b494b370-173c-43b3-bff1-34696fd2c960,about,I am passionate about everything science-related (especially the brain) and always strive to improve the world even in little ways,
b494b370-173c-43b3-bff1-34696fd2c960,about,Over the summer of 2023,
b494b370-173c-43b3-bff1-34696fd2c960,about,I volunteered at numerous locations primarily to work with and give back to children in my local community,
b494b370-173c-43b3-bff1-34696fd2c960,about,Currently,
b494b370-173c-43b3-bff1-34696fd2c960,about,I am working as a student researcher at the Alberta Children's Hospital under Dr,
b494b370-173c-43b3-bff1-34696fd2c960,about,Signe Bray to determine how preterm birth impacts the brain's development and increases the potential for neurodevelopmental disorders,
b494b370-173c-43b3-bff1-34696fd2c960,experience,"For the summer following my first year of university and continuing throughout my second year, I worked as a summer research student with a PURE Award in the lab of Dr. Signe Bray at the Alberta Children's Hospital Research Institute in conjunction with the Hotchkiss Brain Institute this summer. This research entails contributing to the collection and analysis of MRI, EEG, and questionnaire data using a variety of data-analysis methods to dive deeper into the effects of preterm birth on the brain's developmental processes",Student Researcher - Dr. Bray Laboratory
b494b370-173c-43b3-bff1-34696fd2c960,experience,"Calgary, Alberta, Canada",Respite Caregiver
b494b370-173c-43b3-bff1-34696fd2c960,experience,Remote,Co-Founder and Co-President of Crochet for Kids
2cb70037-13e6-419a-ba19-e50d1faf70ca,skills,Analytical Skills,Analytical Skills
2cb70037-13e6-419a-ba19-e50d1faf70ca,skills,Research Collaboration,Research Collaboration
2cb70037-13e6-419a-ba19-e50d1faf70ca,skills,Research Skills,Research Skills
2cb70037-13e6-419a-ba19-e50d1faf70ca,skills,Problem Solving,Problem Solving
2cb70037-13e6-419a-ba19-e50d1faf70ca,skills,Statistical Data Analysis,Statistical Data Analysis
2cb70037-13e6-419a-ba19-e50d1faf70ca,skills,Scientific Experimentation,Scientific Experimentation
2cb70037-13e6-419a-ba19-e50d1faf70ca,skills,Leadership,Leadership
2cb70037-13e6-419a-ba19-e50d1faf70ca,skills,Communication,Communication
2cb70037-13e6-419a-ba19-e50d1faf70ca,skills,Tutoring,Tutoring
2cb70037-13e6-419a-ba19-e50d1faf70ca,skills,TensorFlow,TensorFlow
2cb70037-13e6-419a-ba19-e50d1faf70ca,experience,"Conducted a thorough literature search on multiple sclerosis, current therapies, and lack of treatment options. • Preprocessed a dataset of MRI scans of patients with multiple sclerosis to prepare images for analysis. • Constructed deep learning models such as Convolutional Neural Networks and Visual Transformers to help mediate prediction of disease outcome and progression of individuals 5 years post diagnosis",Associate Researcher
2cb70037-13e6-419a-ba19-e50d1faf70ca,experience,"Collaborated with community partners to culturally adapt The World Health Organization's Care for Child Development (CCD) intervention materials for children with mental and developmental disorders in Pakistan. • Played pivotal role in developing comprehensive set of ethics guidelines for study, covering rights and responsibilities of children, families, healthcare workers, and all other study participants involved in Pakistan. • Organized specific protocol to serve as guiding framework for implementation of research study, ensuring all aspects of project were carried out efficiently and in accordance with established procedures",Associate Researcher
2cb70037-13e6-419a-ba19-e50d1faf70ca,experience,University of Calgary,Associate Researcher
2cb70037-13e6-419a-ba19-e50d1faf70ca,experience,"Dedicated tutor, mentor, and instructor at Kumon North America with a proven track record of fostering academic growth and excellence in students. • Demonstrated expertise in providing personalized guidance and support to students, effectively adapting teaching methods to individual learning styles and needs. • Played a key role in implementing Kumon's renowned educational programs, contributing to the intellectual development and success of students under my mentorship",Instructor
ae8f2298-3f48-4842-a28f-26d5b99d89da,skills,Academic Research,Academic Research
ae8f2298-3f48-4842-a28f-26d5b99d89da,skills,Medical Research,Medical Research
ae8f2298-3f48-4842-a28f-26d5b99d89da,skills,Data Analysis,Data Analysis
ae8f2298-3f48-4842-a28f-26d5b99d89da,skills,Computational Neuroscience,Computational Neuroscience
ae8f2298-3f48-4842-a28f-26d5b99d89da,skills,Behavioral Neuroscience,Behavioral Neuroscience
ae8f2298-3f48-4842-a28f-26d5b99d89da,skills,Analytical Skills,Analytical Skills
ae8f2298-3f48-4842-a28f-26d5b99d89da,skills,English,Presentation Skills
ae8f2298-3f48-4842-a28f-26d5b99d89da,skills,Research Skills,English
ae8f2298-3f48-4842-a28f-26d5b99d89da,skills,Communication,Research Skills
ae8f2298-3f48-4842-a28f-26d5b99d89da,about,An undergraduate Neuroscience student interested in experimental/clinical Neuroscience,"An undergraduate Neuroscience student interested in experimental/clinical Neuroscience. Seeking to expand my understanding, experience, and learn from innovative research while pursuing my academic and career goals in neuroscience."
ae8f2298-3f48-4842-a28f-26d5b99d89da,about,Seeking to expand my understanding,
ae8f2298-3f48-4842-a28f-26d5b99d89da,about,experience,
ae8f2298-3f48-4842-a28f-26d5b99d89da,about,and learn from innovative research while pursuing my academic and career goals in neuroscience,
ae8f2298-3f48-4842-a28f-26d5b99d89da,experience,Academic Research,Pulmonary Fibrosis Research Assistant
ae8f2298-3f48-4842-a28f-26d5b99d89da,experience,Academic Research,Clinical Neuroscience Research Support
aa28c4c8-98d0-4768-be32-117a98568259,about,RESEARCH FOCUS The Ryan Lab strives to answer fundamental questions in neuroscience,"RESEARCH FOCUS The Ryan Lab strives to answer fundamental questions in neuroscience, develop new tools for collaborative investigation into the mechanisms underlying neurological disorders and train scientists in the areas of molecular neuroscience and stem cell biology. We currently utilize stem cell and animal based models of Parkinson's Disease (PD) to study how protein aggregation impact on neuronal function in human disease."
aa28c4c8-98d0-4768-be32-117a98568259,about,develop new tools for collaborative investigation into the mechanisms underlying neurological disorders and train scientists in the areas of molecular neuroscience and stem cell biology,
aa28c4c8-98d0-4768-be32-117a98568259,about,We currently utilize stem cell and animal based models of Parkinson's Disease (PD) to study how protein aggregation impact on neuronal function in human disease,
aa28c4c8-98d0-4768-be32-117a98568259,experience,"Calgary, Alberta, Canada",Associate Professor
aa28c4c8-98d0-4768-be32-117a98568259,experience,"Guelph, ON Canada",Associate Professor
aa28c4c8-98d0-4768-be32-117a98568259,experience,"La Jolla, California",Postdoctoral Fellow
aa28c4c8-98d0-4768-be32-117a98568259,experience,Greater Ottawa Metropolitan Area,Postdoctoral Fellow
242792b2-cdbc-40ef-b95b-1beafbf8e438,about,Highly motivated research scientist with experience in both academic and industrial research settings,"Highly motivated research scientist with experience in both academic and industrial research settings. A goal-oriented individual that has consistently thrived in multiple diverse research environments. A proven track record of productivity that has consistently achieved objectives including rapid development of assays from concept through validation and has published 16 (8 first author) peer reviewed articles. Strong work ethic either independently or as part of a team, enjoys challenges and has a demonstrated creative capacity to overcome technical hurdles. A consistent, talented performer that is a valuable addition to a research intensive organization."
242792b2-cdbc-40ef-b95b-1beafbf8e438,about,A goal-oriented individual that has consistently thrived in multiple diverse research environments,
242792b2-cdbc-40ef-b95b-1beafbf8e438,about,A proven track record of productivity that has consistently achieved objectives including rapid development of assays from concept through validation and has published 16 (8 first author) peer reviewed articles,
242792b2-cdbc-40ef-b95b-1beafbf8e438,about,Strong work ethic either independently or as part of a team,
242792b2-cdbc-40ef-b95b-1beafbf8e438,about,enjoys challenges and has a demonstrated creative capacity to overcome technical hurdles,
242792b2-cdbc-40ef-b95b-1beafbf8e438,about,A consistent,
242792b2-cdbc-40ef-b95b-1beafbf8e438,about,talented performer that is a valuable addition to a research intensive organization,
242792b2-cdbc-40ef-b95b-1beafbf8e438,publications,Mutation of Trp29 of human equilibrative nucleoside transporter 1 alters affinity for coronary vasodilator drugs and nucleoside selectivity,Mutation of Trp29 of human equilibrative nucleoside transporter 1 alters affinity for coronary vasodilator drugs and nucleoside selectivity
242792b2-cdbc-40ef-b95b-1beafbf8e438,publications,K+ -dependent Na+/Ca2+ exchangers: key contributors to Ca2+ signaling,K+ -dependent Na+/Ca2+ exchangers: key contributors to Ca2+ signaling
242792b2-cdbc-40ef-b95b-1beafbf8e438,publications,"Residues 334 and 338 in transmembrane segment 8 of human equilibrative nucleoside transporter 1 are important determinants of inhibitor sensitivity, protein folding, and catalytic turnover","Residues 334 and 338 in transmembrane segment 8 of human equilibrative nucleoside transporter 1 are important determinants of inhibitor sensitivity, protein folding, and catalytic turnover"
242792b2-cdbc-40ef-b95b-1beafbf8e438,publications,"Analysis of Ion Interactions with the K+ -dependent Na+/Ca2+ Exchangers NCKX2, NCKX3, and NCKX4: identification of Thr-551 as a key residue in defining the apparent K(+) affinity of NCKX2","Analysis of Ion Interactions with the K+ -dependent Na+/Ca2+ Exchangers NCKX2, NCKX3, and NCKX4: identification of Thr-551 as a key residue in defining the apparent K(+) affinity of NCKX2"
242792b2-cdbc-40ef-b95b-1beafbf8e438,publications,Residue 33 of human equilibrative nucleoside transporter 2 is a functionally important component of both the dipyridamole and nucleoside binding sites,Residue 33 of human equilibrative nucleoside transporter 2 is a functionally important component of both the dipyridamole and nucleoside binding sites
242792b2-cdbc-40ef-b95b-1beafbf8e438,publications,Identification and mutational analysis of amino acid residues involved in dipyridamole interactions with human and Caenorhabditis elegans equilibrative nucleoside transporters,Identification and mutational analysis of amino acid residues involved in dipyridamole interactions with human and Caenorhabditis elegans equilibrative nucleoside transporters
242792b2-cdbc-40ef-b95b-1beafbf8e438,publications,Mutation of residue 33 of human equilibrative nucleoside transporters 1 and 2 alters sensitivity to inhibition of transport by dilazep and dipyridamole,Mutation of residue 33 of human equilibrative nucleoside transporters 1 and 2 alters sensitivity to inhibition of transport by dilazep and dipyridamole
242792b2-cdbc-40ef-b95b-1beafbf8e438,experience,Responsible for in parallel development of numerous highly specialized industrial immunoassays and cell based assays for R&amp,"Director, Molecular Core Facility"
242792b2-cdbc-40ef-b95b-1beafbf8e438,experience,"D and analytical purposes critical to the insulin and Apo AI programs that required a strong work ethic and time management skills. This allowed management to meet deadlines for submission and approval of regulatory documents in advance of clinical trials. • Prepared weekly data reports, numerous assay development and validation reports and attended weekly team meetings for effective communication of results to upper management. These communications empowered management with the necessary data to stay current on research progress and utilize the data to drive partnering activities. • This position required a strong emphasis on attention to detail in experimental design and data record keeping such as electronic files and laboratory notebooks. Standard operating procedures were prepared for many of the assays developed and subsequently transferred to quality control personnel to assay manufactured materials. • Cultured and maintained numerous mammalian cell lines for development of cell based assays. • Worked effectively as part of several multidisciplinary teams by developing analytical tools and intellectual input to drive projects forward. This resulted in productive collaborations and expanded the work exposure into new areas including process optimization, protein purification and manufacturing","Research Scientist, Bioanalytical"
242792b2-cdbc-40ef-b95b-1beafbf8e438,experience,"Studied the structure and function of calcium signaling proteins. These studies resulted in high impact publications and gained significant exposure to the fields of cardiovascular science and neuroscience. • Developed fluorescence and electrophysiology based cell assays for the study of protein function. These approaches were applied to the study of protein structure, regulation and physiological function that were critical to publications and successful grant applications. • Worked with cell culture, maintenance and differentiation of numerous cell lines, cell transfections and primary cultures. • Employed a vast array of molecular techniques including mutagenesis, various PCR/cloning approaches, western blotting, immunoprecipitations and various phosphorylation experiments. These approaches contributed to the published work as well as added significantly to the hands on molecular biology skill set. • Completed two teaching courses and lectured membrane biology to 50 second year honours students in the Bachelor of Health Sciences program. This served to significantly develop effective communication skills. • Held both Alberta Heritage Foundation for Medical Research and Canadian Institutes of Health Research Postdoctoral Fellowships",Postdoctoral Fellow
242792b2-cdbc-40ef-b95b-1beafbf8e438,experience,Why am I seeing this ad?,Graduate Student
6d6e37bd-f761-4b38-a0ce-3b82e49418d2,skills,Collaborative Problem Solving,Collaborative Problem Solving
6d6e37bd-f761-4b38-a0ce-3b82e49418d2,skills,constructive dialogue,constructive dialogue
6d6e37bd-f761-4b38-a0ce-3b82e49418d2,skills,R (Programming Language),R (Programming Language)
6d6e37bd-f761-4b38-a0ce-3b82e49418d2,skills,Laboratory Skills,Laboratory Skills
6d6e37bd-f761-4b38-a0ce-3b82e49418d2,skills,Science Communication,Science Communication
6d6e37bd-f761-4b38-a0ce-3b82e49418d2,skills,Data Extraction,Data Extraction
6d6e37bd-f761-4b38-a0ce-3b82e49418d2,skills,Collaborative Teamwork,Collaborative Teamwork
6d6e37bd-f761-4b38-a0ce-3b82e49418d2,skills,Research Design & Experimental Planning,Research Design & Experimental Planning
6d6e37bd-f761-4b38-a0ce-3b82e49418d2,skills,Microsoft Excel,Microsoft Excel
6d6e37bd-f761-4b38-a0ce-3b82e49418d2,skills,Literature Review & Scientific Reading,Literature Review & Scientific Reading
6d6e37bd-f761-4b38-a0ce-3b82e49418d2,experience,On-site,Neuroscience Research Support Student
6d6e37bd-f761-4b38-a0ce-3b82e49418d2,experience,"Provide exceptional customer service to over 200 customers daily while operating the POS system, managing inventory levels, supporting store opening and closing procedures, monitoring staff schedules, maintaining product displays, and collaborating with team members to ensure smooth, efficient daily operations",Medical Research Blog Contributor
6d6e37bd-f761-4b38-a0ce-3b82e49418d2,experience,On-site,Retail Operations Assistant
6d6e37bd-f761-4b38-a0ce-3b82e49418d2,experience,"Calgary, Alberta, Canada",Concession Stand Attendant
ec8553ea-f718-4279-99e4-fe45fc092ccd,experience,Why am I seeing this ad?,Hotchkiss Brain Institute
9369f93a-9938-4cda-a0cc-10f5348f1ef4,publications,Glutamatergic synaptic integration of locomotion speed via septoentorhinal projections,Glutamatergic synaptic integration of locomotion speed via septoentorhinal projections.
9369f93a-9938-4cda-a0cc-10f5348f1ef4,publications,Mouse model of CADASIL reveals novel insights into Notch3 function in adult hippocampal neurogenesis,Mouse model of CADASIL reveals novel insights into Notch3 function in adult hippocampal neurogenesis.
9369f93a-9938-4cda-a0cc-10f5348f1ef4,publications,Systemic administration of epothilone B promotes axon regeneration after spinal cord injury,Systemic administration of epothilone B promotes axon regeneration after spinal cord injury.
9369f93a-9938-4cda-a0cc-10f5348f1ef4,publications,Deletion of Abca7 increases cerebral amyloid-β accumulation in the J20 mouse model of Alzheimer’s disease,Deletion of Abca7 increases cerebral amyloid-β accumulation in the J20 mouse model of Alzheimer’s disease
9369f93a-9938-4cda-a0cc-10f5348f1ef4,publications,Leucine-rich repeat kinase 2 and alternative splicing in Parkinson's disease,Leucine-rich repeat kinase 2 and alternative splicing in Parkinson's disease
9369f93a-9938-4cda-a0cc-10f5348f1ef4,publications,Isoform-specific proteolysis of apolipoprotein-E in the brain,Isoform-specific proteolysis of apolipoprotein-E in the brain
9369f93a-9938-4cda-a0cc-10f5348f1ef4,publications,Apolipoprotein-E forms dimers in human frontal cortex and hippocampus,Apolipoprotein-E forms dimers in human frontal cortex and hippocampus.
9369f93a-9938-4cda-a0cc-10f5348f1ef4,publications,Apolipoproteins in the brain – implications for neurological and psychiatric disorders,Apolipoproteins in the brain – implications for neurological and psychiatric disorders.
9369f93a-9938-4cda-a0cc-10f5348f1ef4,publications,Increased ATP-binding cassette transporter A1 expression in Alzheimer's disease hippocampal neurons,Increased ATP-binding cassette transporter A1 expression in Alzheimer's disease hippocampal neurons.
9369f93a-9938-4cda-a0cc-10f5348f1ef4,publications,Analysis of apolipoprotein E nuclear localization using green fluorescent protein and biotinylation approaches,Analysis of apolipoprotein E nuclear localization using green fluorescent protein and biotinylation approaches.
9369f93a-9938-4cda-a0cc-10f5348f1ef4,experience,Greater Calgary Metropolitan Area,Imaging Specialist
9369f93a-9938-4cda-a0cc-10f5348f1ef4,experience,"Bonn, Germany",Postdoctoral Researcher
9369f93a-9938-4cda-a0cc-10f5348f1ef4,experience,Greater Sydney Area,Postdoctoral Fellow
9369f93a-9938-4cda-a0cc-10f5348f1ef4,experience,Greater Sydney Area,Instructor
9369f93a-9938-4cda-a0cc-10f5348f1ef4,experience,"Sydney, Australia",Research Assistant
9369f93a-9938-4cda-a0cc-10f5348f1ef4,experience,"Kelowna, British Columbia, Canada",Laboratory Analyst
d4f4df5e-5d68-4377-840e-bda400b303d8,about,I am interested in Magnetic Resonance Imaging (MRI) technology,"I am interested in Magnetic Resonance Imaging (MRI) technology, both new and legacy, as well as emerging methods of analysis. I enjoy communicating these advances from developers to end users, whether research, clinical, or client. My journey within the umbrella field of MRI has taught me about the physics, hardware, and data processing required in modern image analysis, as well as medical pathology throughout the human body throughout the life span."
d4f4df5e-5d68-4377-840e-bda400b303d8,about,both new and legacy,
d4f4df5e-5d68-4377-840e-bda400b303d8,about,as well as emerging methods of analysis,
d4f4df5e-5d68-4377-840e-bda400b303d8,about,I enjoy communicating these advances from developers to end users,
d4f4df5e-5d68-4377-840e-bda400b303d8,about,whether research,
d4f4df5e-5d68-4377-840e-bda400b303d8,about,clinical,
d4f4df5e-5d68-4377-840e-bda400b303d8,about,or client,
d4f4df5e-5d68-4377-840e-bda400b303d8,about,My journey within the umbrella field of MRI has taught me about the physics,
d4f4df5e-5d68-4377-840e-bda400b303d8,about,hardware,
d4f4df5e-5d68-4377-840e-bda400b303d8,about,and data processing required in modern image analysis,
d4f4df5e-5d68-4377-840e-bda400b303d8,about,as well as medical pathology throughout the human body throughout the life span,
d4f4df5e-5d68-4377-840e-bda400b303d8,experience,"Calgary, Alberta",Senior Research Associate
d4f4df5e-5d68-4377-840e-bda400b303d8,experience,"London, Ontario",Post-Doctoral Fellow
d4f4df5e-5d68-4377-840e-bda400b303d8,experience,"Greater Toronto Area, Canada",Research Coordinator
d4f4df5e-5d68-4377-840e-bda400b303d8,experience,"Greater Toronto Area, Canada",Imaging Analyst
d4f4df5e-5d68-4377-840e-bda400b303d8,experience,Why am I seeing this ad?,Imaging Analyst
c6500b0b-7864-43d8-a930-b89d673c3749,skills,Teaching,Teaching
c6500b0b-7864-43d8-a930-b89d673c3749,skills,Leadership,Leadership
c6500b0b-7864-43d8-a930-b89d673c3749,skills,Research Skills,Research Skills
c6500b0b-7864-43d8-a930-b89d673c3749,experience,Shift Supervisor,Undergraduate Researcher
c6500b0b-7864-43d8-a930-b89d673c3749,experience,Teaching and Leadership,Lifeguard/Swimming Instructor
c6500b0b-7864-43d8-a930-b89d673c3749,experience,Nephrology Research Group,Skating Instructor & Summer Camps Leader | Active Living
c6500b0b-7864-43d8-a930-b89d673c3749,experience,Why am I seeing this ad?,Undergraduate Researcher
5793b1d3-2b8e-4cbe-9935-810433e8f4e3,skills,Advertising,Advertising
5793b1d3-2b8e-4cbe-9935-810433e8f4e3,skills,Leadership,Leadership
5793b1d3-2b8e-4cbe-9935-810433e8f4e3,skills,Communication,Communication
5793b1d3-2b8e-4cbe-9935-810433e8f4e3,skills,Clinical Research,Clinical Research
5793b1d3-2b8e-4cbe-9935-810433e8f4e3,skills,Writing,Writing
5793b1d3-2b8e-4cbe-9935-810433e8f4e3,skills,Team Leadership,Team Leadership
5793b1d3-2b8e-4cbe-9935-810433e8f4e3,skills,Project Management,Project Management
5793b1d3-2b8e-4cbe-9935-810433e8f4e3,skills,Neuroscience,Neuroscience
5793b1d3-2b8e-4cbe-9935-810433e8f4e3,experience,Society for AI Literacy (SAIL) - Promoting Ethical and Responsible AI Use,Co-Founder and CEO
5793b1d3-2b8e-4cbe-9935-810433e8f4e3,experience,Society for AI Literacy,President
5793b1d3-2b8e-4cbe-9935-810433e8f4e3,experience,Hybrid,Research Lead
5793b1d3-2b8e-4cbe-9935-810433e8f4e3,experience,"Calgary, Alberta, Canada",Vice President Public Relations
5793b1d3-2b8e-4cbe-9935-810433e8f4e3,experience,"As VP Marketing Associate for the Rotaract Club at my university, I led a team in enhancing the club's visibility and promoting charity initiatives. My responsibilities involved creating innovative advertising campaigns, crafting engaging content across various platforms, and advocating for social causes. This role not only strengthened my marketing and leadership skills, but also deepened my commitment to community service and philanthropy.""",VP Marketing Associate
a281f3de-f7fc-440a-b069-ba1c6f5eb35b,skills,Written Communication,Written Communication
a281f3de-f7fc-440a-b069-ba1c6f5eb35b,skills,Debugging,Debugging
a281f3de-f7fc-440a-b069-ba1c6f5eb35b,skills,Database Management System (DBMS),Database Management System (DBMS)
a281f3de-f7fc-440a-b069-ba1c6f5eb35b,skills,Algorithms,Algorithms
a281f3de-f7fc-440a-b069-ba1c6f5eb35b,skills,React.js,React.js
a281f3de-f7fc-440a-b069-ba1c6f5eb35b,skills,Programming,Programming
a281f3de-f7fc-440a-b069-ba1c6f5eb35b,skills,Object Oriented Design,Object Oriented Design
a281f3de-f7fc-440a-b069-ba1c6f5eb35b,skills,C++,C++
a281f3de-f7fc-440a-b069-ba1c6f5eb35b,skills,Pandas (Software),Pandas (Software)
a281f3de-f7fc-440a-b069-ba1c6f5eb35b,skills,NumPy,NumPy
a281f3de-f7fc-440a-b069-ba1c6f5eb35b,experience,Performing cell segmentation and analyzing gene expression on nuclei-stained cells in spatially defined brain regions using post-mortem samples from patients with progressive Multiple Sclerosis (PMS),VP External
a281f3de-f7fc-440a-b069-ba1c6f5eb35b,experience,"Vancouver, British Columbia, Canada",Marketing Coordinator
a281f3de-f7fc-440a-b069-ba1c6f5eb35b,experience,"Calgary, Alberta, Canada",NeuroOmics Core and Camara-Lemarroy Lab - Research Assistant
a281f3de-f7fc-440a-b069-ba1c6f5eb35b,experience,"Calgary, Alberta, Canada",Computational Biologist and Software Developer Intern
a281f3de-f7fc-440a-b069-ba1c6f5eb35b,experience,"Calgary, Alberta, Canada","Molecular Biology, Bioinformatics & Genomics Co-Op Student"
ac93a9ce-4bc9-4747-b429-b95943d220d9,skills,Community Outreach,Community Outreach
ac93a9ce-4bc9-4747-b429-b95943d220d9,skills,Educational Outreach,Educational Outreach
ac93a9ce-4bc9-4747-b429-b95943d220d9,skills,Event Planning,Event Planning
ac93a9ce-4bc9-4747-b429-b95943d220d9,skills,Data Analysis,Data Analysis
ac93a9ce-4bc9-4747-b429-b95943d220d9,skills,Analytical Skills,Analytical Skills
ac93a9ce-4bc9-4747-b429-b95943d220d9,skills,Adobe Photoshop,Adobe Photoshop
ac93a9ce-4bc9-4747-b429-b95943d220d9,skills,Research Skills,Research Skills
ac93a9ce-4bc9-4747-b429-b95943d220d9,skills,Communication,Communication
ac93a9ce-4bc9-4747-b429-b95943d220d9,experience,"Calgary, Alberta, Canada",Undergraduate Researcher
6c01773e-ab9a-431b-9726-68e5c604d955,about,The Hotchkiss Brain Institute Trainee Organization (HBITO) is an organization of postdoctoral and graduate students supervised by members of the HBI,"The Hotchkiss Brain Institute Trainee Organization (HBITO) is an organization of postdoctoral and graduate students supervised by members of the HBI. The HBITO aims to facilitate and foster stronger interactions between trainees while shaping their educational environment. We accomplish these goals by hosting world-renowned speakers, organizing events to celebrate the achievements of HBI trainees, and playing an active role in the education of our community."
6c01773e-ab9a-431b-9726-68e5c604d955,about,The HBITO aims to facilitate and foster stronger interactions between trainees while shaping their educational environment,
6c01773e-ab9a-431b-9726-68e5c604d955,about,We accomplish these goals by hosting world-renowned speakers,
6c01773e-ab9a-431b-9726-68e5c604d955,about,organizing events to celebrate the achievements of HBI trainees,
6c01773e-ab9a-431b-9726-68e5c604d955,about,and playing an active role in the education of our community,
d06308e7-14c8-480f-b2df-25998cba800b,skills,ArcGIS Products,ArcGIS Products
d06308e7-14c8-480f-b2df-25998cba800b,skills,Statistics,Statistics
d06308e7-14c8-480f-b2df-25998cba800b,skills,Research Skills,Research Skills
d06308e7-14c8-480f-b2df-25998cba800b,skills,Field Work,Field Work
d06308e7-14c8-480f-b2df-25998cba800b,experience,City-wide survey of concrete assets evaluating and marking hazards while recommending repairs,Systems Engineering Team Lead
d06308e7-14c8-480f-b2df-25998cba800b,experience,"Responsible for managing regular pool operations, training new staff, and ensuring that the pool runs smoothly alongside normal lifeguard operations. Swim instructor for all ages and ability of swimmers from parent and tot to advanced adult levels and children with disabilities",Tutor
4f077cb1-7072-4a1f-916c-a8e7a0b19697,skills,Event Planning,Event Planning
4f077cb1-7072-4a1f-916c-a8e7a0b19697,skills,Education,Education
4f077cb1-7072-4a1f-916c-a8e7a0b19697,skills,Research Support,Research Support
4f077cb1-7072-4a1f-916c-a8e7a0b19697,skills,Academic Research,Academic Research
4f077cb1-7072-4a1f-916c-a8e7a0b19697,skills,Microsoft Office,Microsoft Office
4f077cb1-7072-4a1f-916c-a8e7a0b19697,skills,Teamwork,Teamwork
4f077cb1-7072-4a1f-916c-a8e7a0b19697,skills,Attention to detail and ability to work accurately,Attention to detail and ability to work accurately
4f077cb1-7072-4a1f-916c-a8e7a0b19697,skills,Organization and leadership skills,Organization and leadership skills
4f077cb1-7072-4a1f-916c-a8e7a0b19697,skills,Strong written and verbal communication,Strong written and verbal communication
4f077cb1-7072-4a1f-916c-a8e7a0b19697,experience,"Calgary, Alberta, Canada",Founder/President
4f077cb1-7072-4a1f-916c-a8e7a0b19697,experience,"My current research with Dr. Ganesh’s lab explores the relationship between antithrombotic medication regimens prescribed at the time of hospital admission and the risk of short-term recurrent strokes. We are also examining this relationship across different stroke etiologies, as determined following diagnostic investigations, to better understand how tailored treatment strategies can influence early recurrence risk and patient outcomes",Clinical Neuroscience Research Assistant
4f077cb1-7072-4a1f-916c-a8e7a0b19697,experience,"Experienced in selecting and preparing grocery orders with precision, efficiency, and care. Focused on ensuring product quality, order accuracy, and excellent customer service for online, curbside, and delivery clients",Team member
5f89e53a-fad1-4b57-a8e0-b4627dc6d120,skills,Team Leadership,Team Leadership
5f89e53a-fad1-4b57-a8e0-b4627dc6d120,skills,Management,Management
5f89e53a-fad1-4b57-a8e0-b4627dc6d120,skills,Clinical Services,Clinical Services
5f89e53a-fad1-4b57-a8e0-b4627dc6d120,skills,Clinical Support,Clinical Support
5f89e53a-fad1-4b57-a8e0-b4627dc6d120,skills,Customer Service,Customer Service
5f89e53a-fad1-4b57-a8e0-b4627dc6d120,skills,Communication,Communication
5f89e53a-fad1-4b57-a8e0-b4627dc6d120,experience,"Calgary, Alberta, Canada",Education Co-Director
5f89e53a-fad1-4b57-a8e0-b4627dc6d120,experience,On-site,Shift Leader
5f89e53a-fad1-4b57-a8e0-b4627dc6d120,experience,"Assisted in providing mental and physical health support, knowledge, and resources to students, facilitated clinic operations, and supported wellness initiatives",Clinic Assistant
5f89e53a-fad1-4b57-a8e0-b4627dc6d120,experience,Provide attentive service to guests. Thorough menu knowledge to provide recommendations and answer product questions,Server
89c4088b-73ff-4c4d-bcc1-2a2d1318a9dd,skills,Behavioural testing of animal models,Behavioural testing of animal models
89c4088b-73ff-4c4d-bcc1-2a2d1318a9dd,skills,Swim Instruction (All Levels),Swim Instruction (All Levels)
89c4088b-73ff-4c4d-bcc1-2a2d1318a9dd,skills,First Aid Training,First Aid Training
89c4088b-73ff-4c4d-bcc1-2a2d1318a9dd,skills,Cardiopulmonary Resuscitation (CPR),Cardiopulmonary Resuscitation (CPR)
89c4088b-73ff-4c4d-bcc1-2a2d1318a9dd,skills,Youth Coaching,Youth Coaching
89c4088b-73ff-4c4d-bcc1-2a2d1318a9dd,skills,Risk Assessment,Risk Assessment
89c4088b-73ff-4c4d-bcc1-2a2d1318a9dd,skills,Team Building,Team Building
89c4088b-73ff-4c4d-bcc1-2a2d1318a9dd,skills,Athlete Motivation,Athlete Motivation
89c4088b-73ff-4c4d-bcc1-2a2d1318a9dd,skills,Immunohistochemisty,Immunohistochemisty
89c4088b-73ff-4c4d-bcc1-2a2d1318a9dd,skills,Confocal Microscopy,Confocal Microscopy
89c4088b-73ff-4c4d-bcc1-2a2d1318a9dd,about,Hi my name is Matthew Komori,"Hi my name is Matthew Komori. I am a third year Kinesiology BSc student at the University of Calgary. I find the human body so fascinating and integrative and I have always had a passion for sports. Specifically, I played competitive volleyball, winning many provincial titles and one national championship. Now, I’m currently the head coach for a volleyball club in Calgary, owned by one of my former coaches. Coaching has been incredibly rewarding—I love working with kids and seeing them learn, grow, and have fun through sport. In addition to volleyball, I also teach swimming and work as a lifeguard at a local pool. Whether on the court or in the water, I’ve had the pleasure of helping many groups of kids develop their skills, build friendships, and create lasting memories. There’s nothing more fulfilling than watching them progress and enjoy the process along the way. In addition to this, I am also an undergraduate research student with hands-on experience in the neuroscience field, including behavioral testing, molecular techniques, and imaging analysis. At the Hotchkiss Brain Institute, my recent work focused on investigating how astrocytes influence stress-related behaviors using viral gene delivery, immunohistochemistry, and confocal microscopy. Through this, I developed strong skills in experimental design, data interpretation, and troubleshooting complex lab protocols. I’m passionate about understanding brain function at the cellular level and translating that knowledge into meaningful insights about mental health and neurobiology. I’m always eager to collaborate, learn, and apply science in innovative ways so don’t be afraid to reach out!"
89c4088b-73ff-4c4d-bcc1-2a2d1318a9dd,about,I am a third year Kinesiology BSc student at the University of Calgary,
89c4088b-73ff-4c4d-bcc1-2a2d1318a9dd,about,I find the human body so fascinating and integrative and I have always had a passion for sports,
89c4088b-73ff-4c4d-bcc1-2a2d1318a9dd,about,Specifically,
89c4088b-73ff-4c4d-bcc1-2a2d1318a9dd,about,I played competitive volleyball,
89c4088b-73ff-4c4d-bcc1-2a2d1318a9dd,about,winning many provincial titles and one national championship,
89c4088b-73ff-4c4d-bcc1-2a2d1318a9dd,about,Now,
89c4088b-73ff-4c4d-bcc1-2a2d1318a9dd,about,I’m currently the head coach for a volleyball club in Calgary,
89c4088b-73ff-4c4d-bcc1-2a2d1318a9dd,about,owned by one of my former coaches,
89c4088b-73ff-4c4d-bcc1-2a2d1318a9dd,about,Coaching has been incredibly rewarding—I love working with kids and seeing them learn,
89c4088b-73ff-4c4d-bcc1-2a2d1318a9dd,about,grow,
89c4088b-73ff-4c4d-bcc1-2a2d1318a9dd,about,and have fun through sport,
89c4088b-73ff-4c4d-bcc1-2a2d1318a9dd,about,In addition to volleyball,
89c4088b-73ff-4c4d-bcc1-2a2d1318a9dd,about,I also teach swimming and work as a lifeguard at a local pool,
89c4088b-73ff-4c4d-bcc1-2a2d1318a9dd,about,Whether on the court or in the water,
89c4088b-73ff-4c4d-bcc1-2a2d1318a9dd,about,I’ve had the pleasure of helping many groups of kids develop their skills,
89c4088b-73ff-4c4d-bcc1-2a2d1318a9dd,about,build friendships,
89c4088b-73ff-4c4d-bcc1-2a2d1318a9dd,about,and create lasting memories,
89c4088b-73ff-4c4d-bcc1-2a2d1318a9dd,about,There’s nothing more fulfilling than watching them progress and enjoy the process along the way,
89c4088b-73ff-4c4d-bcc1-2a2d1318a9dd,about,In addition to this,
89c4088b-73ff-4c4d-bcc1-2a2d1318a9dd,about,I am also an undergraduate research student with hands-on experience in the neuroscience field,
89c4088b-73ff-4c4d-bcc1-2a2d1318a9dd,about,including behavioral testing,
89c4088b-73ff-4c4d-bcc1-2a2d1318a9dd,about,molecular techniques,
89c4088b-73ff-4c4d-bcc1-2a2d1318a9dd,about,and imaging analysis,
89c4088b-73ff-4c4d-bcc1-2a2d1318a9dd,about,At the Hotchkiss Brain Institute,
89c4088b-73ff-4c4d-bcc1-2a2d1318a9dd,about,my recent work focused on investigating how astrocytes influence stress-related behaviors using viral gene delivery,
89c4088b-73ff-4c4d-bcc1-2a2d1318a9dd,about,immunohistochemistry,
89c4088b-73ff-4c4d-bcc1-2a2d1318a9dd,about,and confocal microscopy,
89c4088b-73ff-4c4d-bcc1-2a2d1318a9dd,about,Through this,
89c4088b-73ff-4c4d-bcc1-2a2d1318a9dd,about,I developed strong skills in experimental design,
89c4088b-73ff-4c4d-bcc1-2a2d1318a9dd,about,data interpretation,
89c4088b-73ff-4c4d-bcc1-2a2d1318a9dd,about,and troubleshooting complex lab protocols,
89c4088b-73ff-4c4d-bcc1-2a2d1318a9dd,about,I’m passionate about understanding brain function at the cellular level and translating that knowledge into meaningful insights about mental health and neurobiology,
89c4088b-73ff-4c4d-bcc1-2a2d1318a9dd,about,I’m always eager to collaborate,
89c4088b-73ff-4c4d-bcc1-2a2d1318a9dd,about,learn,
89c4088b-73ff-4c4d-bcc1-2a2d1318a9dd,about,and apply science in innovative ways so don’t be afraid to reach out,
89c4088b-73ff-4c4d-bcc1-2a2d1318a9dd,experience,Research student in Dr. Grant Gordon’s lab. Investigating the mechanisms by which astrocytes modulate neurons following chronic stress in the paraventricular nucleus of the hypothalamus,Undergraduate Research Student
89c4088b-73ff-4c4d-bcc1-2a2d1318a9dd,experience,Coaching kids U9-U13 basic volleyball fundamentals and skills,Swim Instructor and Lifeguard
89c4088b-73ff-4c4d-bcc1-2a2d1318a9dd,experience,Coaching kids U8-U12 basic volleyball fundamentals and skills,Head Volleyball Coach
664d7fa2-f7f9-4959-a948-fe144f628b7e,skills,MRI,MRI
664d7fa2-f7f9-4959-a948-fe144f628b7e,skills,Parkinson's Disease,Parkinson's Disease
664d7fa2-f7f9-4959-a948-fe144f628b7e,skills,MATLAB,MATLAB
664d7fa2-f7f9-4959-a948-fe144f628b7e,skills,Cognitive Neuroscience,Cognitive Neuroscience
664d7fa2-f7f9-4959-a948-fe144f628b7e,skills,Neuroscience,Neuroscience
664d7fa2-f7f9-4959-a948-fe144f628b7e,skills,Physics,Physics
664d7fa2-f7f9-4959-a948-fe144f628b7e,skills,Teaching,Teaching
664d7fa2-f7f9-4959-a948-fe144f628b7e,skills,Epilepsy,Epilepsy
664d7fa2-f7f9-4959-a948-fe144f628b7e,skills,Neuroimaging,Neuroimaging
664d7fa2-f7f9-4959-a948-fe144f628b7e,skills,Python (Programming Language),Python (Programming Language)
664d7fa2-f7f9-4959-a948-fe144f628b7e,publications,Deep learning in neuroimaging of epilepsy,Deep learning in neuroimaging of epilepsy
664d7fa2-f7f9-4959-a948-fe144f628b7e,publications,A Novel Noninvasive Approach Based on SPECT and EEG for the Location of the Epileptogenic Zone in Pharmacoresistant Non-Lesional Epilepsy,A Novel Noninvasive Approach Based on SPECT and EEG for the Location of the Epileptogenic Zone in Pharmacoresistant Non-Lesional Epilepsy
664d7fa2-f7f9-4959-a948-fe144f628b7e,publications,What We Know About the Brain Structure–Function Relationship,What We Know About the Brain Structure–Function Relationship
664d7fa2-f7f9-4959-a948-fe144f628b7e,experience,"Calgary, Alberta, Canada",Postdoctoral Associate
664d7fa2-f7f9-4959-a948-fe144f628b7e,experience,"Havana, Cuba",Associate researcher and medical physicist
664d7fa2-f7f9-4959-a948-fe144f628b7e,experience,"Havana, Cuba",Postdoctoral Fellow
664d7fa2-f7f9-4959-a948-fe144f628b7e,experience,"Havana, Cuba",Assistant Professor
436b91e1-d4ff-43f3-b6bf-c7f564832bd2,experience,"Calgary, Alberta, Canada",CEO & Co-founder
436b91e1-d4ff-43f3-b6bf-c7f564832bd2,experience,"Kelowna, British Columbia, Canada",Doctoral Student
436b91e1-d4ff-43f3-b6bf-c7f564832bd2,experience,"Waterloo, Ontario, Canada",Data Analyst
436b91e1-d4ff-43f3-b6bf-c7f564832bd2,experience,"Toronto, Ontario, Canada",Medical Laboratory Assistant
436b91e1-d4ff-43f3-b6bf-c7f564832bd2,experience,"Edmonton, Alberta, Canada",Research Assistant
436b91e1-d4ff-43f3-b6bf-c7f564832bd2,experience,"Waterloo, Ontario, Canada",Research Assistant
436b91e1-d4ff-43f3-b6bf-c7f564832bd2,experience,"Waterloo, Ontario, Canada",Co-op Student - Nanotechnology Research Centre
36d7f945-11f2-43e5-9b9c-f853e3e5773d,experience,"Calgary, Alberta, Canada",Undergraduate Student Researcher
36d7f945-11f2-43e5-9b9c-f853e3e5773d,experience,Tutored students ranging from grades K-12 on mathematics based on the Alberta curriculum. - Answered students' questions on Mathnasium-provided worksheets and homework brought in from school. - Assisted 2-5 students of varying math levels at once each shift,Mathnasium Instructor
36d7f945-11f2-43e5-9b9c-f853e3e5773d,experience,Provided instructions to students on the proper technique of ballet steps. - Created lesson plans and chose supporting materials to suit the skillset of students. - Choreographed performance pieces for recitals to showcase students' skills and progress,Dance Instructor
36d7f945-11f2-43e5-9b9c-f853e3e5773d,experience,Why am I seeing this ad?,Mathnasium Instructor
4f2f7c3a-d585-4aa1-880a-a9e136c97b8a,about,Hello,"Hello! My name is CreeAnn, and I am a curious, passionate, and motivated student at the University of Calgary. I am passionate about finding solutions and answers to advance the field of neuroscience, stroke, and geriatric health."
4f2f7c3a-d585-4aa1-880a-a9e136c97b8a,about,My name is CreeAnn,
4f2f7c3a-d585-4aa1-880a-a9e136c97b8a,about,and I am a curious,
4f2f7c3a-d585-4aa1-880a-a9e136c97b8a,about,passionate,
4f2f7c3a-d585-4aa1-880a-a9e136c97b8a,about,and motivated student at the University of Calgary,
4f2f7c3a-d585-4aa1-880a-a9e136c97b8a,about,I am passionate about finding solutions and answers to advance the field of neuroscience,
4f2f7c3a-d585-4aa1-880a-a9e136c97b8a,about,stroke,
4f2f7c3a-d585-4aa1-880a-a9e136c97b8a,about,and geriatric health,
4f2f7c3a-d585-4aa1-880a-a9e136c97b8a,experience,Led a pilot study investigating neurocognitive changes in Long-COVID and Postural Orthostatic Tachycardia Syndrome (POTS) patients and completed an honours thesis under the supervision of Dr. Satish Raj,Master's Student
4f2f7c3a-d585-4aa1-880a-a9e136c97b8a,experience,"Calgary, Alberta, Canada",Undergraduate Student Researcher
1813974b-6d56-422b-9f39-0248a5ad79ab,skills,Clinical Data Management,Clinical Data Management
1813974b-6d56-422b-9f39-0248a5ad79ab,skills,Electronic Data Capture (EDC),Electronic Data Capture (EDC)
1813974b-6d56-422b-9f39-0248a5ad79ab,skills,Leadership,Leadership
1813974b-6d56-422b-9f39-0248a5ad79ab,skills,Classroom Management,Classroom Management
1813974b-6d56-422b-9f39-0248a5ad79ab,skills,Strategic Planning,Strategic Planning
1813974b-6d56-422b-9f39-0248a5ad79ab,skills,Problem Solving,Problem Solving
1813974b-6d56-422b-9f39-0248a5ad79ab,skills,Research Skills,Research Skills
1813974b-6d56-422b-9f39-0248a5ad79ab,skills,Scientific Writing,Scientific Writing
1813974b-6d56-422b-9f39-0248a5ad79ab,skills,Teaching,Teaching
1813974b-6d56-422b-9f39-0248a5ad79ab,skills,Communication,Communication
1813974b-6d56-422b-9f39-0248a5ad79ab,experience,"Working in the Aaron Phillips Lab, I contributed towards the creation of a brain-computer interface (BCI) designed for the restoration of autonomic cardiovascular control in SCI patients. Provided expertise towards the combination of neural signals with external equipment that allowed for real-time monitoring and control based on physiological feedback and worked on developing signal processing techniques for interpreting neural signals involved in the regulation of blood pressure. Collaborated with members of a multidisciplinary team of researchers from neuroscience, biomedical engineering, and clinical science in order to set up experiments, collect data, and analyze their results",Student Researcher
1813974b-6d56-422b-9f39-0248a5ad79ab,experience,"As a Research Associate in the Paschke Research Group, I support a prospective study on differentiated thyroid cancer outcomes. My role involves clinical data capture and database maintenance across University of Calgary and Alberta Health Services systems. I update and maintain the long-term thyroid cancer outcomes database, including chart review and data capture for approximately 435 patients. I enter and verify new patient data in REDCap using the study’s standardized data dictionary and quality control procedures. I access and extract information from AHS clinical systems, including ConnectCare and ARIA, following secure data handling protocols. I also assist in ongoing prospective audits of treatment response, recurrence risk stratification, and outcomes following ATA guidelines",Research Associate
1813974b-6d56-422b-9f39-0248a5ad79ab,experience,"Calgary, Alberta, Canada",Junior Executive
1813974b-6d56-422b-9f39-0248a5ad79ab,experience,"I provided support to students across a range of subjects, helping them strengthen their understanding, improve their study skills, and build academic confidence by tailoring each session to fit their goals and learning style. This role taught me how to communicate clearly, stay patient under pressure, and adapt my teaching approach to help others succeed",Academic Tutor
1813974b-6d56-422b-9f39-0248a5ad79ab,experience,"As a UCMAS instructor, I taught young students the fundamentals of mental math and abacus-based arithmetic through structured and interactive lessons focused on concentration, memory, and speed. This experience helped me strengthen my communication, leadership, and classroom management skills while making a real difference in students’ confidence and cognitive development",Course Instructor
1813974b-6d56-422b-9f39-0248a5ad79ab,experience,"As part of the Science Division, I contributed to the design and execution of scientific tasks for our Mars rover prototype, competing in the international University Rover Challenge (URC). My role involved the assistance of research that would help the rover collect and interpret soil samples as well as writing a scientific report that would be submitted in the challenge. Through this experience, I gained hands-on skills in research and scientific report writing within a fast-paced, problem-solving environment",Science Division Team Member
1813974b-6d56-422b-9f39-0248a5ad79ab,experience,"I worked with students in small groups and one-on-one to assist them in developing strong study habits, preparing for exams, and to attain a better understanding of course material as a biology tutor. Through this role, I strengthened my ability to communicate clearly, adapt to different learning styles, and support students in building confidence in science",Biology Tutor
2c45aecd-fd7b-4d2f-9247-bd76d91f0b64,experience,"Calgary, Alberta, Canada",Adjunct Assistant Professor
2c45aecd-fd7b-4d2f-9247-bd76d91f0b64,experience,"Calgary, Alberta, Canada","Staff Scientist, Prescott Lab"
2c45aecd-fd7b-4d2f-9247-bd76d91f0b64,experience,Home of RAMalgo,Co-Founder
2c45aecd-fd7b-4d2f-9247-bd76d91f0b64,experience,"Pittsburgh, Pennsylvania, United States",Research Associate
2c45aecd-fd7b-4d2f-9247-bd76d91f0b64,experience,"Montreal, Quebec, Canada",Research Associate
2c45aecd-fd7b-4d2f-9247-bd76d91f0b64,experience,"Birmingham, England, United Kingdom",Postdoctoral Fellow
f88540d0-b213-4fd9-9f2e-458aabd26874,publications,"Age-related changes in neuronal receptive fields of primary auditory cortex in frequency, amplitude, and temporal domains","Age-related changes in neuronal receptive fields of primary auditory cortex in frequency, amplitude, and temporal domains"
f88540d0-b213-4fd9-9f2e-458aabd26874,publications,"Aging populations often experience difficulties hearing. This phenomenon, known as age-related hearing loss, is associated with decreases in hearing sensitivity and pathophysiological changes in the central auditory system, including the primary auditory cortex (AI). To better understand changes in the central auditory system, this study is designed to compare the receptive fields of AI neurons of young and old C57 mice in frequency, amplitude, and temporal domains by using random-delivery (various interval) of multi-frequency gamma-shaped tone pips and a novel data processing approach known as the intensity-stacked spectrotemporal receptive field (iSTRF). Our data suggests that age-related hearing loss has relatively less impact on auditory information processing when sounds fall into the optimal frequency and amplitude ranges of given AI neurons. … more",
f88540d0-b213-4fd9-9f2e-458aabd26874,experience,"Calgary, Alberta, Canada",Graduate Student Researcher
f88540d0-b213-4fd9-9f2e-458aabd26874,experience,"Whitehorse, Yukon Territory, Canada",Herbarium Coordinator
f88540d0-b213-4fd9-9f2e-458aabd26874,experience,"Whitehorse, Yukon Territory, Canada",Scientific Consultant
f88540d0-b213-4fd9-9f2e-458aabd26874,experience,"Whitehorse, Yukon Territory, Canada",Operations Manager
f88540d0-b213-4fd9-9f2e-458aabd26874,experience,"Calgary, Alberta, Canada",Co-Founder & Fine Artist - Independent Small Business
f88540d0-b213-4fd9-9f2e-458aabd26874,experience,"Calgary, Alberta, Canada",Department Manager
f88540d0-b213-4fd9-9f2e-458aabd26874,experience,"Airdrie, Alberta, Canada",Science and Mathematics Tutor
f88540d0-b213-4fd9-9f2e-458aabd26874,experience,"Calgary, Alberta, Canada",Undergraduate Student Researcher
f88540d0-b213-4fd9-9f2e-458aabd26874,experience,"Calgary, Alberta, Canada",Undergraduate Student Researcher
f74db81b-4eeb-4b17-8762-32bc97ce4438,skills,Clinical Study Management,Clinical Study Management
f74db81b-4eeb-4b17-8762-32bc97ce4438,skills,"Laboratory Skills (Pipetting, Titrating, Streaking & Straining)","Laboratory Skills (Pipetting, Titrating, Streaking & Straining)"
f74db81b-4eeb-4b17-8762-32bc97ce4438,skills,"Programing Software (Python, C++, HTML, Java)","Programing Software (Python, C++, HTML, Java)"
f74db81b-4eeb-4b17-8762-32bc97ce4438,skills,"Microsoft Office (Excel, Word, PowerPoint, Outlook, OneNote)","Microsoft Office (Excel, Word, PowerPoint, Outlook, OneNote)"
f74db81b-4eeb-4b17-8762-32bc97ce4438,experience,"Calgary, Alberta, Canada",Clinical Research Coordinator
f74db81b-4eeb-4b17-8762-32bc97ce4438,experience,"Calgary, Alberta, Canada",Data Entry Clerk (Higher Level)
d99f4fbc-49ae-4e26-80b5-23ae02c87015,skills,Skills,Skills
d99f4fbc-49ae-4e26-80b5-23ae02c87015,skills,Academic Research,Academic Research
d99f4fbc-49ae-4e26-80b5-23ae02c87015,about,and school-based contexts,"I’m a graduate-level researcher in school and applied child psychology with several years of experience in youth mental health, and school-based contexts. I have training in both qualitative and quantitative research methods, with quantitative work focused on cannabis use and mental health, including a sole-authored publication in this area. My background includes research assistantships, counselling and volunteer roles that support high-risk youth. I have developed strong skills in interviewing, survey design, statistical analysis, thematic analysis, academic writing, and collaborative project work with faculty and peers. I am a passionate presenter, and my work is currently focused on grief-literacy initiatives aimed at improving support for students. I am an advocate for men's mental health, and my current focus is on supporting mental health in adolescent boys."
d99f4fbc-49ae-4e26-80b5-23ae02c87015,about,I have training in both qualitative and quantitative research methods,
d99f4fbc-49ae-4e26-80b5-23ae02c87015,about,with quantitative work focused on cannabis use and mental health,
d99f4fbc-49ae-4e26-80b5-23ae02c87015,about,including a sole-authored publication in this area,
d99f4fbc-49ae-4e26-80b5-23ae02c87015,about,My background includes research assistantships,
d99f4fbc-49ae-4e26-80b5-23ae02c87015,about,counselling and volunteer roles that support high-risk youth,
d99f4fbc-49ae-4e26-80b5-23ae02c87015,about,I have developed strong skills in interviewing,
d99f4fbc-49ae-4e26-80b5-23ae02c87015,about,survey design,
d99f4fbc-49ae-4e26-80b5-23ae02c87015,about,statistical analysis,
d99f4fbc-49ae-4e26-80b5-23ae02c87015,about,thematic analysis,
d99f4fbc-49ae-4e26-80b5-23ae02c87015,about,academic writing,
d99f4fbc-49ae-4e26-80b5-23ae02c87015,about,and collaborative project work with faculty and peers,
d99f4fbc-49ae-4e26-80b5-23ae02c87015,about,and my work is currently focused on grief-literacy initiatives aimed at improving support for students,
d99f4fbc-49ae-4e26-80b5-23ae02c87015,about,I am an advocate for men's mental health,
d99f4fbc-49ae-4e26-80b5-23ae02c87015,about,and my current focus is on supporting mental health in adolescent boys,
d99f4fbc-49ae-4e26-80b5-23ae02c87015,experience,Academic Research,MSc Student
d99f4fbc-49ae-4e26-80b5-23ae02c87015,experience,"Sole author of research publication: “Understanding Bidirectional Relations Between Adolescent Cannabis Use and Internalizing and Externalizing Symptoms” Journal of Child and Adolescent Substance Abuse. Team member in research design and data collection Completion of statistical data analyses (multiple regressions, correlations) using SPSS and SAS",Undergraduate Researcher
d99f4fbc-49ae-4e26-80b5-23ae02c87015,experience,Why am I seeing this ad?,Child and Youth Care Counselor
3574dd3c-aeed-400f-8729-f2f4df0c4bb0,about,"Hello, my name is Ravi","Hello, my name is Ravi! 📚 Current MSc student in biomedical engineering with a specialization in medical imaging 📖 BSc (Hons.) graduate with a major in computer science and minor in mathematics (+Premed) 📙 Honours thesis in Computational Convex Analysis 📘 Two-time Faculty of Medicine Summer Student Research Program (FoM SSRP) awardee. Owerko Graduate Scholarship awardee 2025. I enjoy applying mathematics and computer science to real world scenarios. My current research interest is in biomedical engineering."
3574dd3c-aeed-400f-8729-f2f4df0c4bb0,about,📚 Current MSc student in biomedical engineering with a specialization in medical imaging 📖 BSc (Hons,
3574dd3c-aeed-400f-8729-f2f4df0c4bb0,about,) graduate with a major in computer science and minor in mathematics (+Premed) 📙 Honours thesis in Computational Convex Analysis 📘 Two-time Faculty of Medicine Summer Student Research Program (FoM SSRP) awardee,
3574dd3c-aeed-400f-8729-f2f4df0c4bb0,about,Owerko Graduate Scholarship awardee 2025,
3574dd3c-aeed-400f-8729-f2f4df0c4bb0,about,I enjoy applying mathematics and computer science to real world scenarios,
3574dd3c-aeed-400f-8729-f2f4df0c4bb0,about,My current research interest is in biomedical engineering,
3574dd3c-aeed-400f-8729-f2f4df0c4bb0,publications,Conference - A synthetic data‑based evaluation framework for global and voxelwise biological brain age prediction methods,Conference - A synthetic data‑based evaluation framework for global and voxelwise biological brain age prediction methods
3574dd3c-aeed-400f-8729-f2f4df0c4bb0,publications,An evaluation framework that may be used to benchmark machine learning-based biological brain age prediction methods using synthetic data,Conference - Radiomics-ResNet Fusion Models for Improved Mammogram Abnormality Identification
3574dd3c-aeed-400f-8729-f2f4df0c4bb0,publications,Conference - Radiomics-ResNet Fusion Models for Improved Mammogram Abnormality Identification,Conference - A Radiomics-Based Breast Cancer Detection Model
3574dd3c-aeed-400f-8729-f2f4df0c4bb0,publications,An extension of 'A Radiomics-Based Breast Cancer Detection Model' with additional radiomics features and a late-fusion radiomics+ResNet method,Undergraduate Thesis - A New Data Structure to Compute the Conjugate of Bivariate Piecewise Linear-Quadratic Functions
3574dd3c-aeed-400f-8729-f2f4df0c4bb0,publications,Conference - A Radiomics-Based Breast Cancer Detection Model,
3574dd3c-aeed-400f-8729-f2f4df0c4bb0,publications,Radiomics pipeline for early breast cancer screening that is accurate and computationally-inexpensive,
3574dd3c-aeed-400f-8729-f2f4df0c4bb0,publications,Undergraduate Thesis - A New Data Structure to Compute the Conjugate of Bivariate Piecewise Linear-Quadratic Functions,
3574dd3c-aeed-400f-8729-f2f4df0c4bb0,experience,A Radiomics-Based Breast Cancer Detection Model,Graduate Student Researcher
3574dd3c-aeed-400f-8729-f2f4df0c4bb0,experience,Why am I seeing this ad?,Student Researcher
a6e2ee49-40fe-472f-8d64-2d12f050c853,skills,Cognitive Neuroscience,Cognitive Neuroscience
a6e2ee49-40fe-472f-8d64-2d12f050c853,skills,Academic Research,Academic Research
a6e2ee49-40fe-472f-8d64-2d12f050c853,skills,Electrophysiology,Electrophysiology
a6e2ee49-40fe-472f-8d64-2d12f050c853,skills,Movement Disorders,Movement Disorders
a6e2ee49-40fe-472f-8d64-2d12f050c853,skills,Recruiting,Recruiting
a6e2ee49-40fe-472f-8d64-2d12f050c853,skills,Transcranial Magnetic Stimulation,Transcranial Magnetic Stimulation
a6e2ee49-40fe-472f-8d64-2d12f050c853,skills,Computational Neuroscience,Computational Neuroscience
a6e2ee49-40fe-472f-8d64-2d12f050c853,skills,Transcribing,Transcribing
a6e2ee49-40fe-472f-8d64-2d12f050c853,skills,MATLAB,MATLAB
a6e2ee49-40fe-472f-8d64-2d12f050c853,skills,Statistics,Statistics
a6e2ee49-40fe-472f-8d64-2d12f050c853,about,Recent graduate from the MSc Neuroscience program at the University of Calgary and former student-athlete at Mount Royal University,Recent graduate from the MSc Neuroscience program at the University of Calgary and former student-athlete at Mount Royal University. Passionate about the brain and it's impact on human behaviour!
a6e2ee49-40fe-472f-8d64-2d12f050c853,about,Passionate about the brain and it's impact on human behaviour,
a6e2ee49-40fe-472f-8d64-2d12f050c853,experience,"Calgary, Alberta, Canada",Medical Laboratory Technician
a6e2ee49-40fe-472f-8d64-2d12f050c853,experience,Hotchkiss Brain Institute,Summer Research Student
a6e2ee49-40fe-472f-8d64-2d12f050c853,experience,"Calgary, Alberta, Canada",Research Assistant
a6e2ee49-40fe-472f-8d64-2d12f050c853,experience,"Calgary, Alberta, Canada",Research Assistant
eb4360fa-e6e2-466f-bd66-877e8d33ed95,experience,University of Calgary,Undergraduate Researcher
eb4360fa-e6e2-466f-bd66-877e8d33ed95,experience,"Alberta, Canada",SCiP Intern
eb4360fa-e6e2-466f-bd66-877e8d33ed95,experience,Greater Calgary Metropolitan Area,Webmaster/IT
eb4360fa-e6e2-466f-bd66-877e8d33ed95,experience,Greater Calgary Metropolitan Area,Videographer
eb4360fa-e6e2-466f-bd66-877e8d33ed95,experience,Robson DNA Science Centre - University of Calgary,Caterer & Bartender
032babd0-2e68-4172-8d2b-fb76e2ffaf51,about,I am an MD/PhD Student at the University of Calgary,"I am an MD/PhD Student at the University of Calgary. I completed my PhD in Neuroscience at the University of Calgary where I studied the cellular mechanisms of opioids. I am enrolled in the Leaders in Medicine joint MD/PhD program and now completing the MD portion of my training. I am originally from Ottawa, Ontario and completed an undergraduate degree in Biochemistry at Queen's University in Kingston. I have been working towards a career in Medicine for many years and I hope to specialize in either Pediatrics or in Neurology. I hope to be able to pursue both clinical practice and research in the future. I am very interested in expanding my experiences both within research and medicine and in other areas as I work towards my future career."
032babd0-2e68-4172-8d2b-fb76e2ffaf51,about,I completed my PhD in Neuroscience at the University of Calgary where I studied the cellular mechanisms of opioids,
032babd0-2e68-4172-8d2b-fb76e2ffaf51,about,I am enrolled in the Leaders in Medicine joint MD/PhD program and now completing the MD portion of my training,
032babd0-2e68-4172-8d2b-fb76e2ffaf51,about,I am originally from Ottawa,
032babd0-2e68-4172-8d2b-fb76e2ffaf51,about,Ontario and completed an undergraduate degree in Biochemistry at Queen's University in Kingston,
032babd0-2e68-4172-8d2b-fb76e2ffaf51,about,I have been working towards a career in Medicine for many years and I hope to specialize in either Pediatrics or in Neurology,
032babd0-2e68-4172-8d2b-fb76e2ffaf51,about,I hope to be able to pursue both clinical practice and research in the future,
032babd0-2e68-4172-8d2b-fb76e2ffaf51,about,I am very interested in expanding my experiences both within research and medicine and in other areas as I work towards my future career,
032babd0-2e68-4172-8d2b-fb76e2ffaf51,publications,Blocking microglial pannexin-1 channels alleviates morphine withdrawal in rodents,Blocking microglial pannexin-1 channels alleviates morphine withdrawal in rodents
032babd0-2e68-4172-8d2b-fb76e2ffaf51,publications,Modulatory and plastic effects of kinins on spinal cord networks,Modulatory and plastic effects of kinins on spinal cord networks.
032babd0-2e68-4172-8d2b-fb76e2ffaf51,publications,"Toll-like receptor 4 mutant and null mice retain morphine-induced tolerance, hyperalgesia, and physical dependence","Toll-like receptor 4 mutant and null mice retain morphine-induced tolerance, hyperalgesia, and physical dependence."
032babd0-2e68-4172-8d2b-fb76e2ffaf51,experience,"Calgary, Alberta, Canada",MD Student
032babd0-2e68-4172-8d2b-fb76e2ffaf51,experience,University of Calgary,PhD Candidate
032babd0-2e68-4172-8d2b-fb76e2ffaf51,experience,Greater Calgary Metropolitan Area,Research assistant at Calgary MS Clinic
032babd0-2e68-4172-8d2b-fb76e2ffaf51,experience,"Toronto, Ontario",Math and Sciences Tutor
032babd0-2e68-4172-8d2b-fb76e2ffaf51,experience,Greater Ottawa Metropolitan Area,Summer Research Student
6d4b66dc-1227-411d-bd34-96ffd837ed5c,experience,"Calgary, Alberta, Canada",Student Researcher | Gordon Lab
6d4b66dc-1227-411d-bd34-96ffd837ed5c,experience,Why am I seeing this ad?,Co-Founder and Senior Editor
e7267525-c18f-41da-9bec-eb4868c93c8b,skills,Research Skills,Research Skills
e7267525-c18f-41da-9bec-eb4868c93c8b,skills,Communication,Communication
e7267525-c18f-41da-9bec-eb4868c93c8b,skills,Team Leadership,Team Leadership
e7267525-c18f-41da-9bec-eb4868c93c8b,skills,Laboratory Techniques,Laboratory Techniques
e7267525-c18f-41da-9bec-eb4868c93c8b,skills,Powerlifting,Powerlifting
e7267525-c18f-41da-9bec-eb4868c93c8b,about,Chandan is a student with a diverse range of interests and a strong passion for leadership,"Chandan is a student with a diverse range of interests and a strong passion for leadership, community engagement, and personal development. His experiences and involvement in various organizations and initiatives showcase their dedication, organizational skills, and ability to make a positive impact."
e7267525-c18f-41da-9bec-eb4868c93c8b,about,community engagement,
e7267525-c18f-41da-9bec-eb4868c93c8b,about,and personal development,
e7267525-c18f-41da-9bec-eb4868c93c8b,about,His experiences and involvement in various organizations and initiatives showcase their dedication,
e7267525-c18f-41da-9bec-eb4868c93c8b,about,organizational skills,
e7267525-c18f-41da-9bec-eb4868c93c8b,about,and ability to make a positive impact,
e7267525-c18f-41da-9bec-eb4868c93c8b,publications,From Cause to Treatment: A Comprehensive Overview of Dyslipidemia,From Cause to Treatment: A Comprehensive Overview of Dyslipidemia
e7267525-c18f-41da-9bec-eb4868c93c8b,publications,"This paper explores the roles of lipids—LDL, HDL, and triglycerides—in health and disease, emphasizing their contribution to atherosclerosis and cardiovascular risk. It also examines the causes, effects, and management strategies for dyslipidemia, highlighting both lifestyle interventions and pharmacological treatments used to improve lipid profiles and reduce disease progression. … more",
e7267525-c18f-41da-9bec-eb4868c93c8b,experience,"As an Outreach Volunteer with Be The Change YYC, I support street-based teams in building trust with community members, distributing essentials (food, water, clothing, hygiene), and connecting people to shelter, health, and social services through a harm-reduction, trauma-informed approach. I contribute to safety on shift—including basic first aid when needed—while practicing clear communication, de-escalation, and accurate documentation to enable referrals and follow-up",Street Outreach Volunteer
e7267525-c18f-41da-9bec-eb4868c93c8b,experience,"Continuing my coaching from BC, I continue my role as a Special Olympics coach in AB, assisting individuals with intellectual disabilities through sports. As a coach, I provide training, motivation, and guidance to athletes, helping them develop skills, build confidence, and achieve their personal and athletic goals. Through dedication and passion, I strive to create a positive and inclusive environment that nurtures the physical, social, and emotional well-being of Special Olympics athletes",Jr. VP External
e7267525-c18f-41da-9bec-eb4868c93c8b,experience,"As a Special Olympics coach in BC I assist in empowering individuals with intellectual disabilities through sports. The role of a coach is to provide training, motivation, and guidance to athletes, enabling them to develop skills, build confidence, and achieve personal and athletic goals. Through their dedication and passion, we create a positive and inclusive environment that nurtures the physical, social, and emotional well-being of Special Olympics athletes in BC","Research Student, Ganesh Lab"
e7267525-c18f-41da-9bec-eb4868c93c8b,experience,"While working in the lab as a Lab Technician's assistant I collaborate closely with researchers and lab technicians to assist in the preparation and execution of experiments. This includes preparing laboratory equipment, solutions, and reagents, ensuring their availability and proper functioning. They may also be involved in maintaining cell cultures or animal models used in neuroimmunology research, adhering to established protocols and ethical guidelines",Volunteer Powerlifting Coach
70ab25bd-f4df-42c1-a09f-3bf3b020a75d,experience,On-site,Operations Manager
70ab25bd-f4df-42c1-a09f-3bf3b020a75d,experience,Greater Calgary Metropolitan Area,Senior Financial Consultant
70ab25bd-f4df-42c1-a09f-3bf3b020a75d,experience,Why am I seeing this ad?,Internal Product Representative
c394d1f5-c0c8-4194-abfd-2cb3833d9c9c,publications,Why am I seeing this ad?,Mollie Clark
c394d1f5-c0c8-4194-abfd-2cb3833d9c9c,publications,I don’t want to see this ad in my feed,Why am I seeing this ad?
1e87e535-72b9-4cd1-a45b-7388a40664aa,skills,Satisfaction client,Satisfaction client
1e87e535-72b9-4cd1-a45b-7388a40664aa,skills,Connaissances en informatique,Connaissances en informatique
1e87e535-72b9-4cd1-a45b-7388a40664aa,skills,Administration,Administration
1e87e535-72b9-4cd1-a45b-7388a40664aa,skills,Business-to-Business (BtoB),Business-to-Business (BtoB)
1e87e535-72b9-4cd1-a45b-7388a40664aa,skills,Français,Français
1e87e535-72b9-4cd1-a45b-7388a40664aa,skills,Adaptation,Adaptation
1e87e535-72b9-4cd1-a45b-7388a40664aa,skills,Marketing,Marketing
1e87e535-72b9-4cd1-a45b-7388a40664aa,skills,Gastro-entérologie,Gastro-entérologie
1e87e535-72b9-4cd1-a45b-7388a40664aa,skills,Développement de relations,Développement de relations
1e87e535-72b9-4cd1-a45b-7388a40664aa,skills,Conseil en vente,Conseil en vente
1e87e535-72b9-4cd1-a45b-7388a40664aa,about,Enseignate de technique d'expression et chargée du cours méthodologie de rredactio,Enseignate de technique d'expression et chargée du cours méthodologie de rredactio.
1e87e535-72b9-4cd1-a45b-7388a40664aa,experience,"Zeralda, Alger, Algérie",Order management representatives
1e87e535-72b9-4cd1-a45b-7388a40664aa,experience,Algeria,Représentant commercial pharmaceutique
8da88d24-84cc-470f-b23d-5df08100d0f9,skills,Western Blotting,Western Blotting
8da88d24-84cc-470f-b23d-5df08100d0f9,skills,Real-Time Polymerase Chain Reaction (qPCR),Real-Time Polymerase Chain Reaction (qPCR)
8da88d24-84cc-470f-b23d-5df08100d0f9,skills,ELISA,ELISA
8da88d24-84cc-470f-b23d-5df08100d0f9,skills,Luciferase Assay,Luciferase Assay
8da88d24-84cc-470f-b23d-5df08100d0f9,skills,Data Analysis,Data Analysis
8da88d24-84cc-470f-b23d-5df08100d0f9,experience,"Calgary, Alberta, Canada",Laboratory Technician
8da88d24-84cc-470f-b23d-5df08100d0f9,experience,Conducting a four-month research project in the Trang Lab that will extend into my honours thesis. My project investigates the mechanistic sex differences between males and females who experience chronic neuropathic pain,Student Researcher
8da88d24-84cc-470f-b23d-5df08100d0f9,experience,Conducted a four-month research project funded by the O'Brien Center Summer Studentship Award investigating the role of novel AstraZeneca glucocorticoid receptor ligands compared to conventional glucocorticoids on the expression of IRF1 via the NFkB signalling pathway,Student Researcher
8da88d24-84cc-470f-b23d-5df08100d0f9,experience,Why am I seeing this ad?,Painter
29775a4f-602f-42b3-a85a-bc3b2a6e83f6,about,Currently in my Master's of School and Applied Child Psychology at the University of Calgary,"Currently in my Master's of School and Applied Child Psychology at the University of Calgary. I’m an enthusiast of research and clinical practice involving the psychology of children. My passion for work in this field extends to a variety of experiences, including work at summer camps, mentorship programs, working with traumatic brain injury, work in the field of applied behaviour analysis, and more. I've now extended my work in these areas to clinical experience and research. I value hard work, compassion, and kindness in the field that I am in. Currently, I am involved in a variety of projects, and I am focussed on putting my passions and skills to good use in valuable research and practice involving children and youth. Strong organization, communication, and advocacy skills."
29775a4f-602f-42b3-a85a-bc3b2a6e83f6,about,I’m an enthusiast of research and clinical practice involving the psychology of children,
29775a4f-602f-42b3-a85a-bc3b2a6e83f6,about,My passion for work in this field extends to a variety of experiences,
29775a4f-602f-42b3-a85a-bc3b2a6e83f6,about,including work at summer camps,
29775a4f-602f-42b3-a85a-bc3b2a6e83f6,about,mentorship programs,
29775a4f-602f-42b3-a85a-bc3b2a6e83f6,about,working with traumatic brain injury,
29775a4f-602f-42b3-a85a-bc3b2a6e83f6,about,work in the field of applied behaviour analysis,
29775a4f-602f-42b3-a85a-bc3b2a6e83f6,about,I've now extended my work in these areas to clinical experience and research,
29775a4f-602f-42b3-a85a-bc3b2a6e83f6,about,I value hard work,
29775a4f-602f-42b3-a85a-bc3b2a6e83f6,about,compassion,
29775a4f-602f-42b3-a85a-bc3b2a6e83f6,about,and kindness in the field that I am in,
29775a4f-602f-42b3-a85a-bc3b2a6e83f6,about,Currently,
29775a4f-602f-42b3-a85a-bc3b2a6e83f6,about,I am involved in a variety of projects,
29775a4f-602f-42b3-a85a-bc3b2a6e83f6,about,and I am focussed on putting my passions and skills to good use in valuable research and practice involving children and youth,
29775a4f-602f-42b3-a85a-bc3b2a6e83f6,about,"Strong organization, communication, and advocacy skills",
29775a4f-602f-42b3-a85a-bc3b2a6e83f6,publications,Multimodal and spectral degradation effects on speech and emotion recognition in adult listeners,Multimodal and spectral degradation effects on speech and emotion recognition in adult listeners
29775a4f-602f-42b3-a85a-bc3b2a6e83f6,publications,Externalizing problems in children and youth with multiple early risks,Externalizing problems in children and youth with multiple early risks
29775a4f-602f-42b3-a85a-bc3b2a6e83f6,publications,CPA Developmental Section Elinor Ames Award,Verbal mands in adult autism
29775a4f-602f-42b3-a85a-bc3b2a6e83f6,publications,Verbal mands in adult autism,
29775a4f-602f-42b3-a85a-bc3b2a6e83f6,experience,Greater Calgary Metropolitan Area,MSc Student School and Applied Child Psychology
29775a4f-602f-42b3-a85a-bc3b2a6e83f6,experience,University of Calgary,Student Leader
29775a4f-602f-42b3-a85a-bc3b2a6e83f6,experience,Greater Calgary Metropolitan Area,President
29775a4f-602f-42b3-a85a-bc3b2a6e83f6,experience,"Calgary, Alberta, Canada",Behaviour Interventionist
29775a4f-602f-42b3-a85a-bc3b2a6e83f6,experience,Greater Calgary Metropolitan Area,ACHRI Trainee
29775a4f-602f-42b3-a85a-bc3b2a6e83f6,experience,Stony Plain,Mental Health Neuroteam Trainee
53482146-5b76-4e5d-823c-35f3903cd0fd,about,Postdoctoral Fellow at the University of Calgary,"Postdoctoral Fellow at the University of Calgary, Hotchkiss Brain Institute in the Medical Image Processing and Machine Learning Lab. U.S. Citizen and Canadian Permanent Resident. Top skills Applied Mathematics • Deep Learning • Medical AI"
53482146-5b76-4e5d-823c-35f3903cd0fd,about,Hotchkiss Brain Institute in the Medical Image Processing and Machine Learning Lab,
53482146-5b76-4e5d-823c-35f3903cd0fd,about,Citizen and Canadian Permanent Resident,
53482146-5b76-4e5d-823c-35f3903cd0fd,about,Top skills Applied Mathematics • Deep Learning • Medical AI,
53482146-5b76-4e5d-823c-35f3903cd0fd,experience,"Calgary, Alberta, Canada",Co-Founder
53482146-5b76-4e5d-823c-35f3903cd0fd,experience,"Developing NeuroAI-inspired deep learning architectures for decoding functional MRI signals and interpreting neural activities with associative memory: deep convolutional neural networks equipped with modern Hopfield network. • Developing applications of Hopfield networks for image generation from associative memories. • Leading research on machine learning approaches for neuroimaging biomarker discovery and automated segmentation of multimodal data: 3D MRI image scans, CTA-derived plaques, breast mammography, and radiology reports. • Co-authored multiple peer-reviewed publications on in silico modeling of “brain-like” neural networks",Postdoctoral Fellow
53482146-5b76-4e5d-823c-35f3903cd0fd,experience,emergent structural properties in lottery-ticket neural networks,Course Instructor
53482146-5b76-4e5d-823c-35f3903cd0fd,experience,Basic Mathematics (MATH 100) • Mathematical Computing (MATH 300) • Differential Equations (MATH 314) • Mathematics for Business and Economics (MATH 201),Intern
53482146-5b76-4e5d-823c-35f3903cd0fd,experience,"Conducted research on uncertainty quantification using Bayesian inference and Hamiltonian Monte Carlo (HMC). • Applied adjoint sensitivity analysis to improve gradient estimation for MCMC methods, with a focus on a synthetic SIR epidemiological model. • Explored methods for enhancing computational efficiency and accuracy in probabilistic inference workflows",Research Scientist
53482146-5b76-4e5d-823c-35f3903cd0fd,experience,"Developed Biocellion models for multiscale, agent-based modeling project of multiple myeloma in the bone marrow microenvironment, funded by Celgene Corp. • Integrated ODEs, PDEs, and Boolean networks in cell dynamics for high-performance simulations with the Biocellion framework. • Developed Biocellion tutorial models and executables, facilitating deployment on Google Cloud with Institute for Systems Biology collaborators",Donor Services Analyst
53482146-5b76-4e5d-823c-35f3903cd0fd,experience,"Database Administrator (DBA) for the Seattle Humane Society’s CRM, Raiser’s Edge. Performed statistical analyses and queries for strategic fundraising for direct mail campaigns. • Applied machine learning for the capital campaign and marketing events to increase constituent engagement. • Created MSSQL-supported automated Excel reports in VBA and developed R-Shiny applications for reporting Raiser’s Edge donor data",
1b491565-a021-477c-9595-d1043ef5a2a3,publications,On the Role of Epigenetic Modifications of HPA Axis in Post Traumatic Stress Disorder (PTSD) and Resilience,On the Role of Epigenetic Modifications of HPA Axis in Post Traumatic Stress Disorder (PTSD) and Resilience
1b491565-a021-477c-9595-d1043ef5a2a3,publications,267. Clinical and Functional Efficacy of Long-Term Subcallosal Cingulate Deep Brain Stimulation for Treatment-Resistant Depression,267. Clinical and Functional Efficacy of Long-Term Subcallosal Cingulate Deep Brain Stimulation for Treatment-Resistant Depression
1b491565-a021-477c-9595-d1043ef5a2a3,publications,Accelerated sequential bilateral theta-burst stimulation in major depression: an open trial,Accelerated sequential bilateral theta-burst stimulation in major depression: an open trial
1b491565-a021-477c-9595-d1043ef5a2a3,publications,Scoping review: barriers to primary care access experienced by immigrants and refugees in English-speaking countries,Scoping review: barriers to primary care access experienced by immigrants and refugees in English-speaking countries
1b491565-a021-477c-9595-d1043ef5a2a3,experience,"Calgary, Alberta, Canada",Undergraduate Student Researcher
1b491565-a021-477c-9595-d1043ef5a2a3,experience,"Calgary, Alberta, Canada",Advisor
71042bfc-1644-4fbe-9794-77144ab6423e,experience,"Calgary, Alberta, Canada",Ambassador
71042bfc-1644-4fbe-9794-77144ab6423e,experience,"Calgary, Alberta, Canada",Undergraduate Student Researcher
fb12dac6-f094-4555-a930-e99f428db3b3,experience,Greater Calgary Metropolitan Area,Student Researcher
fb12dac6-f094-4555-a930-e99f428db3b3,experience,Greater Ottawa Metropolitan Area,Piano Instructor
fb12dac6-f094-4555-a930-e99f428db3b3,experience,Greater Ottawa Metropolitan Area,Summer Intern
9285644a-db7a-4a16-8477-7b9e595e3894,experience,Supported by the NSERC Undergraduate Student Research Award,Undergraduate Summer Research and Honours Thesis Student
9285644a-db7a-4a16-8477-7b9e595e3894,experience,Supported by the Program for Undergraduate Research Experience (PURE) Award,Dance Educator and Choreographer
9285644a-db7a-4a16-8477-7b9e595e3894,experience,Venue Services Attendant,Undergraduate Research Student
3e4c18fc-b7cb-486a-9d04-6a469268083e,experience,Why am I seeing this ad?,Student Researcher at the Syed Laboratory
