exp_id,profile_id,title,company,employment_type,location,start_date,end_date,duration,description,raw_text,sort_order
08fb7025-7c6a-4938-9b0c-f657028628db,639a2e46-1f1b-4d39-bf3e-786c15609979,Doctoral Researcher,University of Calgary,Permanent Full-time,,Feb 2022,Present,4 yrs 4 mos,"The focus of my thesis work is to better understand and treat cardiovascular dysfunction following spinal cord injury through the use of epidural spinal stimulation. Individuals living with spinal cord injury are at a four-fold greater risk of developing cardiovascular disease than uninjured individuals, so developing and testing a therapeutic for this condition is of the utmost importance to improve health outcomes in this population.","Doctoral Researcher Permanent Full-time Feb 2022 - Present · 4 yrs 4 mos The focus of my thesis work is to better understand and treat cardiovascular dysfunction following spinal cord injury through the use of epidural spinal stimulation. Individuals living with spinal cord injury are at a four-fold greater risk of developing cardiovascular disease than uninjured individuals, so developing and testing a therapeutic for this condition is of the utmost importance to improve health outcomes in this",0
dfbab6e4-ebc8-4543-b3bc-28848b589f9a,639a2e46-1f1b-4d39-bf3e-786c15609979,MSc Student - Clinical Neruosciences,University of Calgary,Contract Full-time,,Jan 2020,Jan 2022,2 yrs 1 mo,"The focus of my thesis was the use of robotics to better understand and rehabilitate arm function in stroke survivors. Specifically, I looked at the ipsilesional arm in stroke survivors (often referred to as the ""less-affected"" arm), and how movement deficits in this arm presented and changed in the first 6-months following stroke. Ipsilesional deficits were previously overlooked in stroke rehabilitation, often being cited as ""insignificantly contributing"" to overall motor impairment following stroke. As a result, my work presented an exciting opportunity to provide clinicians with much needed knowledge about these deficits, and how they can be better targeted in the clinic.","MSc Student - Clinical Neruosciences Contract Full-time Jan 2020 - Jan 2022 · 2 yrs 1 mo The focus of my thesis was the use of robotics to better understand and rehabilitate arm function in stroke survivors. Specifically, I looked at the ipsilesional arm in stroke survivors (often referred to as the ""less-affected"" arm), and how movement deficits in this arm presented and changed in the first 6-months following stroke. Ipsilesional deficits were previously overlooked in stroke rehabilitation, of",1
201cf142-8b06-4ce4-b111-4d18b2f7ed27,639a2e46-1f1b-4d39-bf3e-786c15609979,Young Leader - Calgary Affiliate Management Committee,Special Olympics Alberta,Contract Part-time,"Calgary, Alberta, Canada",Jun 2022,Present,4 yrs,"As a member of the Affiliate Management Committee, I am responsible for ensuring that there is a clear vision for Special Olympics Calgary that is founded in championing the health and social benefits afforded to Calgarians with an intellectual disability through the Special Olympics programs offered.","Young Leader - Calgary Affiliate Management Committee Special Olympics Alberta · Contract Part-time Jun 2022 - Present · 4 yrs Calgary, Alberta, Canada As a member of the Affiliate Management Committee, I am responsible for ensuring that there is a clear vision for Special Olympics Calgary that is founded in championing the health and social benefits afforded to Calgarians with an intellectual disability through the Special Olympics programs offered.",2
25d66c06-c2f4-4dcb-8e29-e6a89fe213ca,639a2e46-1f1b-4d39-bf3e-786c15609979,Social Director - Hotchkiss Brain Institute Trainee Organization,Hotchkiss Brain Institute,Contract Full-time,"Calgary, Alberta, Canada",May 2022,Present,4 yrs 1 mo,"As Social Director for the HBITO, I was responsible for organizing and running the social events of the HBITO. The aim of these events was to bring together trainees from the HBI of all all levels (MSc, PhD, and Post-Doctoral Fellows) in an informal setting to get to know one another and foster a better sense of community.","Social Director - Hotchkiss Brain Institute Trainee Organization Hotchkiss Brain Institute · Contract Full-time May 2022 - Present · 4 yrs 1 mo Calgary, Alberta, Canada As Social Director for the HBITO, I was responsible for organizing and running the social events of the HBITO. The aim of these events was to bring together trainees from the HBI of all all levels (MSc, PhD, and Post-Doctoral Fellows) in an informal setting to get to know one another and foster a better sense of community.",3
1a08351e-9a6b-40b6-8a5d-e23b560656a3,639a2e46-1f1b-4d39-bf3e-786c15609979,"Entremétier & Garde Manger Chef, Kitchen Expo",Sky 360,Permanent Part-time,"Calgary, Alberta, Canada",Sep 2021,Feb 2022,6 mos,,"Entremétier & Garde Manger Chef, Kitchen Expo Sky 360 · Permanent Part-time Sep 2021 - Feb 2022 · 6 mos Calgary, Alberta, Canada",4
30d82f37-4e17-44eb-8e27-3b5eb50faedf,639a2e46-1f1b-4d39-bf3e-786c15609979,Pro Shop Representative,Aforza,Permanent Part-time,"Calgary, Alberta, Canada",Aug 2015,Jan 2020,4 yrs 6 mos,"As a pro shop representative, I was responsible for selling and advertising merchandise to customers, organizing and booking tennis courts for coaches and members of the club, and maintaining general cleanliness of the club. After a year on the job, I was put in charge of training all new pro shop employees as I was the most senior pro shop representative at The Tennis Academy.","Pro Shop Representative Aforza · Permanent Part-time Aug 2015 - Jan 2020 · 4 yrs 6 mos Calgary, Alberta, Canada As a pro shop representative, I was responsible for selling and advertising merchandise to customers, organizing and booking tennis courts for coaches and members of the club, and maintaining general cleanliness of the club. After a year on the job, I was put in charge of training all new pro shop employees as I was the most senior pro shop representative at The Tennis Academy.",5
cd461c2c-1851-4545-9ab9-baf7daa307a5,639a2e46-1f1b-4d39-bf3e-786c15609979,Summer Research Student,Calgary Retina Consultants,Seasonal,"Calgary, Alberta, Canada",Jun 2017,Aug 2019,2 yrs 3 mos,"Over the summers of 2017, 2018, and 2019, I was a summer research student for the Calgary Retina Consultants. For my project, I completed a retrospective chart review of patients who had received surgical treatment for bilateral rhegmatogenous retinal detachments (RRD). The purpose of this work was to better understand how bilateral RRD presented in the clinic, as it is an extremely rare condition. Additionally, my project sought to determine which surgical repair methods provided the best visual outcomes at one-year post-operation.","Summer Research Student Calgary Retina Consultants · Seasonal Jun 2017 - Aug 2019 · 2 yrs 3 mos Calgary, Alberta, Canada Over the summers of 2017, 2018, and 2019, I was a summer research student for the Calgary Retina Consultants. For my project, I completed a retrospective chart review of patients who had received surgical treatment for bilateral rhegmatogenous retinal detachments (RRD). The purpose of this work was to better understand how bilateral RRD presented in the clinic, as it is an ext",6
e09a13ac-64b0-47f7-a644-79c2bc4a7c64,639a2e46-1f1b-4d39-bf3e-786c15609979,Line Cook,JOEY Restaurant Group,Permanent Part-time,"Calgary, Alberta, Canada",Jun 2014,Apr 2015,11 mos,"Line cook for JOEY Crowfoot. Responsibilities included preparing and cooking meals for customers, maintaining kitchen cleanliness, and training new cooks to the kitchen. After starting out as an appetizers cook, I was promoted to an entrée cook after only 4 shifts on the job.","Line Cook JOEY Restaurant Group · Permanent Part-time Jun 2014 - Apr 2015 · 11 mos Calgary, Alberta, Canada Line cook for JOEY Crowfoot. Responsibilities included preparing and cooking meals for customers, maintaining kitchen cleanliness, and training new cooks to the kitchen. After starting out as an appetizers cook, I was promoted to an entrée cook after only 4 shifts on the job.",7
04156669-deb5-4752-af2a-35f9c18ab2de,b033cf86-58d8-4d70-b0e1-26881c3adb66,Postdoctoral Researcher,Hotchkiss Brain Institute,Full-time,"Calgary, Alberta, Canada",Jan 2020,Present,6 yrs 5 mos,,"Postdoctoral Researcher Hotchkiss Brain Institute · Full-time Jan 2020 - Present · 6 yrs 5 mos Calgary, Alberta, Canada",0
8c1cafa4-a036-48d8-b154-6153306797f5,b033cf86-58d8-4d70-b0e1-26881c3adb66,Sessional Instructor,University of Calgary,Contract Part-time,"Calgary, Alberta, Canada",Oct 2021,Mar 2023,1 yr 6 mos,,"Sessional Instructor University of Calgary · Contract Part-time Oct 2021 - Mar 2023 · 1 yr 6 mos Calgary, Alberta, Canada",1
8804a14e-265b-4003-89c7-36ca79d14225,b033cf86-58d8-4d70-b0e1-26881c3adb66,Postdoctoral Research Fellow,University of Toronto,,"Greater Toronto Area, Canada",Jan 2019,Jan 2020,1 yr 1 mo,,"Postdoctoral Research Fellow University of Toronto Jan 2019 - Jan 2020 · 1 yr 1 mo Greater Toronto Area, Canada",2
cfe1d153-ba67-40c2-9c14-93b94a636f61,b033cf86-58d8-4d70-b0e1-26881c3adb66,Postdoctoral Research Fellow,The Hospital for Sick Children,Sep 2018 - Dec 2018 · 4 mos,,,,,,"Postdoctoral Research Fellow Sep 2018 - Dec 2018 · 4 mos Toronto, Canada Area",3
629c9f7f-18ff-4742-9fe5-ef2f6da9ea38,b033cf86-58d8-4d70-b0e1-26881c3adb66,Graduate Student,The Hospital for Sick Children,Sep 2012 - Aug 2018 · 6 yrs,,,,,,Graduate Student Sep 2012 - Aug 2018 · 6 yrs,4
8dfc7e21-0f6e-4371-a3dd-0cd2b130cb75,efdbc8f3-283f-4d55-8d4a-cf4403e08152,HBITO Executive Committee,Hotchkiss Brain Institute,,"Administration, Communication and +5 skills",Aug 2025,Present,10 mos,,"HBITO Executive Committee Hotchkiss Brain Institute Aug 2025 - Present · 10 mos Administration, Communication and +5 skills",0
1c4835e2-075c-4a26-8dd4-8db873f46685,efdbc8f3-283f-4d55-8d4a-cf4403e08152,Teaching Assistant,University of Calgary,Contract Part-time,,Sep 2024,Present,1 yr 9 mos,,Teaching Assistant Contract Part-time Sep 2024 - Present · 1 yr 9 mos Skills: Mentoring,1
476e8575-49ba-4bd2-89c6-90d7f5141c45,efdbc8f3-283f-4d55-8d4a-cf4403e08152,Student Trainee,University of Calgary,Aug 2022 - Aug 2024 · 2 yrs 1 mo,,,,,,"Student Trainee Aug 2022 - Aug 2024 · 2 yrs 1 mo Skills: Stereotaxic Surgery, Animal Husbandry, +5 skills",2
829cb170-7bdc-4d61-ae0e-1a68a4273130,9790dd4e-368b-491d-a1af-4e756a236d6c,Director,Alberta Snowboarding Association,,,Oct 2025,Present,8 mos,,Director Alberta Snowboarding Association Oct 2025 - Present · 8 mos,0
d86a4ca8-b348-4ad2-bb0e-f639135b9f56,9790dd4e-368b-491d-a1af-4e756a236d6c,Director,Hotchkiss Brain Institute,Permanent Part-time,"Calgary, Alberta, Canada",Aug 2018,Present,7 yrs 10 mos,,"Director Hotchkiss Brain Institute · Permanent Part-time Aug 2018 - Present · 7 yrs 10 mos Calgary, Alberta, Canada",1
53f06452-6540-4b2a-9662-cfdad7291bf0,9790dd4e-368b-491d-a1af-4e756a236d6c,Neuroscientist,University of Calgary,Permanent Full-time,"Calgary, Alberta, Canada · On-site",Aug 2018,Present,7 yrs 10 mos,,"Neuroscientist University of Calgary · Permanent Full-time Aug 2018 - Present · 7 yrs 10 mos Calgary, Alberta, Canada · On-site",2
cc8f882d-cb9b-49ad-bd0d-270a0e4a246c,9790dd4e-368b-491d-a1af-4e756a236d6c,Director Brain and Mind Research Institute,University of Ottawa,Sep 2014 - Aug 2018 · 4 yrs,,,,,,Director Brain and Mind Research Institute Sep 2014 - Aug 2018 · 4 yrs,3
fb4669ee-4a50-49bc-a6a8-b89584ccff11,9790dd4e-368b-491d-a1af-4e756a236d6c,Neuroscientist,University of Ottawa,Sep 1998 - Aug 2018 · 20 yrs,,,,,,Neuroscientist Sep 1998 - Aug 2018 · 20 yrs,4
63937b10-28cd-4ebf-bf8b-dc929cc28f93,9790dd4e-368b-491d-a1af-4e756a236d6c,Assistant Dean of Research,University of Ottawa,Sep 2009 - Sep 2014 · 5 yrs 1 mo,,,,,,Assistant Dean of Research Sep 2009 - Sep 2014 · 5 yrs 1 mo,5
760b8ca5-b381-41e7-ac7b-c78ca7e2a7c7,ffc02b17-87bd-41f4-ab71-db6024e7dc40,Deputy Director,Hotchkiss Brain Institute,,University of Calgary,Jul 2017,Present,8 yrs 11 mos,,Deputy Director Hotchkiss Brain Institute Jul 2017 - Present · 8 yrs 11 mos University of Calgary,0
4275c429-d173-454a-8321-665b1cc075e9,ffc02b17-87bd-41f4-ab71-db6024e7dc40,Professor of Radiology and Clinical Neuroscience,University of Calgary,Permanent Full-time,,Sep 1999,Present,26 yrs 9 mos,,"Professor of Radiology and Clinical Neuroscience Permanent Full-time Sep 1999 - Present · 26 yrs 9 mos Calgary, Alberta, Canada",1
a8d3a10d-580c-4122-9a0e-7ff6d1b49f98,ffc02b17-87bd-41f4-ab71-db6024e7dc40,Hopewell Professor of Brain Imaging,University of Calgary,Jan 2010 - Mar 2024 · 14 yrs 3 mos,,,,,,"Hopewell Professor of Brain Imaging Jan 2010 - Mar 2024 · 14 yrs 3 mos Seaman Family MR Research Centre, Foothills Medical Centre",2
93df264a-501d-4e34-b932-db59f9ee8eac,ffc02b17-87bd-41f4-ab71-db6024e7dc40,Scientific Director,Seaman Family MR Research Centre,,"Foothills Medical Centre, Alberta Health Services",Jan 2010,Jun 2017,7 yrs 6 mos,,"Scientific Director Seaman Family MR Research Centre Jan 2010 - Jun 2017 · 7 yrs 6 mos Foothills Medical Centre, Alberta Health Services",3
697bf84c-a6d7-4fd0-86a7-fcac48ab6b72,0c2aa172-9ee3-4815-a8e8-940f4c2e9e09,Co Lead and Executive Director,Brain Climate Equity Collaborative (Brain-CE Collab),Permanent Full-time,Hybrid,2025,Present,1 yr 5 mos,"Co-founded and lead Canada's first national organization at the intersection of brain health, climate justice, and health equity. Built from the ground up while completing a graduate degree in neuroscience, Brain-CE Collab now operates a 40+ fellow network, a 10-person expert board, and 15+ active research and advocacy projects spanning local, national, and international partnerships in 45 countries. Responsible for organizational strategy, fundraising, research leadership, partnership development, fellow recruitment and mentorship, and public communications. Our founding article was republished in 17+ outlets. We've secured multiple competitive grants, hosted nationally streamed events, and are conducting research.","Co Lead and Executive Director Brain Climate Equity Collaborative (Brain-CE Collab) · Permanent Full-time 2025 - Present · 1 yr 5 mos Hybrid Co-founded and lead Canada's first national organization at the intersection of brain health, climate justice, and health equity. Built from the ground up while completing a graduate degree in neuroscience, Brain-CE Collab now operates a 40+ fellow network, a 10-person expert board, and 15+ active research and advocacy projects spanning local, national, and",0
d4b491a3-509a-48e1-ab66-ded3fa5a2c38,0c2aa172-9ee3-4815-a8e8-940f4c2e9e09,Department of Clinical Neuroscience EDIA Committee Member,University of Calgary,,"Calgary, Alberta, Canada · Hybrid",Dec 2024,Present,1 yr 6 mos,"• Served as a member of the Equity, Diversity, Inclusion & Accessibility (EDI&A) Committee at the University of Calgary. • Advised on developing guidance for opportunities, enhancing transparency for candidates. • Collaborated to define core EDIA principles, fostering a respectful culture in clinical neuroscience. • Supported the creation of a centralized resource hub for integrating EDIA principles into research practices.","Department of Clinical Neuroscience EDIA Committee Member University of Calgary Dec 2024 - Present · 1 yr 6 mos Calgary, Alberta, Canada · Hybrid • Served as a member of the Equity, Diversity, Inclusion & Accessibility (EDI&A) Committee at the University of Calgary. • Advised on developing guidance for opportunities, enhancing transparency for candidates. • Collaborated to define core EDIA principles, fostering a respectful culture in clinical neuroscience. • Supported the creation of a centrali",1
4f6972b9-1ed6-4c8e-8c8b-5015999d72ab,0c2aa172-9ee3-4815-a8e8-940f4c2e9e09,EDIA Committee Faculty Representative,Hotchkiss Brain Institute,Dec 2024 - Present · 1 yr 6 mos,,,,,"• Acted as an advocate for HBI faculty, aligning their interests with inclusive departmental strategies. • Collaborated with leadership to integrate EDIA best practices across the institute. • Provided expertise to ensure strategic alignment with broader institutional goals, fostering a culture of inclusivity.","EDIA Committee Faculty Representative Dec 2024 - Present · 1 yr 6 mos Hybrid • Acted as an advocate for HBI faculty, aligning their interests with inclusive departmental strategies. • Collaborated with leadership to integrate EDIA best practices across the institute. • Provided expertise to ensure strategic alignment with broader institutional goals, fostering a culture of inclusivity. Skills: Advocacy, Leadership, +2 skills",2
2ef6516a-dd3b-4493-aff1-2d59649b2a4f,0c2aa172-9ee3-4815-a8e8-940f4c2e9e09,Graduate Researcher,Hotchkiss Brain Institute,Permanent Full-time,,2023,Present,3 yrs 5 mos,• Managed and contributed to multidisciplinary research projects utilizing cutting-edge neurotechnology. • Ensured timely and high-quality project deliverables through rigorous planning and execution. • Collaborated with diverse teams to integrate innovative solutions in neuroscience research.,"Graduate Researcher Permanent Full-time 2023 - Present · 3 yrs 5 mos Calgary, Alberta, Canada • Managed and contributed to multidisciplinary research projects utilizing cutting-edge neurotechnology. • Ensured timely and high-quality project deliverables through rigorous planning and execution. • Collaborated with diverse teams to integrate innovative solutions in neuroscience research. Skills: Project Management, Research",3
7216b3c6-66eb-4631-bfe8-7a47fa789700,0c2aa172-9ee3-4815-a8e8-940f4c2e9e09,EDI Subcommittee Member,Hotchkiss Brain Institute,Sep 2023 - Present · 2 yrs 9 mos,,,,Hybrid,"• Coordinated inclusive events such as mentorship programs, Tea Talks, and Journal Club for diverse trainee groups. • Promoted multicultural and neurodivergent support initiatives to foster a respectful and inclusive community. • Collaborated with fellow subcommittee members to enhance engagement and participation in diversity initiatives at Hotchkiss Brain Institute.","EDI Subcommittee Member Sep 2023 - Present · 2 yrs 9 mos Calgary, Alberta, Canada · Hybrid • Coordinated inclusive events such as mentorship programs, Tea Talks, and Journal Club for diverse trainee groups. • Promoted multicultural and neurodivergent support initiatives to foster a respectful and inclusive community. • Collaborated with fellow subcommittee members to enhance engagement and participation in diversity initiatives at Hotchkiss Brain Institute. Skills: Diversity & Inclusion, Event P",4
f0f92100-b9a0-4657-9dad-677f9fac4106,0c2aa172-9ee3-4815-a8e8-940f4c2e9e09,Undergraduate Researcher & Project Manager,Hotchkiss Brain Institute,Permanent Part-time,,2022,Aug 2023,1 yr 8 mos,"• Assisted in advanced research projects, focusing on experiment execution and data analysis. • Presented findings that informed lab decisions and encouraged collaborative problem-solving among team members. • Developed critical skills in research methodologies and data interpretation while contributing to a leading neuroscience institute.","Undergraduate Researcher & Project Manager Permanent Part-time 2022 - Aug 2023 · 1 yr 8 mos Calgary, Alberta, Canada • Assisted in advanced research projects, focusing on experiment execution and data analysis. • Presented findings that informed lab decisions and encouraged collaborative problem-solving among team members. • Developed critical skills in research methodologies and data interpretation while contributing to a leading neuroscience institute. Skills: Research, MATLAB, +5 skills",5
97bfae1d-0079-4a98-b0f1-34c0d4b16283,0c2aa172-9ee3-4815-a8e8-940f4c2e9e09,Artist,Muse Theory,Freelance,"Calgary, Alberta, Canada",2016,Present,10 yrs 5 mos,"• Collaborated with a creative studio and art collective to merge visual storytelling with community advocacy. • Curated 10+ exhibitions showcasing over 50 original works, raising $10K+ for local nonprofits. • Engaged a diverse audience through narrative-driven art that challenges conventional perspectives. • Exhibited work at notable venues, including: Calgary Public Library — Women’s Health Symposium Glenbow Museum — Sacred Weft Showcase Foothills Medical Centre — Cycles of Renewal Okotoks Art Gallery — Cycles of Renewal","Artist Muse Theory · Freelance 2016 - Present · 10 yrs 5 mos Calgary, Alberta, Canada • Collaborated with a creative studio and art collective to merge visual storytelling with community advocacy. • Curated 10+ exhibitions showcasing over 50 original works, raising $10K+ for local nonprofits. • Engaged a diverse audience through narrative-driven art that challenges conventional perspectives. • Exhibited work at notable venues, including: Calgary Public Library — Women’s Health Symposium Glenbow ",6
73bcca9d-90cf-4cdf-ae49-d10ed0f35cee,0c2aa172-9ee3-4815-a8e8-940f4c2e9e09,Co-Founder,Whimsical Artisan,,,2024,Dec 2025,2 yrs,"Start-up Leadership, Start-up Ventures and +3 skills","Co-Founder Whimsical Artisan 2024 - Dec 2025 · 2 yrs • Co-founded Whimsical Artisan, a boutique floral venture focused on connecting people with nature through artful arrangements. • Spearheaded business strategy, overseeing product design and immersive sensory experiences. • Executed successful pop-up markets that enhanced brand visibility and customer engagement. • Achieved over 30% revenue growth by aligning brand storytelling with customer experiences. Start-up Leadership, Start-up Ventures ",7
ff2d8e90-bcef-4198-973b-d8901cdb20e3,0c2aa172-9ee3-4815-a8e8-940f4c2e9e09,Founder & Educational Director,Brainwave,,Hybrid,2023,Dec 2025,3 yrs,"• Founded and led an innovative educational platform, Brainwave, focusing on personalized learning through AI-driven tutoring. • Designed AI-integrated learning frameworks for over 10 students, achieving a 40% improvement in academic performance. • Developed and licensed customized curricula for educational institutions, scaling the platform's impact across diverse learning environments. • Successfully sold the company to a for-profit educational organization, expanding its reach across North America.","Founder & Educational Director Brainwave 2023 - Dec 2025 · 3 yrs Hybrid • Founded and led an innovative educational platform, Brainwave, focusing on personalized learning through AI-driven tutoring. • Designed AI-integrated learning frameworks for over 10 students, achieving a 40% improvement in academic performance. • Developed and licensed customized curricula for educational institutions, scaling the platform's impact across diverse learning environments. • Successfully sold the company to a ",8
0dd5254e-3385-4096-9ddb-a2e72056d931,0c2aa172-9ee3-4815-a8e8-940f4c2e9e09,Curriculum Developer,Stardale Women's Group,Contract Part-time,,2025,2025,Less than a year,"Curriculum Development, Indigenous Education and +7 skills",Curriculum Developer Stardale Women's Group · Contract Part-time 2025 - 2025 · Less than a year • Co-led the transformation of Indigenous youth mental health programs into a culturally-grounded digital curriculum. • Reviewed over a decade of program content to identify core themes for digital adaptation. • Collaborated with Indigenous youth and community leaders to ensure cultural accuracy and relevance. • Designed four foundational curriculum units rooted in trauma-informed and holistic Indigen,9
00f0436e-0e5f-4134-8c16-6ef7c198d9e9,0c2aa172-9ee3-4815-a8e8-940f4c2e9e09,Marathon Team Leader & Fundraiser,City of Calgary,,Greater Calgary Metropolitan Area · On-site,May 2024,Jun 2024,2 mos,"• Co-led a marathon team in Canada’s longest-running event, successfully raising over $1.5K for a youth advocacy centre. • Organized logistics and fundraising initiatives to enhance community awareness and support for youth advocacy. • Collaborated with local stakeholders to foster engagement and participation in the event.","Marathon Team Leader & Fundraiser City of Calgary May 2024 - Jun 2024 · 2 mos Greater Calgary Metropolitan Area · On-site • Co-led a marathon team in Canada’s longest-running event, successfully raising over $1.5K for a youth advocacy centre. • Organized logistics and fundraising initiatives to enhance community awareness and support for youth advocacy. • Collaborated with local stakeholders to foster engagement and participation in the event. Fundraising, Team Leadership and +3 skills",10
8b18ca22-de24-45ab-91d7-a60a81137bac,0c2aa172-9ee3-4815-a8e8-940f4c2e9e09,Freelance Artist,Society for Autism Support and Services,Freelance,,Dec 2022,Feb 2023,3 mos,"• Developed original artwork that captured the essence of the Society for Autism Support and Services' mission. • Delivered high-quality pieces within tight deadlines, ensuring stakeholder satisfaction. • Collaborated closely with team members to align artistic vision with organizational values.","Freelance Artist Freelance Dec 2022 - Feb 2023 · 3 mos Greater Calgary Metropolitan Area • Developed original artwork that captured the essence of the Society for Autism Support and Services' mission. • Delivered high-quality pieces within tight deadlines, ensuring stakeholder satisfaction. • Collaborated closely with team members to align artistic vision with organizational values. Skills: Artistic Expression, Creative Concept Design, +2 skills",11
91c70390-a4ce-4c9e-bd96-fea3c344c86a,0c2aa172-9ee3-4815-a8e8-940f4c2e9e09,Early Intervention Therapist,Society for Autism Support and Services,Permanent Part-time,,2022,2023,1 yr,"• Delivered direct therapy to preschool-aged children in various settings, including homes and schools. • Conducted multidisciplinary assessments to tailor interventions for each child's unique needs. • Coordinated family-centered interventions to foster development and support families.","Early Intervention Therapist Permanent Part-time 2022 - 2023 · 1 yr Calgary, Alberta, Canada • Delivered direct therapy to preschool-aged children in various settings, including homes and schools. • Conducted multidisciplinary assessments to tailor interventions for each child's unique needs. • Coordinated family-centered interventions to foster development and support families. Skills: Psychological Assessment, Documentation, +5 skills",12
8b4bc120-c69d-4943-8ba1-6f0080f1d303,0c2aa172-9ee3-4815-a8e8-940f4c2e9e09,Floor Team Lead,Lush Fresh Handmade Cosmetics North America,2023 - 2023 · Less than a year,,,,,"• Led floor operations at Lush Fresh Handmade Cosmetics, enhancing customer engagement through innovative scent experiences. • Spearheaded events that attracted over 100 customers, generating an average profit of $68 per customer. • Served as the store’s Equity, Diversity & Inclusion (EDI) Representative, promoting a culture of inclusivity.","Floor Team Lead 2023 - 2023 · Less than a year On-site • Led floor operations at Lush Fresh Handmade Cosmetics, enhancing customer engagement through innovative scent experiences. • Spearheaded events that attracted over 100 customers, generating an average profit of $68 per customer. • Served as the store’s Equity, Diversity & Inclusion (EDI) Representative, promoting a culture of inclusivity. Skills: Team Leadership, Event Planning, +1 skill",13
eb4197e1-9cdb-469c-91f1-6237e912ac5a,0c2aa172-9ee3-4815-a8e8-940f4c2e9e09,Brand Ambassador,Lush Fresh Handmade Cosmetics North America,Seasonal,,2021,2023,2 yrs,"• Developed and executed engaging initiatives and in-store rituals to enhance customer experiences at LUSH. • Elevated brand visibility through creative storytelling and personal connections, driving customer engagement. • Fostered a welcoming atmosphere that encouraged customers to explore the unique offerings of LUSH Fresh Handmade Cosmetics.","Brand Ambassador Seasonal 2021 - 2023 · 2 yrs • Developed and executed engaging initiatives and in-store rituals to enhance customer experiences at LUSH. • Elevated brand visibility through creative storytelling and personal connections, driving customer engagement. • Fostered a welcoming atmosphere that encouraged customers to explore the unique offerings of LUSH Fresh Handmade Cosmetics. Skills: Branded Content, Event Planning, +5 skills",14
32616d24-a5b3-4bb9-98fd-37be9d29edec,f67d4ef6-7478-48a3-b662-e95c80bb7185,Program Manager,Hotchkiss Brain Institute,Permanent Full-time,"Calgary, Alberta, Canada",Jan 2025,Present,1 yr 5 mos,,"Program Manager Hotchkiss Brain Institute · Permanent Full-time Jan 2025 - Present · 1 yr 5 mos Calgary, Alberta, Canada",0
6f9f3465-89a7-4b06-9477-d84bc609b532,f67d4ef6-7478-48a3-b662-e95c80bb7185,National Program Manager,Canadian Neuromuscular Disease Registry,Nov 2022 - Jan 2025 · 2 yrs 3 mos,,,,,"· Overseeing coordination of work across multiple, complex programs, in alignment with strategic goals across all programs; monitoring project progress and risks. · Team management: directing day-to-day work, leading meetings, interviewing, hiring, and evaluating performance. · Financial management, including developing project budgets, approving expenses, financial oversight and monitoring. · Liaising with stakeholders and funders to build and maintain positive relations and facilitate alignment on project plans and funding agreements. · Developing and implementing processes and metrics to improve operational effectiveness and knowledge management.","National Program Manager Nov 2022 - Jan 2025 · 2 yrs 3 mos Hybrid · Overseeing coordination of work across multiple, complex programs, in alignment with strategic goals across all programs; monitoring project progress and risks. · Team management: directing day-to-day work, leading meetings, interviewing, hiring, and evaluating performance. · Financial management, including developing project budgets, approving expenses, financial oversight and monitoring. · Liaising with stakeholders and funder",1
d5854729-5a12-4248-a09d-ff5f2850b200,f67d4ef6-7478-48a3-b662-e95c80bb7185,Project Coordinator,Canadian Neuromuscular Disease Registry,Apr 2021 - Oct 2022 · 1 yr 7 mos,,,,,,"Project Coordinator Apr 2021 - Oct 2022 · 1 yr 7 mos • Planning & execution of multiple research projects • Day-to-day operational tasks, including: Managing research ethics applications, Creating proposals and reports, Creating & updating databases, Communicating with sponsors and legal representatives, and Tracking and submitting financial requisitions. Skills: Leadership, Atlassian Suite, +1 skill",2
071c573c-997d-4b43-acfb-d5e897bed0bc,f67d4ef6-7478-48a3-b662-e95c80bb7185,Group Fitness Instructor,Motivate Fitness Consulting,Contract Part-time,"Calgary, Alberta, Canada",Sep 2013,Jun 2021,7 yrs 10 mos,• Designed and delivered fun and engaging Boot Camp and weights classes in-person and virtually • Provided individualized modifications and exercise correction for adults of all fitness levels,"Group Fitness Instructor Motivate Fitness Consulting · Contract Part-time Sep 2013 - Jun 2021 · 7 yrs 10 mos Calgary, Alberta, Canada • Designed and delivered fun and engaging Boot Camp and weights classes in-person and virtually • Provided individualized modifications and exercise correction for adults of all fitness levels",3
68d7d1b7-2542-45f4-b8c4-6890d170a56e,f67d4ef6-7478-48a3-b662-e95c80bb7185,Research Study Coordinator,University of Calgary,Permanent Full-time,,Dec 2018,Apr 2021,2 yrs 5 mos,"Brain in Motion (BIM) II Study, Laboratory of Human Cerebrovascular Physiology • Coordinated study team and day-to-day research operations • Managed regular communication with study participants • Organized a multi-site exercise intervention and trained and supervised exercise trainers • Assisted with ethics amendments, meetings, and stakeholder communications","Research Study Coordinator Permanent Full-time Dec 2018 - Apr 2021 · 2 yrs 5 mos Brain in Motion (BIM) II Study, Laboratory of Human Cerebrovascular Physiology • Coordinated study team and day-to-day research operations • Managed regular communication with study participants • Organized a multi-site exercise intervention and trained and supervised exercise trainers • Assisted with ethics amendments, meetings, and stakeholder communications Skills: Leadership, Microsoft Office, +2 skills",4
4aba3856-6a25-4aa5-89ba-c35a7a495406,f67d4ef6-7478-48a3-b662-e95c80bb7185,Lead Exercise Trainer,University of Calgary,Permanent Part-time,,May 2018,Dec 2018,8 mos,"Brain in Motion (BIM) II Study, Laboratory of Human Cerebrovascular Physiology • Coached older adults on safe exercise participation • Organized and maintained exercise program protocols and equipment • Collected and entered study data","Lead Exercise Trainer Permanent Part-time May 2018 - Dec 2018 · 8 mos Brain in Motion (BIM) II Study, Laboratory of Human Cerebrovascular Physiology • Coached older adults on safe exercise participation • Organized and maintained exercise program protocols and equipment • Collected and entered study data",5
23cca41a-655a-4251-b03a-a98f926adae6,f67d4ef6-7478-48a3-b662-e95c80bb7185,Teaching Assistant,University of Calgary,Jan 2017 - Dec 2017 · 1 yr,,,,,,Teaching Assistant Jan 2017 - Dec 2017 · 1 yr TA for KNES 373: Exercise Physiology,6
9dd600d1-c230-4424-b0fd-e7463f207017,f67d4ef6-7478-48a3-b662-e95c80bb7185,"Exercise Physiology Technician (Practicum), Clinical & Translational Exercise Physiology (CTEP) Lab",University of Calgary,Co-op,,May 2017,Aug 2017,4 mos,"Conducted exercise testing, researched and revised protocols for upcoming studies.","Exercise Physiology Technician (Practicum), Clinical & Translational Exercise Physiology (CTEP) Lab Co-op May 2017 - Aug 2017 · 4 mos Conducted exercise testing, researched and revised protocols for upcoming studies.",7
7a4e3508-db33-4171-a275-e66fad2a29f1,f67d4ef6-7478-48a3-b662-e95c80bb7185,Rehabilitation Specialist (Practicum),Spinal Cord Injury Alberta,Co-op,"Calgary, Alberta, Canada",May 2017,Aug 2017,4 mos,"One-on-one exercise instruction and Functional Electrical Stimulation (FES) set-ups for clients with spinal cord injuries, multiple sclerosis, and other neurological conditions.","Rehabilitation Specialist (Practicum) Spinal Cord Injury Alberta · Co-op May 2017 - Aug 2017 · 4 mos Calgary, Alberta, Canada One-on-one exercise instruction and Functional Electrical Stimulation (FES) set-ups for clients with spinal cord injuries, multiple sclerosis, and other neurological conditions. Interpersonal Skills",8
b83ca6ae-cb2a-4ffc-aade-80df0916bba8,f67d4ef6-7478-48a3-b662-e95c80bb7185,Certified Personal Trainer & Group Fitness Instructor,Only Women's Fitness,Contract Part-time,"Calgary, Alberta, Canada",May 2015,Aug 2016,1 yr 4 mos,Small-group and one-on-one exercise training for women of varying ages and abilities.,"Certified Personal Trainer & Group Fitness Instructor Only Women's Fitness · Contract Part-time May 2015 - Aug 2016 · 1 yr 4 mos Calgary, Alberta, Canada Small-group and one-on-one exercise training for women of varying ages and abilities.",9
206e4b59-95a4-4967-ac95-38fc246340a5,f67d4ef6-7478-48a3-b662-e95c80bb7185,"Aquatics Team Leader, Lifeguard & Swim Instructor",YMCA Calgary,Permanent Part-time,"Calgary, Alberta, Canada",Sep 2010,2014,3 yrs 5 mos,• Supervised and mentored instructors and new staff • Managed registration and provided customer service • Lifeguarding duties and swimming & lifesaving instruction,"Aquatics Team Leader, Lifeguard & Swim Instructor YMCA Calgary · Permanent Part-time Sep 2010 - 2014 · 3 yrs 5 mos Calgary, Alberta, Canada • Supervised and mentored instructors and new staff • Managed registration and provided customer service • Lifeguarding duties and swimming & lifesaving instruction Leadership and Interpersonal Skills",10
5bc19897-d3fc-4e25-b552-c41d32ac0342,7c4cf641-6ce3-4b95-aa70-6d33b00929db,Education Co-Director,Hotchkiss Brain Institute Trainee Organization,,,May 2025,Present,1 yr 1 mo,,Education Co-Director Hotchkiss Brain Institute Trainee Organization May 2025 - Present · 1 yr 1 mo,0
02284194-ca69-4d92-86d9-0bfc92a0d008,7c4cf641-6ce3-4b95-aa70-6d33b00929db,Research Assistant,University of Calgary,,,Sep 2024,Dec 2024,4 mos,,Research Assistant University of Calgary Sep 2024 - Dec 2024 · 4 mos,1
ec1b06e2-67ca-43bb-af75-7ccf79b7e944,7c4cf641-6ce3-4b95-aa70-6d33b00929db,Street Level Staff,The Mustard Seed,Sep 2023 - Sep 2024 · 1 yr 1 mo,,,,,,Street Level Staff Sep 2023 - Sep 2024 · 1 yr 1 mo,2
121058f6-50ff-4515-9bff-1c49fd7a41bd,7c4cf641-6ce3-4b95-aa70-6d33b00929db,Summer Intern,The Mustard Seed,Contract Full-time,,Jun 2023,Aug 2023,3 mos,,Summer Intern Contract Full-time Jun 2023 - Aug 2023 · 3 mos,3
da452d19-5209-46df-a3ee-ba10166bb093,7c4cf641-6ce3-4b95-aa70-6d33b00929db,Undergraduate Student Researcher,University of Calgary,,,Jun 2020,Aug 2023,3 yrs 3 mos,,Undergraduate Student Researcher University of Calgary Jun 2020 - Aug 2023 · 3 yrs 3 mos,4
d69e451b-5ad9-4918-a36a-87cd40ad0e62,7c4cf641-6ce3-4b95-aa70-6d33b00929db,Barista,The Alley Chinook,Permanent Part-time,,Mar 2022,Oct 2022,8 mos,,Barista The Alley Chinook · Permanent Part-time Mar 2022 - Oct 2022 · 8 mos,5
9f90e441-1dca-4ef7-897b-c90c642cada1,d2be4191-c62c-489d-9963-e8fdc0fb71bd,Research Student - Gordon Lab,Hotchkiss Brain Institute,May 2025 - Present · 1 yr 1 mo,,,,,,"Research Student - Gordon Lab May 2025 - Present · 1 yr 1 mo Research project under Dr Grant Gordon focusing on synaptic plasticity, astrocyte signalling, and neurovascular biology. Supported by funding from Alberta Innovates. Skills: Two-photon Microscopy, Brain Slice Electrophysiology, +1 skill",0
423d8edc-e2ab-4f8e-9d86-2d086e11400e,d2be4191-c62c-489d-9963-e8fdc0fb71bd,Research Student - Pfeffer Lab,Hotchkiss Brain Institute,May 2024 - Present · 2 yrs 1 mo,,,,,,"Research Student - Pfeffer Lab May 2024 - Present · 2 yrs 1 mo Co-supervised by Dr. Gerald Pfeffer and Dr. Minh Dang Nguyen to investigate transcriptomic signatures of the peripheral immune system in Amyotrophic Lateral Sclerosis. Funded by Mitacs Accelerate award in collaboration with Alberta ALS Research Network (AARN), as well as PURE award from UofC. Skills: RNAseq Analysis, Single-Cell Analysis, +2 skills",1
3dca0152-b70e-4182-8f64-375beffc39b8,d2be4191-c62c-489d-9963-e8fdc0fb71bd,High School Tutor,Ace It Tutoring Center,,"Calgary, Alberta, Canada · On-site",Mar 2023,Present,3 yrs 3 mos,,"High School Tutor Ace It Tutoring Center Mar 2023 - Present · 3 yrs 3 mos Calgary, Alberta, Canada · On-site I tutor high school Math, Chemistry and Biology",2
9b1b7198-fa28-43d5-a74b-060ece3bcc26,d2be4191-c62c-489d-9963-e8fdc0fb71bd,Summer Intern,Rehabilitation Robotics Laboratory,Internship,"Edmonton, Alberta, Canada · On-site",Jul 2023,Aug 2023,2 mos,Designed a pilot study with the aim of enhancing speech perception in telemedicine.,"Summer Intern Rehabilitation Robotics Laboratory · Internship Jul 2023 - Aug 2023 · 2 mos Edmonton, Alberta, Canada · On-site Designed a pilot study with the aim of enhancing speech perception in telemedicine.",3
17734d68-6557-4843-adc5-f302448808e8,d2be4191-c62c-489d-9963-e8fdc0fb71bd,Math Tutor,Drumheller Community Learning Society,,"Drumheller, Alberta, Canada",Sep 2022,Jan 2023,5 mos,,"Math Tutor Drumheller Community Learning Society Sep 2022 - Jan 2023 · 5 mos Drumheller, Alberta, Canada",4
e82e6cab-cd75-4901-a630-1e88122ac5e7,d2be4191-c62c-489d-9963-e8fdc0fb71bd,Crew Member,A&W Food Services of Canada Inc.,,"Drumheller, Alberta, Canada · On-site",May 2022,Jan 2023,9 mos,,"Crew Member A&W Food Services of Canada Inc. May 2022 - Jan 2023 · 9 mos Drumheller, Alberta, Canada · On-site",5
ff6237d2-0fac-4c08-a96c-dc5267fc0475,12c2a5ab-4efc-4485-8621-5a08e597a132,Open Science Coordinator,Hotchkiss Brain Institute,Contract Part-time,,Aug 2025,Present,10 mos,,Open Science Coordinator Hotchkiss Brain Institute · Contract Part-time Aug 2025 - Present · 10 mos,0
c7c57ee0-7212-466c-af9f-b2b3305f51f4,12c2a5ab-4efc-4485-8621-5a08e597a132,Research Coordinator,University of Calgary,,,Sep 2024,Present,1 yr 9 mos,,Research Coordinator University of Calgary Sep 2024 - Present · 1 yr 9 mos,1
884a092b-41bc-4891-bec8-e16dd998ce67,12c2a5ab-4efc-4485-8621-5a08e597a132,Research Assistant,University of Calgary,Contract Part-time,Calgary,Mar 2022,Aug 2022,6 mos,"Research Assistant- Department of Clinical Neuroscience, Cumming School of Medicine Better Mobility Lab - leading a team of undergraduate students, writing ethics and grant applications, conducting randomized clinical trial Pediatric Onset Neuromotor Impairment Lab - building an open science database, assisting in data collection and management, leading limits of stability outcome measures","Research Assistant University of Calgary · Contract Part-time Mar 2022 - Aug 2022 · 6 mos Calgary Research Assistant- Department of Clinical Neuroscience, Cumming School of Medicine Better Mobility Lab - leading a team of undergraduate students, writing ethics and grant applications, conducting randomized clinical trial Pediatric Onset Neuromotor Impairment Lab - building an open science database, assisting in data collection and management, leading limits of stability outcome measures",2
48bda67f-03ea-411a-a8db-4f5b2d51bd85,12c2a5ab-4efc-4485-8621-5a08e597a132,Pet Care Technician,Country Club Pet Resort,,"Calgary, Alberta",Jul 2014,Jul 2022,8 yrs 1 mo,"General care and maintenance of dogs; including but not limited to cleaning and sterilization of kennels, brushing and bathing, feeding, walking and exercising.","Pet Care Technician Country Club Pet Resort Jul 2014 - Jul 2022 · 8 yrs 1 mo Calgary, Alberta General care and maintenance of dogs; including but not limited to cleaning and sterilization of kennels, brushing and bathing, feeding, walking and exercising.",3
73df3313-d11f-47a6-b37b-9d029c620e22,12c2a5ab-4efc-4485-8621-5a08e597a132,Kinesiologist,United Active Living Inc.,Contract Part-time,,Dec 2021,Feb 2022,3 mos,,"Kinesiologist Contract Part-time Dec 2021 - Feb 2022 · 3 mos Calgary, Alberta, Canada",4
fa96c4ba-6b65-4a98-9771-2eb0063122ab,12c2a5ab-4efc-4485-8621-5a08e597a132,Assistant Kinesiologist,United Active Living Inc.,Permanent Part-time,,Jun 2021,Dec 2021,7 mos,,Assistant Kinesiologist Permanent Part-time Jun 2021 - Dec 2021 · 7 mos Canada,5
baa24303-7399-40dd-b3a8-581d77b4957c,12c2a5ab-4efc-4485-8621-5a08e597a132,Greeter,United Active Living Inc.,On-Call,,Apr 2020,Jun 2021,1 yr 3 mos,,"Greeter On-Call Apr 2020 - Jun 2021 · 1 yr 3 mos Calgary, Alberta, Canada",6
273621b5-f664-4cfa-a657-002184072554,12c2a5ab-4efc-4485-8621-5a08e597a132,Receptionist,United Active Living Inc.,On-Call,,Aug 2020,May 2021,10 mos,,"Receptionist On-Call Aug 2020 - May 2021 · 10 mos Calgary, Alberta, Canada",7
5d9b566f-c720-4e94-81a4-85a7f33d8fc7,12c2a5ab-4efc-4485-8621-5a08e597a132,United Minds Aide,United Active Living Inc.,Full-time,,Jun 2020,Aug 2020,3 mos,,"United Minds Aide Full-time Jun 2020 - Aug 2020 · 3 mos Calgary, Alberta, Canada",8
882d991d-4a0e-430f-9035-0d26bd93b493,12c2a5ab-4efc-4485-8621-5a08e597a132,Writer,Antarctic Institute of Canada,Internship,Remote,May 2021,Jun 2021,2 mos,"Writing book chapters focussed on natural sciences, social sciences, and history to teach and inspire continued learning.","Writer Antarctic Institute of Canada · Internship May 2021 - Jun 2021 · 2 mos Remote Writing book chapters focussed on natural sciences, social sciences, and history to teach and inspire continued learning.",9
5d716d1b-d44e-40a7-9131-753ff7fe7319,12c2a5ab-4efc-4485-8621-5a08e597a132,Topic Writer,Anahana Wellness,Internship,,Apr 2021,Jun 2021,3 mos,,"Topic Writer Anahana Wellness · Internship Apr 2021 - Jun 2021 · 3 mos Researching and writing web articles relating to breathing techniques, explaining the physiological mechanisms of breathing, providing step by step processes, and explaining both the predicted health outcomes and risk of completing breath retraining exercises for a general population interested in increasing their health and wellness.",10
b216c656-d7eb-4158-a50a-0550085595bd,12c2a5ab-4efc-4485-8621-5a08e597a132,Nutrition Writer,Thrive for Good,Internship,,Apr 2021,Jun 2021,3 mos,,"Nutrition Writer Thrive for Good · Internship Apr 2021 - Jun 2021 · 3 mos Researching, compiling, and writing information relating to protecting and building the immune system using healthy and natural nutritional methods.",11
743adbc0-4c68-4ad5-8616-b2c279665893,12c2a5ab-4efc-4485-8621-5a08e597a132,Grant Researcher and Writer,Odihi,Internship,Remote,Mar 2021,Jun 2021,4 mos,"Researching and writing grants to gain funding opportunities for Odihi to create, promote, and facilitate their programs that enable young Black women to excel in all aspects of their life.","Grant Researcher and Writer Odihi · Internship Mar 2021 - Jun 2021 · 4 mos Remote Researching and writing grants to gain funding opportunities for Odihi to create, promote, and facilitate their programs that enable young Black women to excel in all aspects of their life.",12
e47c7193-c4f1-47a7-81c7-0e4d1deea75b,12c2a5ab-4efc-4485-8621-5a08e597a132,Student Athletic Trainer,Hockey Alberta,Part-time,"Lethbridge, Alberta, Canada",Sep 2018,Mar 2020,1 yr 7 mos,"Communicating with on-ice officials, coaches, parents, and medical professionals to ensure that athletic injuries were properly taken care of and to assist athletes in quick and proper healing as well as following return to play guidelines and helping athletes to prevent future injuries. Worked with midget AA boys as well as midget elite females.","Student Athletic Trainer Hockey Alberta · Part-time Sep 2018 - Mar 2020 · 1 yr 7 mos Lethbridge, Alberta, Canada Communicating with on-ice officials, coaches, parents, and medical professionals to ensure that athletic injuries were properly taken care of and to assist athletes in quick and proper healing as well as following return to play guidelines and helping athletes to prevent future injuries. Worked with midget AA boys as well as midget elite females.",13
d7c88dc4-5f65-4f3c-a1c3-45a7361b6ce2,2dbbabc5-fbe2-4ec4-8d94-ac9b4c4cddbd,Operations & Team Administrator,Hotchkiss Brain Institute,Jan 2025 - Present · 1 yr 5 mos,,,,On-site,"• Scheduling and Meetings o Manage and prioritize schedules for the Director, Deputy Director, and Senior Managers, resolving conflicts promptly. o Book meetings using sound judgment, accommodating participant availability for in-person or remote formats. o Ensure the Director is fully prepared for meetings by organizing and providing necessary materials. • Travel Coordination o Arrange travel for the Institute Director and Senior Managers. o Plan and manage travel, accommodations, and itineraries for guest speakers, visiting scientists, and recruitment candidates. • Event Logistics o Provide support for events such as Research Day, Kolb Lecture, Townhalls, and Seminars. o Coordinate travel, accommodations, venue bookings, attendee registration, communications, and catering for events. • Team Support o Assist the Brain & Mental Health teams by scheduling meetings, supporting event planning, and facilitating research objectives. o Act as a liaison for inter-departmental communications within the Cumming School of Medicine, Alberta Health Services, external partners, and research institutes. • RHISE Program o Serve as the contact person for RHISE applicants, providing guidance and assisting with application adjudication. • Business Operations o Support the Senior Manager, Business Operations, with budgeting and financial reporting. o Assist with purchase orders, P-Card and T&E card transactions. o Manage internal UCalgary accounting functions, including project creation, extensions, reporting, journal entries, and project close-outs. o Reconcile corporate credit card transactions and process accounts payable, including internal transfers and supplier payments.","Operations & Team Administrator Jan 2025 - Present · 1 yr 5 mos Canada · On-site • Scheduling and Meetings o Manage and prioritize schedules for the Director, Deputy Director, and Senior Managers, resolving conflicts promptly. o Book meetings using sound judgment, accommodating participant availability for in-person or remote formats. o Ensure the Director is fully prepared for meetings by organizing and providing necessary materials. • Travel Coordination o Arrange travel for the Institute Dire",0
41079d9a-553a-4772-83b4-03085f561067,2dbbabc5-fbe2-4ec4-8d94-ac9b4c4cddbd,Administrative Assistant,Hotchkiss Brain Institute,Apr 2022 - Jan 2025 · 2 yrs 10 mos,,,,,"•Provide comprehensive administrative support to HBI Directors, Senior Managers, and Coordinators for operational activities, including education portfolio operations, communications, and event management. •Minute key internal meetings, including monthly executive meetings. •Support program-specific projects and assist in compiling, transcribing, and preparing research proposals, meeting materials, and project documentation. •Coordinate and facilitate the planning and logistics for faculty visits, recruitment candidates, and visiting scientists. •Manage executive schedules, resolving conflicts and prioritizing high-priority tasks and events. •Oversee logistics for high-profile events such as Research Day, Kolb Lecture, Computational Neuroscience Research Day and other significant engagements. •Arrange domestic and international travel for researchers and visiting scientists, ensuring seamless execution. •Assist with financial administration, including invoice processing, budget tracking, reconciliation, and project management. •Serve as a key liaison between senior faculty and external stakeholders, handling confidential communications with discretion. •Proficient in Microsoft Office (Word, Excel, PowerPoint, Outlook) and Adobe, ensuring effective and efficient task execution.","Administrative Assistant Apr 2022 - Jan 2025 · 2 yrs 10 mos Calgary, Alberta, Canada •Provide comprehensive administrative support to HBI Directors, Senior Managers, and Coordinators for operational activities, including education portfolio operations, communications, and event management. •Minute key internal meetings, including monthly executive meetings. •Support program-specific projects and assist in compiling, transcribing, and preparing research proposals, meeting materials, and project d",1
dd53b332-8c82-4083-966f-f91a0140c8b0,2dbbabc5-fbe2-4ec4-8d94-ac9b4c4cddbd,Community Disability Service Worker,Vecova Centre for Disability Services and Research (Vecova),Permanent Full-time,"Calgary, Alberta, Canada",Jun 2021,Apr 2022,11 mos,• Implement Community Access client service plans to achieve the Wellness Services outcomes. • Facilitate the connection of Community Access clients to the community through meaningful activities that increase their overall wellbeing. • Build the capacity of Community Access clients to gain self-determination and decision-making skills. • Work with the Community Access Team Leaders and the Client Service Specialists to provide a seamless continuum of services for Community Access clients. • Utilize ShareVision to capture client data and to monitor client progress • Work with the Wellness Services Team to identify community gaps in wellness programs and services for persons with disabilities. • Work with the Wellness Services Team and Communications to implement an awareness strategy for wellness programs and services for persons with disabilities.,"Community Disability Service Worker Vecova Centre for Disability Services and Research (Vecova) · Permanent Full-time Jun 2021 - Apr 2022 · 11 mos Calgary, Alberta, Canada • Implement Community Access client service plans to achieve the Wellness Services outcomes. • Facilitate the connection of Community Access clients to the community through meaningful activities that increase their overall wellbeing. • Build the capacity of Community Access clients to gain self-determination and decision-maki",2
57ac599e-17a9-41fc-af71-6a5b3bf44884,2dbbabc5-fbe2-4ec4-8d94-ac9b4c4cddbd,Administrative Assistant,Between Friends.,Permanent Full-time,,Sep 2013,Nov 2019,6 yrs 3 mos,"•Strengthened member retention and boosted growth by cultivating relationships with stakeholders and leveraging referrals from existing members. •Engaged new donors by promoting the organization’s mission and aligning communications to support fundraising goals. •Contributed to donor campaigns by providing stakeholder insights, conducting testimonial interviews, and incorporating findings into reports, letters, and presentations. •Improved administrative efficiency by implementing new filing systems, optimizing workflows, and creating comprehensive documentation. •Developed and authored the organization’s first comprehensive Position Manual to standardize processes. •Coordinated with the Government of Alberta and Alberta Health Services to advocate for clients with disabilities, ensuring their needs were effectively addressed. •Served as the primary point of contact for external agencies, providing membership and program information to stakeholders. •Monitored and resolved outstanding account fees, maintaining accurate records and ensuring timely collections. •Led meeting preparations, including creating detailed reports and briefing materials to support team decision-making. •Advocated for stakeholders by addressing concerns and collaborating with team members to resolve issues.","Administrative Assistant Permanent Full-time Sep 2013 - Nov 2019 · 6 yrs 3 mos Greater Calgary Metropolitan Area · On-site •Strengthened member retention and boosted growth by cultivating relationships with stakeholders and leveraging referrals from existing members. •Engaged new donors by promoting the organization’s mission and aligning communications to support fundraising goals. •Contributed to donor campaigns by providing stakeholder insights, conducting testimonial interviews, and incorpor",3
00418458-d4af-42d6-a525-6df2174b3618,2dbbabc5-fbe2-4ec4-8d94-ac9b4c4cddbd,Program Leader,Between Friends.,Jun 2006 - Aug 2013 · 7 yrs 3 mos,,,,,,Program Leader Jun 2006 - Aug 2013 · 7 yrs 3 mos • Develop expertise in sport and recreation for youth and adults with physical and mental disabilities • Provide leadership and guidance to volunteers under my supervision • Monitor all activities to ensure compliance with established directives • Maintain consistent parent / counselor communication • Assist with coordination of special events • Maintain effective administration through efficient record keeping of programs • Collaborate with other,4
3b4a2ade-6875-4dbd-a494-7b346c20013e,afede334-d3bd-4233-860a-c2ebeed96bef,Children's Environmental Health Clinic Volunteer Coordinator,University of Alberta,Sep 2025 - Present · 9 mos,,,,,,"Children's Environmental Health Clinic Volunteer Coordinator Sep 2025 - Present · 9 mos Recruiting and managing volunteers for the Children's Environmental Health Clinic, World Health Organization Collaborating Centre.",0
18a38b09-5bfa-4ed8-9e0e-4dbe784cc76d,afede334-d3bd-4233-860a-c2ebeed96bef,Pan-American Health Organization Project Lead,University of Alberta,Sep 2025 - Present · 9 mos,,,,,,"Pan-American Health Organization Project Lead Sep 2025 - Present · 9 mos Supervising and mentoring volunteer researchers producing health training and information documents for the Pan-American Health Organization at the Children's Environmental Health Clinic, World Health Organization Collaborating Centre.",1
c3fd5301-ed4c-45df-b8e0-39fb1010b734,afede334-d3bd-4233-860a-c2ebeed96bef,Project Team Lead,University of Alberta,Oct 2021 - Present · 4 yrs 8 mos,,,,,,"Project Team Lead Oct 2021 - Present · 4 yrs 8 mos Leading projects to produce infographics, fact sheets, and pocketbooks for both in primary practice and for the public with the Children's Environmental Health Clinic, World Health Organization Collaborating Centre. Skills: Patient Education, Research, +4 skills",2
30a2427b-fad9-4d75-8fab-da9178697b4c,afede334-d3bd-4233-860a-c2ebeed96bef,Student Reviewer,Pediatrics & Child Health Journal,,,Apr 2021,Present,5 yrs 2 mos,,Student Reviewer Pediatrics & Child Health Journal Apr 2021 - Present · 5 yrs 2 mos Reviewing submitted manuscripts for publication in the Pediatrics & Child Health Journal,3
617d930c-e44d-4aa9-8f18-c4a0cb00f8ad,afede334-d3bd-4233-860a-c2ebeed96bef,Student Researcher,Hotchkiss Brain Institute,Internship,,Apr 2022,Present,4 yrs 2 mos,,"Student Researcher Hotchkiss Brain Institute · Internship Apr 2022 - Present · 4 yrs 2 mos Research being done with the Healthy Brain Aging (HBA) Lab under the supervision of Dr. Aravind Ganesh. Research, Clinical Trials and +1 skill",4
7a9d58ce-3990-433a-b861-49447ec5fb37,afede334-d3bd-4233-860a-c2ebeed96bef,Team Lead and Program Lead,YMCA Calgary,Permanent Part-time,,Nov 2023,Sep 2024,11 mos,,"Team Lead and Program Lead Permanent Part-time Nov 2023 - Sep 2024 · 11 mos Calgary, Alberta, Canada Skills: Leadership Development",5
e2555183-1c64-4037-8685-e27c3eb3eb64,afede334-d3bd-4233-860a-c2ebeed96bef,Leadership Instructor,YMCA Calgary,Permanent Part-time,,Nov 2021,Sep 2024,2 yrs 11 mos,,"Leadership Instructor Permanent Part-time Nov 2021 - Sep 2024 · 2 yrs 11 mos Calgary, Alberta, Canada Skills: First Aid, Leadership Development",6
b0034060-6c66-4e5a-965f-b76bf5d63738,afede334-d3bd-4233-860a-c2ebeed96bef,Aquatics Coordinator,YMCA Calgary,Permanent Full-time,,Apr 2023,Nov 2023,8 mos,,"Aquatics Coordinator Permanent Full-time Apr 2023 - Nov 2023 · 8 mos Calgary, Alberta, Canada Skills: Leadership Development",7
97962bc6-d5b7-4601-be64-62d41deede21,afede334-d3bd-4233-860a-c2ebeed96bef,Program Lead,YMCA Calgary,Permanent Part-time,,Apr 2022,Apr 2023,1 yr 1 mo,,"Program Lead Permanent Part-time Apr 2022 - Apr 2023 · 1 yr 1 mo Calgary, Alberta, Canada Skills: Swim Instruction, Leadership",8
6a7769bc-5130-4bb3-a0bb-dbc736a341c6,afede334-d3bd-4233-860a-c2ebeed96bef,Team Lead,YMCA Calgary,Permanent Part-time,,Aug 2021,Apr 2023,1 yr 9 mos,,"Team Lead Permanent Part-time Aug 2021 - Apr 2023 · 1 yr 9 mos Calgary, Alberta, Canada Skills: Lifeguarding, Leadership, +1 skill",9
80916710-9faa-4ad8-8c0e-f9cb6cdf7a0c,afede334-d3bd-4233-860a-c2ebeed96bef,Lifeguard and Swim Instructor,YMCA Calgary,Permanent Part-time,,Apr 2019,Apr 2023,4 yrs 1 mo,,"Lifeguard and Swim Instructor Permanent Part-time Apr 2019 - Apr 2023 · 4 yrs 1 mo Calgary, Canada Area Skills: Swim Instruction, Lifeguarding, +1 skill",10
83d9c873-bd55-4c61-a2c3-38c36256a939,afede334-d3bd-4233-860a-c2ebeed96bef,Student Researcher,Alberta Children's Hospital,Internship,,May 2020,Apr 2021,1 yr,,Student Researcher Alberta Children's Hospital · Internship May 2020 - Apr 2021 · 1 yr Research being done with the Pediatric Emergency Research Team (PERT) under the supervision of Dr. Stephen Freedman. https://cumming.ucalgary.ca/research/pediatric-emergency-research-team/about-us/our-trainees/kaden-lam Research,11
ad185771-6665-46b9-b2ca-ab5850325a1f,afede334-d3bd-4233-860a-c2ebeed96bef,Recreational Aide,Intercare Corporate Group,Internship,Greater Calgary Metropolitan Area,Jul 2018,Aug 2018,2 mos,"Entertaining residents (assisting in active games, entertaining, going on walks and outings, and having conversations). Interacting with dementia residents and ensuring they feel comfortable and secure.","Recreational Aide Intercare Corporate Group · Internship Jul 2018 - Aug 2018 · 2 mos Greater Calgary Metropolitan Area Entertaining residents (assisting in active games, entertaining, going on walks and outings, and having conversations). Interacting with dementia residents and ensuring they feel comfortable and secure. First Aid",12
d4aec632-90bb-4bff-9d05-786f0ff11c6a,15ad71bb-f4ee-402d-914a-2d6c0575e053,Summer Research Assistant,Hotchkiss Brain Institute,,,Jun 2023,Present,3 yrs,,"Summer Research Assistant Hotchkiss Brain Institute Jun 2023 - Present · 3 yrs Worked within the Phillips Lab at the University of Calgary. Primarily worked on a clinical trial to independently coordinate, collect, and analyze data from participant visits for clinical trials. Conceived study questions and methods relating to electrocardiogram and sleep-study data collection, analysis, and presentation.",0
a38ee55c-3a9d-4fd3-8271-64d44f301cb6,15ad71bb-f4ee-402d-914a-2d6c0575e053,Plenary Coordinator,Operation Med School Career Conferences,,,Sep 2021,Aug 2022,1 yr,,"Plenary Coordinator Operation Med School Career Conferences Sep 2021 - Aug 2022 · 1 yr Operation Med School (OMS) is a non-profit, student-run organization that hosts one-day conferences in Canada and the United States of America to educate youth about the journey of a medical career. Our goal is to inspire, inform, and encourage students to follow their medical dreams and head bravely into their future endeavours. As plenary coordinator, I organize keynote speakers and panellists for the confer",1
ee3df011-5341-4b94-9db9-b5c98e3af525,15ad71bb-f4ee-402d-914a-2d6c0575e053,Laboratory Assistant,University of Calgary,Aug 2021 - Jan 2022 · 6 mos,,,,,"Worked as a part of the team at the Arrieta Lab assisting in projects and coordinating tasks critical to day-to-day operations of the lab, such as preparing and assisting with experiments, calibrating and maintaining instruments, and preparing supplies for clinical studies. Also assisted in preparation for the Alberta BLOOM Study.","Laboratory Assistant Aug 2021 - Jan 2022 · 6 mos Calgary, Alberta, Canada Worked as a part of the team at the Arrieta Lab assisting in projects and coordinating tasks critical to day-to-day operations of the lab, such as preparing and assisting with experiments, calibrating and maintaining instruments, and preparing supplies for clinical studies. Also assisted in preparation for the Alberta BLOOM Study.",2
ea153ccb-db9d-46ae-8b20-40ad6d485001,15ad71bb-f4ee-402d-914a-2d6c0575e053,HYRS Student Researcher,University of Calgary,Jun 2021 - Aug 2021 · 3 mos,,,,,,"HYRS Student Researcher Jun 2021 - Aug 2021 · 3 mos Worked in the Yang Laboratory under Dr. Guang Yang. Analyzed and visualized the effect of mRNA transcription preventing protein CELF2 on different mRNA strands and its effect on neural stem cells. Researched, compiled, and wrote a poster presentation to be presented at the University of Calgary HYRS Research Symposium on the topic of mRNA regulation of the CELF2 protein. This project was funded by the Alberta Innovates HYRS Program.",3
3c874772-d2bd-4ac6-b956-7a2d0cdc7ac2,83b39db3-81d5-4826-a845-78dd04233ffe,Research Assistant,Hotchkiss Brain Institute,,Hybrid,May 2022,Present,4 yrs 1 mo,,Research Assistant Hotchkiss Brain Institute May 2022 - Present · 4 yrs 1 mo Hybrid,0
6655f0ea-e757-4cd8-b4cd-b6b5f1b68fc6,83b39db3-81d5-4826-a845-78dd04233ffe,Garden Centre Associate,Canadian Tire Corporation,Contract Part-time,On-site,Apr 2025,Aug 2025,5 mos,,Garden Centre Associate Canadian Tire Corporation · Contract Part-time Apr 2025 - Aug 2025 · 5 mos On-site,1
b2156a1b-2307-4fcb-a6ed-8a58f41d01a0,83b39db3-81d5-4826-a845-78dd04233ffe,Central Poll Supervisor,Élections Canada | Elections Canada,,On-site,,,1 mo,,Central Poll Supervisor Élections Canada | Elections Canada Apr 2025 · 1 mo On-site,2
3a05b2b2-1fa3-41ef-9722-c1d96ddae4d7,83b39db3-81d5-4826-a845-78dd04233ffe,Deputy Returning Officer,Élections Canada | Elections Canada,,On-site,,,1 mo,,Deputy Returning Officer Élections Canada | Elections Canada Sep 2021 · 1 mo On-site,3
48d06cef-fa35-43a7-8151-3642ddcd3a3d,83b39db3-81d5-4826-a845-78dd04233ffe,Venue Services,The Calgary Stampede,Jul 2018 · 1 mo,,,,,,Venue Services Jul 2018 · 1 mo,4
deacad90-4c38-4948-8c7c-96c3916ef62c,83b39db3-81d5-4826-a845-78dd04233ffe,Parking Lot Attendant,The Calgary Stampede,Jul 2016 - Jul 2018 · 2 yrs 1 mo,,,,,,Parking Lot Attendant Jul 2016 - Jul 2018 · 2 yrs 1 mo On-site,5
6ee7d3e9-0427-4bb8-877c-a007313600f8,132edda5-7e0f-4faf-9db7-4dcf646f9565,"Senior Manager, Innovation, Partnerships and Strategy",Hotchkiss Brain Institute,,"Calgary, Alberta, Canada",Sep 2021,Present,4 yrs 9 mos,,"Senior Manager, Innovation, Partnerships and Strategy Hotchkiss Brain Institute Sep 2021 - Present · 4 yrs 9 mos Calgary, Alberta, Canada Government Advocacy",0
2277b957-c03e-429d-be84-7a82a6c56fa3,132edda5-7e0f-4faf-9db7-4dcf646f9565,Executive Director,Campus Alberta Neuroscience,Full-time,,Feb 2019,Jan 2026,7 yrs,,Executive Director Full-time Feb 2019 - Jan 2026 · 7 yrs Skills: Government Advocacy,1
822ed22e-a120-4d8b-ba30-e952a982ff3c,132edda5-7e0f-4faf-9db7-4dcf646f9565,Project Manager,Campus Alberta Neuroscience,Jul 2018 - Feb 2019 · 8 mos,,,,,,Project Manager Jul 2018 - Feb 2019 · 8 mos,2
130cb9d8-be5e-4d49-9609-1dee9422ec42,132edda5-7e0f-4faf-9db7-4dcf646f9565,Health Policy Consultant,College and Association of Registered Nurses of Alberta CARNA,,"Edmonton, Canada Area",Sep 2016,Jul 2018,1 yr 11 mos,,"Health Policy Consultant College and Association of Registered Nurses of Alberta CARNA Sep 2016 - Jul 2018 · 1 yr 11 mos Edmonton, Canada Area Government Advocacy",3
86bd8bd7-a51d-431f-a16c-8cb67089ef64,132edda5-7e0f-4faf-9db7-4dcf646f9565,Senior Consultant,Alberta Health Services,,Calgary,Feb 2015,Aug 2016,1 yr 7 mos,,Senior Consultant Alberta Health Services Feb 2015 - Aug 2016 · 1 yr 7 mos Calgary,4
1fe5c70c-5f04-4a11-8cc9-ef46b4bfc5b1,132edda5-7e0f-4faf-9db7-4dcf646f9565,"Manager, Knowledge Exchange Centre",Mental Health Commission of Canada,,,Jun 2011,Mar 2015,3 yrs 10 mos,,"Manager, Knowledge Exchange Centre Mental Health Commission of Canada Jun 2011 - Mar 2015 · 3 yrs 10 mos",5
472ce384-cdeb-4245-bc78-be791e58e460,132edda5-7e0f-4faf-9db7-4dcf646f9565,Population Health Consultant,Alberta Health Services,,,Sep 2010,Jun 2011,10 mos,,Population Health Consultant Alberta Health Services Sep 2010 - Jun 2011 · 10 mos,6
93743002-93eb-4af8-baf0-2a017ac6c7d7,132edda5-7e0f-4faf-9db7-4dcf646f9565,Grants Manager,IRC - Sudan,,"Khartoum, Sudan",2005,2006,1 yr,,"Grants Manager IRC - Sudan 2005 - 2006 · 1 yr Khartoum, Sudan",7
d269f97c-ded2-4f29-9cce-7a45a553048a,f54adf97-7d5c-49c7-b1ac-dd3d5d9effa7,Associate Professor,University of Calgary,Jul 2023 - Present · 2 yrs 11 mos,,,,On-site,,"Associate Professor Jul 2023 - Present · 2 yrs 11 mos Calgary, Alberta, Canada · On-site",0
f8a1774f-b2e1-4bf2-8c16-0295e969fa13,f54adf97-7d5c-49c7-b1ac-dd3d5d9effa7,Assistant Professor,University of Calgary,Permanent Full-time,,Oct 2018,Jul 2023,4 yrs 10 mos,"Research into micro/nano technology, microfluidics, lab-on-a-chip, and electrokinetics Collaborate with the Faculty of Medicine on brain-machine interfaces. Director, Microsystems Hub, University of Calgary micro/nano fabrication cleanroom facility. Teaching. Supervising and co-supervising graduate students in the Schulich School of Engineering and the Biomedical Engineering Program. Courses taught and currently teaching listed at http://contacts.ucalgary.ca/info/enel/profiles/168-42873/courses","Assistant Professor Permanent Full-time Oct 2018 - Jul 2023 · 4 yrs 10 mos Greater Calgary Metropolitan Area Research into micro/nano technology, microfluidics, lab-on-a-chip, and electrokinetics Collaborate with the Faculty of Medicine on brain-machine interfaces. Director, Microsystems Hub, University of Calgary micro/nano fabrication cleanroom facility. Teaching. Supervising and co-supervising graduate students in the Schulich School of Engineering and the Biomedical Engineering Program. Cour",1
fe602fb7-e2b9-49e5-bea9-b0f46e3b523b,f54adf97-7d5c-49c7-b1ac-dd3d5d9effa7,Adjunct Professor,University of Calgary,Jul 2009 - Sep 2018 · 9 yrs 3 mos,,,,,"Supervising and co-supervising graduate students in the Schulich School of Engineering. Approved Biomedical Engineering Program Graduate Supervisor. Research into micro/nano technology, microfluidics, lab-on-a-chip, and electrokinetics. Collaborate with the Faculty of Medicine on brain-chip interfaces. Manager of the Microsystems Hub","Adjunct Professor Jul 2009 - Sep 2018 · 9 yrs 3 mos Greater Calgary Metropolitan Area Supervising and co-supervising graduate students in the Schulich School of Engineering. Approved Biomedical Engineering Program Graduate Supervisor. Research into micro/nano technology, microfluidics, lab-on-a-chip, and electrokinetics. Collaborate with the Faculty of Medicine on brain-chip interfaces. Manager of the Microsystems Hub",2
0bc98ce0-589c-4b59-9e59-3c28ce9754f4,f54adf97-7d5c-49c7-b1ac-dd3d5d9effa7,"Manager, Microsystems Hub",University of Calgary,Dec 2006 - Sep 2018 · 11 yrs 10 mos,,,,,"Managing the University of Calgary's micro/nano fabrication cleanroom facility equipment, user access, maintenance and operation, support and funding. Writing operational protocols and running training courses.","Manager, Microsystems Hub Dec 2006 - Sep 2018 · 11 yrs 10 mos Calgary, Canada Area Managing the University of Calgary's micro/nano fabrication cleanroom facility equipment, user access, maintenance and operation, support and funding. Writing operational protocols and running training courses.",3
492d573d-dfcf-487a-a81d-e6dc3b548c58,f54adf97-7d5c-49c7-b1ac-dd3d5d9effa7,Senator-at-Large,University of Calgary,Sep 2009 - Aug 2015 · 6 yrs,,,,,"Elected member of the University of Calgary Senate. Re-elected 2012. Elected to Senator-at-large to the Senate Executive Committee for the 2014-2015 term. Chair of the Lecture of a Lifetime sub-committee for the 2014-2015 term. The Senate is a committee of 62 individuals with responsibilities as outlined in the Post Secondary Learning Act (Revised Statutes of Alberta). 30 members of Senate are elected, whilst others are appointed by the Minister or are on Senate due to their position on GFC, Student bodies, AUPE, MAPs, Alumni association etc. Chaired by The Chancellor of the University of Calgary, the Senate is comprised of several committees that carry out specific roles. The Senate has an Executive Committee consisting of the Chancellor and six to twelve other members of the Senate selected annually by the Senate. As Senator-at-large for the 2014-2015 term I served on the Senate Executive Committee. I was an active member of: Community Engagement Committee (2009-2015) - multiple activities to engage with the local community Senator Development Committee (2011-2015) - new Senator recruitment, current Senator development and mentoring of new Senators Lecture of a Lifetime sub-committee (2009-2015) - review candidates for the annual lecture I was the Senate representative to the University Biosafety Committee (2011-2015), and also to the Calgary Youth Science Fair Steering Committee. I have been a judge at the CYSF for many years. I also spent two years on the Fund Development Committee, raising funds for scholarships and bursaries.","Senator-at-Large Sep 2009 - Aug 2015 · 6 yrs Greater Calgary Metropolitan Area Elected member of the University of Calgary Senate. Re-elected 2012. Elected to Senator-at-large to the Senate Executive Committee for the 2014-2015 term. Chair of the Lecture of a Lifetime sub-committee for the 2014-2015 term. The Senate is a committee of 62 individuals with responsibilities as outlined in the Post Secondary Learning Act (Revised Statutes of Alberta). 30 members of Senate are elected, whilst others a",4
4afe601d-60b3-445b-8896-20d1d4525a50,f54adf97-7d5c-49c7-b1ac-dd3d5d9effa7,Sessional Instructor,University of Calgary,Jan 2005 - Apr 2015 · 10 yrs 4 mos,,,,,,"Sessional Instructor Jan 2005 - Apr 2015 · 10 yrs 4 mos Developed two Graduate Lecture courses, ENEL 619.48 Microsystems Technologies and ENEL 619.50 Micro/nano system design, fabrication, and integration. Both courses included practical cleanroom experience in the Advanced Micro/nanosystems Integration Facility at the UofC.",5
aa9fb46c-6295-4251-b453-0eacc8a48d53,f54adf97-7d5c-49c7-b1ac-dd3d5d9effa7,Research Associate,University of Calgary,Nov 2003 - Nov 2006 · 3 yrs 1 mo,,,,,,Research Associate Nov 2003 - Nov 2006 · 3 yrs 1 mo Fabrication of dielectrophoretic hybrid microfluidic chips. Overseeing installation of Class 100 cleanroom infrastructure and equipment. Aiding design and construction of Class 1000 cleanroom. Evaluating new commercial microfluidic fabrication technologies for CMC to provide to Canadian Universities. Writing graduate lecture course in microsystems and microfludic technologies.,6
15b2acf3-1139-4f86-9dfe-8736d391180e,f54adf97-7d5c-49c7-b1ac-dd3d5d9effa7,Associate Member,Hotchkiss Brain Institute,,,May 2022,Present,4 yrs 1 mo,,Associate Member Hotchkiss Brain Institute May 2022 - Present · 4 yrs 1 mo,7
011f077e-6940-4c4f-b184-831a273d3f52,f54adf97-7d5c-49c7-b1ac-dd3d5d9effa7,Co-Founder,Neuraura,,"Calgary, Alberta",Sep 2017,May 2023,5 yrs 9 mos,"I was the co-founder of Neuraura Biotech, a spin out company based on my collaborative research into brain machine interfaces. I was CTO to Dec 2022 and then CSO to May 2023.","Co-Founder Neuraura Sep 2017 - May 2023 · 5 yrs 9 mos Calgary, Alberta I was the co-founder of Neuraura Biotech, a spin out company based on my collaborative research into brain machine interfaces. I was CTO to Dec 2022 and then CSO to May 2023.",8
c86f7a5f-ff2a-4a95-a919-71fcdb8b9505,f54adf97-7d5c-49c7-b1ac-dd3d5d9effa7,Consultant,Neurosilicon,Dec 2008 - Dec 2010 · 2 yrs 1 mo,,,,,,Consultant Dec 2008 - Dec 2010 · 2 yrs 1 mo Developing integrated microfluidic and microchip prototypes for brain machine interface systems. Providing support for existing products,9
5ed66989-dedd-4456-b35e-9215038036c4,f54adf97-7d5c-49c7-b1ac-dd3d5d9effa7,Senior Microsystems Product Developer,Neurosilicon,Dec 2006 - Dec 2008 · 2 yrs 1 mo,,,,,,Senior Microsystems Product Developer Dec 2006 - Dec 2008 · 2 yrs 1 mo Spin out startup from University of Calgary dealing with the photoconductive stimulation of neurons on silicon chips.,10
c8de1f2c-4bf2-49ce-9030-676c683adcfd,f54adf97-7d5c-49c7-b1ac-dd3d5d9effa7,Research Associate,Alberta Cancer Diagnostic Consortium (ACDC),,,Nov 2003,Nov 2006,3 yrs 1 mo,,Research Associate Alberta Cancer Diagnostic Consortium (ACDC) Nov 2003 - Nov 2006 · 3 yrs 1 mo Fabrication of electrokinetic-microfluidic chips for investigating cancerous cells. Led to spin out company iLOC.,11
516b4109-080a-4029-a236-b44c44a61bda,f54adf97-7d5c-49c7-b1ac-dd3d5d9effa7,Senior Halls of Residence Tutor,"University of Wales, Bangor",Sep 1998 - Oct 2003 · 5 yrs 2 mos,,,,,,"Senior Halls of Residence Tutor Sep 1998 - Oct 2003 · 5 yrs 2 mos Tutorial team of 3 Wardens, 2 Senior Tutors and 17 Tutors responsible for the welfare of 1,500 students. Disciplinary investigations & hearings. Member of liaison committees on mental health and site administration. Organised Duty rosters, assisted security on call outs to problematic students. Attended specific courses on : Counselling Skills Crisis & stress Management; Meningitis Awareness Dealing with Distressed Students Drug &",12
ba5c56d5-aacf-46ca-9fb2-ec2fcedcf767,f54adf97-7d5c-49c7-b1ac-dd3d5d9effa7,Research Associate,"University of Wales, Bangor",Feb 2001 - Sep 2002 · 1 yr 8 mos,,,,,,"Research Associate Feb 2001 - Sep 2002 · 1 yr 8 mos Development, fabrication, modelling and testing of micro-systems for the UK Lab-on-a-chip (LOC) consortium – a collaboration between Industry (Kodak, Pfizer, Unilever, Glaxo Smithkiline, 3 SMEs), Government (Lab of the Government Chemist, Dept Trade and Industry) and Academia (7 universities). Included assessing commercialisation routes of microsystem devices. My work led specifically to a prototype device for Industry partner Pro2Kem Ltd. Assi",13
09415b8f-f4a9-4399-a709-e2268c604d35,f54adf97-7d5c-49c7-b1ac-dd3d5d9effa7,Teaching Assistant and Tour guide,"University of Wales, Bangor",Aug 1997 - Sep 2001 · 4 yrs 2 mos,,,,,,"Teaching Assistant and Tour guide Aug 1997 - Sep 2001 · 4 yrs 2 mos Public relations, teaching and marking undergraduate laboratory work.",14
7291bfd9-3a14-4648-a80c-371f63ff356b,f54adf97-7d5c-49c7-b1ac-dd3d5d9effa7,Industrial Experimental Officer,Pro2Kem Ltd,,,Sep 2002,Sep 2003,1 yr 1 mo,,"Industrial Experimental Officer Pro2Kem Ltd Sep 2002 - Sep 2003 · 1 yr 1 mo Spin out company developing previous lab-on-a-chip research into a commercial product using injection moulding, photolithography, hot embossing and other microfabrication techniques",15
e8c9ef80-b527-4516-8056-8a697899c210,f54adf97-7d5c-49c7-b1ac-dd3d5d9effa7,Stockroom Manager,WHSmith,1994 - 1995 · 1 yr,,,,,,"Stockroom Manager 1994 - 1995 · 1 yr Branch keyholder, stockroom and staff management, sales and support services, auditing, deliveries, staff training, branch reorganisation. WHSmith Diploma",16
450f41c5-2677-4e9f-9a9b-22aab1794092,f54adf97-7d5c-49c7-b1ac-dd3d5d9effa7,Retail Sales Assistant,WHSmith,1989 - 1994 · 5 yrs,,,,,,"Retail Sales Assistant 1989 - 1994 · 5 yrs Retail sales and support services, auditing.",17
b487f26a-c140-4ddd-9ebf-90cc3656d306,3fa1944d-4ac9-43ec-bb6c-8661fb188dbd,Vice President/Treasurer,Hotchkiss Brain Institute Trainee Organization,Permanent Full-time,,May 2025,Present,1 yr 1 mo,,"Vice President/Treasurer Permanent Full-time May 2025 - Present · 1 yr 1 mo Skills: Collaborative Problem Solving, Collaborative Work, +5 skills",0
efaf2d60-f3be-4ec3-a0be-04610ef8d906,3fa1944d-4ac9-43ec-bb6c-8661fb188dbd,Social Co-Director,Hotchkiss Brain Institute Trainee Organization,Permanent Full-time,,May 2024,May 2025,1 yr 1 mo,"As social co-director, I was responsible for holding student-centered events to promote positive relationships between graduate trainees in the HBI.","Social Co-Director Permanent Full-time May 2024 - May 2025 · 1 yr 1 mo On-site As social co-director, I was responsible for holding student-centered events to promote positive relationships between graduate trainees in the HBI. Skills: Communication, Collaborative Work, +4 skills",1
54ed5713-06b5-4d9d-9820-22426e9f02a1,3fa1944d-4ac9-43ec-bb6c-8661fb188dbd,Education Sub-Committee Member,Hotchkiss Brain Institute Trainee Organization,Co-op,,Sep 2023,May 2024,9 mos,"With the HBITO Education group, I was able to organize Graduate Research in Progress Seminars, which allow graduate students to present their work. Moreover, in collaboration with the HBI, I helped plan and organize the trainee portions of the 2024 HBI Research Day.","Education Sub-Committee Member Co-op Sep 2023 - May 2024 · 9 mos With the HBITO Education group, I was able to organize Graduate Research in Progress Seminars, which allow graduate students to present their work. Moreover, in collaboration with the HBI, I helped plan and organize the trainee portions of the 2024 HBI Research Day. Skills: Collaborative Work, Organization Skills, +2 skills",2
b2edb4f8-7748-43e0-9d26-e824f0446d11,3fa1944d-4ac9-43ec-bb6c-8661fb188dbd,Center Assistant,Kumon Math and Reading Center - Chestermere,Permanent Part-time,On-site,Sep 2022,Present,3 yrs 9 mos,,"Center Assistant Kumon Math and Reading Center - Chestermere · Permanent Part-time Sep 2022 - Present · 3 yrs 9 mos On-site Communication, Computer Literacy and +1 skill",3
f42e2d54-c70f-4c28-8d1a-b06af37ec0d7,3fa1944d-4ac9-43ec-bb6c-8661fb188dbd,Summer Research Student,University of Calgary,Seasonal,On-site,May 2022,Aug 2022,4 mos,"In Dr. Sarah McFarlane’s Lab in Hotchkiss Brain Institute at the University of Calgary, I 1) used RT-qPCR and in-situ hybridization techniques to study retinal regeneration, 2) became familiar with zebrafish husbandry and 3) summarized research results and delivered a presentation at Summer Student Symposium.","Summer Research Student University of Calgary · Seasonal May 2022 - Aug 2022 · 4 mos On-site In Dr. Sarah McFarlane’s Lab in Hotchkiss Brain Institute at the University of Calgary, I 1) used RT-qPCR and in-situ hybridization techniques to study retinal regeneration, 2) became familiar with zebrafish husbandry and 3) summarized research results and delivered a presentation at Summer Student Symposium.",4
74a03b1c-cfd6-4e8e-bf47-100f7b5ce84b,3fa1944d-4ac9-43ec-bb6c-8661fb188dbd,Food Service Worker,Tim Hortons - Chestermere,Permanent Part-time,On-site,May 2018,Aug 2022,4 yrs 4 mos,"Customer Service, Customer Satisfaction and +6 skills","Food Service Worker Tim Hortons - Chestermere · Permanent Part-time May 2018 - Aug 2022 · 4 yrs 4 mos On-site Customer Service, Customer Satisfaction and +6 skills",5
ef7b2b5e-175f-44c9-869c-bd8d16c37091,3fa1944d-4ac9-43ec-bb6c-8661fb188dbd,Summer Research Student,University of Calgary,Seasonal,Hybrid,May 2021,Aug 2021,4 mos,"In Dr. Carol Huang’s Lab in the Alberta Children’s Hospital Research Institute at the University of Calgary, I 1) performed literature searches to synthesize connections between genes of interest 2) used immunohistochemistry techniques to visualize the extent of innervation in mice pancreas and 3) summarized research results and delivered a presentation at Summer Student Symposium.","Summer Research Student University of Calgary · Seasonal May 2021 - Aug 2021 · 4 mos Hybrid In Dr. Carol Huang’s Lab in the Alberta Children’s Hospital Research Institute at the University of Calgary, I 1) performed literature searches to synthesize connections between genes of interest 2) used immunohistochemistry techniques to visualize the extent of innervation in mice pancreas and 3) summarized research results and delivered a presentation at Summer Student Symposium.",6
88aac1d0-498e-4007-8592-e74d6b583e7f,f9d35219-08ea-4a5d-81e8-95a859aabe3f,"Program Manager, Community Engagement",Hotchkiss Brain Institute,Mar 2026 - Present · 3 mos,,,,,,"Program Manager, Community Engagement Mar 2026 - Present · 3 mos Manage high-impact events and community engagement initiatives for the HBI and the Mental Health Initiative for Stress and Trauma (MIST), strengthening research visibility, strategic partnerships, and stakeholder engagement across academic, healthcare, and community sectors. Skills: Project Management, Strategic Partnerships, +1 skill",0
4d7dd3ad-cb59-4196-abe6-abfb52de0da9,f9d35219-08ea-4a5d-81e8-95a859aabe3f,Events & Engagement Specialist,Hotchkiss Brain Institute,Oct 2024 - May 2026 · 1 yr 8 mos,,,,,,"Events & Engagement Specialist Oct 2024 - May 2026 · 1 yr 8 mos Leading community engagement and events to support brain and mental health research; leading institute events to raise awareness, build and nurture key partnerships, & drive public engagement strategies Home | HOTCHKISS BRAIN INSTITUTE Skills: Partnership Development, Community Engagement, +3 skills",1
cd3ca739-9b65-463c-a311-acaca69fa149,f9d35219-08ea-4a5d-81e8-95a859aabe3f,Team Lead,Crowfoot Village Family Practice Health Home,Permanent Full-time,,Jan 2024,Oct 2024,10 mos,,Team Lead Permanent Full-time Jan 2024 - Oct 2024 · 10 mos,2
385bb223-bf2b-4055-aa17-4230c14aa2e5,f9d35219-08ea-4a5d-81e8-95a859aabe3f,Proactive Care Coordinator,Crowfoot Village Family Practice Health Home,Permanent Full-time,,Oct 2023,Jan 2024,4 mos,,Proactive Care Coordinator Permanent Full-time Oct 2023 - Jan 2024 · 4 mos,3
96981060-2b4c-49e5-a8cb-50baa5371ed4,f9d35219-08ea-4a5d-81e8-95a859aabe3f,Medical Office Assistant,Crowfoot Village Family Practice Health Home,On-Call,,Feb 2022,Oct 2023,1 yr 9 mos,"Executing outstanding patient care alongside family physicians in a clinical setting; managing routine screening protocols and patient follow up appointments in a large-scale clinic of over 24,000+ patients. • Working in a collaborative & team lead setting. • Upholding strict privacy regulations and personal health data. • Skillful use of electronic medical records (EMR). • Facilitating patient services on a multi-line phone system. • Coordinating patient care along side physicians and health care professionals.","Medical Office Assistant On-Call Feb 2022 - Oct 2023 · 1 yr 9 mos Executing outstanding patient care alongside family physicians in a clinical setting; managing routine screening protocols and patient follow up appointments in a large-scale clinic of over 24,000+ patients. • Working in a collaborative & team lead setting. • Upholding strict privacy regulations and personal health data. • Skillful use of electronic medical records (EMR). • Facilitating patient services on a multi-line phone syste",4
c85d0fd2-112e-4954-af13-58c0fe9b8284,f9d35219-08ea-4a5d-81e8-95a859aabe3f,Senior Farm Hand,Muller Farms Ltd.,Seasonal,"Hussar, Alberta, Canada · On-site",May 2016,Aug 2021,5 yrs 4 mos,"Muller Farms Ltd. is a 6,200-acre agriculture corporation. It is a fast-paced, hands-on work environment dependent on critical thinking skills during extended work hours and demanding physical conditions. • Orchestrated crop production and oversaw farm maintenance. • Physical labour. • Operation of large and small scale equipment. • Executing efficient and precise seeding operation according to specific plant requirements.","Senior Farm Hand Muller Farms Ltd. · Seasonal May 2016 - Aug 2021 · 5 yrs 4 mos Hussar, Alberta, Canada · On-site Muller Farms Ltd. is a 6,200-acre agriculture corporation. It is a fast-paced, hands-on work environment dependent on critical thinking skills during extended work hours and demanding physical conditions. • Orchestrated crop production and oversaw farm maintenance. • Physical labour. • Operation of large and small scale equipment. • Executing efficient and precise seeding operation a",5
10177dae-411d-4cd3-a807-5099bf9456e0,d0acaa7f-1d1c-4ed4-b005-f761383bc900,Neuroscience Research Assistant,Hotchkiss Brain Institute,Feb 2026 - Present · 4 mos,,,,,,Neuroscience Research Assistant Feb 2026 - Present · 4 mos,0
454c3f55-c8c8-4e65-9424-386beee93ebe,d0acaa7f-1d1c-4ed4-b005-f761383bc900,Neuroscience Research Assistant,Hotchkiss Brain Institute,Apr 2025 - Present · 1 yr 2 mos,,,,On-site,,"Neuroscience Research Assistant Apr 2025 - Present · 1 yr 2 mos Calgary, Alberta, Canada · On-site",1
ba77c45b-b194-4682-b875-1d4bea928b77,d0acaa7f-1d1c-4ed4-b005-f761383bc900,Neuroscience Research Assistant,Hotchkiss Brain Institute,Oct 2025 - Jan 2026 · 4 mos,,,,,,Neuroscience Research Assistant Oct 2025 - Jan 2026 · 4 mos,2
da8bd188-be47-45ce-96f1-ed2233e5cc42,d0acaa7f-1d1c-4ed4-b005-f761383bc900,Radiology Research Assistant,Alberta Children's Hospital Foundation,On-Call,,Oct 2025,Present,8 mos,,Radiology Research Assistant Alberta Children's Hospital Foundation · On-Call Oct 2025 - Present · 8 mos,3
986a940f-462a-4174-9fb6-4dc9d661bd95,d0acaa7f-1d1c-4ed4-b005-f761383bc900,Research Assistant,Canadian Children's Literacy Foundation,Internship,"Calgary, Alberta, Canada · On-site",May 2025,Present,1 yr 1 mo,,"Research Assistant Canadian Children's Literacy Foundation · Internship May 2025 - Present · 1 yr 1 mo Calgary, Alberta, Canada · On-site",4
f8635aa5-42d9-4501-84c1-68de35eb78c4,d0acaa7f-1d1c-4ed4-b005-f761383bc900,Psychology Research Assistant,University of Calgary,Jul 2025 - May 2026 · 11 mos,,,,,,Psychology Research Assistant Jul 2025 - May 2026 · 11 mos,5
d61bfb9d-5a92-487f-a845-83ba60187ff5,d0acaa7f-1d1c-4ed4-b005-f761383bc900,Social Work Research Assistant,University of Calgary,May 2025 - Nov 2025 · 7 mos,,,,,,Social Work Research Assistant May 2025 - Nov 2025 · 7 mos,6
4114392d-9ee3-4b58-bd40-c89e3e2c8f88,d0acaa7f-1d1c-4ed4-b005-f761383bc900,Project Participant,Urban Society for Aboriginal Youth,Contract Part-time,"Calgary, Alberta, Canada · On-site",Nov 2024,Mar 2025,5 mos,,"Project Participant Urban Society for Aboriginal Youth · Contract Part-time Nov 2024 - Mar 2025 · 5 mos Calgary, Alberta, Canada · On-site",7
3d9e9951-7d68-4b77-818d-371349b9edda,d0acaa7f-1d1c-4ed4-b005-f761383bc900,Research Associate,Department of Family Medicine - Calgary,Internship,"Calgary, Alberta, Canada · On-site",May 2024,Aug 2024,4 mos,,"Research Associate Department of Family Medicine - Calgary · Internship May 2024 - Aug 2024 · 4 mos Calgary, Alberta, Canada · On-site",8
dbfd6d6c-f024-452a-a5d1-022895a4862c,5385d9fe-df58-4a0d-ad98-797e1c93bc7e,Program Director,University of Calgary,2021 - Present · 5 yrs 5 mos,,,,,,Program Director 2021 - Present · 5 yrs 5 mos Leaders in Medicine,0
aab428a0-9fef-48d7-8cf6-0bd600dce6d0,5385d9fe-df58-4a0d-ad98-797e1c93bc7e,Assistant Professor,University of Calgary,2016 - Present · 10 yrs 5 mos,,,,,,Assistant Professor 2016 - Present · 10 yrs 5 mos,1
ee08dcdb-f6db-4e1a-9eb6-768c8d3ec57e,5385d9fe-df58-4a0d-ad98-797e1c93bc7e,Geriatric Medicine Resident,University of Calgary,2013 - 2016 · 3 yrs,,,,,,Geriatric Medicine Resident 2013 - 2016 · 3 yrs,2
168f313f-853c-4bb5-afa0-677130965935,5385d9fe-df58-4a0d-ad98-797e1c93bc7e,Internal Medicine Resident,University of Calgary,2010 - 2013 · 3 yrs,,,,,,Internal Medicine Resident 2010 - 2013 · 3 yrs,3
a79617e8-a8d1-41c2-8645-865a89637820,5385d9fe-df58-4a0d-ad98-797e1c93bc7e,Medical Student,University of Calgary,Permanent Full-time,,Aug 2007,Apr 2010,2 yrs 9 mos,,Medical Student Permanent Full-time Aug 2007 - Apr 2010 · 2 yrs 9 mos,4
3bf536ba-d2b8-42e5-b35f-ae66ce43407d,5385d9fe-df58-4a0d-ad98-797e1c93bc7e,Assistant Professor,O'Brien Institute for Public Health,,,2017,Present,9 yrs 5 mos,,Assistant Professor O'Brien Institute for Public Health 2017 - Present · 9 yrs 5 mos,5
ce3c7a66-6c41-4ab8-8064-d5a46b07a28b,5385d9fe-df58-4a0d-ad98-797e1c93bc7e,Assistant Professor,Hotchkiss Brain Institute,,,2017,Present,9 yrs 5 mos,,Assistant Professor Hotchkiss Brain Institute 2017 - Present · 9 yrs 5 mos,6
fda03987-cad1-4152-85be-cf87a53c1ffd,a9fb27db-b753-48c5-82ed-120244cf093b,Registered Nurse,Alberta Health Services,Jan 2026 - Present · 5 mos,,,,,,Registered Nurse Jan 2026 - Present · 5 mos FMC Internal Medicine/Medical Teaching Unit,0
cff1272e-d2da-4be8-95ad-40997ccc657b,a9fb27db-b753-48c5-82ed-120244cf093b,Registered Nurse,Alberta Health Services,Oct 2025 - Present · 8 mos,,,,,,Registered Nurse Oct 2025 - Present · 8 mos FMC Trauma/Surgery,1
5640786c-fe81-4bbd-9aa8-95e364c56066,a9fb27db-b753-48c5-82ed-120244cf093b,Research Assistant,Hotchkiss Brain Institute,,PI: Dr Richard Wilson,May 2024,Present,2 yrs 1 mo,,Research Assistant Hotchkiss Brain Institute May 2024 - Present · 2 yrs 1 mo PI: Dr Richard Wilson,2
e9d6de38-9abd-4123-9698-933428dd82b0,a9fb27db-b753-48c5-82ed-120244cf093b,Nursing Assistant,Alberta Health Services,Jun 2023 - Mar 2025 · 1 yr 10 mos,,,,,,Nursing Assistant Jun 2023 - Mar 2025 · 1 yr 10 mos FMC Emergency Department,3
33170fbd-0c4c-4a87-97b7-9560f25f22e6,a9fb27db-b753-48c5-82ed-120244cf093b,Nursing Assistant,Alberta Health Services,Jun 2023 - Mar 2025 · 1 yr 10 mos,,,,,,Nursing Assistant Jun 2023 - Mar 2025 · 1 yr 10 mos FMC Cardiovascular Intensive Care Unit,4
be1b0e49-1bc9-42dc-b6a2-85df87e1eafc,a9fb27db-b753-48c5-82ed-120244cf093b,Undergraduate Student Researcher,Mount Royal University,,South Asians Managing HTN Literature Review,Sep 2023,Mar 2024,7 mos,,Undergraduate Student Researcher Mount Royal University Sep 2023 - Mar 2024 · 7 mos South Asians Managing HTN Literature Review,5
e0ada8b2-f713-4cf3-9061-6d8b88d2f10e,a9fb27db-b753-48c5-82ed-120244cf093b,Respite Care Worker,FSCD Respite,,,Dec 2018,Aug 2023,4 yrs 9 mos,,Respite Care Worker FSCD Respite Dec 2018 - Aug 2023 · 4 yrs 9 mos,6
0ada2ce5-7ad6-4383-b953-8f8c6158c384,b2e463f1-fa7c-4f6f-890d-0cd5676599a8,Undergraduate Student Researcher,Hotchkiss Brain Institute,,,May 2025,Present,1 yr 1 mo,,Undergraduate Student Researcher Hotchkiss Brain Institute May 2025 - Present · 1 yr 1 mo,0
bf82b3b9-6ca5-49f5-9c7e-086567969cbe,b2e463f1-fa7c-4f6f-890d-0cd5676599a8,Co-President of Events,UofC Relay for Life,,,Apr 2025,Present,1 yr 2 mos,,Co-President of Events UofC Relay for Life Apr 2025 - Present · 1 yr 2 mos,1
77f8247c-025b-4a60-8f90-5c033304b2e1,b2e463f1-fa7c-4f6f-890d-0cd5676599a8,Lead Undergraduate Researcher - Qualitative Study on Harm Reduction,University of Alberta,,,Jan 2025,Present,1 yr 5 mos,,Lead Undergraduate Researcher - Qualitative Study on Harm Reduction University of Alberta Jan 2025 - Present · 1 yr 5 mos,2
83204e4d-8b43-45c4-bf14-dbfbc388ae5d,b2e463f1-fa7c-4f6f-890d-0cd5676599a8,Undergraduate Researcher & Presenter,STEM Fellowship,,Inter-University Health Data and AI Inquiry Competition (IUBDC),Apr 2025,Jul 2025,4 mos,,Undergraduate Researcher & Presenter STEM Fellowship Apr 2025 - Jul 2025 · 4 mos Inter-University Health Data and AI Inquiry Competition (IUBDC),3
b44fd754-6bb7-42e2-ac60-40811e23e518,b2e463f1-fa7c-4f6f-890d-0cd5676599a8,Company Program Liaison,JA Worldwide,Oct 2024 - Apr 2025 · 7 mos,,,,,,Company Program Liaison Oct 2024 - Apr 2025 · 7 mos,4
4f14817c-8518-4b4d-91e3-801618cf5570,b2e463f1-fa7c-4f6f-890d-0cd5676599a8,Company Program Vice President of Sales (Deckorous),JA Worldwide,Oct 2023 - Oct 2024 · 1 yr 1 mo,,,,,,Company Program Vice President of Sales (Deckorous) Oct 2023 - Oct 2024 · 1 yr 1 mo Program ended in April,5
9c7d8aec-4389-414d-ae76-9c1465cceca1,b2e463f1-fa7c-4f6f-890d-0cd5676599a8,Company Program Ambassador,JA Worldwide,Aug 2023 - Oct 2023 · 3 mos,,,,,,Company Program Ambassador Aug 2023 - Oct 2023 · 3 mos,6
32dedadf-bc12-46a3-911c-afd089da2e46,b2e463f1-fa7c-4f6f-890d-0cd5676599a8,Company Program Sales And Finance Specialist (Cultura),JA Worldwide,Oct 2022 - Aug 2023 · 11 mos,,,,,,Company Program Sales And Finance Specialist (Cultura) Oct 2022 - Aug 2023 · 11 mos Program ended in April,7
8ceccc21-7302-4522-a426-95ade134ff11,b2e463f1-fa7c-4f6f-890d-0cd5676599a8,Company Program Vice President of Sales (GlaciArmour),JA Worldwide,Oct 2021 - Oct 2022 · 1 yr 1 mo,,,,,,Company Program Vice President of Sales (GlaciArmour) Oct 2021 - Oct 2022 · 1 yr 1 mo Program ended in April,8
a1c3a82d-cb97-4643-b51f-c926f25246ee,b2e463f1-fa7c-4f6f-890d-0cd5676599a8,Junior Executive of Finance,UofC Neuroscience Student Association (NSA),,,Sep 2024,Apr 2025,8 mos,,Junior Executive of Finance UofC Neuroscience Student Association (NSA) Sep 2024 - Apr 2025 · 8 mos,9
c352793c-df92-4eb8-87de-8a36225a710c,b2e463f1-fa7c-4f6f-890d-0cd5676599a8,Vice President of Logistics,Relay For Life,,,Sep 2024,Apr 2025,8 mos,,Vice President of Logistics Relay For Life Sep 2024 - Apr 2025 · 8 mos,10
4dcbff37-0f43-4671-8718-a385309f9225,b2e463f1-fa7c-4f6f-890d-0cd5676599a8,Pharmacy Assistant,Shoppers Drug Mart,On-Call,,Dec 2022,Mar 2024,1 yr 4 mos,,Pharmacy Assistant Shoppers Drug Mart · On-Call Dec 2022 - Mar 2024 · 1 yr 4 mos,11
f4e36b19-b140-4037-a5aa-809a6f67856d,b2e463f1-fa7c-4f6f-890d-0cd5676599a8,Ambassador,Youreka Canada,Apr 2023 - Feb 2024 · 11 mos,,,,,,Ambassador Apr 2023 - Feb 2024 · 11 mos Began in August 2023,12
fdaf5f7f-837b-4f71-bb8e-6e407bf22ed5,b2e463f1-fa7c-4f6f-890d-0cd5676599a8,High School Investigator,Youreka Canada,Feb 2023 - Apr 2023 · 3 mos,,,,,,High School Investigator Feb 2023 - Apr 2023 · 3 mos,13
06e144d1-3799-4b55-bb66-f4def4ffe2e6,b2e463f1-fa7c-4f6f-890d-0cd5676599a8,External Affairs Lead,UBC FinTech,,Remote,Aug 2023,Dec 2023,5 mos,,External Affairs Lead UBC FinTech Aug 2023 - Dec 2023 · 5 mos Remote,14
7c695c75-3ca6-4fae-a9fb-91b35857ce47,61d6dada-0d7d-4b02-8c05-7dc3816c9a49,Usher,University of Calgary,Oct 2025 - Present · 8 mos,,,,,,Usher Oct 2025 - Present · 8 mos UCalgary Theatre Services,0
c8e4cae7-c02a-4f47-a9c6-c5f45bc0d7a4,61d6dada-0d7d-4b02-8c05-7dc3816c9a49,Livestream Operator,University of Calgary,Oct 2025 - Present · 8 mos,,,,,,Livestream Operator Oct 2025 - Present · 8 mos UCalgary Theatre Services,1
47b09bff-2a34-4ec7-8e14-e0630c0bde4d,61d6dada-0d7d-4b02-8c05-7dc3816c9a49,Undergraduate Student Researcher,Hotchkiss Brain Institute,,"Calgary, Alberta, Canada",May 2025,Present,1 yr 1 mo,"Researcher in Dr. Ning Cheng’s lab through MDSC 528, investigating ERK pathway activation through Western blot analysis in Fragile X mouse models to better understand its link to autism spectrum disorder.","Undergraduate Student Researcher Hotchkiss Brain Institute May 2025 - Present · 1 yr 1 mo Calgary, Alberta, Canada Researcher in Dr. Ning Cheng’s lab through MDSC 528, investigating ERK pathway activation through Western blot analysis in Fragile X mouse models to better understand its link to autism spectrum disorder. Western Blotting, Scientific Research and +2 skills",2
15cdc119-280f-4162-9d7a-bb51475c988e,61d6dada-0d7d-4b02-8c05-7dc3816c9a49,Mathematics Tutor,Self Employed,,Hybrid,Apr 2021,Present,5 yrs 2 mos,Provided one-on-one math tutoring to students across a range of levels. Developed personalized lesson plans to target key learning gaps and promote long-term success.,Mathematics Tutor Self Employed Apr 2021 - Present · 5 yrs 2 mos Hybrid Provided one-on-one math tutoring to students across a range of levels. Developed personalized lesson plans to target key learning gaps and promote long-term success. Mentoring and Mathematics Education,3
f6d0ec3b-e0f5-48ef-b084-b85b9fcb791e,61d6dada-0d7d-4b02-8c05-7dc3816c9a49,Mathematics and Science Tutor,Tutor Doctor - Calgary,,"Calgary, Alberta, Canada",Aug 2022,Mar 2025,2 yrs 8 mos,"Tutored students from middle school to high school. Focused on confidence, clarity, and personalized learning plans. Highlights: - Supported students weekly with customized learning plans and tracked academic progress using Excel - Used tools such as Zoom, Google Jamboard, and whiteboards to facilitate interactive sessions - Maintained organized lesson notes, progress records to ensure consistent and structured support - Developed strong relationships with students and families, leading to referrals and return clients - Improved student performance by up to 30% in classes based on test scores and parent feedback","Mathematics and Science Tutor Tutor Doctor - Calgary Aug 2022 - Mar 2025 · 2 yrs 8 mos Calgary, Alberta, Canada Tutored students from middle school to high school. Focused on confidence, clarity, and personalized learning plans. Highlights: - Supported students weekly with customized learning plans and tracked academic progress using Excel - Used tools such as Zoom, Google Jamboard, and whiteboards to facilitate interactive sessions - Maintained organized lesson notes, progress records to ensure",4
0f03cfb2-838b-475d-8e73-26d151a9ba21,61d6dada-0d7d-4b02-8c05-7dc3816c9a49,Service Agent,Rogers Communications,,Remote,Aug 2022,Sep 2024,2 yrs 2 mos,"Provided operational and administrative support for client accounts across Canada in a fast-paced remote environment. Focused on clear communication, efficient resolution, and consistently meeting performance goals. Highlights: - Handled 50+ service inquiries per day, resolving billing/technical issues while maintaining a 100% satisfaction score throughout the role -Worked closely with operation managers to support sales targets and contribute to team-wide performance KPIs - Processed account updates, service requests, and escalations using Salesforce and internal CRM tools (including V21 and Maestro) -Managed timelines and followed through on resolutions by coordinating with internal departments - Used Microsoft Office Suite, Teams, and Zoom for documentation, reporting, and team collaboration - Frequently exceeded sales benchmarks and helped improve overall client experience through disposition rates and follow-up","Service Agent Rogers Communications Aug 2022 - Sep 2024 · 2 yrs 2 mos Remote Provided operational and administrative support for client accounts across Canada in a fast-paced remote environment. Focused on clear communication, efficient resolution, and consistently meeting performance goals. Highlights: - Handled 50+ service inquiries per day, resolving billing/technical issues while maintaining a 100% satisfaction score throughout the role -Worked closely with operation managers to support sale",5
dfb15f34-997c-46d3-8511-765d015ea0e7,abb97cd8-36de-4c7d-ab17-23817efe1904,Conference Assistant,University of Calgary,Contract Full-time,,May 2025,Present,1 yr 1 mo,"Supporting the Conference and Events Team in delivering seamless on-campus experiences through administrative coordination and interdepartmental collaboration. My responsibilities include preparing and sending professional communications, managing booking logistics, assisting with event setup, and compiling reports to ensure smooth event execution. This role allows me to work closely with various university departments while maintaining a high standard of professionalism, organization, and client-facing communication.","Conference Assistant Contract Full-time May 2025 - Present · 1 yr 1 mo Hybrid Supporting the Conference and Events Team in delivering seamless on-campus experiences through administrative coordination and interdepartmental collaboration. My responsibilities include preparing and sending professional communications, managing booking logistics, assisting with event setup, and compiling reports to ensure smooth event execution. This role allows me to work closely with various university departments",0
d03158db-a6f7-4b16-a620-019d6151f5d0,abb97cd8-36de-4c7d-ab17-23817efe1904,Community Ambassador (CA/RA),University of Calgary,Contract Part-time,,Aug 2024,Present,1 yr 10 mos,"- Supported 50+ residents, fostering inclusivity and providing university resource guidance. - Led event planning, promotional content creation, and community engagement via social media. - Managed policy enforcement, emergency response, and on-call duties. - Developed skills in conflict resolution, leadership, and compliance.","Community Ambassador (CA/RA) Contract Part-time Aug 2024 - Present · 1 yr 10 mos Calgary, Alberta, Canada · On-site - Supported 50+ residents, fostering inclusivity and providing university resource guidance. - Led event planning, promotional content creation, and community engagement via social media. - Managed policy enforcement, emergency response, and on-call duties. - Developed skills in conflict resolution, leadership, and compliance. Skills: Communication, Leadership, +4 skills",1
df971b81-7356-4046-a7b1-b434052a3f6f,abb97cd8-36de-4c7d-ab17-23817efe1904,Summer Community Ambassador,University of Calgary,Contract Part-time,,Apr 2025,Present,1 yr 2 mos,Supported the Residence Experience Team over the Summer as a Community Advisor,"Summer Community Ambassador Contract Part-time Apr 2025 - Present · 1 yr 2 mos Calgary, Alberta, Canada · On-site Supported the Residence Experience Team over the Summer as a Community Advisor",2
626a878a-e98b-48f9-bac1-df2df33dad08,abb97cd8-36de-4c7d-ab17-23817efe1904,Sales Associate,UNIQLO,Permanent Part-time,On-site,Jul 2023,Present,2 yrs 11 mos,"- Served as a dynamic salesperson, consistently exceeding weekly sales targets. - Provided exceptional customer service to an average of 50 customers daily, achieving a 95% customer satisfaction rate. - Recognized as the ""Most Thankful Person"" twice, among coworkers for fostering a supportive team environment and demonstrating gratitude for collaboration.","Sales Associate UNIQLO · Permanent Part-time Jul 2023 - Present · 2 yrs 11 mos On-site - Served as a dynamic salesperson, consistently exceeding weekly sales targets. - Provided exceptional customer service to an average of 50 customers daily, achieving a 95% customer satisfaction rate. - Recognized as the ""Most Thankful Person"" twice, among coworkers for fostering a supportive team environment and demonstrating gratitude for collaboration. Sales, Customer Service and +3 skills",3
456f16e0-7e2c-485e-8f83-4e10bbadeb4e,abb97cd8-36de-4c7d-ab17-23817efe1904,Student Researcher,AI Research,,,Feb 2023,Jul 2025,2 yrs 6 mos,,"Student Researcher AI Research Feb 2023 - Jul 2025 · 2 yrs 6 mos - Built an optical character recognition model using a CNN for handwritten text recognition and helped build GUI using Flask (https://github.com/amnaadnan11/Deep-Learning-Based-OCR-Model) - Wrote the project report and conference proceeding - Gained hands-on experience with machine learning and deep learning research (topics: machine learning methods, regression, classification, visual data, deep learning fundamental, CNN, transfer",4
bb5fe1dc-9ac0-4dba-8713-fc7e381f436b,abb97cd8-36de-4c7d-ab17-23817efe1904,Project Director IPE,Enactus UCalgary,,,Jul 2024,Apr 2025,10 mos,,"Project Director IPE Enactus UCalgary Jul 2024 - Apr 2025 · 10 mos IPE envisions fostering a compassionate and inclusive environment where the unique strengths and talents of neurodiverse individuals are recognized and nurtured. Our mission is to empower these individuals to succeed in entrepreneurship and all areas of life, ensuring they feel valued, understood, and confident in achieving their dreams. - Spearheaded the development and delivery of workshops that empower neurodiverse individuals",5
a762cacb-dd20-4d71-838f-dff420aba99b,abb97cd8-36de-4c7d-ab17-23817efe1904,Sales Associate,Steve Madden,Contract Part-time,CF Market Mall · On-site,May 2023,Aug 2023,4 mos,,"Sales Associate Steve Madden · Contract Part-time May 2023 - Aug 2023 · 4 mos CF Market Mall · On-site Sales, Communication and +2 skills",6
bfd1bc29-0098-49b6-b195-7e9bdbecd14b,abb97cd8-36de-4c7d-ab17-23817efe1904,Counter Staff,Tim Hortons,Permanent Part-time,"Calgary, Alberta, Canada",Apr 2023,Jun 2023,3 mos,,"Counter Staff Tim Hortons · Permanent Part-time Apr 2023 - Jun 2023 · 3 mos Calgary, Alberta, Canada",7
eb8e4812-284d-4b34-9de4-a17b2c3cf625,243b2072-1c3f-41c3-8d48-e9cbf31365dc,"Manager, Communications",Hotchkiss Brain Institute,Mar 2025 - Present · 1 yr 3 mos,,,,,,"Manager, Communications Mar 2025 - Present · 1 yr 3 mos",0
e489e8e0-5f53-4149-92ee-067e0e29fa26,243b2072-1c3f-41c3-8d48-e9cbf31365dc,Logistics Coordinator,Hotchkiss Brain Institute,Jun 2022 - Apr 2025 · 2 yrs 11 mos,,,,,,Logistics Coordinator Jun 2022 - Apr 2025 · 2 yrs 11 mos,1
63c2679f-32a2-4f49-9c60-ce37ebea7ff1,243b2072-1c3f-41c3-8d48-e9cbf31365dc,Executive Assistant,Hotchkiss Brain Institute,Jun 2017 - Apr 2025 · 7 yrs 11 mos,,,,,,Executive Assistant Jun 2017 - Apr 2025 · 7 yrs 11 mos,2
ba841e72-a2f5-4744-b876-22733af430f4,243b2072-1c3f-41c3-8d48-e9cbf31365dc,Administrative Assistant,University of Calgary,,,Sep 2016,Jun 2017,10 mos,,Administrative Assistant University of Calgary Sep 2016 - Jun 2017 · 10 mos,3
50963be2-5ab1-404f-95b4-57bd90d09b15,243b2072-1c3f-41c3-8d48-e9cbf31365dc,Administrative Assistant,Trilogy Energy Corp.,,Greater Calgary Metropolitan Area,Mar 2014,Sep 2016,2 yrs 7 mos,"• Provided administrative and reception support to the entire company. • Successfully performed reception duties including interoffice mail, redirecting phone calls, greeting visitors, maintenance requests, while completing administrative tasks under tight deadlines. • Oversaw planning, catering, and set up of various meetings, including two AGMs and multiple Board and Vendor Meetings. • Produced graphic design for marketing materials, presentations, company newsletters, company catalogs,Quarterly Reports and created the 2014 Annual Report. • Responsible for all company events, including the 2014 Christmas Party, the 2014 Stampede Party, as well as other smaller inner-office events. • Continuously managed administrative workload while performing various ad-hoc tasks for multiple departments, including Management. • Liaised with vendors for promotional materials and venue bookings. • Managed tracking and organization of various company assets, including training materials, purchased company art, and company field vehicles. • Streamlined Reception training materials and organization to aid in easier on-boarding of new employees","Administrative Assistant Trilogy Energy Corp. Mar 2014 - Sep 2016 · 2 yrs 7 mos Greater Calgary Metropolitan Area • Provided administrative and reception support to the entire company. • Successfully performed reception duties including interoffice mail, redirecting phone calls, greeting visitors, maintenance requests, while completing administrative tasks under tight deadlines. • Oversaw planning, catering, and set up of various meetings, including two AGMs and multiple Board and Vendor Meeting",4
720a023b-8429-4ef3-917b-e2849dec3aec,243b2072-1c3f-41c3-8d48-e9cbf31365dc,"Project Lead, Content Designer",ICOM Productions,,Greater Calgary Metropolitan Area,Sep 2011,Mar 2014,2 yrs 7 mos,"•Animated Flash courses for clients including SAIT, Husky, Golder and BHP Billiton. • Designed course content to be both visually appealing and informative. • Obtained advance skills in Adobe Flash within two weeks despite having no previous program experience. • Excelled at both leadership and content creation leading to an early promotion. • Created and deployed courses dealing with both technical and compliance related content. • Successfully managed multiple projects and time lines within the project management tool Attask. • Led teams consisting of up to five members, ensuring a high quality product was produced and delivered to the client. • Consistently met both internal and external deadlines.","Project Lead, Content Designer ICOM Productions Sep 2011 - Mar 2014 · 2 yrs 7 mos Greater Calgary Metropolitan Area •Animated Flash courses for clients including SAIT, Husky, Golder and BHP Billiton. • Designed course content to be both visually appealing and informative. • Obtained advance skills in Adobe Flash within two weeks despite having no previous program experience. • Excelled at both leadership and content creation leading to an early promotion. • Created and deployed courses dealing w",5
9a7e00d7-2ddf-4458-a49d-8953fd44a32b,243b2072-1c3f-41c3-8d48-e9cbf31365dc,SharePoint Consultant/Research and Administrative Assistant,Ideaca,,,Jan 2010,Sep 2011,1 yr 9 mos,,"SharePoint Consultant/Research and Administrative Assistant Ideaca Jan 2010 - Sep 2011 · 1 yr 9 mos • Worked as a Business Analyst to create, support and brand SharePoint sites. • Interacted closely with clients to gather needs and visualize requirements for SharePoint sites, company intranet pages and internal training documents. • Provided professional and courteous Help Desk support for a client’s internal SharePoint site. • Gathered requirements, implemented and designed training materials f",6
ba9238da-8f91-4fd4-b828-4fb12006e0d4,243b2072-1c3f-41c3-8d48-e9cbf31365dc,Transfer Coordinator,Olympia Trust Company,,Calgary Alberta,Apr 2009,Jan 2010,10 mos,"•Worked in a fast paced and detail heavy environment, consistently met deadlines and ensured proper transfer procedures were met. • Successfully coordinated and processed the transfer of securities for clients and corporations. • Interacted closely with clients answering questions and providing support in regards to the transfer process. • Accurately entered data into specialized securities software.","Transfer Coordinator Olympia Trust Company Apr 2009 - Jan 2010 · 10 mos Calgary Alberta •Worked in a fast paced and detail heavy environment, consistently met deadlines and ensured proper transfer procedures were met. • Successfully coordinated and processed the transfer of securities for clients and corporations. • Interacted closely with clients answering questions and providing support in regards to the transfer process. • Accurately entered data into specialized securities software.",7
12992a25-7ea4-4242-b3aa-c92d9ba5af54,243b2072-1c3f-41c3-8d48-e9cbf31365dc,Data Entry Donor Services (Temp. Position),United Way of Calgary,,Greater Calgary Metropolitan Area,Dec 2008,Jan 2009,2 mos,"• Data entry and coding of donations received • Researched constitution information/current demographics • Handled confidential materials • Maintained a keen eye for accuracy, and handled a fast paced environment","Data Entry Donor Services (Temp. Position) United Way of Calgary Dec 2008 - Jan 2009 · 2 mos Greater Calgary Metropolitan Area • Data entry and coding of donations received • Researched constitution information/current demographics • Handled confidential materials • Maintained a keen eye for accuracy, and handled a fast paced environment",8
6a21c4f0-ebd0-496c-aa27-3744cc8b980e,243b2072-1c3f-41c3-8d48-e9cbf31365dc,Receptionist/Administration/Data Entry,The Personnel Department,,Greater Calgary Metropolitan Area,2006,2008,2 yrs,"Worked at various positions as a temp worker with the following responsibilities: • Responsible for directing all incoming calls and greeting clients and visitors • Processed and distributed well production reports for an Oil and Gas Firm • Mailed correspondences and ordered office supplies • Compiled information and presented data • Researched and developed training materials • Assisted in sales reports and various projects, both internal and external • Dealt with sensitive and confidential materials • Various reception duties, including travel arrangements and catering",Receptionist/Administration/Data Entry The Personnel Department 2006 - 2008 · 2 yrs Greater Calgary Metropolitan Area Worked at various positions as a temp worker with the following responsibilities: • Responsible for directing all incoming calls and greeting clients and visitors • Processed and distributed well production reports for an Oil and Gas Firm • Mailed correspondences and ordered office supplies • Compiled information and presented data • Researched and developed training materials • ,9
82a0640b-b851-4b12-adf1-2046dccd0e75,92b379c6-3c0a-4620-a98b-6b023aa0806f,Doctoral Researcher,Hotchkiss Brain Institute,,"Calgary, Alberta, Canada",May 2022,Present,4 yrs 1 mo,,"Doctoral Researcher Hotchkiss Brain Institute May 2022 - Present · 4 yrs 1 mo Calgary, Alberta, Canada Neuromodulation",0
d19a7e93-2083-4a1f-8eee-64cbd333d783,92b379c6-3c0a-4620-a98b-6b023aa0806f,Neuroscience Researcher,"Ontario Veterinary College, University of Guelph",,"Guelph, Ontario, Canada",Sep 2020,Jan 2022,1 yr 5 mos,,"Neuroscience Researcher Ontario Veterinary College, University of Guelph Sep 2020 - Jan 2022 · 1 yr 5 mos Guelph, Ontario, Canada",1
e7e5459f-3290-4008-9952-62a0cce73991,92b379c6-3c0a-4620-a98b-6b023aa0806f,Pharmacology Graduate Teaching Assistant,University of Guelph,,,Sep 2020,Dec 2021,1 yr 4 mos,,Pharmacology Graduate Teaching Assistant University of Guelph Sep 2020 - Dec 2021 · 1 yr 4 mos,2
07e684ba-68d6-4603-85a0-b82462fb7209,92b379c6-3c0a-4620-a98b-6b023aa0806f,Nutrition Consultant,Apex Nutrition,,,Jun 2018,Mar 2019,10 mos,,Nutrition Consultant Apex Nutrition Jun 2018 - Mar 2019 · 10 mos,3
72a894fb-8e58-490e-a615-ab1bef36d778,92b379c6-3c0a-4620-a98b-6b023aa0806f,Undergraduate Science Tutor,University of Guelph,Jun 2015 - Apr 2018 · 2 yrs 11 mos,,,,,,"Undergraduate Science Tutor Jun 2015 - Apr 2018 · 2 yrs 11 mos Guelph, Ontario, Canada",4
8c90f1c3-9fc1-4d14-abcd-4b93545b3e01,92b379c6-3c0a-4620-a98b-6b023aa0806f,Undergraduate Research Assistant,University of Guelph,Apr 2017 - Sep 2017 · 6 mos,,,,,,Undergraduate Research Assistant Apr 2017 - Sep 2017 · 6 mos,5
189da0e2-7004-4cd9-a90a-6fce0cf27fbd,92b379c6-3c0a-4620-a98b-6b023aa0806f,MCAT Lead Marketer,Prep101,,"Guelph, Ontario, Canada",Aug 2016,Apr 2017,9 mos,,"MCAT Lead Marketer Prep101 Aug 2016 - Apr 2017 · 9 mos Guelph, Ontario, Canada",6
6648f5bf-e42f-4160-89d6-b66d870048bf,d93bf6ad-efae-4411-9708-bdff1c9fe891,Research Assistant,Hotchkiss Brain Institute,,"Calgary, Alberta, Canada",Jul 2023,Present,2 yrs 11 mos,,"Research Assistant Hotchkiss Brain Institute Jul 2023 - Present · 2 yrs 11 mos Calgary, Alberta, Canada",0
2b6e706c-ed23-4199-80fe-0360aad388a8,d93bf6ad-efae-4411-9708-bdff1c9fe891,Research Assistant II,University of Guelph,Contract Full-time,,May 2022,Jul 2023,1 yr 3 mos,,"Research Assistant II Contract Full-time May 2022 - Jul 2023 · 1 yr 3 mos Guelph, Ontario, Canada · On-site Skills: Technical Reports, Polymerase Chain Reaction (PCR), +2 skills",1
27ffc702-337c-45fa-b088-62083d3e8378,d93bf6ad-efae-4411-9708-bdff1c9fe891,Honours Thesis,University of Guelph,Sep 2021 - Apr 2022 · 8 mos,,,,,"•Currently establishing a model that aims to restore the damaged neural circuitry of a rat ex vivo model of ischemic stroke, through the use of neuron transplantation, neural activity measurement and optogenetics. • Techniques include: organotypic hippocampal (HPC) slice culture, embryonic cortical neuron culture, multi-electrode array (MEA) recording, immunocytochemistry, western blotting, and viral transduction.","Honours Thesis Sep 2021 - Apr 2022 · 8 mos Ryan Lab - Molecular & Cellular Bio •Currently establishing a model that aims to restore the damaged neural circuitry of a rat ex vivo model of ischemic stroke, through the use of neuron transplantation, neural activity measurement and optogenetics. • Techniques include: organotypic hippocampal (HPC) slice culture, embryonic cortical neuron culture, multi-electrode array (MEA) recording, immunocytochemistry, western blotting, and viral transduction.",2
6b215a15-eac4-4c3f-ac67-584acb7606f3,d93bf6ad-efae-4411-9708-bdff1c9fe891,Undergraduate Research Assistant,University of Guelph,Contract Full-time,,May 2021,Aug 2021,4 mos,"Summer Project Placement: •Attempted to develop a high-throughput microscopic screening tool for the SARS-COV-2 virus using a database of small molecule drugs. •Developed proficiency in cell culture techniques for human embryonic kidney (HEK-293T) cells, and cortical neurons. •Experience with handling live virus, including lentiviral vectors for SARS-COV-2. •Developed positive and negative controls to optimize the high-throughput screening tool through various experiments to induce autophagy in HEK-293T cells.","Undergraduate Research Assistant Contract Full-time May 2021 - Aug 2021 · 4 mos Ryan Lab - Molecular & Cellular Bio Summer Project Placement: •Attempted to develop a high-throughput microscopic screening tool for the SARS-COV-2 virus using a database of small molecule drugs. •Developed proficiency in cell culture techniques for human embryonic kidney (HEK-293T) cells, and cortical neurons. •Experience with handling live virus, including lentiviral vectors for SARS-COV-2. •Developed positive and ",3
1366fb7c-c145-4166-8447-83706ef0ced7,d93bf6ad-efae-4411-9708-bdff1c9fe891,Residence Assistant,University of Guelph,Sep 2019 - Apr 2021 · 1 yr 8 mos,,,,,"Residence leader responsible for the management of 65 students in the residence community. Themed program planning, facilitating meetings, conducting rounds of the residence, and responding to students’ concerns and needs.","Residence Assistant Sep 2019 - Apr 2021 · 1 yr 8 mos Guelph, Ontario Residence leader responsible for the management of 65 students in the residence community. Themed program planning, facilitating meetings, conducting rounds of the residence, and responding to students’ concerns and needs.",4
6976212b-988d-4723-a5bb-32043c48adc1,d93bf6ad-efae-4411-9708-bdff1c9fe891,Laboratory Assistant,Animal Health Laboratory - Bacteriology,Part-time,"Guelph, Ontario",Oct 2019,May 2022,2 yrs 8 mos,"•Member of a team providing comprehensive diagnostic bacteriology services to the OVC Health Sciences Centre, practicing veterinarians, researchers, and industry across Canada. •Isolated and identified various bacterial organisms via the use of MALDI-TOF Mass Spectrometry technology. •Proficient in the use of advanced laboratory equipment including incubators, isoplaters and anaerobic chambers and techniques such as ELISA for Clostridium bacteria, inoculating agar plates, slopes and media, pipette use, serial dilution and staining slides for analysis (Gram, MAF). •Clinical, Hatchery and Mastitis specimen preparation for culture. •Performed data logging through Microsoft (Excel, Word) and Laboratory Information Management System (LIMS) Labvantage6 software. •Effectively assisted clients with inquiries and coordinated between departments, when necessary, in a timely manner.","Laboratory Assistant Animal Health Laboratory - Bacteriology · Part-time Oct 2019 - May 2022 · 2 yrs 8 mos Guelph, Ontario •Member of a team providing comprehensive diagnostic bacteriology services to the OVC Health Sciences Centre, practicing veterinarians, researchers, and industry across Canada. •Isolated and identified various bacterial organisms via the use of MALDI-TOF Mass Spectrometry technology. •Proficient in the use of advanced laboratory equipment including incubators, isoplaters and",5
922e59ef-082d-4bd9-b3a6-83b2e1f41c5a,28009f57-6b6a-4100-9a98-3408978540af,Senior Medical Director,Recovery Alberta,Permanent Full-time,,Nov 2025,Present,7 mos,,Senior Medical Director Permanent Full-time Nov 2025 - Present · 7 mos,0
e390f864-36fd-43be-a16e-74080914b2c3,28009f57-6b6a-4100-9a98-3408978540af,"Interim Senior Medical Lead, Addiction Services",Recovery Alberta,Jul 2025 - Nov 2025 · 5 mos,,,,,,"Interim Senior Medical Lead, Addiction Services Jul 2025 - Nov 2025 · 5 mos Alberta, Canada",1
20e63e5c-5ae7-4507-8ef5-1dc425c8c71e,28009f57-6b6a-4100-9a98-3408978540af,"Interim Senior Medical Lead, Compassionate Intervention",Recovery Alberta,Apr 2025 - Nov 2025 · 8 mos,,,,,,"Interim Senior Medical Lead, Compassionate Intervention Apr 2025 - Nov 2025 · 8 mos Alberta, Canada",2
7f7c4200-ba2b-4196-853b-823dce9e3b8f,28009f57-6b6a-4100-9a98-3408978540af,Director,Canadian Academy for Addiction Psychiatry,,,Aug 2024,Present,1 yr 10 mos,,Director Canadian Academy for Addiction Psychiatry Aug 2024 - Present · 1 yr 10 mos,3
f5278649-3433-4f54-b869-04a19f87da78,28009f57-6b6a-4100-9a98-3408978540af,Director,Impact Society,,"Calgary, Alberta, Canada",May 2024,Present,2 yrs 1 mo,,"Director Impact Society May 2024 - Present · 2 yrs 1 mo Calgary, Alberta, Canada",4
a0202493-5f50-4b53-9d4c-a72acfa96eb4,28009f57-6b6a-4100-9a98-3408978540af,Board Member,Criminal Code Review Board Alberta,,"Alberta, Canada",Nov 2023,Present,2 yrs 7 mos,,"Board Member Criminal Code Review Board Alberta Nov 2023 - Present · 2 yrs 7 mos Alberta, Canada",5
2def2724-12ec-4a1f-bde5-3178d90450f3,28009f57-6b6a-4100-9a98-3408978540af,Commissioner,Calgary Police Commission,,"Calgary, Alberta, Canada",May 2023,Present,3 yrs 1 mo,"Board Governance, Strategic Leadership and +1 skill","Commissioner Calgary Police Commission May 2023 - Present · 3 yrs 1 mo Calgary, Alberta, Canada Board Governance, Strategic Leadership and +1 skill",6
297cf49b-aa26-4a14-b2b0-b254abe946c2,28009f57-6b6a-4100-9a98-3408978540af,"Co-Founder, Alberta RAAM Community Program",Alberta Health Services,Nov 2019 - Present · 6 yrs 7 mos,,,,,,"Co-Founder, Alberta RAAM Community Program Nov 2019 - Present · 6 yrs 7 mos Calgary, Alberta, Canada",7
f52a2ad0-dde4-4a12-bf78-8877430108b1,28009f57-6b6a-4100-9a98-3408978540af,Alberta Pain Strategy Co-Chair,Alberta Health Services,Apr 2020 - Oct 2025 · 5 yrs 7 mos,,,,,,"Alberta Pain Strategy Co-Chair Apr 2020 - Oct 2025 · 5 yrs 7 mos Alberta, Canada",8
8f015d8b-f26f-47a2-a060-b109d9fbfa9e,28009f57-6b6a-4100-9a98-3408978540af,Founder- Opioid Deprescribing Pain Program,Alberta Health Services,2016 - Apr 2021 · 5 yrs 4 mos,,,,,,Founder- Opioid Deprescribing Pain Program 2016 - Apr 2021 · 5 yrs 4 mos,9
8ff1ae0c-26c1-47fc-a0d5-c01f06402711,28009f57-6b6a-4100-9a98-3408978540af,"Medical Lead, Alberta Addiction Education Sessions",Alberta Health Services,Sep 2019 - Mar 2021 · 1 yr 7 mos,,,,,,"Medical Lead, Alberta Addiction Education Sessions Sep 2019 - Mar 2021 · 1 yr 7 mos",10
2aad28c7-f6d2-47ee-9f85-9f3eb4fbefce,28009f57-6b6a-4100-9a98-3408978540af,"Provincial Medical Lead, Opioid Dependency Training",Alberta Health Services,2017 - Sep 2019 · 2 yrs 9 mos,,,,,,"Provincial Medical Lead, Opioid Dependency Training 2017 - Sep 2019 · 2 yrs 9 mos Alberta",11
4f0a5ba9-a936-43b2-a0fa-99bfed91bd90,28009f57-6b6a-4100-9a98-3408978540af,Psychiatrist - DBT,Alberta Health Services,2016 - Jan 2018 · 2 yrs 1 mo,,,,,,"Psychiatrist - DBT 2016 - Jan 2018 · 2 yrs 1 mo Calgary, Alberta, Canada",12
e7070793-f7c4-48eb-b6b3-9ac38302f36c,28009f57-6b6a-4100-9a98-3408978540af,Co-Chair,Western Canada Addiction Forum,Co-op,Canada,Jan 2021,Present,5 yrs 5 mos,,Co-Chair Western Canada Addiction Forum · Co-op Jan 2021 - Present · 5 yrs 5 mos Canada,13
08d7f4e0-57de-4391-b374-07d5b71c1422,28009f57-6b6a-4100-9a98-3408978540af,Member,Hotchkiss Brain Institute,,"Calgary, Alberta, Canada",Oct 2018,Present,7 yrs 8 mos,,"Member Hotchkiss Brain Institute Oct 2018 - Present · 7 yrs 8 mos Calgary, Alberta, Canada",14
dd5d1600-3204-4e31-8e20-0f14c92e5ec6,28009f57-6b6a-4100-9a98-3408978540af,Clinical Assistant Professor,University of Calgary,,Departments of Psychiatry and Surgery,2018,Present,8 yrs 5 mos,,Clinical Assistant Professor University of Calgary 2018 - Present · 8 yrs 5 mos Departments of Psychiatry and Surgery,15
9a19cc78-c75e-4b45-9e5f-e0089ba4b293,28009f57-6b6a-4100-9a98-3408978540af,Director,Alberta Association of Police Governance (AAPG),,"Alberta, Canada",Jan 2024,Jan 2025,1 yr 1 mo,,"Director Alberta Association of Police Governance (AAPG) Jan 2024 - Jan 2025 · 1 yr 1 mo Alberta, Canada Board of Directors",16
8a4e856d-ba0b-43b9-bbe4-8494c72cac70,2c9beb01-eb2c-4e00-b3b8-888aad09b85b,Associate Researcher,Hotchkiss Brain Institute,Full-time,,Aug 2020,Present,5 yrs 10 mos,,Associate Researcher Full-time Aug 2020 - Present · 5 yrs 10 mos,0
dce313c1-b172-469d-a304-5889a96408bd,2c9beb01-eb2c-4e00-b3b8-888aad09b85b,Student Researcher,Hotchkiss Brain Institute,Jan 2017 - Aug 2020 · 3 yrs 8 mos,,,,,,Student Researcher Jan 2017 - Aug 2020 · 3 yrs 8 mos Greater Calgary Metropolitan Area,1
0dd4490c-4e4c-46ea-b37a-d79bc5f4ace2,2c9beb01-eb2c-4e00-b3b8-888aad09b85b,Member Services Representative,YMCA Calgary,Part-time,Greater Calgary Metropolitan Area,Mar 2016,May 2017,1 yr 3 mos,,Member Services Representative YMCA Calgary · Part-time Mar 2016 - May 2017 · 1 yr 3 mos Greater Calgary Metropolitan Area,2
c48a925e-289b-4ec1-af8f-b29cab5691aa,41601368-5883-4c8c-acc3-410a620df99c,Translational research and precision medicine journal club chair,Hotchkiss Brain Institute,,Canada · Hybrid,Nov 2024,Present,1 yr 7 mos,,"Translational research and precision medicine journal club chair Hotchkiss Brain Institute Nov 2024 - Present · 1 yr 7 mos Canada · Hybrid Clinical Research, Medical Science and +2 skills",0
0bc46cf4-b160-44bb-89cf-ceb346f9efa7,41601368-5883-4c8c-acc3-410a620df99c,Volunteer,Alberta Health Services,,Canada,Jan 2024,Apr 2026,2 yrs 4 mos,,"Volunteer Alberta Health Services Jan 2024 - Apr 2026 · 2 yrs 4 mos Canada Voluntary Sector, Patient Experience and +1 skill",1
33b35a03-a63f-493c-80c4-fa4853f50887,41601368-5883-4c8c-acc3-410a620df99c,General Practitioner,WeCare ET,Contract Part-time,Ethiopia · Remote,Aug 2023,Apr 2026,2 yrs 9 mos,"Primary Care, Good Clinical Practice (GCP) and +7 skills","General Practitioner WeCare ET · Contract Part-time Aug 2023 - Apr 2026 · 2 yrs 9 mos Ethiopia · Remote Telemedicine Primary Care, Good Clinical Practice (GCP) and +7 skills",2
0b2e04d8-252d-4972-8b36-dc3176cd1e25,41601368-5883-4c8c-acc3-410a620df99c,Fellow,HaloHealth,,"Medtech, Startups and +2 skills",Apr 2025,Oct 2025,7 mos,,"Fellow HaloHealth Apr 2025 - Oct 2025 · 7 mos Medtech, Startups and +2 skills",3
2b702fb2-94c0-4c3e-8526-3e1c3351e990,41601368-5883-4c8c-acc3-410a620df99c,Research Volunteer,POET Oncology,,"Calgary, Alberta, Canada",Mar 2024,Dec 2024,10 mos,,"Research Volunteer POET Oncology Mar 2024 - Dec 2024 · 10 mos Calgary, Alberta, Canada Data Collection, Clinical Operations and +9 skills",4
024a818f-25c2-454b-9264-1b4dbb7df270,41601368-5883-4c8c-acc3-410a620df99c,Medical Doctor,Haramaya University,Permanent Full-time,,May 2021,Nov 2023,2 yrs 7 mos,,"Medical Doctor Permanent Full-time May 2021 - Nov 2023 · 2 yrs 7 mos Academic General Practitioner Skills: Healthcare Leadership, Clinical Operations, +35 skills",5
4b74f49a-4999-4334-8f4a-b9e460eb63b4,41601368-5883-4c8c-acc3-410a620df99c,General Practitioner,Haramaya University,Full-time,,May 2021,Oct 2023,2 yrs 6 mos,General Practitioner at Hiwot Fana Comprehensive Specialized Hospital,"General Practitioner Full-time May 2021 - Oct 2023 · 2 yrs 6 mos Harar, Ethiopia General Practitioner at Hiwot Fana Comprehensive Specialized Hospital Skills: Advanced Trauma Life Support (ATLS), Basic Life Support (BLS), +26 skills",6
6e95ddc4-8544-4d37-9617-0cb9568963c8,41601368-5883-4c8c-acc3-410a620df99c,Executive Director,Multiprofessionals Humanitarian Organization (MpHO),Jan 2022 - Sep 2023 · 1 yr 9 mos,,,,,,"Executive Director Jan 2022 - Sep 2023 · 1 yr 9 mos Skills: Leadership, Data Entry, +23 skills",7
84cd9539-3e12-4808-b280-becce87f7a1e,41601368-5883-4c8c-acc3-410a620df99c,Co-Founder and Chairman of board,Multiprofessionals Humanitarian Organization (MpHO),Full-time,,Aug 2021,Jan 2022,6 mos,,"Co-Founder and Chairman of board Full-time Aug 2021 - Jan 2022 · 6 mos Skills: Strategic Initiatives, Relationship Building, +2 skills",8
26bd3a08-2c6f-4a1d-9f62-94573c7d5c41,41601368-5883-4c8c-acc3-410a620df99c,Medical Intern,Haramaya University,Internship,"Harar, Ethiopia · On-site",Nov 2019,Mar 2021,1 yr 5 mos,"Clinical Skills, Good Clinical Practice (GCP) and +14 skills","Medical Intern Haramaya University · Internship Nov 2019 - Mar 2021 · 1 yr 5 mos Harar, Ethiopia · On-site Clinical Skills, Good Clinical Practice (GCP) and +14 skills",9
7dbf321b-baf2-41bf-b8c9-d338cde35c50,1f1f4f23-4334-4f7d-8036-fa26d1c08d07,Student Researcher,Hotchkiss Brain Institute,,Alzheimer’s Disease Research,Sep 2025,Present,9 mos,,Student Researcher Hotchkiss Brain Institute Sep 2025 - Present · 9 mos Alzheimer’s Disease Research Data Analysis and Hands-on Research,0
3f11b58c-5402-44e2-b22a-3d434babc545,1f1f4f23-4334-4f7d-8036-fa26d1c08d07,Women’s Basketball Coach,Akram Jomaa Youth,,,Aug 2025,Present,10 mos,,Women’s Basketball Coach Akram Jomaa Youth Aug 2025 - Present · 10 mos,1
77982eb6-c80d-44e6-9ae9-4b88d2eac141,1f1f4f23-4334-4f7d-8036-fa26d1c08d07,Présidente,La Société Française,,French club for University of Calgary students,May 2025,Present,1 yr 1 mo,,Présidente La Société Française May 2025 - Present · 1 yr 1 mo French club for University of Calgary students Teamwork and Initiative,2
9401841d-e4dc-40e5-a496-e5d9c2078aae,1f1f4f23-4334-4f7d-8036-fa26d1c08d07,Project Lead,Maskan Family Association,Contract Full-time,,Dec 2025,May 2026,6 mos,"Supervised 9+ facilitators in Calgary and Edmonton in workshop training and organizing for 150+ attendees. Tailored workshop delivery using culturally responsive facilitation, plain English, and visual-based learning strategies, increasing participant comprehension and engagement across immigrant communities.","Project Lead Contract Full-time Dec 2025 - May 2026 · 6 mos Supervised 9+ facilitators in Calgary and Edmonton in workshop training and organizing for 150+ attendees. Tailored workshop delivery using culturally responsive facilitation, plain English, and visual-based learning strategies, increasing participant comprehension and engagement across immigrant communities. Skills: Teamwork, Initiative, +1 skill",3
573185d5-a060-43c0-907d-91f58d46c6d0,1f1f4f23-4334-4f7d-8036-fa26d1c08d07,Workshop Facilitator: Immigrant Youth Leading Change,Maskan Family Association,May 2025 - Dec 2025 · 8 mos,,,,,,"Workshop Facilitator: Immigrant Youth Leading Change May 2025 - Dec 2025 · 8 mos Organized and presented gender-based violence workshops to 9 University of Calgary student clubs, promoting awareness of recognition, response, and bystander intervention strategies. Skills: Teamwork, Initiative",4
fa4df5b2-fd42-4592-bbfb-cf07607044cf,1f1f4f23-4334-4f7d-8036-fa26d1c08d07,Undergraduate Researcher,"School of Languages, Linguistics, Literatures and Cultures, University of Calgary",,,Sep 2025,Dec 2025,4 mos,,"Undergraduate Researcher School of Languages, Linguistics, Literatures and Cultures, University of Calgary Sep 2025 - Dec 2025 · 4 mos Conducted a comprehensive literature review on autism, including clinical definitions and neurodiversity scholarship, and applied film analysis methods to evaluate portrayals of autism in television and film across diverse regions, informed by expert perspectives. Presented research findings on representations of autism in media through a poster presentation to t",5
bd986339-247b-423b-a1b5-9b47e2110419,1f1f4f23-4334-4f7d-8036-fa26d1c08d07,Vice President Internal,Think for Actions,,University of Calgary,Sep 2024,Sep 2025,1 yr 1 mo,"A Student Union club dedicated to research, mentorship, networking and professional development opportunities.","Vice President Internal Think for Actions Sep 2024 - Sep 2025 · 1 yr 1 mo University of Calgary A Student Union club dedicated to research, mentorship, networking and professional development opportunities.",6
efd06ebc-5585-445c-9528-4c1ec332d159,1f1f4f23-4334-4f7d-8036-fa26d1c08d07,Research Assistant,CPSG Maskan,Seasonal,,Jul 2022,Nov 2022,5 mos,,Research Assistant CPSG Maskan · Seasonal Jul 2022 - Nov 2022 · 5 mos Healing Together: Preventing and Addressing Family Violence through Cultural Competence Social Research and Research Skills,7
37945238-a8c9-4cd0-af45-1086c5d348ff,03db3f72-1adc-4d08-bdde-9864a58cb2a6,Graduate Research Assistant,University of Calgary,Sep 2021 - Present · 4 yrs 9 mos,,,,,,Graduate Research Assistant Sep 2021 - Present · 4 yrs 9 mos Canada,0
b6d281a1-5bfd-4ab4-b56d-d99ca290b5ea,03db3f72-1adc-4d08-bdde-9864a58cb2a6,Graduate Teaching Assistant,University of Calgary,Feb 2026 - May 2026 · 4 mos,,,,,,Graduate Teaching Assistant Feb 2026 - May 2026 · 4 mos ENEL 327 - Signals and Transforms,1
d11639e6-7249-495d-a7b7-a7ad9069b68e,03db3f72-1adc-4d08-bdde-9864a58cb2a6,Head Teaching Assistant,University of Calgary,Sep 2025 - Jan 2026 · 5 mos,,,,,ENGG 225 - Fundamentals of Electrical Circuits and Machines,"Head Teaching Assistant Sep 2025 - Jan 2026 · 5 mos Calgary, Alberta, Canada ENGG 225 - Fundamentals of Electrical Circuits and Machines",2
81607935-ffdc-42ee-8f49-6b58855633b5,03db3f72-1adc-4d08-bdde-9864a58cb2a6,Graduate Teaching Assistant,University of Calgary,Sep 2024 - Dec 2024 · 4 mos,,,,,,"Graduate Teaching Assistant Sep 2024 - Dec 2024 · 4 mos Calgary, Alberta, Canada BMEG 619 - Intro Scientific Programming",3
3eeb1c01-3d95-4ba4-a0d9-fbb2db3440bf,03db3f72-1adc-4d08-bdde-9864a58cb2a6,Graduate Teaching Assistant,University of Calgary,Sep 2023 - Dec 2023 · 4 mos,,,,,,"Graduate Teaching Assistant Sep 2023 - Dec 2023 · 4 mos Calgary, Alberta, Canada BMEG 619 - Intro Scientific Programming",4
39ed9155-9e91-4756-a426-253c9ef3c303,03db3f72-1adc-4d08-bdde-9864a58cb2a6,Graduate Teaching Assistant,University of Calgary,Jan 2022 - Apr 2022 · 4 mos,,,,,,"Graduate Teaching Assistant Jan 2022 - Apr 2022 · 4 mos Calgary, Alberta, Canada ENEL 343 - Circuits II",5
59d2248a-db85-4c1a-ae49-b52e866b0a00,03db3f72-1adc-4d08-bdde-9864a58cb2a6,Graduate Student Research Assistant,Hotchkiss Brain Institute,,,Sep 2021,Present,4 yrs 9 mos,,Graduate Student Research Assistant Hotchkiss Brain Institute Sep 2021 - Present · 4 yrs 9 mos,6
e715a831-3d53-44f5-ba7d-2ee88c12063a,03db3f72-1adc-4d08-bdde-9864a58cb2a6,Graduate Student Research Assistant,Alberta Children's Hospital Foundation,,"Calgary, Alberta, Canada",Sep 2021,Present,4 yrs 9 mos,,"Graduate Student Research Assistant Alberta Children's Hospital Foundation Sep 2021 - Present · 4 yrs 9 mos Calgary, Alberta, Canada",7
832ccd84-f98a-427b-8c74-c1cc0ae556da,03db3f72-1adc-4d08-bdde-9864a58cb2a6,Graduate Research Assistant,Sharif University of Technology,Sep 2018 - Jul 2021 · 2 yrs 11 mos,,,,,,Graduate Research Assistant Sep 2018 - Jul 2021 · 2 yrs 11 mos,8
5f21906c-4776-4855-a8d8-6e0f80f29112,03db3f72-1adc-4d08-bdde-9864a58cb2a6,Graduate Teaching Assistant,Sharif University of Technology,Sep 2019 - Jan 2020 · 5 mos,,,,,,Graduate Teaching Assistant Sep 2019 - Jan 2020 · 5 mos Digital Signal Processing (DSP),9
252538bd-7786-4cfe-81af-a8768dcfd2b9,03db3f72-1adc-4d08-bdde-9864a58cb2a6,Student Intern,Avecinna,,Iran,Aug 2018,Dec 2018,5 mos,,"Student Intern Avecinna Aug 2018 - Dec 2018 · 5 mos Iran Matlab, Signal Processing and +2 skills",10
b6308972-67dc-44fc-a446-dd0a11bcc486,03db3f72-1adc-4d08-bdde-9864a58cb2a6,Research Intern,ScienceBeam,Internship,Iran,May 2018,Aug 2018,4 mos,,"Research Intern ScienceBeam · Internship May 2018 - Aug 2018 · 4 mos Iran Matlab, Brain-computer Interfaces and +2 skills",11
354b2aa0-138c-4a9d-a069-b445f4931751,03db3f72-1adc-4d08-bdde-9864a58cb2a6,Student Intern,shariati hospital,Internship,Iran,May 2017,Aug 2017,4 mos,"Computer Hardware Troubleshooting, Software Development and +2 skills","Student Intern shariati hospital · Internship May 2017 - Aug 2017 · 4 mos Iran Computer Hardware Troubleshooting, Software Development and +2 skills",12
8cee668b-db75-43ea-ad65-876fbc5a5dc8,f67871d0-cfe5-445d-bc2a-67b84dda39f2,Postdoctoral Research Fellow,Hotchkiss Brain Institute,Contract Full-time,"Biomedical Research, Alzheimers and +6 skills",Aug 2025,Present,10 mos,,"Postdoctoral Research Fellow Hotchkiss Brain Institute · Contract Full-time Aug 2025 - Present · 10 mos Biomedical Research, Alzheimers and +6 skills",0
ff162ad9-8576-48cf-b727-8903525374ca,f67871d0-cfe5-445d-bc2a-67b84dda39f2,Editorial Board Member,Elsevier Health and Medical Sciences Journals,,"Editorial board members for the journal ""Glial Health Research""",Jun 2025,Present,1 yr,,"Editorial Board Member Elsevier Health and Medical Sciences Journals Jun 2025 - Present · 1 yr Editorial board members for the journal ""Glial Health Research""",1
baf16a23-7267-45fd-a856-8148363bf4a0,f67871d0-cfe5-445d-bc2a-67b84dda39f2,Postdoctoral Research Fellow,University of Toronto,Full-time,"Biomedical Research, neurobiology and +9 skills",Dec 2024,Jul 2025,8 mos,,"Postdoctoral Research Fellow University of Toronto · Full-time Dec 2024 - Jul 2025 · 8 mos Biomedical Research, neurobiology and +9 skills",2
739d351c-dfb7-43bf-b3f1-6ab3f0ee8775,f67871d0-cfe5-445d-bc2a-67b84dda39f2,Forskare,Uppsala universitet,May 2024 - Nov 2024 · 7 mos,,,,,,"Forskare May 2024 - Nov 2024 · 7 mos Skills: Microsoft Word, PowerPoint, +6 skills",3
b764c006-ea96-4edc-bf1a-975d8a4cc1f2,f67871d0-cfe5-445d-bc2a-67b84dda39f2,PHD Student,Uppsala universitet,Nov 2018 - May 2024 · 5 yrs 7 mos,,,,,,"PHD Student Nov 2018 - May 2024 · 5 yrs 7 mos Molecular geriatrics, Astrocytes in Alzheimers disease, focusing on pathological spreading of amyloid beta, astrocytic metabolism and inflammation. Skills: Microsoft Word, PowerPoint, +7 skills",4
712350f2-f450-453c-bb2f-454fdac8f5dc,f67871d0-cfe5-445d-bc2a-67b84dda39f2,Junior Research Assistant,Uppsala universitet,Sep 2018 - Oct 2018 · 2 mos,,,,,,"Junior Research Assistant Sep 2018 - Oct 2018 · 2 mos Greater Uppsala Metropolitan Area Skills: Microsoft Word, PowerPoint, +7 skills",5
bb750842-05bf-494e-9875-b28ffd4e3cb3,d3ee9809-6941-472e-83c1-7060e904c8e6,Summer Research Student,Hotchkiss Brain Institute,Internship,"Calgary, Alberta, Canada · On-site",May 2025,Present,1 yr 1 mo,Conducted research on epileptogenesis using rat models. Inferred data significance through statistics and interpreted the results. Completed animal handling and surgery training at the Foothills Health Sciences Centre.,"Summer Research Student Hotchkiss Brain Institute · Internship May 2025 - Present · 1 yr 1 mo Calgary, Alberta, Canada · On-site Conducted research on epileptogenesis using rat models. Inferred data significance through statistics and interpreted the results. Completed animal handling and surgery training at the Foothills Health Sciences Centre. Laboratory Skills, Data Analysis and +2 skills",0
dffc7485-e7f1-49d9-bb37-51f336e4d858,d3ee9809-6941-472e-83c1-7060e904c8e6,PASS Leader,University of Calgary,Contract Part-time,,Jan 2025,May 2025,5 mos,"Facilitated collaborative study sessions to reinforce course material and enhance peer learning. Developed and implemented customized session plans, aligning with course content and student needs. Maintained professional communication with faculty and peers to ensure effective program delivery. Applied effective questioning and facilitation techniques to foster independent critical thinking among students.","PASS Leader Contract Part-time Jan 2025 - May 2025 · 5 mos On-site Facilitated collaborative study sessions to reinforce course material and enhance peer learning. Developed and implemented customized session plans, aligning with course content and student needs. Maintained professional communication with faculty and peers to ensure effective program delivery. Applied effective questioning and facilitation techniques to foster independent critical thinking among students. Skills: Leadership, Che",1
34472387-058f-4bb0-bee6-f511382ec244,d3ee9809-6941-472e-83c1-7060e904c8e6,Research Assistant,University of Calgary,Oct 2024 - May 2025 · 8 mos,,,,,"SSHRC- Principal Investigator: Dr. Paul Stortz, Department of Communication, Media, and Film, University of Calgary, AB. “English-Canadian University Student Hazing, Initiations, and Bullying as Performative Ritual, 1880-1960.” Social Science and Humanities Research Council of Canada (SSHRC) Insight Grant.","Research Assistant Oct 2024 - May 2025 · 8 mos Remote SSHRC- Principal Investigator: Dr. Paul Stortz, Department of Communication, Media, and Film, University of Calgary, AB. “English-Canadian University Student Hazing, Initiations, and Bullying as Performative Ritual, 1880-1960.” Social Science and Humanities Research Council of Canada (SSHRC) Insight Grant. Skills: Database Administration, Interpersonal Communication, +2 skills",2
448f8318-cb29-485a-8557-a20fec816855,d3ee9809-6941-472e-83c1-7060e904c8e6,Administrative Assistant,Shine Orthodontics,Contract Full-time,"Calgary, Alberta, Canada · On-site",May 2024,Feb 2025,10 mos,"Interpersonal Communication, Administration and +1 skill","Administrative Assistant Shine Orthodontics · Contract Full-time May 2024 - Feb 2025 · 10 mos Calgary, Alberta, Canada · On-site Interpersonal Communication, Administration and +1 skill",3
80a33cac-c85c-4ba5-a32c-fce6a83dd7e0,d3ee9809-6941-472e-83c1-7060e904c8e6,Hostess,Boston Pizza International Inc,Contract Part-time,"Calgary, Alberta, Canada · On-site",Jun 2023,Jan 2024,8 mos,"Maintained an orderly flow of guests from the reception area to the dining room and informed customers of wait time. Reviewed and periodically updated the seating chart to reflect open and occupied seating. Escorted guests to tables, provided menus and discussed daily specials.","Hostess Boston Pizza International Inc · Contract Part-time Jun 2023 - Jan 2024 · 8 mos Calgary, Alberta, Canada · On-site Maintained an orderly flow of guests from the reception area to the dining room and informed customers of wait time. Reviewed and periodically updated the seating chart to reflect open and occupied seating. Escorted guests to tables, provided menus and discussed daily specials. Interpersonal Communication and Customer Service",4
117e4628-c023-43aa-872b-c5740230c6eb,d3ee9809-6941-472e-83c1-7060e904c8e6,Sales Associate,La Vie En Rose,,,Jun 2021,Apr 2023,1 yr 11 mos,"Point of Sale (POS) Systems, Interpersonal Communication and +2 skills","Sales Associate La Vie En Rose Jun 2021 - Apr 2023 · 1 yr 11 mos Used POS system to process customer profiles, calculate prices and process transactions. Supported cashiers and customers in locating products, confirming prices and replenishing stock. Recommended products to match customer budget and preferences. Assisted with store recovery to maintain a clean and organized sales floor throughout the shift. Point of Sale (POS) Systems, Interpersonal Communication and +2 skills",5
cca76e86-b395-4304-be82-54e9a9f57b5c,d3ee9809-6941-472e-83c1-7060e904c8e6,Insider,Domino's Pizza,,,Aug 2021,Apr 2022,9 mos,"Interpersonal Communication, Refrigerated Containers and +1 skill","Insider Domino's Pizza Aug 2021 - Apr 2022 · 9 mos Cleaned and sanitized work areas, equipment and utensils to prevent contamination Wrapped and packaged food products for retail sale and stored unused products in coolers Kept department supplies filled and maintained and reported low-stock items for replenishment. Interpersonal Communication, Refrigerated Containers and +1 skill",6
b8107a08-2326-42d8-8577-ffbfa4451066,78215c93-f205-4d9e-a8f8-a873f47ed90b,Chief Technology Officer,OpenDH,,,Jul 2023,Present,2 yrs 11 mos,,Chief Technology Officer OpenDH Jul 2023 - Present · 2 yrs 11 mos,0
409629ca-b32a-4465-8d06-379235b5a430,78215c93-f205-4d9e-a8f8-a873f47ed90b,Co-Founder,Society for AI Literacy,,,Jun 2023,Present,3 yrs,,Co-Founder Society for AI Literacy Jun 2023 - Present · 3 yrs Society for AI Literacy (SAIL) - Promoting Ethical and Responsible AI Use | Society for AI Literacy,1
42b962bc-8f3a-43a0-b207-f968359f4db0,78215c93-f205-4d9e-a8f8-a873f47ed90b,Research Lead,Hotchkiss Brain Institute,Internship,"Calgary, Alberta, Canada · On-site",Feb 2023,Present,3 yrs 4 mos,"JavaScript, Python (Programming Language) and +5 skills","Research Lead Hotchkiss Brain Institute · Internship Feb 2023 - Present · 3 yrs 4 mos Calgary, Alberta, Canada · On-site JavaScript, Python (Programming Language) and +5 skills",2
51dc3033-9971-42b9-884c-edb68840bdc9,78215c93-f205-4d9e-a8f8-a873f47ed90b,Technical Research Assistant - Clinical Neurosciences,University of Calgary,On-Call,"Calgary, Alberta, Canada",Nov 2022,Present,3 yrs 7 mos,,"Technical Research Assistant - Clinical Neurosciences University of Calgary · On-Call Nov 2022 - Present · 3 yrs 7 mos Calgary, Alberta, Canada JavaScript and Prompt Engineering",3
0090bb6a-23d2-45c9-ad57-a69c93a7ed13,78215c93-f205-4d9e-a8f8-a873f47ed90b,Summer Student - Human Resources,City of Calgary,Internship,,Apr 2025,Sep 2025,6 mos,"Consulting with City of Calgary leadership to assess the impact of Equity, Diversity, Inclusion and Belonging (EDIB) programs and identify opportunities for improvement. Leading an independent project to standardize how EDIB progress is measured across the organization. Conducting qualitative and quantitative research to support evidence-based strategies that advance EDIB in municipal services. Developing tools and resources that promote inclusive practices across city operations.","Summer Student - Human Resources Internship Apr 2025 - Sep 2025 · 6 mos Hybrid Consulting with City of Calgary leadership to assess the impact of Equity, Diversity, Inclusion and Belonging (EDIB) programs and identify opportunities for improvement. Leading an independent project to standardize how EDIB progress is measured across the organization. Conducting qualitative and quantitative research to support evidence-based strategies that advance EDIB in municipal services. Developing tools and re",4
6da6e412-9a8b-4c76-ae9c-d9626622805c,78215c93-f205-4d9e-a8f8-a873f47ed90b,Recreation Leader,City of Calgary,On-Call,,Apr 2022,May 2025,3 yrs 2 mos,,Recreation Leader On-Call Apr 2022 - May 2025 · 3 yrs 2 mos On-site,5
0374605f-c78a-4a78-b520-49823a525417,87d34558-e6f5-49d9-a78f-32e3e073159d,General Leadership Team and SMP Team Founder,UBC Mental Illness Network for Destigmatization (MIND),,,Nov 2024,Present,1 yr 7 mos,,General Leadership Team and SMP Team Founder UBC Mental Illness Network for Destigmatization (MIND) Nov 2024 - Present · 1 yr 7 mos,0
5d25d27e-32de-461d-a6cf-9e559d8fd733,87d34558-e6f5-49d9-a78f-32e3e073159d,Undergraduate Researcher,Hotchkiss Brain Institute,,"Calgary, Alberta, Canada",Nov 2020,Present,5 yrs 7 mos,,"Undergraduate Researcher Hotchkiss Brain Institute Nov 2020 - Present · 5 yrs 7 mos Calgary, Alberta, Canada",1
2657b8db-268b-49a4-8c10-4657bc4af5f1,87d34558-e6f5-49d9-a78f-32e3e073159d,Co-President,Birthday Wishes,May 2023 - Jul 2024 · 1 yr 3 mos,,,,,,Co-President May 2023 - Jul 2024 · 1 yr 3 mos,2
cd5e1f28-48b2-4260-b88c-b86fcc161760,87d34558-e6f5-49d9-a78f-32e3e073159d,Executive Assistant,Birthday Wishes,Apr 2022 - May 2023 · 1 yr 2 mos,,,,,,Executive Assistant Apr 2022 - May 2023 · 1 yr 2 mos,3
2a00716e-bf4c-4a63-8d54-2d3a59f05e70,87d34558-e6f5-49d9-a78f-32e3e073159d,President Off-Campus,Mental Health for South Asia,Feb 2023 - May 2024 · 1 yr 4 mos,,,,,,President Off-Campus Feb 2023 - May 2024 · 1 yr 4 mos Mental Health for South Asia - Dismantling Mental Health Stigma,4
ae3f25b2-dcfd-4744-b558-6ea4ddb5efb6,87d34558-e6f5-49d9-a78f-32e3e073159d,Mental Health Researcher,Mental Health for South Asia,May 2022 - Feb 2023 · 10 mos,,,,,,Mental Health Researcher May 2022 - Feb 2023 · 10 mos,5
9edba95b-b9a7-41c4-93e1-7eb1feb74b41,87d34558-e6f5-49d9-a78f-32e3e073159d,Director Of Corporate Relations,Unload U of C,,University of Calgary,Aug 2021,Sep 2023,2 yrs 2 mos,,Director Of Corporate Relations Unload U of C Aug 2021 - Sep 2023 · 2 yrs 2 mos University of Calgary,6
d3142a0f-37ec-4696-90bf-66defcbc6713,87d34558-e6f5-49d9-a78f-32e3e073159d,Lifeguard,Genesis Place,Permanent Part-time,Canada,Jun 2019,Dec 2022,3 yrs 7 mos,,Lifeguard Genesis Place · Permanent Part-time Jun 2019 - Dec 2022 · 3 yrs 7 mos Canada,7
2e31bc9d-858e-490f-80aa-f36533c4d286,87d34558-e6f5-49d9-a78f-32e3e073159d,Swim Instructor,Genesis Place,Permanent Part-time,Canada,Oct 2017,Dec 2022,5 yrs 3 mos,,Swim Instructor Genesis Place · Permanent Part-time Oct 2017 - Dec 2022 · 5 yrs 3 mos Canada,8
8ed3a38f-8cf2-40a1-b29f-2e9b37cc14b6,87d34558-e6f5-49d9-a78f-32e3e073159d,Lifeguard and Swim Instructor,UCalgary Aquatic Center,Permanent Part-time,,Aug 2021,Apr 2022,9 mos,,Lifeguard and Swim Instructor UCalgary Aquatic Center · Permanent Part-time Aug 2021 - Apr 2022 · 9 mos,9
78b589f8-5923-44cc-8338-3e297c02a8c2,e4e3d159-9893-4ce6-b0a6-5a93f49d9089,"Honours Thesis Student, Kurrasch Lab",Hotchkiss Brain Institute,,,Sep 2025,Present,9 mos,,"Honours Thesis Student, Kurrasch Lab Hotchkiss Brain Institute Sep 2025 - Present · 9 mos",0
50eacbe3-c9db-4664-ac41-89bf118c8ada,e4e3d159-9893-4ce6-b0a6-5a93f49d9089,Youth Advocate,UNICEF Canada,,,Feb 2023,Present,3 yrs 4 mos,,Youth Advocate UNICEF Canada Feb 2023 - Present · 3 yrs 4 mos,1
6ce865aa-6c3e-480a-a761-fb2830bd2a62,e4e3d159-9893-4ce6-b0a6-5a93f49d9089,Regional Director,Youreka Canada,May 2025 - May 2026 · 1 yr 1 mo,,,,,,"Regional Director May 2025 - May 2026 · 1 yr 1 mo Calgary, Alberta, Canada",2
2bf4610d-1e03-4d96-8c8a-14e724ebc679,e4e3d159-9893-4ce6-b0a6-5a93f49d9089,Senior VP,Youreka Canada,Sep 2023 - May 2025 · 1 yr 9 mos,,,,,,Senior VP Sep 2023 - May 2025 · 1 yr 9 mos,3
53fffef8-74d7-48fe-a6d3-15309b5f5ef8,e4e3d159-9893-4ce6-b0a6-5a93f49d9089,VP Academic,Youreka Canada,Jan 2023 - Sep 2023 · 9 mos,,,,,,"VP Academic Jan 2023 - Sep 2023 · 9 mos Taught foundational topics in research, data science, and scientific communication to 40+ high school students. Mentored students in conducting independent research projects.",4
f1808fc9-fe41-4881-a7b5-1bc11a09e0d5,e4e3d159-9893-4ce6-b0a6-5a93f49d9089,President,Health Sciences Students' Association,May 2025 - Apr 2026 · 1 yr,,,,,,President May 2025 - Apr 2026 · 1 yr,5
e8cc8175-70f0-4329-b76c-93531dcb2206,e4e3d159-9893-4ce6-b0a6-5a93f49d9089,VP Academic,Health Sciences Students' Association,Sep 2024 - May 2025 · 9 mos,,,,,,VP Academic Sep 2024 - May 2025 · 9 mos,6
4f8e2c24-45b3-477d-894d-bf013b6cb0f3,e4e3d159-9893-4ce6-b0a6-5a93f49d9089,"Research Intern, Med-X Research Institute, Shanghai Jiao Tong University",上海交通大学,,"Shanghai, China",Jul 2025,Aug 2025,2 mos,,"Research Intern, Med-X Research Institute, Shanghai Jiao Tong University 上海交通大学 Jul 2025 - Aug 2025 · 2 mos Shanghai, China",7
02770666-5299-40c7-af76-e1678fd10a12,e4e3d159-9893-4ce6-b0a6-5a93f49d9089,Student Researcher,UCalgary Centre for Health Informatics,,,May 2025,Aug 2025,4 mos,,Student Researcher UCalgary Centre for Health Informatics May 2025 - Aug 2025 · 4 mos,8
8a24f415-13da-445e-81c5-c2fbde68eef2,e4e3d159-9893-4ce6-b0a6-5a93f49d9089,Student Researcher,Arnie Charbonneau Cancer Institute,,,Sep 2024,Apr 2025,8 mos,,Student Researcher Arnie Charbonneau Cancer Institute Sep 2024 - Apr 2025 · 8 mos,9
d0df4c82-c0fb-48b2-a6b4-66c6d398c3b9,e4e3d159-9893-4ce6-b0a6-5a93f49d9089,Student Researcher,Libin Cardiovascular Institute,,,May 2023,Aug 2024,1 yr 4 mos,,Student Researcher Libin Cardiovascular Institute May 2023 - Aug 2024 · 1 yr 4 mos,10
217bcf96-57bf-478a-8de8-c85b3276291e,eff7362f-ecb5-4dbd-9b26-5d81967320a0,Research Assistant - McLennan Lab,Hotchkiss Brain Institute,Apr 2026 - Present · 2 mos,,,,,Assist in international clinical research projects focusing on community and behavioral health. Support data management and analysis for ongoing longitudinal studies on community health improvements.,Research Assistant - McLennan Lab Apr 2026 - Present · 2 mos Remote Assist in international clinical research projects focusing on community and behavioral health. Support data management and analysis for ongoing longitudinal studies on community health improvements.,0
4a80976c-3152-4ccc-9cdd-e773a303a818,eff7362f-ecb5-4dbd-9b26-5d81967320a0,Honours Thesis Student - Pfeffer Lab,Hotchkiss Brain Institute,Sep 2025 - Apr 2026 · 8 mos,,,,,Researched genetic predictors of Alzheimer’s Disease and brain health in patients following a Transient Ischemic Attack. Managed a longitudinal study using five years of clinical data to track how genetics and lifestyle factors influence cognitive decline. Performed laboratory genotyping and data analysis using techniques such as PCR and multiple linear regression. Synthesized neuroimaging and clinical results to defend findings to thesis committee.,Honours Thesis Student - Pfeffer Lab Sep 2025 - Apr 2026 · 8 mos On-site Researched genetic predictors of Alzheimer’s Disease and brain health in patients following a Transient Ischemic Attack. Managed a longitudinal study using five years of clinical data to track how genetics and lifestyle factors influence cognitive decline. Performed laboratory genotyping and data analysis using techniques such as PCR and multiple linear regression. Synthesized neuroimaging and clinical results to defend fin,1
3801db1b-e300-45b6-81f3-000603ac9a12,eff7362f-ecb5-4dbd-9b26-5d81967320a0,Piano Teacher,Music Makers,,,Sep 2021,Present,4 yrs 9 mos,,"Piano Teacher Music Makers Sep 2021 - Present · 4 yrs 9 mos Instructs 20 students a week of all ages and abilities, instilling in them a love of music. Develops lesson plans for each student's needs, resulting in constant improvement and high student retention. Leads recitals to build student confidence and performance skills. Manages scheduling and communication.",2
218de4de-3bcf-4d74-b2ea-373d85a91dd7,eff7362f-ecb5-4dbd-9b26-5d81967320a0,Chorister,Calgary Girls Choir,,"Calgary, Alberta, Canada · On-site",Sep 2011,Present,14 yrs 9 mos,"Trained in advanced vocal technique and musical literacy. Performed in professional collaborations with the Calgary Philharmonic Orchestra, Alberta Ballet, and toured internationally on competitive stages across Europe and North America.","Chorister Calgary Girls Choir Sep 2011 - Present · 14 yrs 9 mos Calgary, Alberta, Canada · On-site Trained in advanced vocal technique and musical literacy. Performed in professional collaborations with the Calgary Philharmonic Orchestra, Alberta Ballet, and toured internationally on competitive stages across Europe and North America.",3
a1894d86-5350-4f8d-8cc8-be2262cad522,eff7362f-ecb5-4dbd-9b26-5d81967320a0,Ophthalmic Assistant,Cloudbreak University District,,"Calgary, Alberta, Canada · On-site",Apr 2025,May 2025,2 mos,"Performed diagnostic pre-tests for ophthalmic patients, operating equipment in a skillful and safe manner to accurately collect and record patient data. Guided patients through each step of the testing process to ensure comfort and understanding.","Ophthalmic Assistant Cloudbreak University District Apr 2025 - May 2025 · 2 mos Calgary, Alberta, Canada · On-site Performed diagnostic pre-tests for ophthalmic patients, operating equipment in a skillful and safe manner to accurately collect and record patient data. Guided patients through each step of the testing process to ensure comfort and understanding.",4
963101c9-7ee3-435c-9e36-abe4de514cd6,eff7362f-ecb5-4dbd-9b26-5d81967320a0,Undergraduate Research Student - McKay Lab,Snyder Institute for Chronic Diseases Trainee Committee,,"Calgary, Alberta, Canada · On-site",Jan 2023,Aug 2024,1 yr 8 mos,"Researched potential Crohn’s disease and colitis treatments using the tapeworm H. diminuta. Performed data collection and analysis through various laboratory techniques, including immunohistochemistry and cell culture. Collaborated with a diverse team to interpret results and present findings.","Undergraduate Research Student - McKay Lab Snyder Institute for Chronic Diseases Trainee Committee Jan 2023 - Aug 2024 · 1 yr 8 mos Calgary, Alberta, Canada · On-site Researched potential Crohn’s disease and colitis treatments using the tapeworm H. diminuta. Performed data collection and analysis through various laboratory techniques, including immunohistochemistry and cell culture. Collaborated with a diverse team to interpret results and present findings.",5
ab833977-f364-47dd-881b-fadc41e8de5c,030f8cde-f2ae-4824-8f5b-98102638bf51,Undergraduate Student Researcher,Hotchkiss Brain Institute,Apprenticeship,"Calgary, Alberta, Canada",Oct 2025,Present,8 mos,Research Student in the BrainKids Lab under Dr. Kara Murias I am interested in learning about the use of non-invasive brain stimulation as a treatment for neurodevelopmental and mental health disorders in kids. I’m currently analyzing Diffusion Weighted Imaging MRI scans in kids with and without ADHD.,"Undergraduate Student Researcher Hotchkiss Brain Institute · Apprenticeship Oct 2025 - Present · 8 mos Calgary, Alberta, Canada Research Student in the BrainKids Lab under Dr. Kara Murias I am interested in learning about the use of non-invasive brain stimulation as a treatment for neurodevelopmental and mental health disorders in kids. I’m currently analyzing Diffusion Weighted Imaging MRI scans in kids with and without ADHD. BrainKids UCalgary (@brainkidsucalgary) • Instagram profile Murias La",0
3e548959-8d91-4cda-9fda-301bbe8ff513,030f8cde-f2ae-4824-8f5b-98102638bf51,Pediatric Emergency Medicine Research Associates Program (PEMRAP),Alberta Health Services,,"Calgary, Alberta, Canada · On-site",Sep 2025,Present,9 mos,,"Pediatric Emergency Medicine Research Associates Program (PEMRAP) Alberta Health Services Sep 2025 - Present · 9 mos Calgary, Alberta, Canada · On-site",1
0ac911ef-d6e7-4b00-8300-ca4482aa97cc,030f8cde-f2ae-4824-8f5b-98102638bf51,Rides Captain,Calalta Amusements Ltd,Mar 2026 - Present · 3 mos,,,,,,Rides Captain Mar 2026 - Present · 3 mos,2
92da5eb2-948b-42d3-900f-907a7ed3200e,030f8cde-f2ae-4824-8f5b-98102638bf51,Senior Ride Operator,Calalta Amusements Ltd,Apr 2025 - Mar 2026 · 1 yr,,,,,,"Senior Ride Operator Apr 2025 - Mar 2026 · 1 yr Calgary, Alberta, Canada Skills: Customer Service, Problem Solving, +6 skills",3
89965560-836f-41a7-8000-6a23dd5120b9,030f8cde-f2ae-4824-8f5b-98102638bf51,Ride Operator,Calalta Amusements Ltd,Apr 2024 - Apr 2025 · 1 yr 1 mo,,,,,,"Ride Operator Apr 2024 - Apr 2025 · 1 yr 1 mo Calgary, Alberta, Canada Skills: Customer Service, Problem Solving, +3 skills",4
26ca0615-dee9-4cc0-ad89-61a78a7774cb,030f8cde-f2ae-4824-8f5b-98102638bf51,President,Children's Care Collective,,"Calgary, Alberta, Canada · On-site",Jan 2025,Present,1 yr 5 mos,The Children's Care Collective works directly with the Alberta Children's Hospital Foundation to further their aims of fundraising and advocacy for pediatric healthcare.,"President Children's Care Collective Jan 2025 - Present · 1 yr 5 mos Calgary, Alberta, Canada · On-site The Children's Care Collective works directly with the Alberta Children's Hospital Foundation to further their aims of fundraising and advocacy for pediatric healthcare. Go Gold! Campaign in recognition of childhood cancer awareness month 🎗️ Proceeds from this event were donated towards childhood cancer research and therapy program at the ACHRI through the Alberta Children’s Hospital Foundatio",5
5a8d9c8b-df86-4523-a934-41cdad1e5253,030f8cde-f2ae-4824-8f5b-98102638bf51,Mental Health Research 4 Kids - Research Partner,Mathison Centre for Mental Health Research & Education,May 2025 - Present · 1 yr 1 mo,,,,,,"Mental Health Research 4 Kids - Research Partner May 2025 - Present · 1 yr 1 mo Skills: Child Advocacy, Communication",6
e898d45d-8213-4ab3-8a10-469493ff0af4,030f8cde-f2ae-4824-8f5b-98102638bf51,"Mental Health Research 4 Kids - Co-Chair, Many Voices Council",Mathison Centre for Mental Health Research & Education,Sep 2025 - Feb 2026 · 6 mos,,,,,,"Mental Health Research 4 Kids - Co-Chair, Many Voices Council Sep 2025 - Feb 2026 · 6 mos Skills: Leading Discussions, Child Advocacy",7
d1a515d2-7ec2-460a-8bc2-ea3feab0d46c,030f8cde-f2ae-4824-8f5b-98102638bf51,Media/Marketing Director,Checkmate Foundation,,,May 2025,Oct 2025,6 mos,,Media/Marketing Director Checkmate Foundation May 2025 - Oct 2025 · 6 mos,8
26ed68ae-6f43-4f24-9868-a76a02a1420a,030f8cde-f2ae-4824-8f5b-98102638bf51,Student Volunteer,University of Calgary,,Alberta Children's Hospital Research Institute,Mar 2025,May 2025,3 mos,,Student Volunteer University of Calgary Mar 2025 - May 2025 · 3 mos Alberta Children's Hospital Research Institute,9
29fabc54-6691-4ba1-b790-33fd3dc78778,665c216d-2be7-44fb-93f3-ebb348312ccf,Communications and Engagement Specialist,Hotchkiss Brain Institute,,"Coordinating Meetings, Relationship Building and +1 skill",Jun 2024,Present,2 yrs,,"Communications and Engagement Specialist Hotchkiss Brain Institute Jun 2024 - Present · 2 yrs Coordinating Meetings, Relationship Building and +1 skill",0
1bc5c3e4-4487-4508-8d07-03cbfd454179,665c216d-2be7-44fb-93f3-ebb348312ccf,Communications Analyst,Royal Canadian Navy | Marine royale canadienne,Permanent Full-time,"Communications Planning, Crisis Communications and +22 skills",Aug 2023,Aug 2024,1 yr 1 mo,,"Communications Analyst Royal Canadian Navy | Marine royale canadienne · Permanent Full-time Aug 2023 - Aug 2024 · 1 yr 1 mo Communications Planning, Crisis Communications and +22 skills",1
31b75411-10dc-4cf0-b149-2a435de2d111,665c216d-2be7-44fb-93f3-ebb348312ccf,Executive Communications Advisor,The Immigrant Education Society,Permanent Full-time,"Presentations, Communications Planning and +19 skills",Aug 2022,Aug 2023,1 yr 1 mo,,"Executive Communications Advisor The Immigrant Education Society · Permanent Full-time Aug 2022 - Aug 2023 · 1 yr 1 mo Presentations, Communications Planning and +19 skills",2
ece4f0c5-0ff9-43a4-87e0-51d2a4a09b5b,665c216d-2be7-44fb-93f3-ebb348312ccf,Teaching Assistant,University of Calgary,Contract Part-time,"Public Speaking, evaluation and +4 skills",Sep 2020,Sep 2022,2 yrs 1 mo,,"Teaching Assistant University of Calgary · Contract Part-time Sep 2020 - Sep 2022 · 2 yrs 1 mo Public Speaking, evaluation and +4 skills",3
988b7627-d492-4e1c-83a3-19baffc9205b,665c216d-2be7-44fb-93f3-ebb348312ccf,Policy Analyst,Department of National Defence,Contract Full-time,,Sep 2020,Sep 2022,2 yrs 1 mo,,"Policy Analyst Contract Full-time Sep 2020 - Sep 2022 · 2 yrs 1 mo Skills: Policy Planning, Research, +6 skills",4
e5fc27db-a893-4c17-a341-d3dda17d54c7,665c216d-2be7-44fb-93f3-ebb348312ccf,Information Management Officer,Department of National Defence,Nov 2018 - Sep 2020 · 1 yr 11 mos,,,,,,"Information Management Officer Nov 2018 - Sep 2020 · 1 yr 11 mos Skills: Presentations, Intranet, +12 skills",5
8694087e-08eb-4a8c-a150-e66fe931fb4d,be905b1e-163c-4cd9-b36b-a1bdd45d8abe,PHD Candidate,Hotchkiss Brain Institute,Jan 2022 - Present · 4 yrs 5 mos,,,,,,"PHD Candidate Jan 2022 - Present · 4 yrs 5 mos On-site Skills: R (Programming Language), Python (Programming Language), +3 skills",0
40533947-b478-46d8-be0d-b38326e2e57b,be905b1e-163c-4cd9-b36b-a1bdd45d8abe,PHD Student,Hotchkiss Brain Institute,2022 - Present · 4 yrs 5 mos,,,,,,PHD Student 2022 - Present · 4 yrs 5 mos On-site,1
5dbffaaa-4e89-444c-b7e5-b4cab009343a,be905b1e-163c-4cd9-b36b-a1bdd45d8abe,MSc Student,Hotchkiss Brain Institute,Jan 2022 - Feb 2024 · 2 yrs 2 mos,,,,,,"MSc Student Jan 2022 - Feb 2024 · 2 yrs 2 mos Skills: Single Cell Sequencing, in Situ Hybridization, +5 skills",2
3ebc5c69-972c-49af-b9ec-3cd22918cf7d,be905b1e-163c-4cd9-b36b-a1bdd45d8abe,Flight Dispatcher,"Air North, Yukon's Airline",Permanent Full-time,"Whitehorse, Y.T.",May 2018,Dec 2021,3 yrs 8 mos,Transport Canada certified flight dispatcher for Air North.,"Flight Dispatcher Air North, Yukon's Airline · Permanent Full-time May 2018 - Dec 2021 · 3 yrs 8 mos Whitehorse, Y.T. Transport Canada certified flight dispatcher for Air North. Commercial Aviation, Aviation and +2 skills",3
258aede5-d47a-40fa-8360-88f4eb4fbdcf,be905b1e-163c-4cd9-b36b-a1bdd45d8abe,Bsc,University of Victoria,Permanent Full-time,"Victoria, British Columbia, Canada",Sep 2015,Apr 2020,4 yrs 8 mos,Neuroscience Concentration Directed study in the field of Adult Neurogenesis,"Bsc University of Victoria · Permanent Full-time Sep 2015 - Apr 2020 · 4 yrs 8 mos Victoria, British Columbia, Canada Neuroscience Concentration Directed study in the field of Adult Neurogenesis Confocal Microscopy, Research and +2 skills",4
84e8cd6c-e93b-4d90-ae90-98498997d2d1,8113edcb-7d34-4b96-ab2b-49f9e96ef448,Adjunct Assistant Professor,University of Calgary,Jul 2025 - Present · 11 mos,,,,,,"Adjunct Assistant Professor Jul 2025 - Present · 11 mos Cumming School of Medicine Skills: Teaching, Higher Education",0
8855f03d-095a-40e5-a2bb-0bdab26961df,8113edcb-7d34-4b96-ab2b-49f9e96ef448,Adjunct Assistant Professor,University of Calgary,Aug 2024 - Present · 1 yr 10 mos,,,,,,"Adjunct Assistant Professor Aug 2024 - Present · 1 yr 10 mos Faculty of Social Work Skills: Teaching, Higher Education",1
d4e06247-1b3a-4c76-abc2-0dc56f3b8c37,8113edcb-7d34-4b96-ab2b-49f9e96ef448,Adjunct Lecturer,University of Calgary,Feb 2021 - Jul 2025 · 4 yrs 6 mos,,,,,,"Adjunct Lecturer Feb 2021 - Jul 2025 · 4 yrs 6 mos Cumming School of Medicine, Dept of Psychiatry",2
07b8dd39-b1a9-4f71-8847-672f131ae421,8113edcb-7d34-4b96-ab2b-49f9e96ef448,Sessional Instructor,University of Calgary,Oct 2021 - Aug 2024 · 2 yrs 11 mos,,,,,,"Sessional Instructor Oct 2021 - Aug 2024 · 2 yrs 11 mos Calgary, Alberta, Canada Faculty of Social Work",3
f66c1b52-f86a-414d-a1c2-941502af1934,8113edcb-7d34-4b96-ab2b-49f9e96ef448,Psychologist,Fong Kotylak & Associates,Self-employed,"Calgary, Alberta, Canada · Hybrid",Jan 2024,Present,2 yrs 5 mos,,"Psychologist Fong Kotylak & Associates · Self-employed Jan 2024 - Present · 2 yrs 5 mos Calgary, Alberta, Canada · Hybrid",4
f892c8d1-a137-448f-b521-912dba7788cb,8113edcb-7d34-4b96-ab2b-49f9e96ef448,Faculty- Napa Infant-Parent Mental Health Fellowship,UC Davis Continuing and Professional Education,,United States · Remote,Jul 2023,Present,2 yrs 11 mos,,Faculty- Napa Infant-Parent Mental Health Fellowship UC Davis Continuing and Professional Education Jul 2023 - Present · 2 yrs 11 mos United States · Remote,5
35911ec5-c334-4a9d-bd68-d5f1b1816667,8113edcb-7d34-4b96-ab2b-49f9e96ef448,Neurosequential Model of Therapeutics Mentor,The Neurosequential Network,,,Dec 2022,Present,3 yrs 6 mos,,Neurosequential Model of Therapeutics Mentor The Neurosequential Network Dec 2022 - Present · 3 yrs 6 mos,6
cc83ded8-5757-46d1-9167-d8db0dd887ba,8113edcb-7d34-4b96-ab2b-49f9e96ef448,Board Member,YW Calgary,,"Alberta, Canada",Nov 2021,Present,4 yrs 7 mos,,"Board Member YW Calgary Nov 2021 - Present · 4 yrs 7 mos Alberta, Canada",7
2849bda0-c13a-490d-8c0e-9410344de5ab,8113edcb-7d34-4b96-ab2b-49f9e96ef448,Associate member,Mathison Centre for Mental Health Research and Education,,"Calgary, Alberta, Canada",May 2021,Present,5 yrs 1 mo,,"Associate member Mathison Centre for Mental Health Research and Education May 2021 - Present · 5 yrs 1 mo Calgary, Alberta, Canada",8
d1fe572f-d06c-4280-a1bf-5d8d971f2924,8113edcb-7d34-4b96-ab2b-49f9e96ef448,Associate Member,Hotchkiss Brain Institute,,"Calgary, Alberta, Canada",Apr 2021,Present,5 yrs 2 mos,,"Associate Member Hotchkiss Brain Institute Apr 2021 - Present · 5 yrs 2 mos Calgary, Alberta, Canada",9
344b2aac-1745-47e3-9ebf-146bcca1a706,8113edcb-7d34-4b96-ab2b-49f9e96ef448,Senior Director Clinical Advancement & Trauma Informed Services,Hull Services,Aug 2020 - Apr 2026 · 5 yrs 9 mos,,,,,,Senior Director Clinical Advancement & Trauma Informed Services Aug 2020 - Apr 2026 · 5 yrs 9 mos,10
981de767-9103-4bd3-8957-acb34f9234e8,8113edcb-7d34-4b96-ab2b-49f9e96ef448,Executive Manager Advancement & Integration of Trauma Informed Practice,Hull Services,Oct 2018 - Aug 2020 · 1 yr 11 mos,,,,,,"Executive Manager Advancement & Integration of Trauma Informed Practice Oct 2018 - Aug 2020 · 1 yr 11 mos Calgary, Alberta, Canada",11
b28bde08-919b-45cc-a64c-41a1797323f0,8113edcb-7d34-4b96-ab2b-49f9e96ef448,Director of Trauma Informed Practice,Hull Services,Jul 2013 - Oct 2018 · 5 yrs 4 mos,,,,,,Director of Trauma Informed Practice Jul 2013 - Oct 2018 · 5 yrs 4 mos Greater Calgary Metropolitan Area,12
4f950673-2a7f-4903-9768-e2f71be3fe88,8113edcb-7d34-4b96-ab2b-49f9e96ef448,Fellow,Neurosequential Model Network,,"Houston, Texas",Jan 2012,Dec 2021,10 yrs,Certified in the Neurosequential Model of Therapeutics (2012),"Fellow Neurosequential Model Network Jan 2012 - Dec 2021 · 10 yrs Houston, Texas Certified in the Neurosequential Model of Therapeutics (2012)",13
65859ccb-bc96-42c0-93c9-779b36774cb5,8113edcb-7d34-4b96-ab2b-49f9e96ef448,Psychologist & Director,Hull Services,,"Calgary, Alberta, Canada",Jul 1998,2013,14 yrs 7 mos,"Positions included: Senior Psychologist at Secure Treatment, Psychologist at Cottage 1, Program Director at TRACC and Preadolescent Treatment Program","Psychologist & Director Hull Services Jul 1998 - 2013 · 14 yrs 7 mos Calgary, Alberta, Canada Positions included: Senior Psychologist at Secure Treatment, Psychologist at Cottage 1, Program Director at TRACC and Preadolescent Treatment Program",14
697f2b49-1382-4350-98dc-966d107991e7,debe2b0f-74ba-4793-a0b1-8a7747df712d,Postdoctoral Fellow,Hotchkiss Brain Institute,,"Calgary, Alberta, Canada",Jul 2022,Present,3 yrs 11 mos,,"Postdoctoral Fellow Hotchkiss Brain Institute Jul 2022 - Present · 3 yrs 11 mos Calgary, Alberta, Canada",0
67633c84-04dc-4ff8-a887-fef0d1637997,debe2b0f-74ba-4793-a0b1-8a7747df712d,Research Associate,Sunnybrook,Mar 2021 - Present · 5 yrs 3 mos,,,,,"-Designing and establishing complex novel setups to test elicited biological effects of focused ultrasound in real-time in vivo -Conducting pre-clinical MRI-guided focused ultrasound ablation studies as a clinical trial analogue -Supervising and assisting students and colleagues in various projects in terms of small-animal surgeries, experimental setup, pre-clinical studies, and data analysis (MATLAB, ImageJ, Fluoview) -2 international conference presentations, 6 manuscripts currently in-preparation","Research Associate Mar 2021 - Present · 5 yrs 3 mos Toronto, Ontario, Canada -Designing and establishing complex novel setups to test elicited biological effects of focused ultrasound in real-time in vivo -Conducting pre-clinical MRI-guided focused ultrasound ablation studies as a clinical trial analogue -Supervising and assisting students and colleagues in various projects in terms of small-animal surgeries, experimental setup, pre-clinical studies, and data analysis (MATLAB, ImageJ, Fluoview) ",1
5c230bcf-cd23-4539-9a8a-9fbce5a01bec,debe2b0f-74ba-4793-a0b1-8a7747df712d,PhD Student,Sunnybrook,Sep 2015 - Mar 2021 · 5 yrs 7 mos,,,,,,"PhD Student Sep 2015 - Mar 2021 · 5 yrs 7 mos -Thesis: Nonlinear nanobubble behaviour for vascular and extravascular applications (Supervisors: Dr. Gang Zheng and Dr. David Goertz) -Developed novel ultrasound contrast agents and established their behaviour and unique utility through simulations, benchtop experiments, and pre-clinical imaging and therapeutic studies -Established and fostered 5 collaborative projects (2 within Sunnybrook, 2 with UHN, 1 internationally with Case Western Reserve Uni",2
633299e3-2806-4df9-a1d1-b4aa079efe73,debe2b0f-74ba-4793-a0b1-8a7747df712d,Consultant,11317423 Canada Ltd.,,"Toronto, Ontario, Canada",Jul 2020,Sep 2020,3 mos,-Developed backend software in MATLAB for a mobile-based screening platform for carotid stenosis -Established quality control specifications and conducted early-stage validation studies with healthy control subjects,"Consultant 11317423 Canada Ltd. Jul 2020 - Sep 2020 · 3 mos Toronto, Ontario, Canada -Developed backend software in MATLAB for a mobile-based screening platform for carotid stenosis -Established quality control specifications and conducted early-stage validation studies with healthy control subjects",3
5c36211d-5669-4168-bdbb-9337b1b3fb18,debe2b0f-74ba-4793-a0b1-8a7747df712d,Teaching Assistant,University of Toronto,,,Jan 2018,May 2020,2 yrs 5 mos,,Teaching Assistant University of Toronto Jan 2018 - May 2020 · 2 yrs 5 mos -Created learning modules and ran weekly tutorials in a large class format for BME595 (Medical Imaging) -Marked exams and provided individualized feedback to students,4
076aadef-34f3-429e-a713-605d918d0ec0,debe2b0f-74ba-4793-a0b1-8a7747df712d,Clinical Research Assistant - Radiation Medicine Program,University Health Network,,,May 2015,Aug 2015,4 mos,,Clinical Research Assistant - Radiation Medicine Program University Health Network May 2015 - Aug 2015 · 4 mos -Analyzed clinical trial data and performed statistical analyses in MATLAB comparing DCE-CT and DCE-MRI measured perfusion changes of brain metastases treated with stereotactic radiosurgery -Presentations at the UHN Radiation Physics Seminar Series and at ISMRM 2015 -Publication in the peer-reviewed journal Tomography,5
ea41f55c-30e1-46a9-ba6c-79e37003c5be,debe2b0f-74ba-4793-a0b1-8a7747df712d,EngLinks Peer Tutor and Mentor,Queen's University,,"Kingston, Ontario, Canada",Sep 2012,May 2015,2 yrs 9 mos,"-Mentored and tutored 9 engineering students (years 1-3) one-on-one in calculus, physics, chemistry, and graphics -Created practice problem sets and study guides tailored to individual student needs","EngLinks Peer Tutor and Mentor Queen's University Sep 2012 - May 2015 · 2 yrs 9 mos Kingston, Ontario, Canada -Mentored and tutored 9 engineering students (years 1-3) one-on-one in calculus, physics, chemistry, and graphics -Created practice problem sets and study guides tailored to individual student needs",6
cb040af7-c71e-4a0b-8678-a76a740aaf8c,debe2b0f-74ba-4793-a0b1-8a7747df712d,Research Assistant - Centre for Global Change Science,University of Toronto,,,May 2014,Aug 2014,4 mos,,Research Assistant - Centre for Global Change Science University of Toronto May 2014 - Aug 2014 · 4 mos -Conducted wet lab trace metal isotope experiments to study global distribution and bioaccumulation of mercury -Recipient of a Global Change Science Scholarship,7
f83a4e4f-1e42-4b1f-abf7-63a99191c592,debe2b0f-74ba-4793-a0b1-8a7747df712d,Research Assistant - Radiation Medicine Program,University Health Network,,"Greater Toronto Area, Canada",May 2013,Aug 2013,4 mos,-Debugged and streamlined existing MATLAB code and conducted quality assurance phantom testing for a calibration method for dual-energy CT -Presentations at the UHN Radiation Physics Seminar Series and at AAPM 2013,"Research Assistant - Radiation Medicine Program University Health Network May 2013 - Aug 2013 · 4 mos Greater Toronto Area, Canada -Debugged and streamlined existing MATLAB code and conducted quality assurance phantom testing for a calibration method for dual-energy CT -Presentations at the UHN Radiation Physics Seminar Series and at AAPM 2013",8
ee827159-a99d-42df-876b-5eafeccc8693,f2bce860-d825-41d4-84e5-2046a7322430,MSc Student (Clinical Neuroscience),University of Calgary,Permanent Full-time,,Jan 2026,Present,5 mos,,MSc Student (Clinical Neuroscience) Permanent Full-time Jan 2026 - Present · 5 mos,0
c865f833-45f2-49fb-aa21-334345113fbc,f2bce860-d825-41d4-84e5-2046a7322430,Undergraduate Student Researcher,University of Calgary,Aug 2024 - Feb 2026 · 1 yr 7 mos,,,,,,Undergraduate Student Researcher Aug 2024 - Feb 2026 · 1 yr 7 mos Hybrid,1
bfea0b09-044b-4e0b-b2a8-2bfc1f659562,f2bce860-d825-41d4-84e5-2046a7322430,Thesis Student,University of Calgary,Dec 2024 - Apr 2025 · 5 mos,,,,,,Thesis Student Dec 2024 - Apr 2025 · 5 mos,2
7d982d30-dfd0-48f5-ae8c-29bc7a67e329,f2bce860-d825-41d4-84e5-2046a7322430,Student Researcher,University of Calgary,Permanent Full-time,,Apr 2024,Oct 2024,7 mos,,"Student Researcher Permanent Full-time Apr 2024 - Oct 2024 · 7 mos Calgary, Alberta, Canada · On-site",3
1822e407-d1be-4990-bf85-239b7f4b96a1,f2bce860-d825-41d4-84e5-2046a7322430,MSc Student,Hotchkiss Brain Institute,,,Jan 2026,Present,5 mos,,MSc Student Hotchkiss Brain Institute Jan 2026 - Present · 5 mos,4
bcba4dff-64e3-4ce8-bd81-ab6ce73bc416,f2bce860-d825-41d4-84e5-2046a7322430,Founder and Managing Partner - Singh Capital & Investments,Singh Capital & Investments,,,Apr 2025,Present,1 yr 2 mos,,"Founder and Managing Partner - Singh Capital & Investments Singh Capital & Investments Apr 2025 - Present · 1 yr 2 mos Singh Capital & Investments deploys capital across high-growth sectors including AI, healthtech, and consumer. The firm partners with founders to scale businesses, optimize strategy, and build durable, high-value companies.",5
01cad4ca-08ed-4dc5-bc9e-d146f2ea14c5,f2bce860-d825-41d4-84e5-2046a7322430,Ambassador,Surrey Crime Prevention Society,Permanent Part-time,"Surrey, British Columbia, Canada",Sep 2020,Oct 2022,2 yrs 2 mos,,"Ambassador Surrey Crime Prevention Society · Permanent Part-time Sep 2020 - Oct 2022 · 2 yrs 2 mos Surrey, British Columbia, Canada",6
87e7ee2b-6e74-48d4-b8c3-e42d10389466,f2bce860-d825-41d4-84e5-2046a7322430,Fraser Health - SEHAT Ambassador,Fraser Health Authority,,"Surrey, British Columbia, Canada · Hybrid",Jul 2020,Oct 2022,2 yrs 4 mos,,"Fraser Health - SEHAT Ambassador Fraser Health Authority Jul 2020 - Oct 2022 · 2 yrs 4 mos Surrey, British Columbia, Canada · Hybrid",7
3ed668f0-986d-4275-89ea-a6956b2d4872,f2bce860-d825-41d4-84e5-2046a7322430,Student Researcher (Traumatic Brain Injury),The University of British Columbia,,,Oct 2021,Jul 2022,10 mos,,Student Researcher (Traumatic Brain Injury) The University of British Columbia Oct 2021 - Jul 2022 · 10 mos,8
8d9ceb8f-6b95-4fd7-93f9-07d5a7a0559f,46f9fd7a-681a-433b-9b1b-b1b97419df7f,"Co-Director of Education, Calgary Comprehensive Epilepsy Program",University of Calgary,Sep 2023 - Present · 2 yrs 9 mos,,,,,,"Co-Director of Education, Calgary Comprehensive Epilepsy Program Sep 2023 - Present · 2 yrs 9 mos",0
e12d7a32-c937-4d2d-867d-ce9819b6fe5d,46f9fd7a-681a-433b-9b1b-b1b97419df7f,Clinical Assistant Professor (Neurology),University of Calgary,Dec 2022 - Present · 3 yrs 6 mos,,,,,,Clinical Assistant Professor (Neurology) Dec 2022 - Present · 3 yrs 6 mos,1
0343961c-3393-4075-8fbf-b8091ab99bad,46f9fd7a-681a-433b-9b1b-b1b97419df7f,Neurologist & Epileptologist,Alberta Health Services,,"Calgary, Alberta, Canada",2023,Present,3 yrs 5 mos,"Calgary Comprehensive Epilepsy Program, Department of Clinical Neurosciences.","Neurologist & Epileptologist Alberta Health Services 2023 - Present · 3 yrs 5 mos Calgary, Alberta, Canada Calgary Comprehensive Epilepsy Program, Department of Clinical Neurosciences.",2
2659a6b7-f4c9-408d-a5c5-c99cbe28423c,46f9fd7a-681a-433b-9b1b-b1b97419df7f,Full Member,Hotchkiss Brain Institute,,"Calgary, Alberta, Canada",Sep 2023,Present,2 yrs 9 mos,,"Full Member Hotchkiss Brain Institute Sep 2023 - Present · 2 yrs 9 mos Calgary, Alberta, Canada",3
b59b64b7-85a2-452f-8ec6-c65090d4866d,46f9fd7a-681a-433b-9b1b-b1b97419df7f,"Member, Spanish Language Workgroup, AAN Annual Meeting",American Academy of Neurology,Nov 2021 - Present · 4 yrs 7 mos,,,,,,"Member, Spanish Language Workgroup, AAN Annual Meeting Nov 2021 - Present · 4 yrs 7 mos Minneapolis, Minnesota, United States",4
985fdcd7-f18b-483a-8146-d934992a01f0,46f9fd7a-681a-433b-9b1b-b1b97419df7f,"Editorial Board Member, Brain & Life en Español",American Academy of Neurology,Aug 2020 - Present · 5 yrs 10 mos,,,,,,"Editorial Board Member, Brain & Life en Español Aug 2020 - Present · 5 yrs 10 mos Minneapolis, Minnesota, United States",5
a5e18d19-815a-4048-8e2b-d59fd4dd0d40,46f9fd7a-681a-433b-9b1b-b1b97419df7f,"Editorial Board Member, Neurology® Clinical Practice",American Academy of Neurology,Oct 2021 - Mar 2026 · 4 yrs 6 mos,,,,,,"Editorial Board Member, Neurology® Clinical Practice Oct 2021 - Mar 2026 · 4 yrs 6 mos Minneapolis, Minnesota, United States",6
c4d06b94-a256-4167-bcfa-70134ed965ae,46f9fd7a-681a-433b-9b1b-b1b97419df7f,"Classification of Evidence (CoE) Review Team Member, Neurology®",American Academy of Neurology,Oct 2021 - Dec 2024 · 3 yrs 3 mos,,,,,,"Classification of Evidence (CoE) Review Team Member, Neurology® Oct 2021 - Dec 2024 · 3 yrs 3 mos Minneapolis, Minnesota, United States",7
2f1f69a6-1ec5-4aab-89eb-3d5a779381c7,46f9fd7a-681a-433b-9b1b-b1b97419df7f,"Member, History and Archives Committee",American Academy of Neurology,Apr 2021 - Apr 2023 · 2 yrs 1 mo,,,,,,"Member, History and Archives Committee Apr 2021 - Apr 2023 · 2 yrs 1 mo Minneapolis, Minnesota, United States",8
5033feb1-dbda-4b38-963c-e942ee3e39ec,46f9fd7a-681a-433b-9b1b-b1b97419df7f,"International Member, Editorial Team, Resident and Fellow Section, Neurology®",American Academy of Neurology,Aug 2018 - Sep 2021 · 3 yrs 2 mos,,,,,"The Neurology® Resident and Fellow Section is trainee-run: a team of residents and fellows has responsibility for writing, reviewing, editing, and publishing articles of interest to trainees. The group also has responsibility for initiating and developing other unique projects, including podcasts, other electronic communications, a website, and new subsection ideas.","International Member, Editorial Team, Resident and Fellow Section, Neurology® Aug 2018 - Sep 2021 · 3 yrs 2 mos Minneapolis, MN The Neurology® Resident and Fellow Section is trainee-run: a team of residents and fellows has responsibility for writing, reviewing, editing, and publishing articles of interest to trainees. The group also has responsibility for initiating and developing other unique projects, including podcasts, other electronic communications, a website, and new subsection ideas.",9
faee7a49-89c0-4481-a9b0-7282bdd23ac8,46f9fd7a-681a-433b-9b1b-b1b97419df7f,Invited Professor,Instituto Nacional de Pediatría,,Mexico City Metropolitan Area,Sep 2019,Jun 2020,10 mos,"Child & Adolescent Psychiatry Fellowship Program. Module II, Didactic Unit 2: ""The Neurological Diagnosis of the Child: Neurological Basis of Child Psychiatry.""","Invited Professor Instituto Nacional de Pediatría Sep 2019 - Jun 2020 · 10 mos Mexico City Metropolitan Area Child & Adolescent Psychiatry Fellowship Program. Module II, Didactic Unit 2: ""The Neurological Diagnosis of the Child: Neurological Basis of Child Psychiatry.""",10
2e80c440-8df9-4888-86e9-8d94f4d093a7,46f9fd7a-681a-433b-9b1b-b1b97419df7f,Guest Lecturer,Neurocampus,,Mexico City Metropolitan Area,Mar 2018,Feb 2020,2 yrs,"Guest Lecturer in Neuroanatomy (Anatomy of the Autonomic Nervous System, 2018), Vascular Neurology (Vasculitis, 2019), and Neuro-Infectious Diseases (Meningeal Tuberculosis, 2019). Neurocampus is an initiative of the National Institute of Neurology (Mexico) and the Open University and Distance Education Center (CUAED), National Autonomous University of Mexico (UNAM). Website: https://neurocampus.cuaed.unam.mx/","Guest Lecturer Neurocampus Mar 2018 - Feb 2020 · 2 yrs Mexico City Metropolitan Area Guest Lecturer in Neuroanatomy (Anatomy of the Autonomic Nervous System, 2018), Vascular Neurology (Vasculitis, 2019), and Neuro-Infectious Diseases (Meningeal Tuberculosis, 2019). Neurocampus is an initiative of the National Institute of Neurology (Mexico) and the Open University and Distance Education Center (CUAED), National Autonomous University of Mexico (UNAM). Website: https://neurocampus.cuaed.unam.mx/",11
e45230f0-cdae-4e9d-a56d-afb4f1008abd,46f9fd7a-681a-433b-9b1b-b1b97419df7f,Resident Physician (Adult Neurology),Instituto Nacional de Neurología y Neurocirugía,,"Mexico City, Mexico",Mar 2017,Feb 2020,3 yrs,"""The National Institute of Neurology and Neurosurgery was initially conceived as an institution where the three main divisions of clinical neurosciences would coexist with equal academic pre-eminence: neurology, neurosurgery, and psychiatry. [...] In the academic field, the National Institute of Neurology and Neurosurgery is the largest training center for specialists in Latin America. In its 40 years, it has graduated almost 1000 specialists in the neurological sciences and more than 250 MSc and PhD researchers"" (Handb Clin Neurol. 2010;95:801-14).","Resident Physician (Adult Neurology) Instituto Nacional de Neurología y Neurocirugía Mar 2017 - Feb 2020 · 3 yrs Mexico City, Mexico ""The National Institute of Neurology and Neurosurgery was initially conceived as an institution where the three main divisions of clinical neurosciences would coexist with equal academic pre-eminence: neurology, neurosurgery, and psychiatry. [...] In the academic field, the National Institute of Neurology and Neurosurgery is the largest training center for speciali",12
a81f4734-0abc-4b20-a565-9a7ee7a6db65,46f9fd7a-681a-433b-9b1b-b1b97419df7f,World Federation of Neurology (WFN) Observer,The Montreal Neurological Institute,Internship,Greater Montreal Metropolitan Area,Nov 2019,Dec 2019,2 mos,"Epilepsy Program & Analytical Neurophysiology (ANPHY) Lab (Supervisor: Prof. Birgit Frauscher, MD, PD), Montreal Neurological Institute and Hospital, McGill University Health Centre: https://mcgill.ca/frauscher-lab/. Canadian Department Visit Program, World Federation of Neurology (WFN), Montreal Neurological Institute (MNI) and Canadian Neurological Society (CNS). The purpose of this observership was to experience the Canadian neurological system in an international environment, meet new colleagues and foster future cooperation.","World Federation of Neurology (WFN) Observer The Montreal Neurological Institute · Internship Nov 2019 - Dec 2019 · 2 mos Greater Montreal Metropolitan Area Epilepsy Program & Analytical Neurophysiology (ANPHY) Lab (Supervisor: Prof. Birgit Frauscher, MD, PD), Montreal Neurological Institute and Hospital, McGill University Health Centre: https://mcgill.ca/frauscher-lab/. Canadian Department Visit Program, World Federation of Neurology (WFN), Montreal Neurological Institute (MNI) and Canadian Neu",13
18dbf8b3-4606-428b-8c4e-4954b52587fc,46f9fd7a-681a-433b-9b1b-b1b97419df7f,Adjunct Professor,"School of Medicine, UNAM",,Mexico City Metropolitan Area,Aug 2019,Sep 2019,2 mos,"Certification course: ""Sistematización de Conocimientos Médicos para Aspirantes a Residencias Médicas (Intensivo)"" (Systematization of Medical Knowledge for Applicants to Medical Residencies [Intensive Course Program]). School of Medicine, UNAM, and Mexican Academy of Surgery.","Adjunct Professor School of Medicine, UNAM Aug 2019 - Sep 2019 · 2 mos Mexico City Metropolitan Area Certification course: ""Sistematización de Conocimientos Médicos para Aspirantes a Residencias Médicas (Intensivo)"" (Systematization of Medical Knowledge for Applicants to Medical Residencies [Intensive Course Program]). School of Medicine, UNAM, and Mexican Academy of Surgery.",14
5438241e-e049-4388-9eda-8893a75b5dd6,46f9fd7a-681a-433b-9b1b-b1b97419df7f,Research Assistant,National Researchers System,,Mexico City Metropolitan Area,2017,2019,2 yrs,"The Sistema Nacional de Investigadores (National Researchers System) or SNI is a governmental agency established in Mexico in 1984, to promote both the quantity and quality of research. It is a subsidiary of the National Council on Science and Technology (Consejo Nacional de Ciencia y Tecnología, CONACYT). Institutional Affiliation: Clinical Laboratory of Neurodegenerative Diseases (Head: Prof. Teresa Corona, MD, MSc), National Institute of Neurology and Neurosurgery, Mexico City.","Research Assistant National Researchers System 2017 - 2019 · 2 yrs Mexico City Metropolitan Area The Sistema Nacional de Investigadores (National Researchers System) or SNI is a governmental agency established in Mexico in 1984, to promote both the quantity and quality of research. It is a subsidiary of the National Council on Science and Technology (Consejo Nacional de Ciencia y Tecnología, CONACYT). Institutional Affiliation: Clinical Laboratory of Neurodegenerative Diseases (Head: Prof. Teres",15
59d99f60-b388-423d-af88-d7888123e9ac,64c97947-aec6-4706-9332-cfbb7267a75e,VP External,Birthday Wishes UofC,Sep 2025 - Present · 9 mos,,,,,,VP External Sep 2025 - Present · 9 mos,0
e79ee3c9-8718-4472-847c-9820a2066377,64c97947-aec6-4706-9332-cfbb7267a75e,Junior Executive,Birthday Wishes UofC,Sep 2024 - Sep 2025 · 1 yr 1 mo,,,,,,Junior Executive Sep 2024 - Sep 2025 · 1 yr 1 mo,1
8202bfda-ca89-4969-a6be-7bf10bd081f0,64c97947-aec6-4706-9332-cfbb7267a75e,Undergraduate Researcher,Hotchkiss Brain Institute,,,May 2025,Present,1 yr 1 mo,,Undergraduate Researcher Hotchkiss Brain Institute May 2025 - Present · 1 yr 1 mo,2
43e906f8-7827-4935-87cf-02d464741352,64c97947-aec6-4706-9332-cfbb7267a75e,Marketing Coordinator,RDC Guardian Pharmacy,,,Dec 2024,Present,1 yr 6 mos,,Marketing Coordinator RDC Guardian Pharmacy Dec 2024 - Present · 1 yr 6 mos,3
7b688158-1ca3-40c9-8e92-b93dd929f6eb,64c97947-aec6-4706-9332-cfbb7267a75e,VP Social Media,Golden Z Club of Calgary,,,Sep 2024,Present,1 yr 9 mos,,VP Social Media Golden Z Club of Calgary Sep 2024 - Present · 1 yr 9 mos,4
9b1f3774-5e80-417a-91d3-27e2bb0d3be1,64c97947-aec6-4706-9332-cfbb7267a75e,High School Tutor,École Secondaire Notre Dame High School,,,Sep 2023,Aug 2024,1 yr,,High School Tutor École Secondaire Notre Dame High School Sep 2023 - Aug 2024 · 1 yr,5
b14e9453-c4e1-4dc4-be35-bef183546f6e,64c97947-aec6-4706-9332-cfbb7267a75e,Teaching Assistant,"Kumon North America, Inc.",,,Sep 2022,Aug 2024,2 yrs,,"Teaching Assistant Kumon North America, Inc. Sep 2022 - Aug 2024 · 2 yrs",6
1f0878c2-5f31-4c9f-afa4-f1d4cb96e707,5fdef858-27ef-4a49-b205-6c34de4d5bac,Student Researcher,Hotchkiss Brain Institute,,,Oct 2022,Present,3 yrs 8 mos,,"Student Researcher Hotchkiss Brain Institute Oct 2022 - Present · 3 yrs 8 mos Conducted specialized research on early indicators and risk markers of dementia, with a focus on neuroinflammation. Published two abstracts in peer-reviewed scientific journals and presented findings at the Canadian Conference on Dementia and the Alzheimer's Association International Conference",0
44a73b3b-9406-49cf-a9c3-6cfab2e53622,5fdef858-27ef-4a49-b205-6c34de4d5bac,Founder of New Doors for Newcomers,Community Oragnization,,,Oct 2022,Present,3 yrs 8 mos,,Founder of New Doors for Newcomers Community Oragnization Oct 2022 - Present · 3 yrs 8 mos A student-led organization aimed to enhance the growth and development of newcomer youth in their journey of resettlement through a mentorship group with the Centre for Newcomers Calgary.,1
3de3309c-8235-4bd7-81df-44265901225d,5fdef858-27ef-4a49-b205-6c34de4d5bac,Youth Volunteer Coordinator / Family Support Assistant,Centre for Newcomers,Permanent Part-time,,Oct 2023,Present,2 yrs 8 mos,,Youth Volunteer Coordinator / Family Support Assistant Centre for Newcomers · Permanent Part-time Oct 2023 - Present · 2 yrs 8 mos,2
d31f3ddc-f453-4e43-b142-a16c6f96b445,5fdef858-27ef-4a49-b205-6c34de4d5bac,VP Events,ACT YYC,,,Sep 2021,May 2025,3 yrs 9 mos,,"VP Events ACT YYC Sep 2021 - May 2025 · 3 yrs 9 mos ACT YYC is an advocacy and community service centred initiative. It is focused on assisting impoverished and vulnerable immigrants, women, and youth in achieving a better quality of life.",3
60198fcf-0ab2-4bdf-a3d5-d2fa69ecadbc,5fdef858-27ef-4a49-b205-6c34de4d5bac,VP Social Media/Marketing,Decreasing Disparities in Diagnosis,,,Sep 2021,May 2025,3 yrs 9 mos,,"VP Social Media/Marketing Decreasing Disparities in Diagnosis Sep 2021 - May 2025 · 3 yrs 9 mos A University of Calgary Club aiming to drive the adoption of diagnostic quality improvement by raising awareness on how visible factors such as age, sex, and race influence diagnostic error",4
3631ae02-54a2-4303-8121-625cc794d8bc,5fdef858-27ef-4a49-b205-6c34de4d5bac,Refugee Student Program Coordinator,University of Calgary Students'​ Union,Permanent Part-time,,Aug 2024,Apr 2025,9 mos,"Supporting the arrival and transition of two sponsored refugee students at the University of Calgary annually through the World University Service of Canada, providing direct assistance in academics, financial stability, self-reliance, social integration, and health and wellbeing to ensure their successful adaptation and growth.","Refugee Student Program Coordinator Permanent Part-time Aug 2024 - Apr 2025 · 9 mos Supporting the arrival and transition of two sponsored refugee students at the University of Calgary annually through the World University Service of Canada, providing direct assistance in academics, financial stability, self-reliance, social integration, and health and wellbeing to ensure their successful adaptation and growth.",5
f4638f3c-65f2-4c90-851f-f6ee5e57803f,5fdef858-27ef-4a49-b205-6c34de4d5bac,Refugee Student Program Committee Member,University of Calgary Students'​ Union,Jul 2022 - Aug 2024 · 2 yrs 2 mos,,,,,,Refugee Student Program Committee Member Jul 2022 - Aug 2024 · 2 yrs 2 mos,6
713d5fae-8a65-4629-bcb7-189c38355fc6,5fdef858-27ef-4a49-b205-6c34de4d5bac,COUHR x Tidbit Summer Research Program,Canadian Organization for Undergraduate Health Research (COUHR),,,May 2022,Aug 2022,4 mos,,COUHR x Tidbit Summer Research Program Canadian Organization for Undergraduate Health Research (COUHR) May 2022 - Aug 2022 · 4 mos,7
df6e5e5e-85e4-422c-b75d-5a616c8c6aba,cdc07aa4-1687-4320-a32e-6583764daa56,Student Researcher at the Syed Laboratory,Hotchkiss Brain Institute,May 2017 - Present · 9 yrs 1 mo,,,,,,Student Researcher at the Syed Laboratory May 2017 - Present · 9 yrs 1 mo Greater Calgary Metropolitan Area,0
12bd2f8e-8a45-455f-876d-736048a67b41,cdc07aa4-1687-4320-a32e-6583764daa56,Student Researcher at Project neuroArm,Hotchkiss Brain Institute,Sep 2016 - Present · 9 yrs 9 mos,,,,,,"Student Researcher at Project neuroArm Sep 2016 - Present · 9 yrs 9 mos Calgary, Canada Area",1
ddb8b682-c17b-46ac-8995-64d1e744b261,cdc07aa4-1687-4320-a32e-6583764daa56,Quality and Regulatory Intern,Neuraura,Internship,"Calgary, Alberta, Canada",May 2022,Sep 2022,5 mos,,"Quality and Regulatory Intern Neuraura · Internship May 2022 - Sep 2022 · 5 mos Calgary, Alberta, Canada",2
1e414265-92db-4373-8260-1a5791d66390,cdc07aa4-1687-4320-a32e-6583764daa56,Co President,Mental Health Awareness Club,May 2019 - May 2020 · 1 yr 1 mo,,,,,,"Co President May 2019 - May 2020 · 1 yr 1 mo Calgary, Alberta, Canada",3
3c0bc46f-8a83-46e6-829e-8cd7d0c4e54a,cdc07aa4-1687-4320-a32e-6583764daa56,Vice President External Affairs,Mental Health Awareness Club,May 2018 - May 2019 · 1 yr 1 mo,,,,,,Vice President External Affairs May 2018 - May 2019 · 1 yr 1 mo Greater Calgary Metropolitan Area,4
83a02797-9cf4-4379-9715-dc3f13c28bae,cdc07aa4-1687-4320-a32e-6583764daa56,Jr. Executive,Mental Health Awareness Club,Sep 2017 - May 2018 · 9 mos,,,,,,"Jr. Executive Sep 2017 - May 2018 · 9 mos Calgary, Alberta, Canada",5
5d13e061-8cd6-4408-8d01-8b7538a18427,cdc07aa4-1687-4320-a32e-6583764daa56,President,Calgary Campus Lions Club,Apr 2018 - Mar 2019 · 1 yr,,,,,,President Apr 2018 - Mar 2019 · 1 yr Greater Calgary Metropolitan Area,6
2174999a-1849-4a29-bddc-26f5e85a7c9d,cdc07aa4-1687-4320-a32e-6583764daa56,VP Volunteer Coordinator,Calgary Campus Lions Club,Sep 2017 - Apr 2018 · 8 mos,,,,,,VP Volunteer Coordinator Sep 2017 - Apr 2018 · 8 mos,7
528b32bb-976d-4fdb-a2a3-0eb3050ad1c8,cdc07aa4-1687-4320-a32e-6583764daa56,Academic Tutor,Self-Employed,,Greater Calgary Metropolitan Area,Jun 2016,Aug 2018,2 yrs 3 mos,"Tutored peers and younger students in mathematics, physics, chemistry, and English from high school to undergraduate levels. In doing so, I helped them develop the skills to solve problems independently and confidently understand the concepts they are studying.","Academic Tutor Self-Employed Jun 2016 - Aug 2018 · 2 yrs 3 mos Greater Calgary Metropolitan Area Tutored peers and younger students in mathematics, physics, chemistry, and English from high school to undergraduate levels. In doing so, I helped them develop the skills to solve problems independently and confidently understand the concepts they are studying.",8
ebbb52f0-4ec5-4af5-8c62-0aaef8686c72,cdc07aa4-1687-4320-a32e-6583764daa56,President of Student Government Association,Calgary Islamic School,,Greater Calgary Metropolitan Area,Sep 2014,Jun 2015,10 mos,,President of Student Government Association Calgary Islamic School Sep 2014 - Jun 2015 · 10 mos Greater Calgary Metropolitan Area,9
27fc890e-dacf-4ccb-be50-e285779af09e,cdc07aa4-1687-4320-a32e-6583764daa56,Research Intern,Prograding Rock Services,Internship,"Calgary, Alberta, Canada",Jun 2013,Aug 2013,3 mos,• Created thin sections from excavated rock samples for industrial study of oil deposits • Isolated fossils and prepared thin sections,"Research Intern Prograding Rock Services · Internship Jun 2013 - Aug 2013 · 3 mos Calgary, Alberta, Canada • Created thin sections from excavated rock samples for industrial study of oil deposits • Isolated fossils and prepared thin sections",10
99e8ed5b-8591-41ec-a446-00fa756274bf,abfaa604-a017-4d5e-9aec-ecb586b0ddd4,Server,morning brunch co.,Permanent Full-time,"Calgary, Alberta, Canada",Apr 2026,Present,2 mos,,"Server morning brunch co. · Permanent Full-time Apr 2026 - Present · 2 mos Calgary, Alberta, Canada",0
6d7205a3-524c-4f0a-bead-b19e39dc8239,abfaa604-a017-4d5e-9aec-ecb586b0ddd4,Finance Manager,Home Lifestyle Club,Permanent Part-time,"Calgary, Alberta, Canada",Nov 2025,Present,7 mos,"At Home, I complete bookkeeping tasks such as transaction review, profit and loss, and budgeting. I also work alongside the operations team to provide analysis for business development and optimization.","Finance Manager Home Lifestyle Club · Permanent Part-time Nov 2025 - Present · 7 mos Calgary, Alberta, Canada At Home, I complete bookkeeping tasks such as transaction review, profit and loss, and budgeting. I also work alongside the operations team to provide analysis for business development and optimization.",1
904b0de6-95a7-489d-a419-fa0f41973d7a,abfaa604-a017-4d5e-9aec-ecb586b0ddd4,Researcher,Hotchkiss Brain Institute,Internship,"Calgary, Alberta, Canada · On-site",May 2025,Present,1 yr 1 mo,"This summer, I am conducting research in the Borgland Lab at the Hotchkiss Brain Institute, focusing on the neural mechanisms underlying the salience of food and addiction, with additional interests in cannabis-related research. I assist with behavioral experiments in mice, data analysis, and a variety of laboratory techniques, working closely with a team of neuroscientists. The skills and insights I gain during this studentship will directly support my honours thesis, which I will complete with the Borgland Lab during the upcoming academic year.","Researcher Hotchkiss Brain Institute · Internship May 2025 - Present · 1 yr 1 mo Calgary, Alberta, Canada · On-site This summer, I am conducting research in the Borgland Lab at the Hotchkiss Brain Institute, focusing on the neural mechanisms underlying the salience of food and addiction, with additional interests in cannabis-related research. I assist with behavioral experiments in mice, data analysis, and a variety of laboratory techniques, working closely with a team of neuroscientists. The sk",2
1e617299-ba9b-42ec-bc67-5b12c24932f3,abfaa604-a017-4d5e-9aec-ecb586b0ddd4,Finance Manager,Girls Who Like To Do Things,Permanent Part-time,"Calgary, Alberta, Canada · On-site",Aug 2024,Present,1 yr 10 mos,"As the Financial Manager and Owner of Girls Who Like To Do Things, I oversee all financial operations and strategic planning for a growing social club that creates events and experiences for women in their 20s. I manage budgeting, forecasting, and expense tracking across multiple monthly events to ensure financial sustainability and transparency. My role includes handling vendor payments, managing registration fees and reimbursements, preparing financial summaries, and maintaining accurate records for a volunteer-run team. I also implement cost-effective strategies that keep events accessible while supporting the club’s growth, and I ensure compliance with local business and tax regulations.","Finance Manager Girls Who Like To Do Things · Permanent Part-time Aug 2024 - Present · 1 yr 10 mos Calgary, Alberta, Canada · On-site As the Financial Manager and Owner of Girls Who Like To Do Things, I oversee all financial operations and strategic planning for a growing social club that creates events and experiences for women in their 20s. I manage budgeting, forecasting, and expense tracking across multiple monthly events to ensure financial sustainability and transparency. My role includes ",3
6efe8ee6-9a0e-48a7-aee7-df5f5ed4e484,abfaa604-a017-4d5e-9aec-ecb586b0ddd4,Finance Administrator,722 World Bier Haus,Aug 2022 - Present · 3 yrs 10 mos,,,,,,"Finance Administrator Aug 2022 - Present · 3 yrs 10 mos Skills: Organization Skills, Financial Accounting, +2 skills",4
2c215d13-c5aa-4af9-9500-f0163529784e,abfaa604-a017-4d5e-9aec-ecb586b0ddd4,Server,722 World Bier Haus,Mar 2022 - Jan 2025 · 2 yrs 11 mos,,,,,,"Server Mar 2022 - Jan 2025 · 2 yrs 11 mos My experience as a server has significantly contributed to my skills in the field of neuroscience and pharmacology by honing my abilities in communication, problem-solving, and multitasking. In a fast-paced environment, I have developed strong interpersonal skills, which are crucial for effective collaboration and patient interactions in research settings. Managing a diverse range of customer needs and handling high-pressure situations has sharpened my a",5
8be1d542-cfe4-4982-9741-347570ba20c9,abfaa604-a017-4d5e-9aec-ecb586b0ddd4,Server,Trolley 5 Brewpub,Permanent Full-time,"Calgary, Alberta, Canada · On-site",Dec 2024,Dec 2025,1 yr 1 mo,,"Server Trolley 5 Brewpub · Permanent Full-time Dec 2024 - Dec 2025 · 1 yr 1 mo Calgary, Alberta, Canada · On-site",6
28941b31-13cc-47ce-afaa-0cf7fde4a4a0,abfaa604-a017-4d5e-9aec-ecb586b0ddd4,Research Intern,Hotchkiss Brain Institute,Internship,"Calgary, Alberta, Canada · On-site",May 2023,Aug 2023,4 mos,"During my internship at the Hotchkiss Brain Institute (HBI), I supported a graduate student in pioneering research exploring the relationship between asthma and the brain. My role involved hands-on assistance with various lab tasks, including the preparation and execution of experiments designed to investigate the neurological impact of asthma. This role enhanced my skills in both data analysis and experimental design, deepening my understanding of the intricate interactions between respiratory conditions and brain function. The internship not only strengthened my research capabilities but also fueled my enthusiasm for exploring interdisciplinary approaches in neuroscience and pharmacology.","Research Intern Hotchkiss Brain Institute · Internship May 2023 - Aug 2023 · 4 mos Calgary, Alberta, Canada · On-site During my internship at the Hotchkiss Brain Institute (HBI), I supported a graduate student in pioneering research exploring the relationship between asthma and the brain. My role involved hands-on assistance with various lab tasks, including the preparation and execution of experiments designed to investigate the neurological impact of asthma. This role enhanced my skills in bot",7
30210ded-e653-40cd-9989-558c568f4c66,04c0502c-e2fa-4de1-b7e4-1e471df6d292,Tutor,Self-employed,Self-employed,"Calgary, Alberta, Canada · Hybrid",Feb 2025,Present,1 yr 4 mos,- Providing personalized academic support in mathematics and science to K-12 students of varied skill levels - Developing lesson plans and strategies to address student's academic needs and enhance understanding and test performance - Communicating with students and parents to provide feedback to encourage improvement - Applying problem-solving skills to address individual learning needs to help students grasp challenging concepts,"Tutor Self-employed · Self-employed Feb 2025 - Present · 1 yr 4 mos Calgary, Alberta, Canada · Hybrid - Providing personalized academic support in mathematics and science to K-12 students of varied skill levels - Developing lesson plans and strategies to address student's academic needs and enhance understanding and test performance - Communicating with students and parents to provide feedback to encourage improvement - Applying problem-solving skills to address individual learning needs to help",0
30dc90bb-4fcb-4a56-9f4a-156a0383b6b1,04c0502c-e2fa-4de1-b7e4-1e471df6d292,Vice President Internal,Nigerian Students' Association - University of Calgary,May 2024 - Present · 2 yrs 1 mo,,,,,,"Vice President Internal May 2024 - Present · 2 yrs 1 mo Skills: Team Leadership, Collaborative Leadership, +1 skill",1
17f9fc73-e699-467d-9c4a-a129141015ed,04c0502c-e2fa-4de1-b7e4-1e471df6d292,Sr. Treasurer,Nigerian Students' Association - University of Calgary,May 2023 - Apr 2024 · 1 yr,,,,,,"Sr. Treasurer May 2023 - Apr 2024 · 1 yr Skills: Team Leadership, Financial Analysis, +2 skills",2
ec2c59a9-9a8d-4233-96e0-3e2987bf2858,04c0502c-e2fa-4de1-b7e4-1e471df6d292,Undergraduate Student Researcher,Hotchkiss Brain Institute,Internship,"Calgary, Alberta, Canada · On-site",May 2023,Present,3 yrs 1 mo,"Worked in Dr. Teskey's Lab conducting epilepsy research. Tasks included: - Performed recovery brain surgery on rodents - Conducted data collection using animal models, including seizure administration, treatment with various nutraceuticals, behavioural experiments, and enzymatic expression analyses - Graphed and analyzed data - Presented research at the Hotchkiss Brain Institute (HBI) Summer Student Symposium Program","Undergraduate Student Researcher Hotchkiss Brain Institute · Internship May 2023 - Present · 3 yrs 1 mo Calgary, Alberta, Canada · On-site Worked in Dr. Teskey's Lab conducting epilepsy research. Tasks included: - Performed recovery brain surgery on rodents - Conducted data collection using animal models, including seizure administration, treatment with various nutraceuticals, behavioural experiments, and enzymatic expression analyses - Graphed and analyzed data - Presented research at the Hotch",3
c5e1af1e-3373-404b-9df2-23ff0cd60a17,227f9d77-1bcf-487a-82db-0b1b7e563d80,Imaging Research Associate,"Hotchkiss Brain Institute, Clinical Neurosciences, University of Calgary",Permanent Full-time,"Calgary, Alberta, Canada · On-site",Mar 2026,Present,3 mos,,"Imaging Research Associate Hotchkiss Brain Institute, Clinical Neurosciences, University of Calgary · Permanent Full-time Mar 2026 - Present · 3 mos Calgary, Alberta, Canada · On-site",0
f14d558a-96c4-45b7-b5d6-75c22b5e30c5,227f9d77-1bcf-487a-82db-0b1b7e563d80,Radiologist,Fikreselam General Hospital,Permanent Full-time,,Nov 2024,Jul 2025,9 mos,,Radiologist Permanent Full-time Nov 2024 - Jul 2025 · 9 mos,1
4965ea60-f788-4f25-8594-79c750cac0b0,227f9d77-1bcf-487a-82db-0b1b7e563d80,Radiologist,Fikreselam General Hospital,Contract Part-time,,Feb 2024,Nov 2024,10 mos,,Radiologist Contract Part-time Feb 2024 - Nov 2024 · 10 mos,2
2ba317f9-5b1b-427c-badc-a900b5a712fe,227f9d77-1bcf-487a-82db-0b1b7e563d80,Radiologist,KT St.gabriel Internal Medicine Speciality Clinic,Contract Part-time,"Addis Ababa, Ethiopia · On-site",Feb 2024,Jul 2024,6 mos,,"Radiologist KT St.gabriel Internal Medicine Speciality Clinic · Contract Part-time Feb 2024 - Jul 2024 · 6 mos Addis Ababa, Ethiopia · On-site",3
7274d7fa-8857-43c3-9b4d-67466ee435e4,227f9d77-1bcf-487a-82db-0b1b7e563d80,General Practitioner,Tirunesh Beijing General Hospital,Full-time,"Addis Ababa, Ethiopia · On-site",May 2019,Mar 2021,1 yr 11 mos,,"General Practitioner Tirunesh Beijing General Hospital · Full-time May 2019 - Mar 2021 · 1 yr 11 mos Addis Ababa, Ethiopia · On-site Primary Care",4
95c3e3c1-1172-4004-9142-5425276f6046,227f9d77-1bcf-487a-82db-0b1b7e563d80,General Practitioner,Mekane Selam Primary Hospital,Full-time,Mekane Selam Amhara Region Ethiopia · On-site,Dec 2017,Mar 2019,1 yr 4 mos,,General Practitioner Mekane Selam Primary Hospital · Full-time Dec 2017 - Mar 2019 · 1 yr 4 mos Mekane Selam Amhara Region Ethiopia · On-site Primary Care,5
ff27d4e5-c3d9-40bf-8772-9f2ea493bf06,227f9d77-1bcf-487a-82db-0b1b7e563d80,Internship ( Medical Doctor),Addis Ababa University,Full-time,"Addis Ababa, Ethiopia · On-site",Dec 2016,Dec 2017,1 yr 1 mo,,"Internship ( Medical Doctor) Addis Ababa University · Full-time Dec 2016 - Dec 2017 · 1 yr 1 mo Addis Ababa, Ethiopia · On-site",6
8ef04589-b028-42d7-9970-2d3702247680,5113b5b0-63d8-40cf-ae2e-561c3cd83dff,Associate,Hotchkiss Brain Institute,Permanent Full-time,"Calgary, Alberta, Canada",Oct 2021,Present,4 yrs 8 mos,,"Associate Hotchkiss Brain Institute · Permanent Full-time Oct 2021 - Present · 4 yrs 8 mos Calgary, Alberta, Canada",0
1a1ca208-b1a6-47b8-8f32-ca247a3d67fb,5113b5b0-63d8-40cf-ae2e-561c3cd83dff,Associate,Mathison Centre for Mental Health Research & Education,Permanent Full-time,"Calgary, Alberta, Canada",Oct 2021,Present,4 yrs 8 mos,,"Associate Mathison Centre for Mental Health Research & Education · Permanent Full-time Oct 2021 - Present · 4 yrs 8 mos Calgary, Alberta, Canada",1
bd3b1502-5c9f-4db5-9f8e-f404000b0045,5113b5b0-63d8-40cf-ae2e-561c3cd83dff,Assistant Professor of Psychology,St. Mary's University,Contract Full-time,,Jul 2021,Present,4 yrs 11 mos,,Assistant Professor of Psychology Contract Full-time Jul 2021 - Present · 4 yrs 11 mos,2
c32ec508-6a08-4840-9eaf-3fded61fa503,5113b5b0-63d8-40cf-ae2e-561c3cd83dff,Adjunct Assistant Professor,St. Mary's University,Sep 2020 - Jun 2021 · 10 mos,,,,,,Adjunct Assistant Professor Sep 2020 - Jun 2021 · 10 mos,3
1ab3134b-828f-4caf-97ff-0c90d01fb22e,5113b5b0-63d8-40cf-ae2e-561c3cd83dff,Adjunct Instructor,University of Calgary,,"Calgary, Alberta, Canada",Sep 2020,Dec 2020,4 mos,,"Adjunct Instructor University of Calgary Sep 2020 - Dec 2020 · 4 mos Calgary, Alberta, Canada",4
363f604e-fc7a-4cb7-9878-5700fa902361,5113b5b0-63d8-40cf-ae2e-561c3cd83dff,Postdoctoral Fellow,University of Calgary,,,Jan 2015,Feb 2020,5 yrs 2 mos,,Postdoctoral Fellow University of Calgary Jan 2015 - Feb 2020 · 5 yrs 2 mos,5
fc1fbb2a-4704-4e05-87cb-f0bbbbb2389f,5113b5b0-63d8-40cf-ae2e-561c3cd83dff,Multimodal Brain Image Analysis Lab,National Institute of Mental Health and Neuro Sciences,,,Jan 2007,Aug 2009,2 yrs 8 mos,,Multimodal Brain Image Analysis Lab National Institute of Mental Health and Neuro Sciences Jan 2007 - Aug 2009 · 2 yrs 8 mos,6
60cbad76-fd64-45ae-aabb-25b7c70a1f07,e84862f3-28fc-48c4-bcef-3cee7d9ee6b1,Research Assistant,Hotchkiss Brain Institute,,Health Science Centre,May 2015,Present,11 yrs 1 mo,,Research Assistant Hotchkiss Brain Institute May 2015 - Present · 11 yrs 1 mo Health Science Centre,0
61f79959-0cb9-40f0-9e2e-096467ee0c6d,e84862f3-28fc-48c4-bcef-3cee7d9ee6b1,Server,Cara Operations,Sep 2010 - Aug 2015 · 5 yrs,,,,,"Server, shift leader, trainer for Milestones Restaurant and Bar","Server Sep 2010 - Aug 2015 · 5 yrs Milestones Grill and Bar Server, shift leader, trainer for Milestones Restaurant and Bar",1
985ec7ce-5606-4cda-bd37-46647b3c0469,e84862f3-28fc-48c4-bcef-3cee7d9ee6b1,Expeditor,Cara Operations,Sep 2010 - 2015 · 4 yrs 5 mos,,,,,"Expediting the delivery of food from the kitchen to tables, training new staff and organizing/leading the kitchen as a team.","Expeditor Sep 2010 - 2015 · 4 yrs 5 mos Milestones Expediting the delivery of food from the kitchen to tables, training new staff and organizing/leading the kitchen as a team.",2
981b70f7-2916-4c90-a2a1-5ea8aaa76598,e84862f3-28fc-48c4-bcef-3cee7d9ee6b1,Research Assistant,Mount Royal University,,,May 2013,May 2015,2 yrs 1 mo,,"Research Assistant Mount Royal University May 2013 - May 2015 · 2 yrs 1 mo Research Assistant Mount Royal University, Summers of 2013, 2014 An investigation into the relationship between wax and anthocyanin pathways in Arabidopsis thaliana • Gene analysis, gas chromatography and mass spectroscopy were used to characterize the interactions between the cellular substrates of the anthocyanin pathway and the wax pathway in Arabidopsis thaliana.",3
892fa820-139d-42ed-86d0-079eb654c333,2639593a-850c-4dcb-be8b-e338bccf7a2f,Research Assistant,Hotchkiss Brain Institute,Full-time,"Calgary, Alberta, Canada · On-site",Jan 2026,Present,5 mos,Lab: Computational Neurophysics Lab PI: Dr. Roberto C. Sotero Institution: Hotchkiss Brain Institute University: University of Calgary,"Research Assistant Hotchkiss Brain Institute · Full-time Jan 2026 - Present · 5 mos Calgary, Alberta, Canada · On-site Lab: Computational Neurophysics Lab PI: Dr. Roberto C. Sotero Institution: Hotchkiss Brain Institute University: University of Calgary Research Skills, Deep Neural Networks (DNN) and +2 skills",0
61a8d80e-2eaf-41bc-bf25-4bc77ab2eb47,2639593a-850c-4dcb-be8b-e338bccf7a2f,Research Assistant,Amirkabir University of Technology - Tehran Polytechnic,Part-time,,Jun 2025,Present,1 yr,"Gait and Motion Analysis lab Supervisor(s): Dr. Mostafa Rostami, Sadegh Madadi Project(s): 1- Parkinson’s disease classification using EEG and a hybrid EEGNet–LSTM architecture 2- Next-Generation Transformer-Based EEG Modeling for Parkinson’s Disease Detection Using Resting-State Data","Research Assistant Part-time Jun 2025 - Present · 1 yr Tehran, Tehran Province, Iran · Hybrid Gait and Motion Analysis lab Supervisor(s): Dr. Mostafa Rostami, Sadegh Madadi Project(s): 1- Parkinson’s disease classification using EEG and a hybrid EEGNet–LSTM architecture 2- Next-Generation Transformer-Based EEG Modeling for Parkinson’s Disease Detection Using Resting-State Data Skills: Parkinson's Disease, Machine Learning, +2 skills",1
11bacb3b-1ca1-4089-b701-16066814a646,2639593a-850c-4dcb-be8b-e338bccf7a2f,Research Assistant,Amirkabir University of Technology - Tehran Polytechnic,Full-time,,Aug 2024,May 2026,1 yr 10 mos,Neural and Cognitive Systems Engineering Lab Supervisor: Dr. Golnaz Baghdadi Project(s): 1- Neural Network-Based Seizure Epilepsy Prediction and Detection. 2-Dynamic Connectivity Graph Attention Transformer for Multi-Task EEG Classification.,"Research Assistant Full-time Aug 2024 - May 2026 · 1 yr 10 mos Tehran, Tehran Province, Iran · On-site Neural and Cognitive Systems Engineering Lab Supervisor: Dr. Golnaz Baghdadi Project(s): 1- Neural Network-Based Seizure Epilepsy Prediction and Detection. 2-Dynamic Connectivity Graph Attention Transformer for Multi-Task EEG Classification. GitHub - Pouya-Ta/AI-Powered-Epilepsy-Detection: Using AI-based models (classic models) to classify non-epileptic and epileptic stages in EEG signals from ",2
592a48ac-86a3-4774-a928-48c25ac5301f,2639593a-850c-4dcb-be8b-e338bccf7a2f,Teaching Assistant,Amirkabir University of Technology - Tehran Polytechnic,Part-time,,May 2023,Sep 2025,2 yrs 5 mos,Course: Medical Physics Supervisor: Dr. Malikeh Nabaei,"Teaching Assistant Part-time May 2023 - Sep 2025 · 2 yrs 5 mos Tehran Province, Iran · Hybrid Course: Medical Physics Supervisor: Dr. Malikeh Nabaei #aut #biomedicalengineering #ta #teaching #medicalphysics #physics… | Pouya Taghipour Pouya Taghipour on LinkedIn: #medicalphysics #teachingassistant #gratitude #education… Teaching assistant Show all 6 media Skills: Microsoft Word, Microsoft PowerPoint, +1 skill",3
4a9087c8-2e13-4ab8-9e1d-5b70a91efb78,2639593a-850c-4dcb-be8b-e338bccf7a2f,Teaching Assistant,Amirkabir University of Technology - Tehran Polytechnic,Part-time,,Aug 2022,Jan 2025,2 yrs 6 mos,Course: Biostatistics and probabilities Supervisor: Dr. Mehrdad Saviz,"Teaching Assistant Part-time Aug 2022 - Jan 2025 · 2 yrs 6 mos Tehran Province, Iran · Hybrid Course: Biostatistics and probabilities Supervisor: Dr. Mehrdad Saviz Pouya Taghipour on LinkedIn: #teaching #statistics #python #r #excel #bme | 14 comments Pouya Taghipour on LinkedIn: #biostatistics #probability #teachingassistant #gratitude… photo_5872955198882823587_y.jpg Show all 9 media Skills: R (Programming Language), Teaching, +4 skills",4
e5b5410c-f3e6-4558-aa9c-f035942fdc0a,2639593a-850c-4dcb-be8b-e338bccf7a2f,Teaching Assistant,Amirkabir University of Technology - Tehran Polytechnic,Part-time,,Feb 2023,Aug 2023,7 mos,Course: Signal processing and Systems Supervisor: Dr. Amir Khakpour,"Teaching Assistant Part-time Feb 2023 - Aug 2023 · 7 mos Tehran, Iran · Hybrid Course: Signal processing and Systems Supervisor: Dr. Amir Khakpour mid-term sample question.pdf Skills: Signal Processing, Microsoft Word, +3 skills",5
0e2b7bed-71d0-456e-95c8-b6e9a98f2055,2639593a-850c-4dcb-be8b-e338bccf7a2f,Teaching Assistant,Amirkabir University of Technology - Tehran Polytechnic,Part-time,,Feb 2023,May 2023,4 mos,Course: General Mathematics Supervisor: Dr. Mehdi Rostami,"Teaching Assistant Part-time Feb 2023 - May 2023 · 4 mos Tehran Province, Iran · Remote Course: General Mathematics Supervisor: Dr. Mehdi Rostami Screenshot 2023-03-16 012034.jpg Skills: Microsoft Word, Teamwork, +3 skills",6
73eae05f-6e33-45d5-89ad-99dc675e972e,2639593a-850c-4dcb-be8b-e338bccf7a2f,Teaching Assistant,Amirkabir University of Technology - Tehran Polytechnic,Part-time,,Jan 2023,May 2023,5 mos,Course: General Mathematics II Supervisor: Dr. Sara Saeidi Madani,"Teaching Assistant Part-time Jan 2023 - May 2023 · 5 mos Tehran Province, Iran · Remote Course: General Mathematics II Supervisor: Dr. Sara Saeidi Madani Skills: Microsoft Word, Mathematics, +1 skill",7
32e57417-3229-433d-9583-27f16bfb569e,2639593a-850c-4dcb-be8b-e338bccf7a2f,Research Assistant,Maastricht University,Internship,"Maastricht, Netherlands · Remote",Jun 2024,Present,2 yrs,Developing Predictive Models for Reading Behavior and Cognitive Responses through Deep Learning Integration of EEG and Eye-Tracking Data,"Research Assistant Maastricht University · Internship Jun 2024 - Present · 2 yrs Maastricht, Netherlands · Remote Developing Predictive Models for Reading Behavior and Cognitive Responses through Deep Learning Integration of EEG and Eye-Tracking Data Research Skills, Python (Programming Language) and +1 skill",8
e89a9419-41ac-4b39-a6e7-5213c51a9626,2639593a-850c-4dcb-be8b-e338bccf7a2f,Graduate Teaching Assistant,University of Calgary,Part-time,,Jan 2026,May 2026,5 mos,,"Graduate Teaching Assistant University of Calgary · Part-time Jan 2026 - May 2026 · 5 mos Course: Biosignals and Bioinstrumentation Instructor: Daniel Comadurán Márquez PhD., MSc. Signal Processing, Bioelectronics and +3 skills",9
c6620b10-fdcd-4741-a31b-b157503965a1,2639593a-850c-4dcb-be8b-e338bccf7a2f,Research Assistant,"Donders Institute for Brain, Cognition, and Behaviour",Internship,,Jun 2024,May 2026,2 yrs,Project: Designing an extension for sleep data and annotations based on BIDS (Brain Imaging Data Structure),Research Assistant Internship Jun 2024 - May 2026 · 2 yrs Project: Designing an extension for sleep data and annotations based on BIDS (Brain Imaging Data Structure) The GitHub Issue Survey Skills: Research Skills,10
50439bbe-762d-4e60-ac67-81a730457f07,2639593a-850c-4dcb-be8b-e338bccf7a2f,Summer School Student,"Donders Institute for Brain, Cognition, and Behaviour",Jun 2024 · 1 mo,,,,,,"Summer School Student Jun 2024 · 1 mo I attended the Summer School of Dreaming, focusing on the neuroscience of dreams, sleep physiology, and dream-related disorders. The program was provided by the Donders Institute for Brain, Cognition, and Behaviour located at Radboud University and the Netherlands Institute for Neuroscience. During this school, many distinguished professors presented their latest research in the field of dreaming. The course contained the topics below: - Sleep/Dream Basics -",11
d2bd7047-214d-4822-934c-cc97a38086ce,2639593a-850c-4dcb-be8b-e338bccf7a2f,Research Intern,Johns Hopkins Medicine,Internship,"Baltimore, Maryland, United States · Remote",May 2024,Oct 2024,6 mos,,"Research Intern Johns Hopkins Medicine · Internship May 2024 - Oct 2024 · 6 mos Baltimore, Maryland, United States · Remote Python (Programming Language)",12
7a3dd21a-3b63-4e9e-bd19-fce048586d10,2639593a-850c-4dcb-be8b-e338bccf7a2f,Machine Learning and Signal Processing R&D,Radial,Internship,"Tehran Province, Iran",Jun 2023,Dec 2023,7 mos,,"Machine Learning and Signal Processing R&D Radial · Internship Jun 2023 - Dec 2023 · 7 mos Tehran Province, Iran photo_5872955198882823547_y.jpg photo_5872955198882823546_y.jpg photo_5872955198882823545_y.jpg Signal Processing, Machine Learning and +1 skill",13
e135cc6b-8383-4d6f-bf73-cd2a30b5d3bd,2639593a-850c-4dcb-be8b-e338bccf7a2f,Workshop Instructor,BME students' scientific association,Jun 2023 - Dec 2023 · 7 mos,,,,Remote,,"Workshop Instructor Jun 2023 - Dec 2023 · 7 mos Tehran, Tehran Province, Iran · Remote Course: Introduction to Python programming Certificate Course announcement.jfif Course announcement Skills: Programming, Jupyter, +5 skills",14
089c8ab9-83fa-4a07-8a89-e38655fe5fd8,2639593a-850c-4dcb-be8b-e338bccf7a2f,Workshop Instructor,BME students' scientific association,Dec 2022 - Dec 2023 · 1 yr 1 mo,,,,Hybrid,,"Workshop Instructor Dec 2022 - Dec 2023 · 1 yr 1 mo Tehran, Iran · Hybrid Course: Introduction to programming with C Screenshot 2023-01-19 102954.png Screenshot 2023-01-19 102927.png Screenshot 2023-01-16 214428.png Show all 5 media Skills: C (Programming Language), Programming, +3 skills",15
6b100723-60fd-4364-9573-19316a88bf99,2639593a-850c-4dcb-be8b-e338bccf7a2f,story designer,BABAEEE,Part-time,,Jun 2022,Mar 2023,10 mos,,story designer BABAEEE · Part-time Jun 2022 - Mar 2023 · 10 mos,16
e7c351b9-8727-4047-822c-2ad74eeccb03,424546a7-e6e0-4d5c-a779-f156323cf502,Logistics Coordinator & Executive Assistant,Hotchkiss Brain Institute,,"Calgary, Alberta, Canada",May 2025,Present,1 yr 1 mo,,"Logistics Coordinator & Executive Assistant Hotchkiss Brain Institute May 2025 - Present · 1 yr 1 mo Calgary, Alberta, Canada",0
66d26252-cb37-4498-b882-c19092cea697,424546a7-e6e0-4d5c-a779-f156323cf502,Senior Proposal Support Specialist,General Dynamics Mission Systems–Canada,Permanent Full-time,,Nov 2023,Jan 2025,1 yr 3 mos,,Senior Proposal Support Specialist Permanent Full-time Nov 2023 - Jan 2025 · 1 yr 3 mos,1
1fef08ac-e896-45f9-84d1-4c39a6bef439,424546a7-e6e0-4d5c-a779-f156323cf502,Proposal Support Specialist,General Dynamics Mission Systems–Canada,Full-time,,Mar 2018,Nov 2023,5 yrs 9 mos,,"Proposal Support Specialist Full-time Mar 2018 - Nov 2023 · 5 yrs 9 mos Calgary, Alberta, Canada",2
b151f15f-30a5-44cf-9911-be791182f8c5,424546a7-e6e0-4d5c-a779-f156323cf502,Administrative Assistant,General Dynamics Mission Systems–Canada,Full-time,,Jun 2016,Mar 2018,1 yr 10 mos,,Administrative Assistant Full-time Jun 2016 - Mar 2018 · 1 yr 10 mos,3
7966006c-50f1-475b-92e5-5bee2089680f,424546a7-e6e0-4d5c-a779-f156323cf502,Administrative Assistant,Senate of Canada | Sénat du Canada,,,Jan 2016,Apr 2016,4 mos,,Administrative Assistant Senate of Canada | Sénat du Canada Jan 2016 - Apr 2016 · 4 mos,4
a3d926c0-8150-4c19-817c-ab1ea643f58d,424546a7-e6e0-4d5c-a779-f156323cf502,Administrative Assistant,Canada School of Public Service,,"Ottawa, Canada Area",May 2015,Dec 2015,8 mos,,"Administrative Assistant Canada School of Public Service May 2015 - Dec 2015 · 8 mos Ottawa, Canada Area",5
8c54b91f-e887-4adb-9c9f-486a5f5ebd5e,2a2307e2-2c74-413f-9558-05450144be6f,Product Performance Assistant,Garmin,Internship,,Aug 2025,Present,10 mos,,Product Performance Assistant Garmin · Internship Aug 2025 - Present · 10 mos,0
e300699d-38e1-4be4-8306-c9b293f5f201,2a2307e2-2c74-413f-9558-05450144be6f,Public Relations,Society for AI Literacy,,Calgary students launch ‘Society for AI Literacy’ | Watch News Videos Online,Sep 2023,Present,2 yrs 9 mos,Society for AI Literacy (SAIL) - Promoting Ethical and Responsible AI Use | Society for AI Literacy,Public Relations Society for AI Literacy Sep 2023 - Present · 2 yrs 9 mos Calgary students launch ‘Society for AI Literacy’ | Watch News Videos Online Society for AI Literacy (SAIL) - Promoting Ethical and Responsible AI Use | Society for AI Literacy,1
c0b3abe0-0a29-4651-9ef7-c26c3b15c455,2a2307e2-2c74-413f-9558-05450144be6f,Research Assistant,Hotchkiss Brain Institute,On-Call,,Aug 2022,Present,3 yrs 10 mos,Dr. Bin Hu's innovative programs for Parkinson's (CSM),"Research Assistant On-Call Aug 2022 - Present · 3 yrs 10 mos Supervisor: Dr. Bin Hu, OpenDH Dr. Bin Hu's innovative programs for Parkinson's (CSM) Digital health project looks for enthusiastic UCalgary students to help those with Parkinson's Transforming Healthcare with Wearable Technology Research | OpenDH",2
5663a765-24f6-4e9d-a876-4e595b8ea817,2a2307e2-2c74-413f-9558-05450144be6f,Summer Research Student,Hotchkiss Brain Institute,Contract Full-time,,May 2024,Aug 2024,4 mos,"Supervisor: Dr. Sean Dukelow, Neuro Robot Lab Project: ""Exploring Visuospatial Neglect in Stroke Survivors: A VR-Based Dual-tasking Study""","Summer Research Student Contract Full-time May 2024 - Aug 2024 · 4 mos Supervisor: Dr. Sean Dukelow, Neuro Robot Lab Project: ""Exploring Visuospatial Neglect in Stroke Survivors: A VR-Based Dual-tasking Study""",3
98981896-93ba-44ad-b474-c92504b1d958,2a2307e2-2c74-413f-9558-05450144be6f,Faculty of Kinesiology Representative,University of Calgary Students'​ Union,Contract Part-time,,May 2024,May 2025,1 yr 1 mo,,Faculty of Kinesiology Representative University of Calgary Students'​ Union · Contract Part-time May 2024 - May 2025 · 1 yr 1 mo,4
11e2fb54-54ec-4725-a419-dd79366a149f,2a2307e2-2c74-413f-9558-05450144be6f,Physiotherapy/Kinesiologist Assistant,Diverse Sports Physical Therapy,,Practicum,Jan 2025,Apr 2025,4 mos,,Physiotherapy/Kinesiologist Assistant Diverse Sports Physical Therapy Jan 2025 - Apr 2025 · 4 mos Practicum,5
52f50d27-faeb-41cb-8b51-3a6c523f46ab,2a2307e2-2c74-413f-9558-05450144be6f,Athletic Therapy/Physiotherapy Assistant,Innovative Sport Medicine,,Practicum,Sep 2024,Dec 2024,4 mos,,Athletic Therapy/Physiotherapy Assistant Innovative Sport Medicine Sep 2024 - Dec 2024 · 4 mos Practicum,6
a6622c22-36ca-4bb1-ad91-26efe1195639,2a2307e2-2c74-413f-9558-05450144be6f,Research Assistant – Better Mobility Lab,McCaig Institute for Bone and Joint Health,,Practicum,Jan 2024,Apr 2024,4 mos,,Research Assistant – Better Mobility Lab McCaig Institute for Bone and Joint Health Jan 2024 - Apr 2024 · 4 mos Practicum,7
4c68bf2f-9c42-4e2f-9829-ba23d4b49491,2a2307e2-2c74-413f-9558-05450144be6f,Program Assistant @ University of Calgary,Shad Canada,Contract Full-time,"Calgary, Alberta, Canada",Jun 2022,Jul 2022,2 mos,,"Program Assistant @ University of Calgary Shad Canada · Contract Full-time Jun 2022 - Jul 2022 · 2 mos Calgary, Alberta, Canada",8
97d0f86a-9607-4c1d-a032-8dee4e9cfbe0,38acbe79-6c1d-44bb-9a7e-30d7a3ce2efc,Undergraduate Student Researcher,Hotchkiss Brain Institute,Internship,,May 2026,Present,1 mo,,"Undergraduate Student Researcher Internship May 2026 - Present · 1 mo Skills: MATLAB, EEG",0
4931dc65-a7f3-45db-b877-285875dd1ba8,38acbe79-6c1d-44bb-9a7e-30d7a3ce2efc,Clinical Student Researcher,Hotchkiss Brain Institute,May 2025 - Apr 2026 · 1 yr,,,,,,"Clinical Student Researcher May 2025 - Apr 2026 · 1 yr Hybrid Skills: R (Programming Language), Clinical Research, +5 skills",1
bb19d1f2-6e05-4cbf-90bb-6dd4538cf6f3,38acbe79-6c1d-44bb-9a7e-30d7a3ce2efc,Undergraduate Student Researcher,Libin Cardiovascular Institute,,,Jul 2025,Present,11 mos,,Undergraduate Student Researcher Libin Cardiovascular Institute Jul 2025 - Present · 11 mos,2
ce395649-d2bc-4723-84bc-98238f529a39,38acbe79-6c1d-44bb-9a7e-30d7a3ce2efc,ChEHC HECA Newsletter Contributer,World Health Organization,,,Apr 2025,Present,1 yr 2 mos,,ChEHC HECA Newsletter Contributer World Health Organization Apr 2025 - Present · 1 yr 2 mos,3
39d1c993-82d0-455f-b4ba-4791f96029f0,38acbe79-6c1d-44bb-9a7e-30d7a3ce2efc,Department Head of External,Canadian Organization for Undergraduate Health Research (COUHR),Sep 2024 - Present · 1 yr 9 mos,,,,,,Department Head of External Sep 2024 - Present · 1 yr 9 mos,4
85e15c04-c716-44d2-85c6-bfa85dc244d1,38acbe79-6c1d-44bb-9a7e-30d7a3ce2efc,Vice President of External Affairs,Canadian Organization for Undergraduate Health Research (COUHR),Oct 2023 - Sep 2024 · 1 yr,,,,Hybrid,,"Vice President of External Affairs Oct 2023 - Sep 2024 · 1 yr Calgary, Alberta, Canada · Hybrid",5
bd36dc7b-80a6-44bb-83d9-aa472c582e5c,38acbe79-6c1d-44bb-9a7e-30d7a3ce2efc,Administrative Assistant,Alberta Counselling Centre,Contract Part-time,Jane App,Oct 2024,Present,1 yr 8 mos,,Administrative Assistant Alberta Counselling Centre · Contract Part-time Oct 2024 - Present · 1 yr 8 mos Jane App,6
ca2beabf-c29d-4e2d-90be-7be248242609,38acbe79-6c1d-44bb-9a7e-30d7a3ce2efc,Student Mentor,University of Calgary,,,Sep 2024,Present,1 yr 9 mos,,Student Mentor University of Calgary Sep 2024 - Present · 1 yr 9 mos,7
68f5631d-fed4-44ac-a6e3-9c5640c68a57,38acbe79-6c1d-44bb-9a7e-30d7a3ce2efc,Private Tutor,Self Employed,Self-employed,"Calgary, Alberta, Canada · Hybrid",Sep 2023,Present,2 yrs 9 mos,,"Private Tutor Self Employed · Self-employed Sep 2023 - Present · 2 yrs 9 mos Calgary, Alberta, Canada · Hybrid",8
bdc8d30f-051d-42a3-bca1-e4a2bb53bfad,38acbe79-6c1d-44bb-9a7e-30d7a3ce2efc,Pharmacy Assistant,Remedy'sRx,,"Calgary, Alberta, Canada · On-site",Jul 2023,Present,2 yrs 11 mos,,"Pharmacy Assistant Remedy'sRx Jul 2023 - Present · 2 yrs 11 mos Calgary, Alberta, Canada · On-site Generic Drugs, Oral Communication and +16 skills",9
7692975c-8e77-4bcd-a321-b69ff30e8c19,38acbe79-6c1d-44bb-9a7e-30d7a3ce2efc,Director of Operations and Logistics,Catalyst Health Innovation Network,,,Sep 2025,Jan 2026,5 mos,,Director of Operations and Logistics Catalyst Health Innovation Network Sep 2025 - Jan 2026 · 5 mos,10
2d9da778-11e2-458a-b820-070b84a95789,38acbe79-6c1d-44bb-9a7e-30d7a3ce2efc,Kumon Grader and Early Learner Staff,"Kumon Canada, Inc.",Permanent Part-time,"Calgary, Alberta, Canada · On-site",Aug 2023,Aug 2025,2 yrs 1 mo,"Creative Problem Solving, Mathematics Education and +9 skills","Kumon Grader and Early Learner Staff Kumon Canada, Inc. · Permanent Part-time Aug 2023 - Aug 2025 · 2 yrs 1 mo Calgary, Alberta, Canada · On-site Creative Problem Solving, Mathematics Education and +9 skills",11
2e45ceb3-427d-4d67-8eca-71042943a779,485a2419-bb01-4142-868a-e70aa0b15adb,Sport Coordinator,YMCA Calgary,Jun 2024 - Present · 2 yrs,,,,,,"Sport Coordinator Jun 2024 - Present · 2 yrs I help to oversee the team of sport and skate volunteers at the Shane Homes YMCA. I conduct the volunteer interviews and orientations, coordinate the scheduling of volunteers and communicate with the volunteer team. Working in collaboration with the Sport Supervisor and other members of the Sport team, I help to create a positive experience for program participants and deliver quality sport and skate programming. Skills: Administration, Volunteer Mana",0
fb188a70-912b-43e8-bfa4-b9baad3d7c72,485a2419-bb01-4142-868a-e70aa0b15adb,Customer Service Representative Shift Lead,YMCA Calgary,Aug 2023 - Present · 2 yrs 10 mos,,,,,,Customer Service Representative Shift Lead Aug 2023 - Present · 2 yrs 10 mos,1
5083f429-bc0a-4022-86d5-ec753713af5f,485a2419-bb01-4142-868a-e70aa0b15adb,Customer Service Representative,YMCA Calgary,Sep 2022 - Aug 2023 · 1 yr,,,,,,"Customer Service Representative Sep 2022 - Aug 2023 · 1 yr Skills: Customer Service, Sales",2
4781c09c-cf85-420c-b371-c875de92fa62,485a2419-bb01-4142-868a-e70aa0b15adb,Undergraduate Student Researcher,Hotchkiss Brain Institute,Contract Full-time,"Calgary, Alberta, Canada · On-site",May 2025,Present,1 yr 1 mo,"Working in the Lohman Lab at the Hotchkiss Brain Institute this summer, my focus was on a project investigating the potential of applying Remote Ischemic Conditioning (RIC) to rodent models of repeated mild Traumatic Brain Injury (rmTBI) as a therapeutic treatment. I worked closely with other members of the lab to prepare tissue samples, perform immunohistochemistry staining, image samples and analyze data.","Undergraduate Student Researcher Hotchkiss Brain Institute · Contract Full-time May 2025 - Present · 1 yr 1 mo Calgary, Alberta, Canada · On-site Working in the Lohman Lab at the Hotchkiss Brain Institute this summer, my focus was on a project investigating the potential of applying Remote Ischemic Conditioning (RIC) to rodent models of repeated mild Traumatic Brain Injury (rmTBI) as a therapeutic treatment. I worked closely with other members of the lab to prepare tissue samples, perform immuno",3
743e9b1d-3f03-4f5c-b53e-9ba9bffca01d,8be8ad99-b886-468d-9896-5bc9b32d2f71,Post Doc Researcher,Hotchkiss Brain Institute,,"Calgary, Alberta, Canada",Dec 2016,Present,9 yrs 6 mos,"Objective Investigate and contribute to the understanding of gut pathology induced brain and behavioral disorders Key deliverables Designing, performing and analysing invitro experiments to study and compare neuronal ion channels such as AMPA, GABA and HCN channels under control and diseased conditions. Manuscript preparation for scholarly journals and presenting research findings at scientific meetings. Major technique used Whole cell patch clamp in brain slices","Post Doc Researcher Hotchkiss Brain Institute Dec 2016 - Present · 9 yrs 6 mos Calgary, Alberta, Canada Objective Investigate and contribute to the understanding of gut pathology induced brain and behavioral disorders Key deliverables Designing, performing and analysing invitro experiments to study and compare neuronal ion channels such as AMPA, GABA and HCN channels under control and diseased conditions. Manuscript preparation for scholarly journals and presenting research findings at scientifi",0
4ac74872-b62a-4d1a-9dac-199b94b17f36,8be8ad99-b886-468d-9896-5bc9b32d2f71,Research Assistant,University of Saskatchewan,Sep 2016 - Nov 2016 · 3 mos,,,,,"Objective: Genotypic profiling of knockout mice Key deliverables: Design, perform and anlayse molecular biology experiments to ensure proper breeding of knockout mice Major technique used: PCR, Western Blot","Research Assistant Sep 2016 - Nov 2016 · 3 mos Saskatoon Objective: Genotypic profiling of knockout mice Key deliverables: Design, perform and anlayse molecular biology experiments to ensure proper breeding of knockout mice Major technique used: PCR, Western Blot",1
dd626822-36af-4cb7-9c8b-03e8e44f489a,8be8ad99-b886-468d-9896-5bc9b32d2f71,PhD Student,University of Saskatchewan,Sep 2010 - Aug 2016 · 6 yrs,,,,,"Objective: Study novel ionic currents and osmotically-evoked intracellular mechanisms in rat brain. Key deliverables: Design, perform, anlayse, interpret and present data from in-vitro biology experiments using isolated supraotic rat neruons to study TRPV1 channels and K channels Major skills and techniques: * Immunocytochemistry * Whole cell patch clamp * Western blot * Hands on experience in extracellular action potential recordings * Hands on experience in primary cell culturing of adult CNS neurons * Proficiency in bio-statistics using Graph Pad Prism * Poster presentation and scientific writing of research manuscripts.","PhD Student Sep 2010 - Aug 2016 · 6 yrs Canada Objective: Study novel ionic currents and osmotically-evoked intracellular mechanisms in rat brain. Key deliverables: Design, perform, anlayse, interpret and present data from in-vitro biology experiments using isolated supraotic rat neruons to study TRPV1 channels and K channels Major skills and techniques: * Immunocytochemistry * Whole cell patch clamp * Western blot * Hands on experience in extracellular action potential recordings * Hands on exp",2
d0e03641-f241-458c-948d-48342c77d685,8be8ad99-b886-468d-9896-5bc9b32d2f71,Senior Research Scientist,"Ranbaxy NDDR later called Daiichi Sankyo Life Sciences Research Centre, India",Jan 2009 - Jul 2010 · 1 yr 7 mos,,,,,,"Senior Research Scientist Jan 2009 - Jul 2010 · 1 yr 7 mos Objective: Pre-clinical cardiac safety profiling of NCE's as per ICH S7B guidelines to facilitate hit to lead optimization for IND filing using electrophysiology techniques. Key deliverables: Design, perform, analyse, interpret and present data from in-vitro experiments to study drug interactions with Na, K, and Ca channels. For these experiments isolated cardiac tissue preparations like papillary muscles, ventricular strips and xenopus ",3
fe3fe98d-5781-49c4-8e48-e4ae9b8e4f82,8be8ad99-b886-468d-9896-5bc9b32d2f71,Research Scientist,"Ranbaxy NDDR later called Daiichi Sankyo Life Sciences Research Centre, India",Jan 2005 - Dec 2008 · 4 yrs,,,,,,"Research Scientist Jan 2005 - Dec 2008 · 4 yrs Objective: Pre-clinical cardiac safety and genotoxicity profiling of NCE's Key deliverables: Design, perform, anlayse, interpret and present data from in-vitro tissue and cell culture experiments. Major skills and techniques: * Sharp intracellular recordings * Mouse lymphoma thymidine kinase gene locus assay * Statistical proficiency, scientific presentations and preparation of study reports.",4
d181cbb2-cd26-48ab-8d9b-c840b8862684,8be8ad99-b886-468d-9896-5bc9b32d2f71,Senior Research Biologist,"Ranbaxy NDDR later called Daiichi Sankyo Life Sciences Research Centre, India",Jan 2002 - Dec 2004 · 3 yrs,,,,,,"Senior Research Biologist Jan 2002 - Dec 2004 · 3 yrs Objective: Pre-clinical lead identification of NCEs to facilitate the selection of potent and more efficacious novel drug candidates over others. Key deliverables: Design, perform anlayse, interpret and present data from in in-vitro and in-vivo animal disease models. Major techniques used: * Paw volume measurements in Collagen induced arthritis * Monitoring Respiratory parameters in Ovalbumin induced airway hyper responsiveness * Calorimetric",5
113ec1fd-7144-44fe-809b-8aec32a3bc99,8be8ad99-b886-468d-9896-5bc9b32d2f71,Research Biologist,"Ranbaxy NDDR later called Daiichi Sankyo Life Sciences Research Centre, India",Oct 2000 - Dec 2001 · 1 yr 3 mos,,,,,,"Research Biologist Oct 2000 - Dec 2001 · 1 yr 3 mos Objective: Pre-clinical general safety pharmacological profiling of NCE's using behavioral models to facilitate estimation of benefit risk ratio of the selected drug candidates Key deliverables: Design, perform, analyse, interpret and present data from biological experiments Major techniques used: * Rota rod * Pentobarbitone induced sleeping time * Haemodynamic parameter recordings",6
36a20ea2-2dc9-4197-bcf4-b04b44ac5109,8be8ad99-b886-468d-9896-5bc9b32d2f71,Trainee Biologist,"Ranbaxy NDDR later called Daiichi Sankyo Life Sciences Research Centre, India",Oct 1999 - Sep 2000 · 1 yr,,,,,,"Trainee Biologist Oct 1999 - Sep 2000 · 1 yr Objective: Pre-clinical receptor selectivity profiling of NCE's to estimate their biological potency and efficacy. Key deliverables: Learn,perform, analyse, interpret and present data from isolated tissue bath experiments using aorta rings, prostate, spleen, bladder, cavernosa etc Major techniques used: * Isometric force transducer recordings in perfused organic bath.",7
043e9ed9-1e84-4741-92e4-12fc04599a37,a15a3687-bd20-46c5-91aa-ceabe7296098,Research Assistant,Hotchkiss Brain Institute,Permanent Part-time,On-site,Aug 2025,Present,10 mos,,Research Assistant Hotchkiss Brain Institute · Permanent Part-time Aug 2025 - Present · 10 mos On-site,0
056a34ac-54f8-467d-ae33-386714783cb5,a15a3687-bd20-46c5-91aa-ceabe7296098,Summer Research Student,McCaig Institute for Bone and Joint Health,Contract Full-time,,May 2025,Present,1 yr 1 mo,,Summer Research Student Contract Full-time May 2025 - Present · 1 yr 1 mo On-site Skills: Academic Research,1
c27851b5-fca7-4b35-b95b-82bf89e93c36,a15a3687-bd20-46c5-91aa-ceabe7296098,Research Assistant,McCaig Institute for Bone and Joint Health,Permanent Part-time,,May 2025,Present,1 yr 1 mo,,Research Assistant Permanent Part-time May 2025 - Present · 1 yr 1 mo Hybrid,2
2b221cea-2e98-4cbf-8055-8b5328a46bf2,a15a3687-bd20-46c5-91aa-ceabe7296098,Dance Instructor,North Calgary Dance Centre,Permanent Part-time,"Calgary, Alberta, Canada · On-site",May 2025,Present,1 yr 1 mo,,"Dance Instructor North Calgary Dance Centre · Permanent Part-time May 2025 - Present · 1 yr 1 mo Calgary, Alberta, Canada · On-site",3
cbf0c4d0-8ac6-4337-9b75-846a31a0bf05,a15a3687-bd20-46c5-91aa-ceabe7296098,Front Desk Staff,Calgary Climbing Centre Rocky Mountain,Mar 2025 - Present · 1 yr 3 mos,,,,,,Front Desk Staff Mar 2025 - Present · 1 yr 3 mos,4
5db3a0aa-4090-44f5-9cc4-d64cd77d18bb,a15a3687-bd20-46c5-91aa-ceabe7296098,Climbing Instructor,Calgary Climbing Centre Rocky Mountain,Sep 2022 - Present · 3 yrs 9 mos,,,,,,Climbing Instructor Sep 2022 - Present · 3 yrs 9 mos,5
6c0dcc0d-8bf6-42ae-9d62-280bd8d66cda,a15a3687-bd20-46c5-91aa-ceabe7296098,Professional Dancer : Error 404 (Movement research project),Error 404,Contract Part-time,"Calgary, Alberta, Canada · On-site",Dec 2024,Feb 2025,3 mos,"Performed as a featured dancer in company Error 404's production entitled ""Wattar"", a film production set to premiere at the Wild Dog Film Festival 2025. Collaborated closely with choreographers/directors (Mario Lemvar and Zaria Rajha), videographers and fellow performers to create visually compelling dance sequences that advanced the film’s narrative. Contributed to the creative process through intensive rehearsals and on-set adaptability, demonstrating professionalism, precision, and expressive performance skills in a cinematic context.","Professional Dancer : Error 404 (Movement research project) Error 404 · Contract Part-time Dec 2024 - Feb 2025 · 3 mos Calgary, Alberta, Canada · On-site Performed as a featured dancer in company Error 404's production entitled ""Wattar"", a film production set to premiere at the Wild Dog Film Festival 2025. Collaborated closely with choreographers/directors (Mario Lemvar and Zaria Rajha), videographers and fellow performers to create visually compelling dance sequences that advanced the film’s na",6
29597443-52b6-4747-b256-5dddbdeaa664,a15a3687-bd20-46c5-91aa-ceabe7296098,Professional Dancer : Ballet Bodies,Ballet Bodies YYC,Contract Part-time,"Calgary, Alberta, Canada · On-site",Jul 2024,Nov 2024,5 mos,"Performed as part of a professional ensemble in a live production, showcasing advanced technique, precision, and expressive artistry. Demonstrated strong commitment through intensive rehearsals, collaboration with choreographers and fellow dancers, and adaptability to dynamic staging requirements. Engaged audiences through powerful storytelling and performance presence, contributing to a successful, well-reviewed show entitled, In Motion Three.","Professional Dancer : Ballet Bodies Ballet Bodies YYC · Contract Part-time Jul 2024 - Nov 2024 · 5 mos Calgary, Alberta, Canada · On-site Performed as part of a professional ensemble in a live production, showcasing advanced technique, precision, and expressive artistry. Demonstrated strong commitment through intensive rehearsals, collaboration with choreographers and fellow dancers, and adaptability to dynamic staging requirements. Engaged audiences through powerful storytelling and performance",7
e148ac6e-a680-49c7-81ab-9ec0f5ff4157,3304a215-893f-4362-b84d-4bb61a7ab080,Research Coordinator,Hotchkiss Brain Institute,Permanent Part-time,,Sep 2024,Present,1 yr 9 mos,,"Research Coordinator Permanent Part-time Sep 2024 - Present · 1 yr 9 mos Remote Skills: Clinical Data Management, Regulatory Compliance, +5 skills",0
6d768f50-82a1-4a74-bcf4-c556d82d2ea3,3304a215-893f-4362-b84d-4bb61a7ab080,Summer Research Internship,Hotchkiss Brain Institute,Internship,,May 2024,Aug 2024,4 mos,,"Summer Research Internship Internship May 2024 - Aug 2024 · 4 mos University of Calgary · On-site Skills: Clinical Data Management, Regulatory Compliance, +5 skills",1
209692d9-4416-4d5d-b02e-b9c94d71a007,3304a215-893f-4362-b84d-4bb61a7ab080,Weight Trainer Supervisor,University of Guelph,Contract Full-time,"Guelph, Ontario, Canada · On-site",Sep 2023,Apr 2025,1 yr 8 mos,,"Weight Trainer Supervisor University of Guelph · Contract Full-time Sep 2023 - Apr 2025 · 1 yr 8 mos Guelph, Ontario, Canada · On-site Public Relations, Time Management and +2 skills",2
20766af7-8660-464b-8942-900c6518c77d,3304a215-893f-4362-b84d-4bb61a7ab080,Senior Writer,DiverseMinds Magazine,Permanent Full-time,,Jan 2023,Aug 2024,1 yr 8 mos,,"Senior Writer Permanent Full-time Jan 2023 - Aug 2024 · 1 yr 8 mos Skills: Research Skills, Writing and Editing, +3 skills",3
a945da7c-afc9-434f-9d3a-7dacd2cb8e8d,3304a215-893f-4362-b84d-4bb61a7ab080,Ambassador Trainer,DiverseMinds Magazine,Permanent Full-time,,Aug 2022,Aug 2024,2 yrs 1 mo,,"Ambassador Trainer Permanent Full-time Aug 2022 - Aug 2024 · 2 yrs 1 mo Skills: Educational Outreach, Diversity, Equity, and Inclusion (DEI) Initiative Implementation, +3 skills",4
dbbd00a9-1151-46f5-8ccb-b2273ba13ee3,3304a215-893f-4362-b84d-4bb61a7ab080,Student Researcher,DiverseMinds Magazine,Seasonal,,Apr 2022,Sep 2022,6 mos,,"Student Researcher Seasonal Apr 2022 - Sep 2022 · 6 mos Skills: Research Skills, Science Communication, +3 skills",5
35f1ad84-c459-43e0-9b1f-1e0cc07886f1,47e45df1-9de2-486e-bbc3-0dc6b8be0511,Evaluations Committee Member,Calgary Youth Science Fair,,,Jan 2026,Present,5 mos,,Evaluations Committee Member Calgary Youth Science Fair Jan 2026 - Present · 5 mos,0
87280795-5bcf-4855-973a-fa2f5b1caf86,47e45df1-9de2-486e-bbc3-0dc6b8be0511,Jr. Executive — UofC CHA Research & Advocacy Team,Children's Health Advocates,,,Oct 2025,Present,8 mos,,Jr. Executive — UofC CHA Research & Advocacy Team Children's Health Advocates Oct 2025 - Present · 8 mos,1
b66ed849-3b28-475d-954c-01eaa58d68ec,47e45df1-9de2-486e-bbc3-0dc6b8be0511,Jr. Vice President Academic - UofC HSSA,Health Sciences Students' Association,,,Oct 2025,Present,8 mos,,Jr. Vice President Academic - UofC HSSA Health Sciences Students' Association Oct 2025 - Present · 8 mos,2
92bd7564-9712-437e-abb1-144caa22fefe,47e45df1-9de2-486e-bbc3-0dc6b8be0511,Student Researcher,Hotchkiss Brain Institute,,,Oct 2025,Present,8 mos,,Student Researcher Hotchkiss Brain Institute Oct 2025 - Present · 8 mos,3
fd37c0db-5c18-40ca-bbec-e7af7da52c66,47e45df1-9de2-486e-bbc3-0dc6b8be0511,Skate & Hockey School Instructor / Lead Instructor,WinSport,,"Calgary, Alberta, Canada · On-site",Aug 2023,Present,2 yrs 10 mos,"- Taught ice hockey and skating classes to children aged 2 to 15 at both beginner and advanced levels - Lead Instructor — managed summer camp groups of up to 40 participants, supervised other instructors, planned daily activities","Skate & Hockey School Instructor / Lead Instructor WinSport Aug 2023 - Present · 2 yrs 10 mos Calgary, Alberta, Canada · On-site - Taught ice hockey and skating classes to children aged 2 to 15 at both beginner and advanced levels - Lead Instructor — managed summer camp groups of up to 40 participants, supervised other instructors, planned daily activities",4
fb6f0b4f-51ae-46af-89a6-13e6062e7dfd,47e45df1-9de2-486e-bbc3-0dc6b8be0511,Student Council President,Webber Academy,May 2024 - Jun 2025 · 1 yr 2 mos,,,,,,"Student Council President May 2024 - Jun 2025 · 1 yr 2 mos - Elected by senior high student body (250 students) - Provided leadership to student council executive team - Planned dozens of school events, including dances, fundraisers, trivia nights, and teambuilding activities - Communicated with administration and teacher advisors on behalf of student body - MC-ed monthly assemblies",5
bb755ab7-ebfd-43ba-8f46-cdb148d6f13c,47e45df1-9de2-486e-bbc3-0dc6b8be0511,Concert Band Member,Webber Academy,Aug 2021 - Jun 2025 · 3 yrs 11 mos,,,,,- Clarinetist - Band awarded several Excellence Awards at the Alberta International Band Festival (AIBF),Concert Band Member Aug 2021 - Jun 2025 · 3 yrs 11 mos On-site - Clarinetist - Band awarded several Excellence Awards at the Alberta International Band Festival (AIBF),6
1142f086-a731-4776-a611-f63d52ed88f7,47e45df1-9de2-486e-bbc3-0dc6b8be0511,Student Researcher - Applied Science Project & Designer Genes Club,Webber Academy,Aug 2023 - Jun 2024 · 11 mos,,,,,,"Student Researcher - Applied Science Project & Designer Genes Club Aug 2023 - Jun 2024 · 11 mos - Applied Science Project: researched complement protein levels after concussions in adolescents — wrote a research paper and presented findings at regional/national science fairs - Designer Genes Club: used biotechnology (polymerase chain reaction, gel electrophoresis, etc.) to map GAPDH gene in plants",7
3ffc8702-4379-4662-84f9-b1e4ff6bed24,47e45df1-9de2-486e-bbc3-0dc6b8be0511,Student Council Committee Director,Webber Academy,May 2023 - May 2024 · 1 yr 1 mo,,,,,,"Student Council Committee Director May 2023 - May 2024 · 1 yr 1 mo - Elected by senior high student body (250 students) - Pitched events to administration using proposals - Led committees of 15 to 30 students in organizing events (managed finances, promotion, catering, etc. of events)",8
ef9b81c4-f4c2-4c8a-b336-e5e2ada5119c,47e45df1-9de2-486e-bbc3-0dc6b8be0511,Student Council Grade 10 Representative,Webber Academy,Sep 2022 - May 2023 · 9 mos,,,,,,Student Council Grade 10 Representative Sep 2022 - May 2023 · 9 mos - Elected by grade 10 student body - Represented interests of grade 10 students on the student council executive team,9
0419ed99-0582-4087-8ebd-97dda65b7e84,47e45df1-9de2-486e-bbc3-0dc6b8be0511,Ice Hockey Defenceman,Trails West Hockey Association,,"Calgary, Alberta, Canada",Aug 2018,Mar 2025,6 yrs 8 mos,"- Played from U13 to U18 in tier 1 and AA teams - Recipient of Ken & Beryl Memorial Spirit Award in 2018-2019 season, given to one player from U9 to U15 for exemplary sportsmanship and enthusiasm","Ice Hockey Defenceman Trails West Hockey Association Aug 2018 - Mar 2025 · 6 yrs 8 mos Calgary, Alberta, Canada - Played from U13 to U18 in tier 1 and AA teams - Recipient of Ken & Beryl Memorial Spirit Award in 2018-2019 season, given to one player from U9 to U15 for exemplary sportsmanship and enthusiasm",10
06825e4c-f063-40ba-ae8e-9b56ed2e7834,47e45df1-9de2-486e-bbc3-0dc6b8be0511,Student Researcher - High School Youth Researcher Summer (HYRS) Program,Hotchkiss Brain Institute,Jun 2024 - Aug 2024 · 3 mos,,,,,,"Student Researcher - High School Youth Researcher Summer (HYRS) Program Jun 2024 - Aug 2024 · 3 mos - Worked in Dr. Naweed I. Syed's lab at the Hotchkiss Brain Institute, University of Calgary - Investigated genetic and cellular changes underlying Sevoflurane administration to adult and nenonatal rats - Presented findings at HYRS Open House",11
6f9193da-1b3b-4db6-8e4d-8e87cc24acea,47e45df1-9de2-486e-bbc3-0dc6b8be0511,Student Researcher - Applied Science Project,Hotchkiss Brain Institute,Aug 2023 - Jun 2024 · 11 mos,,,,,,"Student Researcher - Applied Science Project Aug 2023 - Jun 2024 · 11 mos - Worked in Dr. Alex Lohman's Lab at the Hotchkiss Brain Institute under the mentorship of Mr. Thomas Carr - Investigated the role of complement protein expression in adolescent concussion pathophysiology using mouse models - Learnt laboratory techniques such as cryosectioning, immunohistochemistry, confocal microscopy, and statistical analysis methods - Presented findings at Calgary Youth Science Fair and Canada-Wide Scie",12
c0f52ac3-a996-4d99-803b-b704101cb76d,47e45df1-9de2-486e-bbc3-0dc6b8be0511,Canada-Wide Science Fair Finalist,Calgary Youth Science Fair,,"Calgary, Alberta, Canada",Mar 2024,Jun 2024,4 mos,- Selected as one of 15 students from across Calgary to represent city at the Canada-Wide Science Fair in Ottawa - Project was on role of complement protein levels in adolescent concussion pathophysiology,"Canada-Wide Science Fair Finalist Calgary Youth Science Fair Mar 2024 - Jun 2024 · 4 mos Calgary, Alberta, Canada - Selected as one of 15 students from across Calgary to represent city at the Canada-Wide Science Fair in Ottawa - Project was on role of complement protein levels in adolescent concussion pathophysiology",13
b31f137a-f2da-4a29-a02c-38eb74368668,d029dce6-a864-4662-9d89-1be8d56154d0,Undergraduate Research Assistant,Hotchkiss Brain Institute,Internship,"Calgary, Alberta, Canada · On-site",May 2026,Present,1 mo,"This summer I will be volunteering as a undergraduate research assistant in the Philips lab. “The research in the Phillips Lab integrates physiology and neuroscience to understand cardiovascular function. Currently, the laboratory has two primary foci: the first is to understand the mechanisms underlying neurovascular regulation in the human brain; the second is to develop a neurostimulation therapy for treating autonomic dysfunction.""","Undergraduate Research Assistant Hotchkiss Brain Institute · Internship May 2026 - Present · 1 mo Calgary, Alberta, Canada · On-site This summer I will be volunteering as a undergraduate research assistant in the Philips lab. “The research in the Phillips Lab integrates physiology and neuroscience to understand cardiovascular function. Currently, the laboratory has two primary foci: the first is to understand the mechanisms underlying neurovascular regulation in the human brain; the second is to",0
52b2015d-bb07-4a4d-bffd-4dee1ee4c084,d029dce6-a864-4662-9d89-1be8d56154d0,Server,Mickelson National Golf Club,Jan 2026 - Present · 5 mos,,,,,,Server Jan 2026 - Present · 5 mos On-site,1
b3577dbf-ee2b-4c50-9ca1-6963b61f30da,d029dce6-a864-4662-9d89-1be8d56154d0,Support Staff,Mickelson National Golf Club,Apr 2024 - Present · 2 yrs 2 mos,,,,,,Support Staff Apr 2024 - Present · 2 yrs 2 mos,2
10416554-e90c-46b9-8f06-7281020d0c4e,d029dce6-a864-4662-9d89-1be8d56154d0,Student,Queen's University,,"Kingston, Ontario, Canada · On-site",Sep 2025,Present,9 mos,,"Student Queen's University Sep 2025 - Present · 9 mos Kingston, Ontario, Canada · On-site",3
69aada8b-fca4-4cbc-911d-3e9275f06a58,65b643de-b29a-4451-9fdb-db0cefffedf1,Varsity Women's Nordic Skier,McMaster Marauders,,,Sep 2024,Present,1 yr 9 mos,,Varsity Women's Nordic Skier McMaster Marauders Sep 2024 - Present · 1 yr 9 mos,0
cf5d5b92-bef6-4092-b693-5d3f807049b7,65b643de-b29a-4451-9fdb-db0cefffedf1,Undergraduate Researcher,Hotchkiss Brain Institute,Seasonal,,May 2025,Present,1 yr 1 mo,,"Undergraduate Researcher Hotchkiss Brain Institute · Seasonal May 2025 - Present · 1 yr 1 mo Conducting research in behavioural neuroscience, focusing on invertebrates in relation to mechanisms of learning, memory and forgetting.",1
c9cc8a64-2e67-4a29-b90d-5022b1033019,65b643de-b29a-4451-9fdb-db0cefffedf1,Track Manager,Calgary Bicycle Track League,May 2025 - Aug 2025 · 4 mos,,,,,,Track Manager May 2025 - Aug 2025 · 4 mos • Overseeing general day to day operations of the velodrome • Coordinate monthly staffing and hiring • Manage social media accounts on instagram and facebook • Support races and coached programs,2
239b568d-c17d-42ef-a352-f9ceb7f9fe9d,65b643de-b29a-4451-9fdb-db0cefffedf1,Assistant Track Manager,Calgary Bicycle Track League,Mar 2025 - Jun 2025 · 4 mos,,,,,,Assistant Track Manager Mar 2025 - Jun 2025 · 4 mos • Providing coaching support to track cycling athletes of various ages • Running the clubs social media accounts as well as regularly updating the website • Lead outreach initiatives to promote the club to the community,3
85ec2579-f918-44e7-81d7-f5ea5624aa60,65b643de-b29a-4451-9fdb-db0cefffedf1,Assistant Track Coach,Calgary Bicycle Track League,,,Jun 2022,Oct 2024,2 yrs 5 mos,,Assistant Track Coach Calgary Bicycle Track League Jun 2022 - Oct 2024 · 2 yrs 5 mos,4
156dfeff-7010-4010-8ef7-81bde591386f,65b643de-b29a-4451-9fdb-db0cefffedf1,Server/Expo,Valley Ridge Golf Club,,,Jun 2022,Aug 2024,2 yrs 3 mos,,Server/Expo Valley Ridge Golf Club Jun 2022 - Aug 2024 · 2 yrs 3 mos,5
0b805177-0659-407c-a3e8-571d9e6c853c,49763fcc-eef0-4d5c-b7b6-e50306059e11,Ad-hoc reviewer,Journal of psychopharmacology,On-Call,Remote,Oct 2025,Present,8 mos,,Ad-hoc reviewer Journal of psychopharmacology · On-Call Oct 2025 - Present · 8 mos Remote Journal of psychopharmacology Neuropharmacology,0
c94afae7-4686-492c-8b48-d5e60bee7610,49763fcc-eef0-4d5c-b7b6-e50306059e11,Doctoral Student,Hotchkiss Brain Institute,,"Calgary, Alberta, Canada · On-site",Sep 2024,Present,1 yr 9 mos,"Academic Publishing, Time Management and +30 skills","Doctoral Student Hotchkiss Brain Institute Sep 2024 - Present · 1 yr 9 mos Calgary, Alberta, Canada · On-site Academic Publishing, Time Management and +30 skills",1
cbe91c82-a43f-442d-ae5c-21a7189f1c1d,49763fcc-eef0-4d5c-b7b6-e50306059e11,Research Assistant,Carleton University,Sep 2022 - Aug 2024 · 2 yrs,,,,,,"Research Assistant Sep 2022 - Aug 2024 · 2 yrs Skills: IBM SPSS, Quantitative Research, +3 skills",2
dc230f71-060f-4c16-84fc-82501e9c6397,49763fcc-eef0-4d5c-b7b6-e50306059e11,Teaching Assistant,Carleton University,Apr 2020 - Aug 2024 · 4 yrs 5 mos,,,,,,"Teaching Assistant Apr 2020 - Aug 2024 · 4 yrs 5 mos Skills: Science Communication, Public Speaking, +2 skills",3
46c739cb-2f58-498f-8cba-6dd345f40b99,49763fcc-eef0-4d5c-b7b6-e50306059e11,Researcher,The ACT Foundation,Contract Part-time,Remote · Remote,May 2022,Dec 2022,8 mos,,"Researcher The ACT Foundation · Contract Part-time May 2022 - Dec 2022 · 8 mos Remote · Remote Qualitative Research, Data Analysis and +1 skill",4
300cfc07-a2f2-4afc-bb68-48c878f8fb9e,d19c6c74-136b-4169-96fd-c0084355a505,Visiting Research Scientist,Hotchkiss Brain Institute,,"Calgary, Alberta, Canada",Sep 2025,Present,9 mos,,"Visiting Research Scientist Hotchkiss Brain Institute Sep 2025 - Present · 9 mos Calgary, Alberta, Canada",0
da89097e-aa49-4201-8aed-c019802e8550,d19c6c74-136b-4169-96fd-c0084355a505,Researcher PHD Student,The Hospital for Sick Children,Full-time,"Greater Toronto Area, Canada · On-site",Jan 2025,Present,1 yr 5 mos,,"Researcher PHD Student The Hospital for Sick Children · Full-time Jan 2025 - Present · 1 yr 5 mos Greater Toronto Area, Canada · On-site",1
8a2b0b81-dae3-4031-9080-1c4051c5de68,d19c6c74-136b-4169-96fd-c0084355a505,Doctoral Student,University of Toronto,,"Greater Toronto Area, Canada · On-site",Sep 2024,Present,1 yr 9 mos,,"Doctoral Student University of Toronto Sep 2024 - Present · 1 yr 9 mos Greater Toronto Area, Canada · On-site",2
5442a110-8184-4f76-9e19-ac154cd74573,d19c6c74-136b-4169-96fd-c0084355a505,Senior Researcher,Iran Neural Technology Center (INTC),Sep 2023 - Sep 2024 · 1 yr 1 mo,,,,,,Senior Researcher Sep 2023 - Sep 2024 · 1 yr 1 mo,3
f37d6b9d-1c44-45c7-93e3-2fc3055bcaef,d19c6c74-136b-4169-96fd-c0084355a505,Research Assistant,Iran Neural Technology Center (INTC),Full-time,,Jul 2021,Sep 2023,2 yrs 3 mos,"• Designing The Experiments • Designing and Fabrication of Custom‑made Epidural Electrode • Neuropathic Pain Models in Rats • Conducting Laminectomy Surgery and Implanting Electrode • Conducting Behavioral VonFrey Test Using a Custom-made Electronic VonFrey • Developing a LabView Interface for Delivering Various Customizable Spinal Cord Stimulation (SCS) Patterns • Contributed to Designing a Chronic ECoG Electrode and Experimental Setup for Monkeys, and Assisted with Training and Recording Hand Kinematics using a Motion Capture System. • Assisted in Experimental Setup Design, Surgical Procedures, Chronic and Acute Electrode Implantation, in vivo Electrophysiological Recordings, and Stimulation in Laboratory Animals.","Research Assistant Full-time Jul 2021 - Sep 2023 · 2 yrs 3 mos Tehran Province, Iran · On-site • Designing The Experiments • Designing and Fabrication of Custom‑made Epidural Electrode • Neuropathic Pain Models in Rats • Conducting Laminectomy Surgery and Implanting Electrode • Conducting Behavioral VonFrey Test Using a Custom-made Electronic VonFrey • Developing a LabView Interface for Delivering Various Customizable Spinal Cord Stimulation (SCS) Patterns • Contributed to Designing a Chronic EC",4
f064907c-09eb-443c-9340-a9ca9f1453e3,b7ca6cfe-e71a-439b-a674-b3410e093e16,Executive Director,Brain Climate Equity Collaborative (Brain-CE Collab),Mar 2026 - Present · 3 mos,,,,,,Executive Director Mar 2026 - Present · 3 mos,0
907e36b2-91cf-485a-a068-9a8732e9397b,b7ca6cfe-e71a-439b-a674-b3410e093e16,Director,Brain Climate Equity Collaborative (Brain-CE Collab),Jul 2025 - Present · 11 mos,,,,,,Director Jul 2025 - Present · 11 mos,1
79aa96dc-590c-4c14-82f8-456e07dce701,b7ca6cfe-e71a-439b-a674-b3410e093e16,HBITO EDI Subcommittee,Hotchkiss Brain Institute,Sep 2024 - Present · 1 yr 9 mos,,,,,,HBITO EDI Subcommittee Sep 2024 - Present · 1 yr 9 mos,2
d321a7f2-68ea-4fd9-8197-33c8b3eb1360,b7ca6cfe-e71a-439b-a674-b3410e093e16,Graduate Researcher,Hotchkiss Brain Institute,Sep 2023 - 2026 · 2 yrs 5 mos,,,,,,Graduate Researcher Sep 2023 - 2026 · 2 yrs 5 mos,3
4140d8fe-8a72-44c8-9a09-160eac8afa09,b7ca6cfe-e71a-439b-a674-b3410e093e16,National Program Coordinator,MusicBox Children's Charity,,,Jun 2024,Present,2 yrs,,National Program Coordinator MusicBox Children's Charity Jun 2024 - Present · 2 yrs,4
f6a75382-e680-42c2-8115-94a5e9e521c9,b7ca6cfe-e71a-439b-a674-b3410e093e16,CDP Graduate Trainee,CANTRAIN | Clinical Trials Training Programs,,,Sep 2025,Dec 2025,4 mos,,CDP Graduate Trainee CANTRAIN | Clinical Trials Training Programs Sep 2025 - Dec 2025 · 4 mos,5
4ecb13cd-7626-47be-bb0c-5b966048acb4,b7ca6cfe-e71a-439b-a674-b3410e093e16,Undergraduate Honours Researcher,Hotchkiss Brain Institute,Aug 2022 - Apr 2023 · 9 mos,,,,,,Undergraduate Honours Researcher Aug 2022 - Apr 2023 · 9 mos,6
295bb7db-19cb-426c-9445-07d3c761ae28,b7ca6cfe-e71a-439b-a674-b3410e093e16,Undergraduate Researcher,Hotchkiss Brain Institute,Jun 2020 - Aug 2022 · 2 yrs 3 mos,,,,,,Undergraduate Researcher Jun 2020 - Aug 2022 · 2 yrs 3 mos,7
3b43fb99-4d20-4804-8f76-ee03f5ef683a,b7ca6cfe-e71a-439b-a674-b3410e093e16,"Lead, Events & Volunteer Engagement at Women’s Resource Centre",University of Calgary,,"Calgary, Alberta, Canada",Aug 2022,Apr 2023,9 mos,,"Lead, Events & Volunteer Engagement at Women’s Resource Centre University of Calgary Aug 2022 - Apr 2023 · 9 mos Calgary, Alberta, Canada",8
34e64f91-0fd2-460d-9b70-07f997b9ac02,b7ca6cfe-e71a-439b-a674-b3410e093e16,"President, University of Calgary Chapter",MusicBox Children's Charity,,,May 2021,Apr 2023,2 yrs,,"President, University of Calgary Chapter MusicBox Children's Charity May 2021 - Apr 2023 · 2 yrs",9
f9833426-8abd-4f8f-9a93-1829b6103c0f,b7ca6cfe-e71a-439b-a674-b3410e093e16,"Lead, Volunteer Engagement & Development at Women’s Resource Centre",University of Calgary,,"Calgary, Alberta, Canada",Aug 2021,Apr 2022,9 mos,,"Lead, Volunteer Engagement & Development at Women’s Resource Centre University of Calgary Aug 2021 - Apr 2022 · 9 mos Calgary, Alberta, Canada",10
58e22745-1c6a-4120-b05b-3565342f0fc9,b7ca6cfe-e71a-439b-a674-b3410e093e16,Program Facilitator,Immigrant Services Calgary,,,Oct 2020,Aug 2021,11 mos,,Program Facilitator Immigrant Services Calgary Oct 2020 - Aug 2021 · 11 mos,11
908d326c-c85a-4364-9364-afd5ff13e5e9,997a851c-ca3e-4456-92a0-d5ec84cdffc1,Chief Operating Officer (COO),OpenDH,,"Calgary, Alberta, Canada · Hybrid",Jul 2023,Present,2 yrs 11 mos,"Managed the day-to-day operations of OpenDH, coordinating logistics, overseeing project timelines, and executing activities efficiently. Collaborated with other leaders to streamline processes, manage resources, and identify areas for improvement, ensuring seamless research operations.","Chief Operating Officer (COO) OpenDH Jul 2023 - Present · 2 yrs 11 mos Calgary, Alberta, Canada · Hybrid Managed the day-to-day operations of OpenDH, coordinating logistics, overseeing project timelines, and executing activities efficiently. Collaborated with other leaders to streamline processes, manage resources, and identify areas for improvement, ensuring seamless research operations.",0
3e906fbc-b3a8-43aa-aff9-f9c9840d1a84,997a851c-ca3e-4456-92a0-d5ec84cdffc1,Chief Operations Officer (COO),Society for AI Literacy,,"Calgary, Alberta, Canada",Jun 2023,Present,3 yrs,"Orchestrating operations planning, organizing and execution at multiple scales across Canada for the Society for AI Literacy, a non-profit organization dedicated to democratizing AI understanding and fostering a culture of AI literacy","Chief Operations Officer (COO) Society for AI Literacy Jun 2023 - Present · 3 yrs Calgary, Alberta, Canada Orchestrating operations planning, organizing and execution at multiple scales across Canada for the Society for AI Literacy, a non-profit organization dedicated to democratizing AI understanding and fostering a culture of AI literacy",1
b9a1c0ee-1665-47f4-8448-949673ba801c,997a851c-ca3e-4456-92a0-d5ec84cdffc1,Summer Research Associate - Clinical Neuroscience,Hotchkiss Brain Institute,May 2023 - Present · 3 yrs 1 mo,,,,,,"Summer Research Associate - Clinical Neuroscience May 2023 - Present · 3 yrs 1 mo Skills: Team Leadership, Report Writing, +4 skills",2
57e71df2-1ef0-4894-a35a-2e30b4fc434c,997a851c-ca3e-4456-92a0-d5ec84cdffc1,Research Project Lead/Coordinator - Clinical Neuroscience,Hotchkiss Brain Institute,Nov 2022 - Present · 3 yrs 7 mos,,,,,,"Research Project Lead/Coordinator - Clinical Neuroscience Nov 2022 - Present · 3 yrs 7 mos Skills: Team Management, Team Coordination, +1 skill",3
90eb45cf-9ec2-4292-8959-068ecb5ef37a,997a851c-ca3e-4456-92a0-d5ec84cdffc1,VP Fellowship,Rotaract,,"Calgary, Alberta, Canada",Sep 2022,Present,3 yrs 9 mos,,"VP Fellowship Rotaract Sep 2022 - Present · 3 yrs 9 mos Calgary, Alberta, Canada",4
24f8b314-a6dd-4378-865a-718ba37d9fef,67131b7a-94c9-4634-a781-207a798c7e7f,Undergraduate Research Assistant - Department of Clinical Neurosciences (Ganesh Lab),Hotchkiss Brain Institute,,,Jan 2025,Present,1 yr 5 mos,,"Undergraduate Research Assistant - Department of Clinical Neurosciences (Ganesh Lab) Hotchkiss Brain Institute Jan 2025 - Present · 1 yr 5 mos Supported a clinical study on carotid imaging and stroke outcomes. Conducted chart reviews, data entry, and follow-up tracking in REDCap. Led and analyzed semi-structured interviews with stroke survivors and caregivers using NVivo. Explored ethical implications of AI in stroke care and identified post-discharge recovery barriers.",0
b6b3f4a6-ecc8-48b2-8197-860aef83aa22,67131b7a-94c9-4634-a781-207a798c7e7f,Accessibility Research Associate - Accessible Mapping Research Lab,University of Calgary,,,Jan 2025,Present,1 yr 5 mos,,"Accessibility Research Associate - Accessible Mapping Research Lab University of Calgary Jan 2025 - Present · 1 yr 5 mos • Co-authored Chapter 2: Introducing Disability, a Primer for an Open Educational Resource (OER) textbook • Researched and synthesized literature on disability models, intersectionality, and ability-based justice • Collaborated with faculty such as Dr Victoria Fast and Dr Gregor Wolbring to align the chapter with pedagogical and EDI goals",1
928f457e-f24c-4ce4-ab3b-87a837415549,67131b7a-94c9-4634-a781-207a798c7e7f,Research Assistant - Community Health Department,University of Calgary,Sep 2023 - Sep 2024 · 1 yr 1 mo,,,,,,Research Assistant - Community Health Department Sep 2023 - Sep 2024 · 1 yr 1 mo Conducted literature reviews on adolescent refugee and immigrant health in North America. Utilized Medline and Covidence for systematic research screening and summarization.,2
a75a865a-a437-47d7-a016-25f181f6fc13,67131b7a-94c9-4634-a781-207a798c7e7f,Summer Student- Calgary Autonomic Research & Clinic,University of Calgary,Apr 2024 - Aug 2024 · 5 mos,,,,,,"Summer Student- Calgary Autonomic Research & Clinic Apr 2024 - Aug 2024 · 5 mos Assisted in performing autonomic function tests (AFT). Enrolled patients in the Babelfish study, testing a new wearable blood pressure monitor through various physical activities.",3
fb13c0ce-190d-4033-b09a-3bf87373d13e,67131b7a-94c9-4634-a781-207a798c7e7f,Research Assistant - Pediatric Emergency Medicine Research Associates Program,Alberta Children's Hospital,,,May 2021,Aug 2024,3 yrs 4 mos,,"Research Assistant - Pediatric Emergency Medicine Research Associates Program Alberta Children's Hospital May 2021 - Aug 2024 · 3 yrs 4 mos Applied principles of informed consent and maintained research ethics. Managed communication between patients, clinical staff, and research teams. Recorded participant data using REDCap and mentored new volunteers.",4
d09ade38-9eeb-4d3a-acf1-40653afdfb79,67131b7a-94c9-4634-a781-207a798c7e7f,Vice President Event - Children Health Advocates Club,University of Calgary,Sep 2021 - May 2022 · 9 mos,,,,,,"Vice President Event - Children Health Advocates Club Sep 2021 - May 2022 · 9 mos Collaborated with executive board members to organize educational, social, and professional events for club members. Evaluated event outcomes and identified areas for improvement. Coordinated with the Club Program Coordinator for event logistics and promotions.",5
1ab4ccfe-693d-4794-bd8b-92bf667288fa,67131b7a-94c9-4634-a781-207a798c7e7f,Director of Administration - Children Health Advocates Club,University of Calgary,Nov 2020 - Sep 2021 · 11 mos,,,,,,Director of Administration - Children Health Advocates Club Nov 2020 - Sep 2021 · 11 mos Assisted in planning and executing club events and fundraisers. Managed the club’s filing systems and correspondence. Maintained administrative documents and handled word processing tasks.,6
8d324c65-27ac-43d8-a9e6-a0469273278f,67131b7a-94c9-4634-a781-207a798c7e7f,ZOOM Scrutineer,Alliance for Equality of Blind Canadians,,,2021,2021,Less than a year,,ZOOM Scrutineer Alliance for Equality of Blind Canadians 2021 - 2021 · Less than a year Monitored and verified voting procedures during virtual meetings. Managed participant admissions and facilitated meeting logistics.,7
d9972589-6045-43ff-b35b-de3f319d609d,d23db97e-46c1-4abe-9ce3-82d4fd8cf228,Honours Student,Hotchkiss Brain Institute,Sep 2025 - Present · 9 mos,,,,,,"Honours Student Sep 2025 - Present · 9 mos During the final year of my undergraduate degree, I am completing an honours project under Dr. Voon Wee Yong and Dr. Atefeh Rayatpour. My project is characterizing the effects of temporally and spatially restricted NADPH Oxidase II (NOX2) gene deletion in CX3CR1+ immune cells within an animal model of Multiple Sclerosis with the goal of attenuating oxidative stress. I will further refine my lab capabilities, become a more independent student and scienti",0
50909ead-b79c-472c-9d0a-e41a0c81eb84,d23db97e-46c1-4abe-9ce3-82d4fd8cf228,Summer Research Student,Hotchkiss Brain Institute,Seasonal,,May 2024,Aug 2025,1 yr 4 mos,"For the past two summers, I have been a summer student conducting research under Dr. Voon Wee Yong at the Hotchkiss Brain Institute. I investigated oxidative stress and novel therapeutics in Multiple Sclerosis (MS) lesions by using animal models, cell cultures, and human tissue. This position has given me formidable knowledge of lab safety and etiquette, immunohistochemical staining, confocal imaging, 3D image analysis, in-vitro cell studies, and general neuroimmunology. I have also refined my ability to present my findings to my peers by attending conferences, workshops, and symposiums.","Summer Research Student Seasonal May 2024 - Aug 2025 · 1 yr 4 mos Calgary, Alberta, Canada · On-site For the past two summers, I have been a summer student conducting research under Dr. Voon Wee Yong at the Hotchkiss Brain Institute. I investigated oxidative stress and novel therapeutics in Multiple Sclerosis (MS) lesions by using animal models, cell cultures, and human tissue. This position has given me formidable knowledge of lab safety and etiquette, immunohistochemical staining, confocal ima",1
6d8d81c2-de95-45b3-a3cd-48b587602ba4,d23db97e-46c1-4abe-9ce3-82d4fd8cf228,Local Indicium Program Director,STEM Fellowship,,"Calgary, Alberta, Canada",Oct 2024,Present,1 yr 8 mos,"For the past two years, I have implemented the Indicium undergraduate research competition at the University of Calgary through the STEM Fellowship club on campus. This competition involves pairing undergraduate students with professor mentors to conduct meaningful research throughout the winter semester, ultimately presenting their findings at the Western Canada Indicium Conference in July and having their abstracts published in the peer-reviewed STEM Fellowship Journal. As the director of this program, I recruit and coordinate the students and mentors, host workshops, and aid in overseeing the conference.","Local Indicium Program Director STEM Fellowship Oct 2024 - Present · 1 yr 8 mos Calgary, Alberta, Canada For the past two years, I have implemented the Indicium undergraduate research competition at the University of Calgary through the STEM Fellowship club on campus. This competition involves pairing undergraduate students with professor mentors to conduct meaningful research throughout the winter semester, ultimately presenting their findings at the Western Canada Indicium Conference in July a",2
d9ae79fe-8b06-414a-b912-01ce825700fa,d23db97e-46c1-4abe-9ce3-82d4fd8cf228,Minor Hockey Referee,Cochrane Minor Hockey,On-Call,"Cochrane, Alberta, Canada · On-site",Sep 2018,Feb 2026,7 yrs 6 mos,"For the past seven years, I have officiated minor hockey games in Cochrane and the surrounding communities. This means working effectively with other officials and being able to communicate with players and coaching staff. This job requires quick decision-making, concise communication, and the ability to act under pressure to make the best choices so that the game is safe and fair for all parties. My decision-making, work ethic, communication, teamwork, and leadership have been tested and honed through this position.","Minor Hockey Referee Cochrane Minor Hockey · On-Call Sep 2018 - Feb 2026 · 7 yrs 6 mos Cochrane, Alberta, Canada · On-site For the past seven years, I have officiated minor hockey games in Cochrane and the surrounding communities. This means working effectively with other officials and being able to communicate with players and coaching staff. This job requires quick decision-making, concise communication, and the ability to act under pressure to make the best choices so that the game is safe an",3
c278e4f0-4b77-4613-8a35-a12a6be4766f,d23db97e-46c1-4abe-9ce3-82d4fd8cf228,Landscaper,TJK Property Maintenance,Seasonal,"Cochrane, Alberta, Canada · On-site",Apr 2023,Aug 2023,5 mos,"During the summer of 2023, I worked as a landscaper and a manual laborer for TJK Property Maintenance. This entails mowing and trimming lawns, weeding garden beds, edging, and doing other landscaping and maintenance tasks. This job has further reinforced my work ethic, physical ability, and ability to endure long, hot, and grueling days of work.","Landscaper TJK Property Maintenance · Seasonal Apr 2023 - Aug 2023 · 5 mos Cochrane, Alberta, Canada · On-site During the summer of 2023, I worked as a landscaper and a manual laborer for TJK Property Maintenance. This entails mowing and trimming lawns, weeding garden beds, edging, and doing other landscaping and maintenance tasks. This job has further reinforced my work ethic, physical ability, and ability to endure long, hot, and grueling days of work. Landscaping, Manual Labor and +5 skills",4
e04c1a12-8bce-4733-b110-73bb659f3e17,d23db97e-46c1-4abe-9ce3-82d4fd8cf228,Lumber Yard Associate,Home Hardware Stores Limited,Seasonal,"Cochrane, Alberta, Canada · On-site",Jun 2022,Aug 2022,3 mos,"I worked in customer service in both the outside lumber yard and inside the store at my local Home Hardware. My main job was manual labor, helping customers move heavy materials like wood and stone into their vehicles. I also stocked the store and was in charge of cleaning both the outside and inside. I helped direct customers and communicate with other employees to aid the customers as much as possible. This experience honed my communication skills, perseverance, and work ethic.","Lumber Yard Associate Home Hardware Stores Limited · Seasonal Jun 2022 - Aug 2022 · 3 mos Cochrane, Alberta, Canada · On-site I worked in customer service in both the outside lumber yard and inside the store at my local Home Hardware. My main job was manual labor, helping customers move heavy materials like wood and stone into their vehicles. I also stocked the store and was in charge of cleaning both the outside and inside. I helped direct customers and communicate with other employees to aid t",5
717f7e98-4e5b-42b7-8d8d-2973c6f8232b,dc0db8a0-1774-44e4-bf1e-a04ea1c722c1,Msc Thesis,Hotchkiss Brain Institute,Sep 2023 - Present · 2 yrs 9 mos,,,,,,Msc Thesis Sep 2023 - Present · 2 yrs 9 mos On-site,0
18a01664-bd59-4b2b-a0b5-fd65a5ffd048,dc0db8a0-1774-44e4-bf1e-a04ea1c722c1,Undergraduate Research Assistant,Hotchkiss Brain Institute,Internship,,Nov 2020,Present,5 yrs 7 mos,,Undergraduate Research Assistant Internship Nov 2020 - Present · 5 yrs 7 mos,1
a6a42a6c-5541-4b49-b99f-84c4fa7edeb4,dc0db8a0-1774-44e4-bf1e-a04ea1c722c1,Science and Math Tutor,Calgary Tutoring Centre,,Greater Calgary Metropolitan Area,Nov 2017,Present,8 yrs 7 mos,,Science and Math Tutor Calgary Tutoring Centre Nov 2017 - Present · 8 yrs 7 mos Greater Calgary Metropolitan Area,2
261dd5b7-dff3-42ab-bcd0-d71c993400a3,41ed10da-ba97-4db5-bf93-fce596759036,Community Outings Facilitator,Autism Aspergers Friendship Society of Calgary (AAFS),Nov 2015 - Present · 10 yrs 7 mos,,,,,,Community Outings Facilitator Nov 2015 - Present · 10 yrs 7 mos,0
744605d8-3603-468c-8b5f-eae2b5aafeb4,41ed10da-ba97-4db5-bf93-fce596759036,Program Lead,Autism Aspergers Friendship Society of Calgary (AAFS),Sep 2013 - Present · 12 yrs 9 mos,,,,,,Program Lead Sep 2013 - Present · 12 yrs 9 mos Facilitate and organize activities for recreational respite care.,1
3a9de168-8ae4-4bc4-af62-c3f9f072dac0,41ed10da-ba97-4db5-bf93-fce596759036,Social Recreational Companion,Autism Aspergers Friendship Society of Calgary (AAFS),Dec 2012 - Aug 2013 · 9 mos,,,,,,Social Recreational Companion Dec 2012 - Aug 2013 · 9 mos,2
831febe8-202f-4b3b-a1fe-ced1f628ee13,41ed10da-ba97-4db5-bf93-fce596759036,Research Assistant,Hotchkiss Brain Institute,,,May 2014,Present,12 yrs 1 mo,,Research Assistant Hotchkiss Brain Institute May 2014 - Present · 12 yrs 1 mo Dr. Bin Hu's lab: Conduct a feasibility study on the Ambulosono music training and spontaneous vocalization program for children with autism.,3
d24d4581-aa4a-4851-95a9-f21bbc76e633,41ed10da-ba97-4db5-bf93-fce596759036,Research Intern,Humboldt-Universität zu Berlin,,Berlin Metropolitan Area,Jun 2015,Sep 2015,4 mos,,Research Intern Humboldt-Universität zu Berlin Jun 2015 - Sep 2015 · 4 mos Berlin Metropolitan Area,4
4d2903fe-f891-463b-b98e-7f96f7f34491,41ed10da-ba97-4db5-bf93-fce596759036,Research Assistant,ACHRI,,,May 2013,Aug 2013,4 mos,,Research Assistant ACHRI May 2013 - Aug 2013 · 4 mos Dr. Francine Smith's lab: Preliminary study on the role of microRNAs on Acute Kidney Injuries in the developing ovine kidney.,5
ea42d36f-0031-42a4-a273-d97489e8aa74,df6cc404-4b74-4055-ab48-e3d1530e133b,Communications Coordinator,Hotchkiss Brain Institute,Contract Full-time,"Calgary, Alberta, Canada",Aug 2025,Present,10 mos,,"Communications Coordinator Hotchkiss Brain Institute · Contract Full-time Aug 2025 - Present · 10 mos Calgary, Alberta, Canada",0
d847fce7-491a-41e1-96d5-0019db6b56a3,df6cc404-4b74-4055-ab48-e3d1530e133b,Communications Coordinator,City of North Vancouver,Contract Full-time,"North Vancouver, British Columbia, Canada",Sep 2022,Apr 2025,2 yrs 8 mos,"○ Planned, executed and improved annual communications campaigns and activities ○ Collaborated with teams on timelines, budget, and risk management for projects ○ Created engaging content for print, digital platforms, and the City’s weekly newsletter ○ Developed communications and marketing plans to support key corporate objectives, ○ Coordinated press releases, ad buying for print and digital media ○ Analyzed data from surveys, social media, web analytics, and campaign reports","Communications Coordinator City of North Vancouver · Contract Full-time Sep 2022 - Apr 2025 · 2 yrs 8 mos North Vancouver, British Columbia, Canada ○ Planned, executed and improved annual communications campaigns and activities ○ Collaborated with teams on timelines, budget, and risk management for projects ○ Created engaging content for print, digital platforms, and the City’s weekly newsletter ○ Developed communications and marketing plans to support key corporate objectives, ○ Coordinated pre",1
652f4239-90ae-462f-999e-0040081aa4d5,df6cc404-4b74-4055-ab48-e3d1530e133b,Corporate Communications Intern,QuadReal Property Group,Internship,"Vancouver, British Columbia, Canada",Jan 2022,May 2022,5 mos,"As the Corporate Communications Intern my role and responsibilities included: ○ Ownership of the corporate social media calendar; strategizing content for LinkedIn and Twitter channels ○ Collaborated with internal and external teams for communications initiatives and projects ○ Web Content Management ○ Monitored social media accounts, tracked social media analytics ○ Supported the company's intranet engagement score by assisting with article writing and video production for internal audiences","Corporate Communications Intern QuadReal Property Group · Internship Jan 2022 - May 2022 · 5 mos Vancouver, British Columbia, Canada As the Corporate Communications Intern my role and responsibilities included: ○ Ownership of the corporate social media calendar; strategizing content for LinkedIn and Twitter channels ○ Collaborated with internal and external teams for communications initiatives and projects ○ Web Content Management ○ Monitored social media accounts, tracked social media analytics",2
3bd5f30b-e473-4381-ad83-836751927234,df6cc404-4b74-4055-ab48-e3d1530e133b,Community Manager,REGUS - IWG plc. Offices | Coworking | Meeting Rooms.,Full-time,Greater Vancouver Metropolitan Area,Nov 2019,Dec 2021,2 yrs 2 mos,"As a Community Manager, this position required exceptional customer service skills as well as the ability to use sound judgement. To be successful in this role, I had to work independently and in a team environment. The role included administrative tasks and other responsibilities: ○ Data entry ○ Customer Relationship Management, customer onboarding ○ Directing and managing calls, emails and requests ○ Invoicing/billing ○ Supply ordering and vendor management","Community Manager REGUS - IWG plc. Offices | Coworking | Meeting Rooms. · Full-time Nov 2019 - Dec 2021 · 2 yrs 2 mos Greater Vancouver Metropolitan Area As a Community Manager, this position required exceptional customer service skills as well as the ability to use sound judgement. To be successful in this role, I had to work independently and in a team environment. The role included administrative tasks and other responsibilities: ○ Data entry ○ Customer Relationship Management, customer onboa",3
a09f635a-a4a0-4ae5-8f2d-43fbd0294f79,df6cc404-4b74-4055-ab48-e3d1530e133b,Marketing Coordinator,Salt Spring Centre of Yoga,Internship,"Vancouver, British Columbia, Canada",May 2021,Sep 2021,5 mos,"This temporary position as Marketing Coordinator involved managing an online and social media campaign for the organization's annual yoga retreat event, which for 2021 was held virtually. I contributed to raising engagement and brand awareness of the centre with Instagram and Facebook. Tasks and responsibilities included: ○ Crafting social media posts to inform and market the event to relevant audiences ○ Updating webpages as necessary using WordPress ○ Newsletter marketing and event follow-up survey using MailChimp ○ Creation of a short-term communications plan","Marketing Coordinator Salt Spring Centre of Yoga · Internship May 2021 - Sep 2021 · 5 mos Vancouver, British Columbia, Canada This temporary position as Marketing Coordinator involved managing an online and social media campaign for the organization's annual yoga retreat event, which for 2021 was held virtually. I contributed to raising engagement and brand awareness of the centre with Instagram and Facebook. Tasks and responsibilities included: ○ Crafting social media posts to inform and market",4
9e439356-b47c-451d-ab26-9f8e367ab786,df6cc404-4b74-4055-ab48-e3d1530e133b,Sales Specialist,SmileDirectClub,,"Burnaby, British Columbia, Canada",Mar 2019,Nov 2019,9 mos,"As a Sales Specialist, my position involved a high level of customer service and collaboration as a team. I developed and utilized effective sales practices to identify and educate prospective customers while supporting existing clients with information and assistance about Smile Direct Club's products. Other responsibilities included: ○ Supply ordering ○ Data entry and documentation ○ Using KPI's to manage personal and team goals","Sales Specialist SmileDirectClub Mar 2019 - Nov 2019 · 9 mos Burnaby, British Columbia, Canada As a Sales Specialist, my position involved a high level of customer service and collaboration as a team. I developed and utilized effective sales practices to identify and educate prospective customers while supporting existing clients with information and assistance about Smile Direct Club's products. Other responsibilities included: ○ Supply ordering ○ Data entry and documentation ○ Using KPI's to m",5
d4d632b9-a993-4025-955f-4efcb194ce66,df6cc404-4b74-4055-ab48-e3d1530e133b,Nursing Assistant,Carewest Innovative Health Care,Dec 2015 - Mar 2019 · 3 yrs 4 mos,,,,,"As a Nursing Assistant, my role was to support the Registered Nurse shift lead, my team members and clients. A day in the position included keeping clients engaged and enriched mentally, physically, socially, and emotionally. I had to be aware of and sensitive to my clients pain, mobility, and cultural backgrounds, and approach every interaction with compassion. Responsibilities included: ○ Assisting clients with activities of daily living ○ Safeguarding clients by following health and safety policies ○ Charting client behaviour and activities ○ Adhere to company policies and legal regulations (FOIP)","Nursing Assistant Dec 2015 - Mar 2019 · 3 yrs 4 mos Greater Calgary Metropolitan Area As a Nursing Assistant, my role was to support the Registered Nurse shift lead, my team members and clients. A day in the position included keeping clients engaged and enriched mentally, physically, socially, and emotionally. I had to be aware of and sensitive to my clients pain, mobility, and cultural backgrounds, and approach every interaction with compassion. Responsibilities included: ○ Assisting clients wi",6
b3934c56-1eed-4516-a5ff-adfe2db97c94,df6cc404-4b74-4055-ab48-e3d1530e133b,Communications Student,Carewest Innovative Health Care,Apr 2018 · 1 mo,,,,,"Internship involving social media planning, 360-degree tour of facilities, and feature writing for the quarterly company magazine.","Communications Student Apr 2018 · 1 mo Calgary, Alberta, Canada Internship involving social media planning, 360-degree tour of facilities, and feature writing for the quarterly company magazine. Skills: Photography, Writing",7
7e054514-9219-4288-a358-07fcdbb225fe,df6cc404-4b74-4055-ab48-e3d1530e133b,Health Care Aide,Classic LifeCare,,,Mar 2015,Mar 2016,1 yr 1 mo,,Health Care Aide Classic LifeCare Mar 2015 - Mar 2016 · 1 yr 1 mo,8
ab3cc9c5-2493-4ac1-9c59-56c1a818370d,df6cc404-4b74-4055-ab48-e3d1530e133b,Supervisor,Starbucks,,Greater Calgary Metropolitan Area,Dec 2013,Aug 2014,9 mos,,Supervisor Starbucks Dec 2013 - Aug 2014 · 9 mos Greater Calgary Metropolitan Area,9
c4d926ed-dbc9-4168-b877-22a2faa28f50,df941247-edec-4b67-905f-47bff6537d34,INSPIRE Student,BC Children's Hospital Research Institute,Part-time,"Vancouver, British Columbia, Canada",Sep 2019,Present,6 yrs 9 mos,"Research assistant through the INtegrated Student Program In Research Education (INSPIRE) of Dr. Srigley, a medical microbiologist and Corporate Director of Infection Prevention and Control at the Provincial Health Services Authority, with an audit-based project centred around patient, family and visitor hand hygiene on medical-surgical inpatient units at the BC Children’s Hospital. Drafted a formal report for implementation of a campus-wide hand hygiene program.","INSPIRE Student BC Children's Hospital Research Institute · Part-time Sep 2019 - Present · 6 yrs 9 mos Vancouver, British Columbia, Canada Research assistant through the INtegrated Student Program In Research Education (INSPIRE) of Dr. Srigley, a medical microbiologist and Corporate Director of Infection Prevention and Control at the Provincial Health Services Authority, with an audit-based project centred around patient, family and visitor hand hygiene on medical-surgical inpatient units at the",0
b8aa4abf-d8c7-49aa-b042-a90c3dc09f10,df941247-edec-4b67-905f-47bff6537d34,Undergraduate Researcher,Hotchkiss Brain Institute,Full-time,"Calgary, Alberta, Canada",May 2019,Present,7 yrs 1 mo,"Researching at the Foothills Medical Hospital Department of Geriatrics under Dr. Zahra Goodarzi and Dr. Jacqueline McMillan, resulting in publication of a systematic review and meta-analysis on Parkinson’s Disease and Frailty and works in progress on Suicidality in the Elderly and a Clinical Pathway for Anxiety in Long-Term Care. Currently leading Development of a Clinical Pathway for Anxiety in Long-Term Care. This research project employs a Delphi Procedure to optimize clinical care for residents with anxiety in long-term care. A member of the Interdisciplinary Aging Club, designed to give students exposure to the interdisciplinary nature of research in aging, where Work In Progress presentations and a Critical Appraisal of the article “Reduced lateral occipital gray matter volume is associated with physical frailty and cognitive impairment in Parkinson’s disease” by Yueh Sheng Chen was presented. Presented a research poster on a systematic review and meta-analysis on Parkinson’s Disease and Frailty at a “A Town Hall on Frailty and Resilience in an Aging Alberta”.","Undergraduate Researcher Hotchkiss Brain Institute · Full-time May 2019 - Present · 7 yrs 1 mo Calgary, Alberta, Canada Researching at the Foothills Medical Hospital Department of Geriatrics under Dr. Zahra Goodarzi and Dr. Jacqueline McMillan, resulting in publication of a systematic review and meta-analysis on Parkinson’s Disease and Frailty and works in progress on Suicidality in the Elderly and a Clinical Pathway for Anxiety in Long-Term Care. Currently leading Development of a Clinical Path",1
6b9096a1-4864-431f-aedd-4f91d003f9b6,df941247-edec-4b67-905f-47bff6537d34,Pediatric Emergency Medical Research Assistant,Alberta Children's Hospital,Full-time,"Calgary, Alberta, Canada",May 2018,Present,8 yrs 1 mo,"Research assistant in PEMRAP (Pediatric Emergency Medical Research Associates Program) at the Alberta Children’s Hospital Emergency Department. Screened and enrolled patient participants in clinical research, ranging from BIKE (bike accidents) and PRIMED (appendicitis “fingerprints”) to KOALA (child traumatic brain injury neuroplasticity) and EPIC (E. Coli antibody) studies.","Pediatric Emergency Medical Research Assistant Alberta Children's Hospital · Full-time May 2018 - Present · 8 yrs 1 mo Calgary, Alberta, Canada Research assistant in PEMRAP (Pediatric Emergency Medical Research Associates Program) at the Alberta Children’s Hospital Emergency Department. Screened and enrolled patient participants in clinical research, ranging from BIKE (bike accidents) and PRIMED (appendicitis “fingerprints”) to KOALA (child traumatic brain injury neuroplasticity) and EPIC (E. Co",2
1fcf37da-3909-4281-9927-d8d17f7559e2,df941247-edec-4b67-905f-47bff6537d34,Teacher's Assistant,"Department of Earth, Ocean, and Atmospheric Sciences - University of British Columbia",Part-time,"Vancouver, British Columbia, Canada",Sep 2020,Dec 2020,4 mos,,"Teacher's Assistant Department of Earth, Ocean, and Atmospheric Sciences - University of British Columbia · Part-time Sep 2020 - Dec 2020 · 4 mos Vancouver, British Columbia, Canada Marking TA in ATSC 201, “Meteorology of Storms”",3
6fa756de-7758-467c-8c42-ba1741c32760,df941247-edec-4b67-905f-47bff6537d34,Course-Acquired (Research) Experience - Pharmacology,The University of British Columbia,Part-time,,Sep 2020,Oct 2020,2 mos,"Knowledgeable in in-vivo, in-vitro and ex-vivo pharmacology techniques and concepts in a variety of model organisms such as rats and rabbits, including therapeutics. Proficient in both written and verbal communication of results.","Course-Acquired (Research) Experience - Pharmacology Part-time Sep 2020 - Oct 2020 · 2 mos Knowledgeable in in-vivo, in-vitro and ex-vivo pharmacology techniques and concepts in a variety of model organisms such as rats and rabbits, including therapeutics. Proficient in both written and verbal communication of results.",4
d1394c89-9f76-46e8-a29d-2c83a3fb727b,df941247-edec-4b67-905f-47bff6537d34,Course-Acquired (Research) Experience - Biology/Biochemistry,The University of British Columbia,Part-time,,Apr 2019,Sep 2020,1 yr 6 mos,"DNA extraction, digestion with restriction enzymes, PCR methods and gel electrophoresis. Standardized cloning procedures. Measured the effect on behavior in pillbugs due to osmoregulation by adjusting salinity (2018). Learned the general experimental method as well as presentation skills, proper citation and biostatistics.","Course-Acquired (Research) Experience - Biology/Biochemistry Part-time Apr 2019 - Sep 2020 · 1 yr 6 mos DNA extraction, digestion with restriction enzymes, PCR methods and gel electrophoresis. Standardized cloning procedures. Measured the effect on behavior in pillbugs due to osmoregulation by adjusting salinity (2018). Learned the general experimental method as well as presentation skills, proper citation and biostatistics.",5
915bb05f-aa9f-4f3e-b697-4355fb05fcdf,df941247-edec-4b67-905f-47bff6537d34,Course-Acquired (Research) Experience - Atmospheric Science,The University of British Columbia,Part-time,,Feb 2019,Apr 2019,3 mos,Performed a literature search on the effect of chinooks on the environment. Studied mechanisms of chinooks that influence ecological and societal conditions leeward of the Canadian Rockies. Acquired skills such as reading and comparing complex topics like the mechanisms behind chinook winds,Course-Acquired (Research) Experience - Atmospheric Science Part-time Feb 2019 - Apr 2019 · 3 mos Performed a literature search on the effect of chinooks on the environment. Studied mechanisms of chinooks that influence ecological and societal conditions leeward of the Canadian Rockies. Acquired skills such as reading and comparing complex topics like the mechanisms behind chinook winds,6
b78cb437-4f14-4329-89af-0a9260f1ead5,df941247-edec-4b67-905f-47bff6537d34,Course-Acquired (Research) Experience - Physical Chemistry,The University of British Columbia,Part-time,,Dec 2018,Feb 2019,3 mos,"Measured the kinetic parameters of chlorella, lead and cadmium and the competition between lead and cadmium in chelating reactions with chlorella powder, with practical applications in chelation of heavy metals. Analyzed results from various forms of spectroscopy (like ICPOES or Inductively Coupled Plasma Optical Emission Spectroscopy) and detailed statistical analyses of results. Wrote a manuscript and PowerPoint for presentation. Acquired many standard practical lab skills including titrations and lab writing. Able to perform techniques such as UV-Visible Spectroscopy, various titrations, extractions of heavy metals and determining concentration of solvents and solutes using various methods. Knowledgeable in analytical chemistry techniques.","Course-Acquired (Research) Experience - Physical Chemistry Part-time Dec 2018 - Feb 2019 · 3 mos Measured the kinetic parameters of chlorella, lead and cadmium and the competition between lead and cadmium in chelating reactions with chlorella powder, with practical applications in chelation of heavy metals. Analyzed results from various forms of spectroscopy (like ICPOES or Inductively Coupled Plasma Optical Emission Spectroscopy) and detailed statistical analyses of results. Wrote a manuscript ",7
099213e1-e048-472d-9c60-fa40d64aa4bb,df941247-edec-4b67-905f-47bff6537d34,Course-Acquired (Research) Experience - Organic Chemistry,The University of British Columbia,Full-time,,Sep 2018,Dec 2018,4 mos,"Analyzed and presented at a conference on Dr. John C. Sherman and Dr. Robert G. Chapman’s paper titled “Elucidation of “Twistomers” in Container Compounds”. Gained laboratory skills such as interpreting H NMR spectra, double g delta dagger of interconversion, organic chemistry concepts, time management and presentation skills.","Course-Acquired (Research) Experience - Organic Chemistry Full-time Sep 2018 - Dec 2018 · 4 mos Analyzed and presented at a conference on Dr. John C. Sherman and Dr. Robert G. Chapman’s paper titled “Elucidation of “Twistomers” in Container Compounds”. Gained laboratory skills such as interpreting H NMR spectra, double g delta dagger of interconversion, organic chemistry concepts, time management and presentation skills.",8
86d68f0d-e04e-4cc4-8833-7bf97d68b511,df941247-edec-4b67-905f-47bff6537d34,Shadowing,Foothills Medical Centre; Axxis Hospital,Part-time,"Calgary, Alberta, Canada",May 2018,Jun 2019,1 yr 2 mos,"Spent 40+ hours shadowing Emergency Doctors at the Foothills Hospital; shadowed a number of physicians in the Axxis Hospital - May 6th Radiology, May 7th Emergency, May 8th Surgery, May 9th Gastroenterology","Shadowing Foothills Medical Centre; Axxis Hospital · Part-time May 2018 - Jun 2019 · 1 yr 2 mos Calgary, Alberta, Canada Spent 40+ hours shadowing Emergency Doctors at the Foothills Hospital; shadowed a number of physicians in the Axxis Hospital - May 6th Radiology, May 7th Emergency, May 8th Surgery, May 9th Gastroenterology",9
89edee90-6ed1-4dd1-adaf-a44d3a7805fd,df941247-edec-4b67-905f-47bff6537d34,Organizer and Chair of the Model United Nations Security Council,Model United Nations,Part-time,"Calgary, Alberta, Canada",Sep 2017,Sep 2018,1 yr 1 mo,"Planned and executed a multi-day inter-school Model United Nations Conference as chair of the Security Council, the only Council where immediate action may be taken. The council was based on current and hypothetical urgent humanitarian and disaster-related events with unpredictable crisis updates, where attendees represented countries in pairs due to the Council's inherent difficulty and importance. In charge of all proceedings within the Council, announcing awards and leading proceedings of the Security Council and the crisis team, whose responsibility was to provide the quickly-adapting crisis scenarios.","Organizer and Chair of the Model United Nations Security Council Model United Nations · Part-time Sep 2017 - Sep 2018 · 1 yr 1 mo Calgary, Alberta, Canada Planned and executed a multi-day inter-school Model United Nations Conference as chair of the Security Council, the only Council where immediate action may be taken. The council was based on current and hypothetical urgent humanitarian and disaster-related events with unpredictable crisis updates, where attendees represented countries in pairs",10
17e10d55-d691-4fdc-9e76-b127f94ec550,ecf376a0-a7f8-4050-825a-60e7ed88c0bf,Clinical Research Coordinator at The Calgary Stroke Program & Stroke Clinical Trial Group,Hotchkiss Brain Institute,Jan 2025 - Present · 1 yr 5 mos,,,,,,"Clinical Research Coordinator at The Calgary Stroke Program & Stroke Clinical Trial Group Jan 2025 - Present · 1 yr 5 mos • Prepare and submit Research Ethics applications for Division-endorsed studies. • Develop and manage sponsor and site clinical trial documentation. • Coordinate study startup with external research sites. • Maintain Trial Master Files, trackers, and GCP documentation. • Develop and manage SOPs for trial operations. • Organize investigator and study coordination meetings. • E",0
c0a41585-e2ba-444e-a338-3298839a5ac6,ecf376a0-a7f8-4050-825a-60e7ed88c0bf,"Clinical Research Assistant, under the supervision of Zahinoor Ismail, MD, FRCPC",Hotchkiss Brain Institute,Sep 2021 - Jan 2025 · 3 yrs 5 mos,,,,,,"Clinical Research Assistant, under the supervision of Zahinoor Ismail, MD, FRCPC Sep 2021 - Jan 2025 · 3 yrs 5 mos • Recruited, scheduled, and consented participants for Alzheimer’s disease studies and trials. • Conducted cognitive, behavioral, and functional assessments. • Collaborated with community organizations to promote participation. • Designed recruitment materials to support engagement. • Managed research databases; collected and verified clinical data. • Prepared and submitted study pr",1
d55d78a0-7088-45af-9897-abdda80768a0,ecf376a0-a7f8-4050-825a-60e7ed88c0bf,Teaching Assistant at the Canadian Centre for Behavioural Neuroscience,The University of Lethbridge,Permanent Part-time,"Lethbridge, Alberta, Canada · On-site",Sep 2019,May 2021,1 yr 9 mos,"• Assisted in preparing and facilitating three courses: Brain and Behaviour (NEUR2600), Fundamental Neurobiology (NEUR3600), and Sleep and Function. • Evaluated and graded exams, essays, and research papers. • Developed and delivered supplementary educational materials.","Teaching Assistant at the Canadian Centre for Behavioural Neuroscience The University of Lethbridge · Permanent Part-time Sep 2019 - May 2021 · 1 yr 9 mos Lethbridge, Alberta, Canada · On-site • Assisted in preparing and facilitating three courses: Brain and Behaviour (NEUR2600), Fundamental Neurobiology (NEUR3600), and Sleep and Function. • Evaluated and graded exams, essays, and research papers. • Developed and delivered supplementary educational materials.",2
df6a1c3b-9ae8-4bfb-92d2-b58a826c753f,cfaec4a3-cc93-432e-ab4b-4e7bef34013f,Research Assistant,Hotchkiss Brain Institute,Permanent Full-time,"Calgary, Alberta, Canada · On-site",May 2025,Present,1 yr 1 mo,,"Research Assistant Hotchkiss Brain Institute · Permanent Full-time May 2025 - Present · 1 yr 1 mo Calgary, Alberta, Canada · On-site",0
5ff65e32-e045-4f9e-90ce-377017584bec,cfaec4a3-cc93-432e-ab4b-4e7bef34013f,Clinical Administrative Support II,Alberta Precision Laboratories,Permanent Part-time,"Calgary, Alberta, Canada · On-site",Sep 2023,Present,2 yrs 9 mos,,"Clinical Administrative Support II Alberta Precision Laboratories · Permanent Part-time Sep 2023 - Present · 2 yrs 9 mos Calgary, Alberta, Canada · On-site Microsoft Office, Writing and +2 skills",1
1d3837e5-4a76-4464-a0bc-b9b12f1de216,cfaec4a3-cc93-432e-ab4b-4e7bef34013f,Research Assistant,Hotchkiss Brain Institute,Permanent Full-time,"Calgary, Alberta, Canada · On-site",May 2024,Sep 2024,5 mos,"Worked, and published a research paper titled ""Agitation management strategies for older adults in the emergency department or with emergency medical services: A scoping review"".","Research Assistant Hotchkiss Brain Institute · Permanent Full-time May 2024 - Sep 2024 · 5 mos Calgary, Alberta, Canada · On-site Worked, and published a research paper titled ""Agitation management strategies for older adults in the emergency department or with emergency medical services: A scoping review"".",2
f2ee0a27-5ccb-48e5-8629-06e29a5baed7,cfaec4a3-cc93-432e-ab4b-4e7bef34013f,Sales Supervisor,Sole to Soul Footwear,May 2023 - Sep 2023 · 5 mos,,,,,,"Sales Supervisor May 2023 - Sep 2023 · 5 mos Skills: Writing, Analytical Skills, +4 skills",3
3b3595d3-49db-41ed-af16-b95344691775,cfaec4a3-cc93-432e-ab4b-4e7bef34013f,Retail Sales Specialist,Sole to Soul Footwear,Mar 2023 - May 2023 · 3 mos,,,,,,"Retail Sales Specialist Mar 2023 - May 2023 · 3 mos Skills: Sales and Marketing, Customer Service",4
97f7d941-f5de-4520-a61b-d32e9770f3be,4d2317ef-afdf-416f-bbae-969aef2f648d,United Nations University Chair in Infectious Diseases in a Changing Climate,University of Calgary,Permanent Full-time,,Nov 2023,Present,2 yrs 7 mos,"Research conducted evaluates how human, animal, and ecosystem interactions in a changing climate are resulting in the emergence and re-emergence of diseases and compromising the effectiveness of human and animal health responses to infectious disease outbreaks.","United Nations University Chair in Infectious Diseases in a Changing Climate Permanent Full-time Nov 2023 - Present · 2 yrs 7 mos Calgary, Alberta, Canada · On-site Research conducted evaluates how human, animal, and ecosystem interactions in a changing climate are resulting in the emergence and re-emergence of diseases and compromising the effectiveness of human and animal health responses to infectious disease outbreaks. UNU Hub Website of our UNU Hub",0
f28f9ea4-ab14-41ed-b8d1-63626c57d427,4d2317ef-afdf-416f-bbae-969aef2f648d,Professor Epidemiology of Infectious Disease,University of Calgary,Permanent Full-time,,Aug 2006,Present,19 yrs 10 mos,,"Professor Epidemiology of Infectious Disease Permanent Full-time Aug 2006 - Present · 19 yrs 10 mos Calgary, Alberta, Canada",1
daff69b0-5bb6-4da6-8eed-fcde5d1d9a94,4d2317ef-afdf-416f-bbae-969aef2f648d,"Scientific Director, Antimicrobial Resistance - One Health Consortium",University of Calgary,Feb 2019 - Present · 7 yrs 4 mos,,,,,The Antimicrobial Resistance (AMR) – One Health Consortium is a pan-Alberta collaborative platform focused on antimicrobial use and resistance.,"Scientific Director, Antimicrobial Resistance - One Health Consortium Feb 2019 - Present · 7 yrs 4 mos Calgary, Canada The Antimicrobial Resistance (AMR) – One Health Consortium is a pan-Alberta collaborative platform focused on antimicrobial use and resistance. Antimicrobial Resistance One Health Consortium | /amr Website of the AMR - One Health Consortium",2
af895764-e820-4f0e-b0db-7de7c102a210,4d2317ef-afdf-416f-bbae-969aef2f648d,"Scientific Director, One Health at UCalgary",University of Calgary,Mar 2019 - Dec 2024 · 5 yrs 10 mos,,,,,"One Health at UCalgary (OH@UC) was founded in 2019 with funding as an emerging, cross-cutting research theme from the Office of the Vice-President (Research). We are committed to tackling complex problems at the convergence of people, animals, and the environment and the underlying economic and social factors that determine the opportunities for health across all ecosystems. Using a One Health approach we will develop research, training, and community engagement programs to meet that commitment.","Scientific Director, One Health at UCalgary Mar 2019 - Dec 2024 · 5 yrs 10 mos Calgary, Canada One Health at UCalgary (OH@UC) was founded in 2019 with funding as an emerging, cross-cutting research theme from the Office of the Vice-President (Research). We are committed to tackling complex problems at the convergence of people, animals, and the environment and the underlying economic and social factors that determine the opportunities for health across all ecosystems. Using a One Health approach",3
79b30c97-53ac-47e4-8ab5-ac54374cf3b1,4d2317ef-afdf-416f-bbae-969aef2f648d,NSERC Industrial Research Chair in Infectious Diseases of Dairy Cattle,University of Calgary,Apr 2014 - Apr 2024 · 10 yrs 1 mo,,,,On-site,"Infectious diseases are a considerable threat to the profitability and sustainability of the Canadian dairy industry. Diseases such as Johne's disease, mastitis, neosporosis, bovine leukosis, and bovine viral diarrhea (BVD) not only affect on-farm productivity, fertility and dairy cow welfare, but they increasingly affect our ability to export live dairy cattle and bull semen. The Industrial Research Chair in Infectious Diseases of Dairy Cattle addresses these issues, with the ultimate goal of decreasing the effect of infectious diseases on the Canadian dairy and semen industries; this will be achieved through research and training (graduate and summer students and postdocs). The research program focuses on Johne’s disease and mastitis. The proposed Johne’s disease studies focus on transmission of Mycobacterium avium subsp. paratuberculosis infection to the calf, genetic susceptibility, early diagnosis, and adoption of control practices by dairy farmers. The proposed mastitis studies focus on the role of coagulase-negative staphylococci in mastitis, antimicrobial resistance, and heifer mastitis. The vast majority of infectious diseases in dairy cattle are the result of an interaction among the genome, microbes, host immunology, and the environment. Therefore, the research initiated by the IRC is inherently collaborative and multidisciplinary in nature. The research projects by the IRC build upon extensive research efforts currently underway in the University of Calgary's Department of Production Animal Health, opportunities available through the Canadian Bovine Mastitis and Milk Quality Research Network, and research needs for improvement of the Alberta Johne's Disease Initiative and other regional Johne’s disease prevention and control programs. The IRC is funded by Alberta Milk, Dairy Farmers of Canada, WestGen Endowment Fund, CanWest DHI, Dairy Farmers of Manitoba, BC Dairy Association, Canadian Dairy Network, while their contribution is matched by NSERC.","NSERC Industrial Research Chair in Infectious Diseases of Dairy Cattle Apr 2014 - Apr 2024 · 10 yrs 1 mo Calgary, Alberta, Canada · On-site Infectious diseases are a considerable threat to the profitability and sustainability of the Canadian dairy industry. Diseases such as Johne's disease, mastitis, neosporosis, bovine leukosis, and bovine viral diarrhea (BVD) not only affect on-farm productivity, fertility and dairy cow welfare, but they increasingly affect our ability to export live dairy cat",4
971cd0c4-1e50-439c-874f-cfeddf2db06f,4d2317ef-afdf-416f-bbae-969aef2f648d,Co-Chair Clinical Research Unit,University of Calgary,Sep 2016 - May 2018 · 1 yr 9 mos,,,,,"Established in 2007, the Clinical Research Unit (CRU) is a faculty-wide core resource designed to facilitate research data acquisition, management and analytics, and opportunities for collaboration and education in clinical research. With a focus largely on data management, statistical and methodological support and big data and analytics, the CRU is a custodian for a variety of large and complex data resources, from highly confidential patient information to generic anonymized health information. In addition to facilitating data access and analytics, the CRU supports researchers by providing sophisticated data management platforms. These include customized web-based tools for complex data needs, and iDataFax which is an FDA and Health Canada approved tool for managing the critical data collected in phase 3 clinical trials—the last phase before new therapies are approved.","Co-Chair Clinical Research Unit Sep 2016 - May 2018 · 1 yr 9 mos Calgary, Alberta, Canada Established in 2007, the Clinical Research Unit (CRU) is a faculty-wide core resource designed to facilitate research data acquisition, management and analytics, and opportunities for collaboration and education in clinical research. With a focus largely on data management, statistical and methodological support and big data and analytics, the CRU is a custodian for a variety of large and complex data resou",5
42299a0b-dae0-41a1-b2d4-573a4f42cc31,4d2317ef-afdf-416f-bbae-969aef2f648d,Head Department of Production Animal Health,University of Calgary,Jan 2007 - Jan 2013 · 6 yrs 1 mo,,,,,"As Head of the Department of Production Animal Health, I have actively built a research-intensive department (without compromising the quality of teaching DVM and graduate students) that connects well with the agricultural industry and is passionate about knowledge transfer with the livestock industry. After years of building, we now have a well-functioning department of 17 faculty members. I have mentored all young faculty members (9 have started in our department as 1st year assistant professor), and was co-investigator on many of their first grant proposals. This has been important to start their career, and I am proud to see that all research-intensive members of my department are now successful on their own in obtaining research funding and supervision of graduate students. After 6 years, I have handed the Headship over to Dr. John Kastelic, because I have become an NSERC Industrial Research Chair in Infectious Diseases of Dairy Cattle.","Head Department of Production Animal Health Jan 2007 - Jan 2013 · 6 yrs 1 mo Calgary, Alberta, Canada As Head of the Department of Production Animal Health, I have actively built a research-intensive department (without compromising the quality of teaching DVM and graduate students) that connects well with the agricultural industry and is passionate about knowledge transfer with the livestock industry. After years of building, we now have a well-functioning department of 17 faculty members. I ha",6
3fa5927b-40b0-45be-a512-beaeb97d83d0,4d2317ef-afdf-416f-bbae-969aef2f648d,Leader Environment Theme,Canadian Bovine Mastitis and Milk Quality Research Network,,,2010,Mar 2024,14 yrs 3 mos,,Leader Environment Theme Canadian Bovine Mastitis and Milk Quality Research Network 2010 - Mar 2024 · 14 yrs 3 mos The Canadian Bovine Mastitis and Milk Quality Research Network (CBMQRN) was established to help the dairy industry reduce mastitis. It is arguably the most comprehensive and ambitious research endeavour in support of the Canadian dairy industry. The Network consists of 38 scientific investigators at 8 universities and 1 federal research institution who have expertise in a wide varie,7
63258958-1dfa-4dfe-9ab3-6816f83fc3f8,4d2317ef-afdf-416f-bbae-969aef2f648d,Lead,University of Calgary Biostatistics Centre,,"Calgary, Alberta, Canada",Mar 2014,Aug 2023,9 yrs 6 mos,"The University of Calgary Biostatistics Centre (UCBC) is a multi-faculty initiative “housed” in the O’Brien Institute for Public Health, under the umbrella of the OIPH’s priority theme “Innovative Tools and Methods for Public Health.” The UCBC positions the University of Calgary as a leader in the development and application of biostatistical methodology for research problems on the cutting edge of biomedical research. Emphasis is placed on analyzing big data problems, and high-end computational and ‘statistical learning’ techniques (data science), in the context of, many of University’s existing strengths; for example, bioinformatics, genetics, infectious disease epidemiology, kinesiology, population ecology, and clinical trials.","Lead University of Calgary Biostatistics Centre Mar 2014 - Aug 2023 · 9 yrs 6 mos Calgary, Alberta, Canada The University of Calgary Biostatistics Centre (UCBC) is a multi-faculty initiative “housed” in the O’Brien Institute for Public Health, under the umbrella of the OIPH’s priority theme “Innovative Tools and Methods for Public Health.” The UCBC positions the University of Calgary as a leader in the development and application of biostatistical methodology for research problems on the cutting",8
183e14cc-d43e-49b6-9724-7577e9afcb44,4d2317ef-afdf-416f-bbae-969aef2f648d,Visiting Professor,Ghent University,,"Ghent, Belgium",Nov 2008,Oct 2019,11 yrs,,"Visiting Professor Ghent University Nov 2008 - Oct 2019 · 11 yrs Ghent, Belgium",9
20757303-7403-461f-97df-150df00f4178,4d2317ef-afdf-416f-bbae-969aef2f648d,Team Leader,Alberta Inflammatory Bowel Disease Consortium,,"Alberta, Canada",Apr 2009,Apr 2015,6 yrs 1 mo,"The Alberta IBD Consortium, first funded by a $5 million Interdisciplinary Team Grant (ITG) from AHFMR (now Alberta Innovates—Health Solutions), was formed to identify key gene-environment-microbe interactions that will lead to a better understanding of the pathogenesis of IBD. I was the leader of the Alberta IBD Consortium, which consisted of a multidisciplinary team of 41 clinicians and scientists, mainly from the Universities of Calgary and Alberta, but including members in Lethbridge and Toronto. A key deliverable of the Consortium has been development of one of the world’s most comprehensive IBD patient cohorts, with genotype, phenotype, serotype and environmental data for over 2,000 individuals. An integral part of this collaborative approach to tackling IBD was engaging a wide range of stakeholders in a comprehensive integrated knowledge transfer and exchange (KTE) program in partnership with the Crohn’s and Colitis Foundation of Canada (CCFC).","Team Leader Alberta Inflammatory Bowel Disease Consortium Apr 2009 - Apr 2015 · 6 yrs 1 mo Alberta, Canada The Alberta IBD Consortium, first funded by a $5 million Interdisciplinary Team Grant (ITG) from AHFMR (now Alberta Innovates—Health Solutions), was formed to identify key gene-environment-microbe interactions that will lead to a better understanding of the pathogenesis of IBD. I was the leader of the Alberta IBD Consortium, which consisted of a multidisciplinary team of 41 clinicians and s",10
78469531-ac8c-4e0e-ba8f-a2fb65f47053,4d2317ef-afdf-416f-bbae-969aef2f648d,Professor Epidemiology and Farm Service,University of Prince Edward Island,Apr 2006 - Aug 2006 · 5 mos,,,,,,Professor Epidemiology and Farm Service Apr 2006 - Aug 2006 · 5 mos,11
e23a7080-1a2c-4ab8-8045-f0f67e93a0d5,4d2317ef-afdf-416f-bbae-969aef2f648d,Assoc. Professor Epidemiology and Farm Service,University of Prince Edward Island,Aug 2001 - Apr 2006 · 4 yrs 9 mos,,,,,,Assoc. Professor Epidemiology and Farm Service Aug 2001 - Apr 2006 · 4 yrs 9 mos,12
93408885-24b2-4008-b469-eaef21eca267,4d2317ef-afdf-416f-bbae-969aef2f648d,Veterinarian/epidemiologist,Dutch Animal Health Service,,"Drachten, Friesland, The Netherlands",Oct 1992,Aug 2001,8 yrs 11 mos,,"Veterinarian/epidemiologist Dutch Animal Health Service Oct 1992 - Aug 2001 · 8 yrs 11 mos Drachten, Friesland, The Netherlands",13
c22a6c81-359c-401b-9cfc-9338a457cd41,4d2317ef-afdf-416f-bbae-969aef2f648d,Veterinarian,Utrecht University,,Dept. of Herd Health and Reproduction,Apr 1990,Oct 1992,2 yrs 7 mos,,Veterinarian Utrecht University Apr 1990 - Oct 1992 · 2 yrs 7 mos Dept. of Herd Health and Reproduction,14
285da424-a9c1-4cff-8c7b-89cf001b5dce,4d2317ef-afdf-416f-bbae-969aef2f648d,Veterinarian,Universidad Nacional de Costa Rica,,"Heredia, Costa Rica",Mar 1989,Apr 1990,1 yr 2 mos,"Department of Ambulatory Clinic and Herd Health, Veterinary Faculty","Veterinarian Universidad Nacional de Costa Rica Mar 1989 - Apr 1990 · 1 yr 2 mos Heredia, Costa Rica Department of Ambulatory Clinic and Herd Health, Veterinary Faculty",15
db7579df-f7dc-491a-94b1-fe050cd5f800,4d2317ef-afdf-416f-bbae-969aef2f648d,Manager of the dairy herd,Mayju farm,,"Boca Arenal, San Carlos, Costa Rica",Feb 1988,Mar 1989,1 yr 2 mos,Managing the 2000-cow dairy herd + young stock (then the largest dairy herd in Costa Rica),"Manager of the dairy herd Mayju farm Feb 1988 - Mar 1989 · 1 yr 2 mos Boca Arenal, San Carlos, Costa Rica Managing the 2000-cow dairy herd + young stock (then the largest dairy herd in Costa Rica)",16
a9257d27-e35a-47da-9c79-a814b0ec65ec,b3fcb97c-7759-4234-98aa-0272cc1c65ef,Medical Science Liaison,Alkermes,Full-time,Remote,Jul 2024,Present,1 yr 11 mos,,Medical Science Liaison Alkermes · Full-time Jul 2024 - Present · 1 yr 11 mos Remote,0
373608ea-817a-4d7d-aea1-32e7f48ef03b,b3fcb97c-7759-4234-98aa-0272cc1c65ef,Adjunct Assistant Professor of Kinesiology,University of Calgary,Jun 2017 - Present · 9 yrs,,,,,"The #1 sports science school in North America. Creates content and lectures for kinesiology classes, examiner on theses, serves on graduate student committees, and collaborates on student and faculty academic research projects.","Adjunct Assistant Professor of Kinesiology Jun 2017 - Present · 9 yrs Greater Calgary Metropolitan Area The #1 sports science school in North America. Creates content and lectures for kinesiology classes, examiner on theses, serves on graduate student committees, and collaborates on student and faculty academic research projects. Skills: Quantitative Research, Communication, +4 skills",1
225f7eff-9959-4db9-846d-2fd127558197,b3fcb97c-7759-4234-98aa-0272cc1c65ef,Mitacs Postdoctoral Research Fellowship (University of Calgary/Centre for Sleep & Human Performance),University of Calgary,Full-time,,Jun 2015,Jul 2017,2 yrs 2 mos,"Mitacs Accelerate Postdoctoral fellow which combined training from an academic institution (University of Calgary) with an industry partner (Own the Podium and Centre for Sleep & Human Performance) to learn how to work in a corporate environment.  Award-winning researcher and innovator – received the Mitacs Canadian National Award for Commercialization for taking a research idea to market by creating an online sleep screening survey that was commercialized. Also selected as one of Mitacs next 150 Innovators chosen from thousands of researchers who take part in Mitacs’ programs each year. Published peer-reviewed papers (13).  Established global collaborations – partnered with researchers across the world to collaborate on research projects. Co-authored papers with researchers from USA (20), Australia (10), England (9), Canada (7), Ireland (5), South Africa (4), New Zealand (3), France (3), and the Netherlands (1).  Key research scientist and consultant to Olympic teams/medalists – developed a strategy of individualized recommendations for Canadian Olympic Team athletes to sleep better and reduce jet lag, including medalists (Rio Summer 2016 Games – 12 medalists, PyeongChang 2018 Winter Games – 15 medalists).","Mitacs Postdoctoral Research Fellowship (University of Calgary/Centre for Sleep & Human Performance) Full-time Jun 2015 - Jul 2017 · 2 yrs 2 mos Calgary, Canada Area Mitacs Accelerate Postdoctoral fellow which combined training from an academic institution (University of Calgary) with an industry partner (Own the Podium and Centre for Sleep & Human Performance) to learn how to work in a corporate environment.  Award-winning researcher and innovator – received the Mitacs Canadian National Award ",2
a76f6b05-652a-46ba-b7f8-ac2c37d8b57b,b3fcb97c-7759-4234-98aa-0272cc1c65ef,Founder and Principal Sleep Strategist,Sleep In To Win,,,Jul 2018,Oct 2024,6 yrs 4 mos,Dr. Amy Bender is one of the subject matter experts for this story.,"Founder and Principal Sleep Strategist Sleep In To Win Jul 2018 - Oct 2024 · 6 yrs 4 mos Helps executives, athletes, and everyday people sleep better.  Research expertise featured in Oprah Magazine, Good to Go (book), Parade Magazine, City News, and Global News.  Consultant to corporate wellness businesses, corporations, Professional teams, & Olympic teams – Helped create sleep content for two corporate wellness programs (Byte-Size Wellness and Rite Fitness). Other key consulting clients inclu",3
532938e7-ce22-45a2-a0b7-fc5b66556654,b3fcb97c-7759-4234-98aa-0272cc1c65ef,Clinical and Science Director,Absolute Rest,,,Jul 2023,Jul 2024,1 yr 1 mo,,"Clinical and Science Director Absolute Rest Jul 2023 - Jul 2024 · 1 yr 1 mo Helped oversee data collection, clinical care determinations, and delivery of top-tier sleep and performance programs at Absolute Rest - which offers the most comprehensive sleep assessment in the world. Medical Science, Neuroscience and +6 skills",4
116a8216-ea79-40a9-8126-ae412de21277,b3fcb97c-7759-4234-98aa-0272cc1c65ef,Director of Clinical Sleep Science,Cerebra,Permanent Full-time,"Calgary, Alberta, Canada · Remote",Feb 2021,May 2023,2 yrs 4 mos,"Led the Clinical Sleep Science team, member of the Senior Leadership Team, and chair of the Scientific Advisory Board at Cerebra - a sleep biotech medical device startup company focused on bringing in-lab technology into the home and using novel sleep EEG metrics to better diagnose and treat sleep disorders. Supported marketing and sales activities with brand strategy, field materials, post-marketing surveys, and the ""scientific voice"" of Cerebra's technology as evidenced by building key relationships with sleep KOLs, 24 sleep conference presentations, moderated 11 conference symposia/webinars, and gave 31 external presentations to sleep medicine physicians and researchers. Principal Investigator responsible for the success of 8 research projects including research conducted at 3 separate clinical trial sites (Ontario, Canada/MO, USA/NY, USA) which resulted in FDA 510k clearance in 2022 of the Cerebra Sleep System - a class II medical device utilizing self-applied polysomnography to diagnose sleep disorders in the home. On a mission to help everyone sleep better. Principal investigator of the Personalized Sleep Recovery Platform Eurostars grant which collaborated with two other European companies to design a comfortable in-ear EEG consumer device paired with a companion app to go beyond traditional sleep trackers of measuring sleep to actually influence behavior change and create actionable insights. Talented at study design, analyzing results, and using data-driven insights for strategic recommendations. Led a team of world-class sleep clinicians and scientists to the first-place award of the American Academy of Sleep Medicine Sleep Disruptors contest in 2021.","Director of Clinical Sleep Science Cerebra · Permanent Full-time Feb 2021 - May 2023 · 2 yrs 4 mos Calgary, Alberta, Canada · Remote Led the Clinical Sleep Science team, member of the Senior Leadership Team, and chair of the Scientific Advisory Board at Cerebra - a sleep biotech medical device startup company focused on bringing in-lab technology into the home and using novel sleep EEG metrics to better diagnose and treat sleep disorders. Supported marketing and sales activities with brand strat",5
49233772-af40-4471-a06d-3af257045193,b3fcb97c-7759-4234-98aa-0272cc1c65ef,Senior Research Scientist,Calgary Counselling Centre,Full-time,Greater Calgary Metropolitan Area,Aug 2018,Feb 2021,2 yrs 7 mos,"Manages all aspects of research projects and outcome monitoring at Canada’s top counselling centre focused on data-driven results and evidence-based practice for counselling success with over 100,000 client outcomes.  Executed high-impact research project for COVID-19 data – created relevant research questions and executed analyses to understand how mental health outcomes changed during the COVID-19 pandemic. Disseminated results to internal stakeholders and preparing presentations and reports for external stakeholders to generate funding. Preparing research paper.  Built partnerships for study recruitment – partnered with internal and external stakeholders for feedback and insights to develop materials to motivate clients to participate in our Children's Mental Health study. Made procedures more streamlined and user-friendly while establishing compliance with the human research ethics board.  Developed a new researcher training program – Currently training students to learn about research best-practices. Created a program to develop content (presentations, handouts, timelines) and increased buy-in by pairing students’ interests with prioritized research projects for the business to explore. Applied the results from these projects to change counselling practices and improve outcomes.","Senior Research Scientist Calgary Counselling Centre · Full-time Aug 2018 - Feb 2021 · 2 yrs 7 mos Greater Calgary Metropolitan Area Manages all aspects of research projects and outcome monitoring at Canada’s top counselling centre focused on data-driven results and evidence-based practice for counselling success with over 100,000 client outcomes.  Executed high-impact research project for COVID-19 data – created relevant research questions and executed analyses to understand how mental health ",6
32bfcc23-5c62-4114-80e7-9f1f7b566ced,b3fcb97c-7759-4234-98aa-0272cc1c65ef,Clinical Program Director - Athlete Services,Centre for Sleep and Human Performance,,Greater Calgary Metropolitan Area,May 2015,Jul 2018,3 yrs 3 mos,"Managed and executed all aspects of sleep research and clinical athlete services including: Clinical sleep screening, fatigue and jet lag management, presentations to athletes and teams, mentoring graduate students, media requests, product development, and service pricing.","Clinical Program Director - Athlete Services Centre for Sleep and Human Performance May 2015 - Jul 2018 · 3 yrs 3 mos Greater Calgary Metropolitan Area Managed and executed all aspects of sleep research and clinical athlete services including: Clinical sleep screening, fatigue and jet lag management, presentations to athletes and teams, mentoring graduate students, media requests, product development, and service pricing. Medical Science and Interpersonal Skills",7
0a77643a-208a-4816-b2de-5cb1cc283352,b3fcb97c-7759-4234-98aa-0272cc1c65ef,Graduate Research Assistant,Sleep and Performance Research Center,Aug 2010 - May 2015 · 4 yrs 10 mos,,,,,,Graduate Research Assistant Aug 2010 - May 2015 · 4 yrs 10 mos Spokane-Coeur d'Alene Area,8
2c6f056d-c987-4748-8bc2-5bd824f0f262,b3fcb97c-7759-4234-98aa-0272cc1c65ef,Polysomnographic Technologist,Sleep and Performance Research Center,Aug 2006 - May 2015 · 8 yrs 10 mos,,,,,,Polysomnographic Technologist Aug 2006 - May 2015 · 8 yrs 10 mos,9
e4a47940-dc63-4fba-bde7-07769a26c9f8,4ca5a463-1b29-4e01-a88b-e104f8a763ae,"Strategic Partnerships, Alliances and Collaborations for Research",University of Calgary,Permanent Full-time,"Calgary, Alberta, Canada",Sep 2022,Present,3 yrs 9 mos,,"Strategic Partnerships, Alliances and Collaborations for Research University of Calgary · Permanent Full-time Sep 2022 - Present · 3 yrs 9 mos Calgary, Alberta, Canada",0
0feb79dc-1a92-4356-8d72-095f67887741,4ca5a463-1b29-4e01-a88b-e104f8a763ae,Scientific and Startups Consultant,EMPIRICANCER,Permanent Full-time,Greater Houston,2019,Present,7 yrs 5 mos,,Scientific and Startups Consultant EMPIRICANCER · Permanent Full-time 2019 - Present · 7 yrs 5 mos Greater Houston,1
85f4a047-7d93-4d47-86a2-2cb16f985416,4ca5a463-1b29-4e01-a88b-e104f8a763ae,Freelance Graphic & Web Designer,Self-Employed,,,2015,Present,11 yrs 5 mos,,Freelance Graphic & Web Designer Self-Employed 2015 - Present · 11 yrs 5 mos I design and maintain websites as a hobby! I've designed and maintained the following websites for over 5 years now: www.sidgunamalai.com www.kwonlab.ca www.sci-biobank.org www.houstonmethodist.org/neuroregeneration/,2
d2215d42-1653-44cd-85d9-32e91096415c,4ca5a463-1b29-4e01-a88b-e104f8a763ae,"Research Science, Management, Collaborations, Medicine, Neuroscience",The University of British Columbia,Permanent Full-time,"Vancouver, British Columbia, Canada",Jan 2020,Dec 2022,3 yrs,,"Research Science, Management, Collaborations, Medicine, Neuroscience The University of British Columbia · Permanent Full-time Jan 2020 - Dec 2022 · 3 yrs Vancouver, British Columbia, Canada",3
885b42c3-0562-4dc2-b3d6-832c509c6ce7,4ca5a463-1b29-4e01-a88b-e104f8a763ae,"Research Science, Management, Collaborations",ICORD - International Collaboration on Repair Discoveries,Permanent Full-time,"Vancouver, British Columbia, Canada",2020,Dec 2022,3 yrs,"• Business development and Project Management: Established and managing local and international life science projects • Liaison to the Research protection, technology transfer, and other inter & intra-departmental offices. • Liaison to external institutions for projects, collaboration & fund share. • Established and managed clinical research and trials, material transfer agreements and non-disclosure agreements. • Identifying collaborations, opportunities for development & upcoming trends. • Management of over millions of dollars in awards annually from funding agencies, industry sponsors, and philanthropy. • Projects: Pre-clinical and clinical research, translational research projects, electro-stimulation; photonics; Biomarkers; novel medical devices.","Research Science, Management, Collaborations ICORD - International Collaboration on Repair Discoveries · Permanent Full-time 2020 - Dec 2022 · 3 yrs Vancouver, British Columbia, Canada • Business development and Project Management: Established and managing local and international life science projects • Liaison to the Research protection, technology transfer, and other inter & intra-departmental offices. • Liaison to external institutions for projects, collaboration & fund share. • Established a",4
bbd26f56-ce60-4165-98f2-c91584bde3c3,4ca5a463-1b29-4e01-a88b-e104f8a763ae,"Research Science, Management, Collaborations",Vancouver Coastal Health,Permanent Full-time,"Vancouver, British Columbia, Canada",2020,Dec 2022,3 yrs,,"Research Science, Management, Collaborations Vancouver Coastal Health · Permanent Full-time 2020 - Dec 2022 · 3 yrs Vancouver, British Columbia, Canada",5
5c98294e-fcb8-4633-bf9c-f19e755d2ad0,4ca5a463-1b29-4e01-a88b-e104f8a763ae,"Business Development, Projects and Research Manager, Neuroregeneration and Neurosurgery",Houston Methodist,Permanent Full-time,,2012,2019,7 yrs,"• Business development and Project Management: Established and managed over 20 different business development projects per year. • Established the Center of Neuroregeneration comprising multiple laboratories generating new safety, animal and laboratory operations, and standard operating procedures, strategic development strategies and managing compliance. • Liaison to the Research protection, technology transfer, and other inter & intra-departmental offices. • Liaison to external institutions for projects, collaboration & fund share. • Established and managed clinical research and trials, material transfer agreements and non-disclosure agreements. • Identifying collaborations, opportunities for development & upcoming trends. • Increased revenue & profits by 15% by negotiation, outreach and collaborations. • Initiation of first-of-a-kind pre clinical and clinical studies at Houston Methodist. • Generated over 20% budget savings using creative solutions. • Involved in and managed over $5M in awards annually from funding agencies, industry sponsors, philanthropic organisations. • Projects overseen: Preclinical and clinical research strategy, primary cell culture; electro-stimulation; optogenetics; Bioengineered Hydrogels; Drug Discovery Platforms; Nanotherapeutics; translational research. Methodologies and procedures I developed are used as an institutional benchmark till date.","Business Development, Projects and Research Manager, Neuroregeneration and Neurosurgery Permanent Full-time 2012 - 2019 · 7 yrs Greater Houston • Business development and Project Management: Established and managed over 20 different business development projects per year. • Established the Center of Neuroregeneration comprising multiple laboratories generating new safety, animal and laboratory operations, and standard operating procedures, strategic development strategies and managing compliance",6
1f7adb4e-2d9c-46fa-931f-656ee38422f6,4ca5a463-1b29-4e01-a88b-e104f8a763ae,"Research And Development Scientist, Cancer Center for Excellence",Houston Methodist,Permanent Part-time,,2012,2013,1 yr,"At the Houston Methodist Cancer Center, I worked in cancer research, patient derived Xenograft tumor [PDx] models. We developed novel strategies for therapeutic measures against triple negative breast cancer models. I also managed the laboratory, drafted standard operating procedures, safety, compliance and regulatory affairs. I also trained and had oversight over other junior laboratory personnel.","Research And Development Scientist, Cancer Center for Excellence Permanent Part-time 2012 - 2013 · 1 yr Houston, Texas, United States At the Houston Methodist Cancer Center, I worked in cancer research, patient derived Xenograft tumor [PDx] models. We developed novel strategies for therapeutic measures against triple negative breast cancer models. I also managed the laboratory, drafted standard operating procedures, safety, compliance and regulatory affairs. I also trained and had oversight over",7
707a6a06-6292-47ac-9329-819c664b818a,4ca5a463-1b29-4e01-a88b-e104f8a763ae,"Research And Development Scientist, Center for Genomic Medicine",Houston Methodist,Permanent Full-time,,2011,2012,1 yr,"The Center for Genomic Medicine focussed on using genomics as a therapeutic tool by targeting specific genes and markers. I worked on a variety of projects simultaneously, managed budgets and expenditure and also set-up the department's very first preclinical animal testing models.","Research And Development Scientist, Center for Genomic Medicine Permanent Full-time 2011 - 2012 · 1 yr Houston, Texas, United States The Center for Genomic Medicine focussed on using genomics as a therapeutic tool by targeting specific genes and markers. I worked on a variety of projects simultaneously, managed budgets and expenditure and also set-up the department's very first preclinical animal testing models.",8
af8b5429-7710-4621-931b-2000792cb8be,4ca5a463-1b29-4e01-a88b-e104f8a763ae,Research And Development Scientist,Baylor College of Medicine,Permanent Full-time,"Houston, Texas, United States",2011,2012,1 yr,"I joined the Baylor College of Medicine as a laboratory manager and scientific researcher. I oversaw the laboratory activities, research, budgets, compliance, safety and operations. I used a variety of molecular biology tools and rodent models in understanding chromatin folding, arrangement in breast development and disease models.","Research And Development Scientist Baylor College of Medicine · Permanent Full-time 2011 - 2012 · 1 yr Houston, Texas, United States I joined the Baylor College of Medicine as a laboratory manager and scientific researcher. I oversaw the laboratory activities, research, budgets, compliance, safety and operations. I used a variety of molecular biology tools and rodent models in understanding chromatin folding, arrangement in breast development and disease models.",9
5123aa1e-89d7-40b2-9c94-28cdbb05e43b,4ca5a463-1b29-4e01-a88b-e104f8a763ae,Graduate Research Assistant,University of Houston System,Jan 2010 - Dec 2010 · 1 yr,,,,,,"Graduate Research Assistant Jan 2010 - Dec 2010 · 1 yr • Identified iNOS interacting proteins, screening testes cDNA by iNOS bait in a Yeast-Two Hybrid system. • Identified positive BAC clones to sequence the Tick genome for yeast-two hybridization.",10
5df94575-f9b9-4716-8786-2cd498f3ebea,4ca5a463-1b29-4e01-a88b-e104f8a763ae,Student Affairs Assistant,University of Houston System,Jun 2009 - Dec 2010 · 1 yr 7 mos,,,,,,"Student Affairs Assistant Jun 2009 - Dec 2010 · 1 yr 7 mos • Assisting 50-75 students a day with registration, dates, timelines and administrative procedures.",11
c0c7ebab-a38a-4838-8be0-7579c7ae9233,192f55da-ccb8-4044-aaa6-85ecbb975620,Teaching Assistant,University of Calgary,Contract Part-time,,Sep 2024,Present,1 yr 9 mos,"As a teaching assistant and guest lecturer in Data Science, I help students with data analysis, machine learning, and coding, while also giving guest lectures on Neuroimaging, Health Canada Regulations, in the following courses: Introduction to Biomedical Engineering Biomedical signals, systems, and instrumentation ¹ Biomedical signals, systems, and instrumentation ²","Teaching Assistant Contract Part-time Sep 2024 - Present · 1 yr 9 mos As a teaching assistant and guest lecturer in Data Science, I help students with data analysis, machine learning, and coding, while also giving guest lectures on Neuroimaging, Health Canada Regulations, in the following courses: Introduction to Biomedical Engineering Biomedical signals, systems, and instrumentation ¹ Biomedical signals, systems, and instrumentation ²",0
6e9831b0-0981-40ee-819b-b48b16af0288,192f55da-ccb8-4044-aaa6-85ecbb975620,Graduate Student Research Assistant,University of Calgary,Contract Full-time,,Jan 2023,Present,3 yrs 5 mos,Studying brain states dynamics via dynamic functional connectivity. Applying ML on resting-state fMRI to explore brain states in IMID patients and their dynamics linked to cognitive disorders.,"Graduate Student Research Assistant Contract Full-time Jan 2023 - Present · 3 yrs 5 mos Studying brain states dynamics via dynamic functional connectivity. Applying ML on resting-state fMRI to explore brain states in IMID patients and their dynamics linked to cognitive disorders. Seaman Family Magnetic Resonance | Home Skills: Research, Tableau, +8 skills",1
6bcfb28d-fa1e-454d-aaea-94647d6cc255,192f55da-ccb8-4044-aaa6-85ecbb975620,VP industry relations at BMEG,University of Calgary,Oct 2023 - Oct 2024 · 1 yr 1 mo,,,,,,"VP industry relations at BMEG Oct 2023 - Oct 2024 · 1 yr 1 mo Happy to be elected as the Vice President of Industry relations at BMEG, University of Calgary. Looking forward to making a positive impact in this role. Skills: Microsoft Office",2
2677ea6a-a5c0-4eb2-918e-5a4cc99cbb93,192f55da-ccb8-4044-aaa6-85ecbb975620,CEO and Founder,Dentethoscope Inc.,,Greater Calgary Metropolitan Area · On-site,Oct 2023,Feb 2025,1 yr 5 mos,"• Dentethosope provides high-quality imaging solutions to enhance diagnostic accuracy and patient outcomes. Representing and Partnering with Trident, a company with over 30 years of experience, allows us to leverage their expertise and technology to deliver cutting-edge products to dental professionals worldwide.","CEO and Founder Dentethoscope Inc. Oct 2023 - Feb 2025 · 1 yr 5 mos Greater Calgary Metropolitan Area · On-site • Dentethosope provides high-quality imaging solutions to enhance diagnostic accuracy and patient outcomes. Representing and Partnering with Trident, a company with over 30 years of experience, allows us to leverage their expertise and technology to deliver cutting-edge products to dental professionals worldwide. Artificial Intelligence (AI), Machine Learning and +7 skills",3
e38e3dd5-4fbd-47dc-87f0-12e3413eac3f,192f55da-ccb8-4044-aaa6-85ecbb975620,Animal Care Committee Scientist Member,ImmunoPrecise Antibodies Ltd,,"Victoria, British Columbia, Canada · Remote",Aug 2020,Jul 2024,4 yrs,"• Developing animal welfare protocols compliant with CCAC regulation (ISBN: 978-0-919087-89-7). • Conducting reviews with Animal Care Committee, trying to reduce mortality. • Collaborating with IPAC research team for animal care support in studies.","Animal Care Committee Scientist Member ImmunoPrecise Antibodies Ltd Aug 2020 - Jul 2024 · 4 yrs Victoria, British Columbia, Canada · Remote • Developing animal welfare protocols compliant with CCAC regulation (ISBN: 978-0-919087-89-7). • Conducting reviews with Animal Care Committee, trying to reduce mortality. • Collaborating with IPAC research team for animal care support in studies. Microsoft Office",4
bc9bce59-b784-4008-861a-29bcabbc1af4,192f55da-ccb8-4044-aaa6-85ecbb975620,Graduate Research Assistant,University of Victoria,Permanent Full-time,,Sep 2019,Jan 2023,3 yrs 5 mos,Thesis: Neural areas of activation during feedback processing of clinical decision making.,"Graduate Research Assistant Permanent Full-time Sep 2019 - Jan 2023 · 3 yrs 5 mos On-site Thesis: Neural areas of activation during feedback processing of clinical decision making. Skills: Microsoft Office, Research, +11 skills",5
f0145e31-2db6-4dc3-b92b-fc9c2c433ecb,192f55da-ccb8-4044-aaa6-85ecbb975620,International Student Representative NGSA,University of Victoria,Sep 2020 - Sep 2022 · 2 yrs 1 mo,,,,,,"International Student Representative NGSA Sep 2020 - Sep 2022 · 2 yrs 1 mo The Neuroscience Graduate Students' Association (NGSA) is the representation and advocacy body for graduate students in the multidisciplinary Neuroscience Graduate Program (NGP) at the University of Victoria. Meeting monthly to discuss student issues, program events and activities, and to provide resources and information for students this group is very active and committed to enhancing student experiences in the NGP. Ele",6
02b2eba8-0efd-4a17-9d4e-9c65843ab199,192f55da-ccb8-4044-aaa6-85ecbb975620,Biomedical Equipment Technician,"KONICA MINOLTA, INC.",,"Tehran Province, Iran",Jun 2017,Mar 2019,1 yr 10 mos,"• Installed CR, DR, printers, PACS, improving diagnostics and workflow. Completed 20+ installations, 100+ repairs at Konica Minolta. • Delivered customer service, training, built client relationships.","Biomedical Equipment Technician KONICA MINOLTA, INC. Jun 2017 - Mar 2019 · 1 yr 10 mos Tehran Province, Iran • Installed CR, DR, printers, PACS, improving diagnostics and workflow. Completed 20+ installations, 100+ repairs at Konica Minolta. • Delivered customer service, training, built client relationships. Picture Archiving and Communication System (PACS)",7
e0d462a5-e1c0-45c5-aea2-a915bda1f7e0,192f55da-ccb8-4044-aaa6-85ecbb975620,Medical Imaging Technician,Sadr hospital,Internship,"Tehran Province, Iran",Feb 2017,May 2017,4 mos,,"Medical Imaging Technician Sadr hospital · Internship Feb 2017 - May 2017 · 4 mos Tehran Province, Iran Internship at radiology and medical imaging centre",8
61e16803-b0fe-4613-8d84-25a2dea8f0e4,17689c22-cf80-44cf-a1f0-671f6081695e,"Department Head, Biomedical Engineering",University of Calgary,Permanent Full-time,,Jul 2022,Present,3 yrs 11 mos,,"Department Head, Biomedical Engineering Permanent Full-time Jul 2022 - Present · 3 yrs 11 mos Calgary, Alberta, Canada",0
34371aee-c609-433b-9e7f-a8af4690ca9f,17689c22-cf80-44cf-a1f0-671f6081695e,"Professor, Department of Biomedical Engineering",University of Calgary,Jan 2022 - Present · 4 yrs 5 mos,,,,,,"Professor, Department of Biomedical Engineering Jan 2022 - Present · 4 yrs 5 mos",1
63f9cd51-e23c-4e69-96c6-de8ada12d776,17689c22-cf80-44cf-a1f0-671f6081695e,"Director, Biomedical Engineering Calgary Initiative",University of Calgary,Aug 2016 - Present · 9 yrs 10 mos,,,,,,"Director, Biomedical Engineering Calgary Initiative Aug 2016 - Present · 9 yrs 10 mos The BME Calgary Initiative will bring together internal and external stakeholders, including researchers and industry participants, to benefit from a team-based approach for tackling current and future BME challenges in Alberta, Canada and world-wide. The BME Calgary Initiative includes BME research and graduate education efforts occurring across campus. It is closely linked to the undergraduate activities whic",2
4284ed86-cafb-408b-b3b0-73bb25207e22,17689c22-cf80-44cf-a1f0-671f6081695e,"Adjunct Professor, Department of Cell Biology and Anatomy",University of Calgary,Apr 2013 - Present · 13 yrs 2 mos,,,,,,"Adjunct Professor, Department of Cell Biology and Anatomy Apr 2013 - Present · 13 yrs 2 mos",3
f8b073fe-b32f-4936-94c0-ddf5494053cb,17689c22-cf80-44cf-a1f0-671f6081695e,"Interim Department Head, Biomedical Engineering",University of Calgary,Jan 2022 - Jun 2022 · 6 mos,,,,,,"Interim Department Head, Biomedical Engineering Jan 2022 - Jun 2022 · 6 mos",4
65fd65ae-f121-48f9-a259-22b39a93db1a,17689c22-cf80-44cf-a1f0-671f6081695e,"Director, Center for Bioengineering Research and Education (CBRE)",University of Calgary,Jul 2021 - Dec 2021 · 6 mos,,,,,,"Director, Center for Bioengineering Research and Education (CBRE) Jul 2021 - Dec 2021 · 6 mos Calgary, Alberta, Canada",5
5bd14abf-5abf-4262-84be-c09a2fe43330,17689c22-cf80-44cf-a1f0-671f6081695e,"Professor, Department of Chemical and Petroleum Engineering",University of Calgary,Apr 2013 - Dec 2021 · 8 yrs 9 mos,,,,,,"Professor, Department of Chemical and Petroleum Engineering Apr 2013 - Dec 2021 · 8 yrs 9 mos",6
d6216005-0832-438a-b90a-ca41d521f842,17689c22-cf80-44cf-a1f0-671f6081695e,"Associate Director - Graduate, Centre for Bioengineering Research and Education",University of Calgary,2006 - Jan 2017 · 11 yrs 1 mo,,,,,,"Associate Director - Graduate, Centre for Bioengineering Research and Education 2006 - Jan 2017 · 11 yrs 1 mo",7
661886b7-f9df-4539-b255-a74c8ca0d680,17689c22-cf80-44cf-a1f0-671f6081695e,Director - Biomedical Engineering Graduate Program,University of Calgary,2006 - 2017 · 11 yrs,,,,,,Director - Biomedical Engineering Graduate Program 2006 - 2017 · 11 yrs,8
7567eb3c-2cee-4e93-a6c6-49f2248a55d6,17689c22-cf80-44cf-a1f0-671f6081695e,"Adjunct Associate Professor, Department of Cell Biology and Anatomy",University of Calgary,Jun 2010 - Mar 2013 · 2 yrs 10 mos,,,,,,"Adjunct Associate Professor, Department of Cell Biology and Anatomy Jun 2010 - Mar 2013 · 2 yrs 10 mos",9
29f0d960-e742-42f3-aa91-4d87bcacbba7,17689c22-cf80-44cf-a1f0-671f6081695e,Associate Professor,University of Calgary,Jul 2005 - Mar 2013 · 7 yrs 9 mos,,,,,,Associate Professor Jul 2005 - Mar 2013 · 7 yrs 9 mos,10
43cdd937-05de-4d97-a619-8d77f4f3a781,17689c22-cf80-44cf-a1f0-671f6081695e,Assistant Professor,University of Calgary,Jan 2000 - Jun 2005 · 5 yrs 6 mos,,,,,,Assistant Professor Jan 2000 - Jun 2005 · 5 yrs 6 mos,11
e15619d0-a4a0-42f3-ab37-94aa925a3d2f,68c33bb0-415b-414f-88f4-6834e2e24d3f,"Head, Department of Chemical and Petroleum Engineering",University of Calgary,,Greater Calgary Metropolitan Area,Jul 2019,Present,6 yrs 11 mos,,"Head, Department of Chemical and Petroleum Engineering University of Calgary Jul 2019 - Present · 6 yrs 11 mos Greater Calgary Metropolitan Area",0
b9476f77-5912-472e-a0e6-58a1079d3a9f,68c33bb0-415b-414f-88f4-6834e2e24d3f,Professor,"Schulich School of Engineering, University of Calgary",2017 - Present · 9 yrs 5 mos,,,,,,Professor 2017 - Present · 9 yrs 5 mos,1
706bc78f-a9ae-4b6c-a84f-9c61e0f2da66,68c33bb0-415b-414f-88f4-6834e2e24d3f,Associate Dean (Student Affairs),"Schulich School of Engineering, University of Calgary",Jul 2018 - Jun 2019 · 1 yr,,,,,,Associate Dean (Student Affairs) Jul 2018 - Jun 2019 · 1 yr,2
ae97e7e0-a607-4666-a7fa-9cd4ee866870,68c33bb0-415b-414f-88f4-6834e2e24d3f,Associate Dean (Student Professonal Development),"Schulich School of Engineering, University of Calgary",Jan 2015 - Jun 2019 · 4 yrs 6 mos,,,,,,Associate Dean (Student Professonal Development) Jan 2015 - Jun 2019 · 4 yrs 6 mos,3
4e9b9bd3-e815-491b-b9ee-12275374f4af,68c33bb0-415b-414f-88f4-6834e2e24d3f,Associate Professor,"Schulich School of Engineering, University of Calgary",2011 - 2017 · 6 yrs,,,,,,Associate Professor 2011 - 2017 · 6 yrs,4
48ae9ac6-db76-4f77-89ce-b237559134f0,68c33bb0-415b-414f-88f4-6834e2e24d3f,"Director (Interim), Centre for Bioengineering Research and Education",University of Calgary,,Greater Calgary Metropolitan Area,Jul 2017,Oct 2018,1 yr 4 mos,,"Director (Interim), Centre for Bioengineering Research and Education University of Calgary Jul 2017 - Oct 2018 · 1 yr 4 mos Greater Calgary Metropolitan Area",5
190016d1-9e0b-44b9-abc3-f1c4f68258e7,68c33bb0-415b-414f-88f4-6834e2e24d3f,Assistant Professor,University of Calgary,2003 - 2010 · 7 yrs,,,,,,Assistant Professor 2003 - 2010 · 7 yrs,6
1ff910cc-9061-4a61-90bf-6dd9914099a6,68c33bb0-415b-414f-88f4-6834e2e24d3f,PhD Student,University of Calgary,1998 - 2003 · 5 yrs,,,,,,PhD Student 1998 - 2003 · 5 yrs,7
065ed85a-a30d-41d9-a290-2694823c3b9b,68c33bb0-415b-414f-88f4-6834e2e24d3f,MSc Student,University of Calgary,1996 - 1998 · 2 yrs,,,,,,MSc Student 1996 - 1998 · 2 yrs,8
dbf2ed15-1c6a-44eb-8f12-da7a5a78a1d6,68c33bb0-415b-414f-88f4-6834e2e24d3f,Project Engineer,Cargill,,,1995,1996,1 yr,,Project Engineer Cargill 1995 - 1996 · 1 yr,9
ce308e1e-6bd1-4f38-98ef-fca72fcf0dfb,3d67002f-ea42-477e-9764-d79d06acc9be,Professor and Scientific Director of Quantum City,University of Calgary,Permanent Full-time,,Jul 2003,Present,22 yrs 11 mos,Barry Sanders Professor and Scientific Director of Quantum City,"Professor and Scientific Director of Quantum City Permanent Full-time Jul 2003 - Present · 22 yrs 11 mos Calgary, Alberta, Canada · On-site Home Barry Sanders Professor and Scientific Director of Quantum City Skills: Program Evaluation, University Teaching, +4 skills",0
2061d61b-cf48-4b54-aca6-a7e9ed1969a3,3d67002f-ea42-477e-9764-d79d06acc9be,AITF iCORE Strategic Chair in Quantum Information Science,University of Calgary,Jul 2013 - Mar 2017 · 3 yrs 9 mos,,,,,Externally funded Chair; Director of the Institute for Quantum Science and Technology at the University of Calgary.,AITF iCORE Strategic Chair in Quantum Information Science Jul 2013 - Mar 2017 · 3 yrs 9 mos Greater Calgary Metropolitan Area Externally funded Chair; Director of the Institute for Quantum Science and Technology at the University of Calgary.,1
0ab80dc6-4059-4287-ba72-84efbd56246f,3d67002f-ea42-477e-9764-d79d06acc9be,iCORE Chair in Quantum Information Science,University of Calgary,Jul 2008 - Jun 2013 · 5 yrs,,,,,Externally funded Chair; Director of the Institute for Quantum Information Science at the University of Calgary.,iCORE Chair in Quantum Information Science Jul 2008 - Jun 2013 · 5 yrs Greater Calgary Metropolitan Area Externally funded Chair; Director of the Institute for Quantum Information Science at the University of Calgary.,2
461a3f4e-cc6c-4cbc-ae11-df314f512f8c,3d67002f-ea42-477e-9764-d79d06acc9be,iCORE Professor in Quantum Information Science,University of Calgary,Permanent Full-time,,Jul 2003,Jun 2008,5 yrs,Externally funded Professorship in the Department of Physics and Astronomy.,iCORE Professor in Quantum Information Science Permanent Full-time Jul 2003 - Jun 2008 · 5 yrs Greater Calgary Metropolitan Area Externally funded Professorship in the Department of Physics and Astronomy.,3
0dd183ed-b026-4ac3-ac3a-19a17220d3d5,3d67002f-ea42-477e-9764-d79d06acc9be,Visiting Professorial Fellow,UNSW,Contract Full-time,"Kensington, New South Wales, Australia · On-site",May 2026,Present,1 mo,Visiting Scientist in the group of Andrea Morello working on nuclear qudits.,"Visiting Professorial Fellow UNSW · Contract Full-time May 2026 - Present · 1 mo Kensington, New South Wales, Australia · On-site Visiting Scientist in the group of Andrea Morello working on nuclear qudits.",4
250181bd-0dca-4e0c-a910-902c3e965113,3d67002f-ea42-477e-9764-d79d06acc9be,Advisor @ Open Quantum Institute,CERN,On-Call,,Mar 2024,Present,2 yrs 3 mos,,"Advisor @ Open Quantum Institute On-Call Mar 2024 - Present · 2 yrs 3 mos Geneva, Switzerland · Remote",5
ba245ed1-89d6-4461-aea0-b70cc620b404,3d67002f-ea42-477e-9764-d79d06acc9be,Visiting Scientist,CERN,Contract Full-time,,Jan 2026,Mar 2026,3 mos,,"Visiting Scientist Contract Full-time Jan 2026 - Mar 2026 · 3 mos Meyrin, Geneva, Switzerland · On-site",6
6ee645ef-e7e9-4606-9974-42ae1ea7eaab,3d67002f-ea42-477e-9764-d79d06acc9be,Senior Fellow,Centre for International Governance Innovation (CIGI),Permanent Part-time,Remote,Oct 2025,Present,8 mos,"Research on strategy, governance and investment for emerging dual-use technologies.","Senior Fellow Centre for International Governance Innovation (CIGI) · Permanent Part-time Oct 2025 - Present · 8 mos Remote Research on strategy, governance and investment for emerging dual-use technologies.",7
30ca2fa1-4cfd-407d-9b02-ae53b3126e83,3d67002f-ea42-477e-9764-d79d06acc9be,"Editorial Board Member, Physical Review Applied",American Physical Society,Freelance,,Jul 2025,Present,11 mos,,"Editorial Board Member, Physical Review Applied American Physical Society · Freelance Jul 2025 - Present · 11 mos",8
81f25d56-a3de-431c-83bc-56e70d1e19ac,3d67002f-ea42-477e-9764-d79d06acc9be,Editor,Institution of Engineering and Technology (IET),On-Call,"London Area, United Kingdom · Remote",Mar 2025,Present,1 yr 3 mos,Series Editor for The IET Series on Quantum Engineering,"Editor Institution of Engineering and Technology (IET) · On-Call Mar 2025 - Present · 1 yr 3 mos London Area, United Kingdom · Remote Series Editor for The IET Series on Quantum Engineering",9
43556730-077e-4911-9e29-3cc66535c14c,3d67002f-ea42-477e-9764-d79d06acc9be,"Editorial Advisory Board Member, APL Quantum",American Institute of Physics,Freelance,,Oct 2023,Present,2 yrs 8 mos,,"Editorial Advisory Board Member, APL Quantum American Institute of Physics · Freelance Oct 2023 - Present · 2 yrs 8 mos",10
c80a0228-d1a6-4bb9-8927-c022ccf17856,3d67002f-ea42-477e-9764-d79d06acc9be,Scientist,Creative Destruction Lab,Part-time,"Greater Toronto Area, Canada · Hybrid",May 2019,Present,7 yrs 1 mo,Perform technical assessments; mentor and coach ventures; lecture at technical bootcamp.,"Scientist Creative Destruction Lab · Part-time May 2019 - Present · 7 yrs 1 mo Greater Toronto Area, Canada · Hybrid Perform technical assessments; mentor and coach ventures; lecture at technical bootcamp. Toronto - Creative Destruction Lab Barry Sanders Dr Barry Sanders is Director of the Institute for Quantum Science and Technology at the University of Calgary, Lead Investigator of the Alberta Major Innovation Fund Project on Quantum Technologies, a Thousand Talents Chair at the University of.",11
278ebd4c-6982-4c58-a527-c54317f12d1a,3d67002f-ea42-477e-9764-d79d06acc9be,Balsillie Scholar,Balsillie School of International Affairs,Contract Part-time,,Oct 2025,Dec 2025,3 mos,,Balsillie Scholar Balsillie School of International Affairs · Contract Part-time Oct 2025 - Dec 2025 · 3 mos,12
161c7124-7e26-43ed-a27a-0e351c9e2e7a,3d67002f-ea42-477e-9764-d79d06acc9be,Distinguished Visiting Research Chair,Perimeter Institute,Contract Part-time,"Waterloo, Ontario, Canada · On-site",Oct 2025,Dec 2025,3 mos,,"Distinguished Visiting Research Chair Perimeter Institute · Contract Part-time Oct 2025 - Dec 2025 · 3 mos Waterloo, Ontario, Canada · On-site",13
a3d8b9c8-4d97-4b8f-9ef3-761fc5e7a68e,d999af6a-e7ea-421f-a46d-f5fda03ed808,"Manager, EDI in Research | Office of Research Services",University of Calgary,Permanent Full-time,,May 2024,Present,2 yrs 1 mo,"Leading a small and mighty team of smart, superb colleagues within Research Services who work university-wide to implement major institutional EDI action plans in research. We also support researchers, teams, and units in the development and implementation of effective, co-designed action plans and frameworks to deepen EDIA in research design, practice, and administration. In addition to offering strengths and growth-focused coaching and consultations, we develop research-backed training in topics such as: EDI in Peer Review, Building and Presenting EDI Action Plans in Funding Applications, Applying an Equity Lens in Decision Making, and facilitating panels that bring diverse voices to lead the conversation on EDI in research.","Manager, EDI in Research | Office of Research Services Permanent Full-time May 2024 - Present · 2 yrs 1 mo Calgary Leading a small and mighty team of smart, superb colleagues within Research Services who work university-wide to implement major institutional EDI action plans in research. We also support researchers, teams, and units in the development and implementation of effective, co-designed action plans and frameworks to deepen EDIA in research design, practice, and administration. In additi",0
e680cc36-ad72-4a83-8239-de90dfc091ba,d999af6a-e7ea-421f-a46d-f5fda03ed808,"Project Manager | Presidential Task Force on Equity, Diversity, Inclusion Accessibility (seconded)",University of Calgary,May 2023 - May 2024 · 1 yr 1 mo,,,,,,"Project Manager | Presidential Task Force on Equity, Diversity, Inclusion Accessibility (seconded) May 2023 - May 2024 · 1 yr 1 mo In this secondment role, I bring leadership to the operations, administration, and relational fabric that support the Presidential Task Force on EDIA in its mandate to deliver the University's inaugural EDI Strategy and action plan. I provide direct support to senior and executive leaders overseeing this work in the form of recommendations, project development plans,",1
bb43f551-13a7-4656-8cde-6b992892784c,d999af6a-e7ea-421f-a46d-f5fda03ed808,"Equity, Diversity, and Inclusion (EDI) Advisor | Office of Research Services",University of Calgary,May 2021 - May 2023 · 2 yrs 1 mo,,,,,,"Equity, Diversity, and Inclusion (EDI) Advisor | Office of Research Services May 2021 - May 2023 · 2 yrs 1 mo I advise researchers and teams in the design of evidence-based, impactful EDI action plans that dismantle systemic barriers faced by members of equity-deserving groups (women, racialized and visible minority persons, Indigenous Peoples, persons with disabilities, members of LGBTQ2S+) in research design and practice. I have served as a member of our institutional Dimensions EDI applicatio",2
6b7a8d70-005e-430d-b93c-c033f7ba3ddf,d999af6a-e7ea-421f-a46d-f5fda03ed808,Graduate Academic and International Specialist | Faculty of Graduate Studies,University of Calgary,Nov 2015 - May 2021 · 5 yrs 7 mos,,,,,"As the front-facing arm of the Student Team in the Faculty of Graduate Studies, and working closely with Student Team Associate Deans, I support and advise nearly one hundred graduate students per year who are working through complex, non-routine academic issues. I draw heavily on a nuanced understanding of conflict and power, EDI and systemic issues, in the institutional setting. In this work, I regularly lean on advanced skills in: issue resolution; inclusive language and practice; and sophisticated communication techniques. I work on a high performing team, mandated with improving the graduate student experience through careful translation of case data to locally/evidence-based improvements to policies and best practices in student support.","Graduate Academic and International Specialist | Faculty of Graduate Studies Nov 2015 - May 2021 · 5 yrs 7 mos Greater Calgary Metropolitan Area As the front-facing arm of the Student Team in the Faculty of Graduate Studies, and working closely with Student Team Associate Deans, I support and advise nearly one hundred graduate students per year who are working through complex, non-routine academic issues. I draw heavily on a nuanced understanding of conflict and power, EDI and systemic issues, i",3
d55277bc-de79-47f4-bd74-99d5541db790,d999af6a-e7ea-421f-a46d-f5fda03ed808,Research Associate,University of Calgary,Oct 2013 - Oct 2015 · 2 yrs 1 mo,,,,,"In this role, I planned, carried out and supported a program of (mainly) qualitative research to advance understanding of Physician Wellness. I prepared tri-council and external funding agency grant applications, coordinated and oversaw a research-in-progress symposium, and co-authored peer-reviewed journal and conference papers.","Research Associate Oct 2013 - Oct 2015 · 2 yrs 1 mo W21C In this role, I planned, carried out and supported a program of (mainly) qualitative research to advance understanding of Physician Wellness. I prepared tri-council and external funding agency grant applications, coordinated and oversaw a research-in-progress symposium, and co-authored peer-reviewed journal and conference papers.",4
e14f892b-7868-4b37-95bc-ad1bb8dbfbab,d999af6a-e7ea-421f-a46d-f5fda03ed808,Research Assistant,University of Calgary,Sep 2011 - Oct 2013 · 2 yrs 2 mos,,,,,"I provided research support to a small team carrying out a study of self help readers. My role involved brainstorming research (re)design using cutting edge online and digital research methods, performing literature review and qualitative data analysis and conducting over thirty research interviews with readers of self help books. I managed a participant database and e-mail correspondence with over one hundred research participants and analyzed the data participant interviews to write academic papers for conference presentations and prospective publications.","Research Assistant Sep 2011 - Oct 2013 · 2 yrs 2 mos Calgary, Canada I provided research support to a small team carrying out a study of self help readers. My role involved brainstorming research (re)design using cutting edge online and digital research methods, performing literature review and qualitative data analysis and conducting over thirty research interviews with readers of self help books. I managed a participant database and e-mail correspondence with over one hundred research particip",5
d338c064-4b3f-426e-b1d4-3e3c5da85238,d999af6a-e7ea-421f-a46d-f5fda03ed808,Graduate Teaching Assistant,University of Calgary,,,Sep 2010,Apr 2011,8 mos,,Graduate Teaching Assistant University of Calgary Sep 2010 - Apr 2011 · 8 mos,6
d4da0687-15f1-4008-992d-b6a82cc4b9bc,d999af6a-e7ea-421f-a46d-f5fda03ed808,Junior Program and Policy Officer,"Government of Canada, Department of Citizenship and Immigration",,"Ottawa, Canada",May 2007,Aug 2009,2 yrs 4 mos,"Within the Multiculturalism and Human Rights policy team, I provided support to senior policy analysts and officers. I prepared fact sheets, memos and briefing notes for senior management and well as the Minister and Deputy Minister. During this role, my major file focus was on the Task Force for International Cooperation on Holocaust Education, Remembrance and Research. I played an active role in preparing a 10-member delegation (led by the Minister) for an international plenary. This involved liaising with staff at the Canadian Embassy abroad, drafting and assembling informative materials and anticipating logistical challenges. I organized and assembled comprehensive briefing binders for government and civil society members of Canadian delegation attending international plenaries in the Czech Republic, Norway and Austria. I also drafted ministerial correspondence on various issues relating to citizenship, multiculturalism and human rights in Canada and coordinated and collected materials from over 15 stakeholders for Government of Canada publication","Junior Program and Policy Officer Government of Canada, Department of Citizenship and Immigration May 2007 - Aug 2009 · 2 yrs 4 mos Ottawa, Canada Within the Multiculturalism and Human Rights policy team, I provided support to senior policy analysts and officers. I prepared fact sheets, memos and briefing notes for senior management and well as the Minister and Deputy Minister. During this role, my major file focus was on the Task Force for International Cooperation on Holocaust Education, Remem",7
7195f868-f3fe-4bdb-908c-892950462c6f,d999af6a-e7ea-421f-a46d-f5fda03ed808,Communications Officer,"Government of Canada, Department of Industry",May 2006 - Aug 2006 · 4 mos,,,,,,Communications Officer May 2006 - Aug 2006 · 4 mos -Drafted message from Minister of Industry Canada published in programme of 2006 Atlantic Aboriginal Entrepreneurship Awards for over 150 nominees -Delivered communications and public relations support to Manager of Marketing and Public Relations through daily media monitoring and issue analysis -Wrote and published client profiles and features for ABC web site -Created presentation decks and speaking modules for regional presentations to intern,8
d9636a24-acc2-470a-b05f-2d94218f19b8,d999af6a-e7ea-421f-a46d-f5fda03ed808,Associate Editor,"Government of Canada, Department of Industry",Jan 2006 - Apr 2006 · 4 mos,,,,,,"Associate Editor Jan 2006 - Apr 2006 · 4 mos -Contributed and edited articles for internal department e-newsletter circulated to 6,000 employees nation-wide -Contributed and edited articles for internal department e-newsletter circulated to 6,000 employees nation-wide -Managed and published files from a database of over 3,000 pages of web content in both official languages -Conducted interviews with Minister of Industry and Associate Deputy Minister -Developed proposals, researched and wrote int",9
3083ee6e-7278-4fdc-96f9-5853ea332a0d,1fc8939c-98aa-40c7-8e8b-b34c99a6d7c1,"Senior Specialist, Graduate Recruitment",University of Calgary,Permanent Full-time,,Mar 2025,Present,1 yr 3 mos,,"Senior Specialist, Graduate Recruitment Permanent Full-time Mar 2025 - Present · 1 yr 3 mos",0
398d46e2-4e3d-4c38-8922-c6f646535148,1fc8939c-98aa-40c7-8e8b-b34c99a6d7c1,Graduate Student Recruitment Coordinator,University of Calgary,Jan 2017 - Apr 2025 · 8 yrs 4 mos,,,,,,Graduate Student Recruitment Coordinator Jan 2017 - Apr 2025 · 8 yrs 4 mos,1
7ee731af-28a7-4764-8776-a9060ff2d6d3,1fc8939c-98aa-40c7-8e8b-b34c99a6d7c1,Graduate Program Officer,University of Calgary,Mar 2011 - Jan 2017 · 5 yrs 11 mos,,,,,"- Organize ongoing training for new Graduate Program Administrators in the use of PeopleSoft, electronic document management system and FGS policies and procedures - Represent the FGS at recruitment fairs to explain the programs offered and to answer questions from prospective students. - Provide Graduate students, Graduate Program Administrators and any others who inquire with accurate information about Faculty policies and procedures in a timely and courteous manner - Coordinated and administered the Cotutelle program, a joint PhD with a partner university - Develop good relationship with Graduate Program Administrators, leading to timely communication about changes, issues and opportunities - Test new online application for errors and other potential issues across a variety of testing environments - Perform audits on various departments to ensure compliance with graduate studies application policies and procedures. - Monitor files to ensure students have the appropriate credentials upon admission, that they maintain requirements, and complete all program requirements within the required timelines - Administrative responsibility for 1200-1400 student files; 250-300 admissions per year - Coordinate the printing of Graduate Certificate for the Education department","Graduate Program Officer Mar 2011 - Jan 2017 · 5 yrs 11 mos Calgary, Canada - Organize ongoing training for new Graduate Program Administrators in the use of PeopleSoft, electronic document management system and FGS policies and procedures - Represent the FGS at recruitment fairs to explain the programs offered and to answer questions from prospective students. - Provide Graduate students, Graduate Program Administrators and any others who inquire with accurate information about Faculty policies",2
d5075ba2-f6fa-415a-89d2-f997ce3ba5fc,1fc8939c-98aa-40c7-8e8b-b34c99a6d7c1,Teacher,Matsue College of Technology,,,Sep 2007,Apr 2010,2 yrs 8 mos,,"Teacher Matsue College of Technology Sep 2007 - Apr 2010 · 2 yrs 8 mos - Initiated, facilitated, and moderated classroom discussions. - Collaborated with colleagues to address teaching and research issues. - Wrote, designed and produced exams for first year High School students. - Selected and obtained materials and supplies such as textbooks. - Participated in campus events. - Evaluated and graded students' class work, assignments, and papers. - Prepared schedules of classes and rough drafts of",3
d546f653-7cbe-49f5-ae7b-0ec60997cf7b,1fc8939c-98aa-40c7-8e8b-b34c99a6d7c1,Business English Instructor,CSK Service Wear,,,Sep 2007,Apr 2010,2 yrs 8 mos,,"Business English Instructor CSK Service Wear Sep 2007 - Apr 2010 · 2 yrs 8 mos - Initiated, facilitated, and moderated classroom discussions. - Maintained student attendance records, grades, and other required records. - Planned, evaluated, and revised curricula, course content, and course materials and methods of instruction. - Prepared course materials such as syllabi, homework assignments, and handouts.",4
bbbd8836-9c63-4f4e-b0bf-11e738a5239f,1fc8939c-98aa-40c7-8e8b-b34c99a6d7c1,Owner,BB English,,,Sep 2006,Apr 2010,3 yrs 8 mos,,"Owner BB English Sep 2006 - Apr 2010 · 3 yrs 8 mos - Executed daily operations of the running of the school. - Wrote, designed and produced promotional materials to advertise the school. - Participated in student recruitment, registration, and placement activities. - Successfully handled the opening of my own school - Advised students on academic and vocational curricula, and on career issues. - Evaluated and graded students' class work, assignments, and papers. - Selected and obtained materials",5
cc13f693-dfbb-4b0f-86c4-a65de3e730bd,1fc8939c-98aa-40c7-8e8b-b34c99a6d7c1,Assistant Trainer,Nova,,,Feb 2003,Sep 2006,3 yrs 8 mos,,"Assistant Trainer Nova Feb 2003 - Sep 2006 · 3 yrs 8 mos - Wrote, designed and produced lesson material for a variety of student levels. - Trained and managed a team of nine instructors and achieved significant improvements in their productivity. - Planned and conducted teacher training programs and conferences dealing with new classroom procedures, instructional materials and equipment, and teaching aids. - Observed work of teaching staff in order to evaluate performance, and to recommend chang",6
6db07cb1-76e7-446c-97e3-9611aa5294d9,480cc2ee-0cb0-41ea-96b5-90c6afcb2a8d,"Senior Business Partner, Health System Enablement",Alberta Innovates,Oct 2025 - Present · 8 mos,,,,,,"Senior Business Partner, Health System Enablement Oct 2025 - Present · 8 mos",0
c2d00c55-a17f-4103-bf20-f34291a35d78,480cc2ee-0cb0-41ea-96b5-90c6afcb2a8d,"Senior Business Partner, Health Innovation Talent",Alberta Innovates,Oct 2024 - Oct 2025 · 1 yr 1 mo,,,,,,"Senior Business Partner, Health Innovation Talent Oct 2024 - Oct 2025 · 1 yr 1 mo",1
3ff16eb2-1a66-4e7d-8da6-e0c49e313400,480cc2ee-0cb0-41ea-96b5-90c6afcb2a8d,"PONI Lab Research Assistant, Family Engagement",University of Calgary,Permanent Part-time,,Apr 2023,Present,3 yrs 2 mos,"Establish, develop, and implement best practices and initiatives for engaging patient partners and stakeholders, and demonstrate added-value of research participants and their families Lead meetings for lab members and patient engagement partners in a timely and organized manner Develop marketing content for public social media and stakeholder engagement purposes","PONI Lab Research Assistant, Family Engagement Permanent Part-time Apr 2023 - Present · 3 yrs 2 mos On-site Establish, develop, and implement best practices and initiatives for engaging patient partners and stakeholders, and demonstrate added-value of research participants and their families Lead meetings for lab members and patient engagement partners in a timely and organized manner Develop marketing content for public social media and stakeholder engagement purposes Skills: Communication, Dig",2
fd9a8a23-74ba-4118-9a93-f3e94717a29f,480cc2ee-0cb0-41ea-96b5-90c6afcb2a8d,Biomedical Engineering Research Coordinator,University of Calgary,Contract Full-time,,Sep 2023,Sep 2024,1 yr 1 mo,"Initiate, foster, and maintain strong relationships with internal and external stakeholders Collaboratively develop and implement strategy, including change management and project management plans, to increase research capacity and integrate with the medical technology ecosystem Support research program launch and its objectives, timelines, personnel, and resources Work with faculty members, staff, and trainees to identify gaps and support research excellence","Biomedical Engineering Research Coordinator Contract Full-time Sep 2023 - Sep 2024 · 1 yr 1 mo Initiate, foster, and maintain strong relationships with internal and external stakeholders Collaboratively develop and implement strategy, including change management and project management plans, to increase research capacity and integrate with the medical technology ecosystem Support research program launch and its objectives, timelines, personnel, and resources Work with faculty members, staff, and",3
377c0b1d-37ff-4f0d-ad5f-e0fcf3940a6f,480cc2ee-0cb0-41ea-96b5-90c6afcb2a8d,Personal Support Worker and Respite Provider,Independent,Self-employed,,Aug 2017,Sep 2023,6 yrs 2 mos,,"Personal Support Worker and Respite Provider Independent · Self-employed Aug 2017 - Sep 2023 · 6 yrs 2 mos Working with three young women with cerebral palsy on a weekly basis. Based on the individual's goals, we complete physical and cognitive therapies, implement social development strategies, and practice life skills in an encouraging, personalized environment. Further, I ensure safety of the individuals while in public, assist with school work (e.g. reading practice, math problems), and prac",4
e784604c-a7d6-4ca7-a611-2d93005e336f,480cc2ee-0cb0-41ea-96b5-90c6afcb2a8d,Program Facilitator,Bloom Wellness Collective,,"Calgary, Canada",Apr 2018,Aug 2022,4 yrs 5 mos,"Planning, organizing and facilitating expressive arts classes and camps for individuals of all ages with special needs. Managing both volunteers and participants in classes to maximize participants' enjoyment, engagement, and goal achievement. Mentor volunteers to provide expertise on behavioural management and physical safety during classes. Interact with parents to identify participants' goals, subsequently incorporate activities to work towards participants' goals.","Program Facilitator Bloom Wellness Collective Apr 2018 - Aug 2022 · 4 yrs 5 mos Calgary, Canada Planning, organizing and facilitating expressive arts classes and camps for individuals of all ages with special needs. Managing both volunteers and participants in classes to maximize participants' enjoyment, engagement, and goal achievement. Mentor volunteers to provide expertise on behavioural management and physical safety during classes. Interact with parents to identify participants' goals, subs",5
ed04f09a-f7c3-4522-bb62-4f3ae41971aa,480cc2ee-0cb0-41ea-96b5-90c6afcb2a8d,Scientific Researcher in the Hollenberg Laboratory,University of Calgary,,,Jul 2018,Aug 2021,3 yrs 2 mos,,Scientific Researcher in the Hollenberg Laboratory University of Calgary Jul 2018 - Aug 2021 · 3 yrs 2 mos Self-directed research project culminating in an undergraduate written thesis and Master of Science 300+ page written thesis and oral defense. Collaborated with lab members to strategize and plan experiments that contribute to the project’s hypothesis and the current body of scientific literature. Planned and performed experiments then collected and analyzed data to understand relationships,6
7107b752-3238-42fa-b1c8-adaac73d58c2,9f1be931-d781-410a-8383-3089dc29e004,"Specialist, Studentships and Sponsored Training",University of Calgary,Feb 2026 - Present · 4 mos,,,,,,"Specialist, Studentships and Sponsored Training Feb 2026 - Present · 4 mos I administer studentships (Alberta Innovates SRS & HYRS, NSERC/CIHR/SSHRC USRAs) in addition to Mitacs Accelerate and Mitacs BSI.",0
a4de292b-a9f2-4bd3-8dbe-a50d404b57f8,9f1be931-d781-410a-8383-3089dc29e004,Research Grants Officer,University of Calgary,Mar 2025 - Feb 2026 · 1 yr,,,,,,Research Grants Officer Mar 2025 - Feb 2026 · 1 yr I oversaw institutional grant applications to Alberta-based sponsors such as Alberta Innovates and the Government of Alberta Ministries.,1
5f3bf0f8-e7fa-42e0-95bb-34d2417e5fdc,9f1be931-d781-410a-8383-3089dc29e004,Postdoctoral Program Coordinator,University of Calgary,Oct 2022 - Mar 2025 · 2 yrs 6 mos,,,,,,"Postdoctoral Program Coordinator Oct 2022 - Mar 2025 · 2 yrs 6 mos I administered postdoc appointments, fellowships and grants, and professional development events tailored to both academic and industry career paths.",2
a59d2209-6477-432c-8c57-f3c51b285938,9f1be931-d781-410a-8383-3089dc29e004,HYRS Program Assistant,University of Calgary,Apr 2021 - Oct 2022 · 1 yr 7 mos,,,,,,"HYRS Program Assistant Apr 2021 - Oct 2022 · 1 yr 7 mos I organized the Alberta Innovates Highschool Youth Research Summer (HYRS) studentship program for two iterations, serving as a mentor to young students pursuing summer research in biomedical sciences.",3
0fb539fc-b32d-4ae0-9fa1-b3eea7bc4071,9f1be931-d781-410a-8383-3089dc29e004,Assistant Manager & Waitress,The Keg Steakhouse + Bar,,,2019,2022,3 yrs,,Assistant Manager & Waitress The Keg Steakhouse + Bar 2019 - 2022 · 3 yrs,4
76378318-4ac1-4548-8fcc-cb1f3c2ed191,59f1baa7-c47e-4120-aab8-90de02a38acf,"Assistant Professor, Geomatics Engineering",University of Calgary,,,Sep 2024,Present,1 yr 9 mos,,"Assistant Professor, Geomatics Engineering University of Calgary Sep 2024 - Present · 1 yr 9 mos",0
075382d7-d4ac-42df-8e35-6c2921a8b71d,59f1baa7-c47e-4120-aab8-90de02a38acf,Associate Editor,Frontiers in Environmental Science,,,Apr 2023,Present,3 yrs 2 mos,,"Associate Editor Frontiers in Environmental Science Apr 2023 - Present · 3 yrs 2 mos I will be contributing to an exciting new Section called ""Big data, AI and Environment"".",1
0c772b91-4a42-4859-b689-fa8116850e2c,59f1baa7-c47e-4120-aab8-90de02a38acf,Co-Founder,OdinVision,,"Waterloo, Ontario, Canada",Dec 2021,Present,4 yrs 6 mos,,"Co-Founder OdinVision Dec 2021 - Present · 4 yrs 6 mos Waterloo, Ontario, Canada",2
aae85bfb-e7e6-44e2-a9a0-ff5482cd7fbd,59f1baa7-c47e-4120-aab8-90de02a38acf,Research Assistant Professor,University of Waterloo,,"Waterloo, Ontario, Canada · On-site",Aug 2018,Sep 2024,6 yrs 2 mos,Mapping sea ice with artificial intelligence | Water Institute,"Research Assistant Professor University of Waterloo Aug 2018 - Sep 2024 · 6 yrs 2 mos Waterloo, Ontario, Canada · On-site Mapping sea ice with artificial intelligence | Water Institute Can AI help save beluga whales? | Waterloo News AI and machine learning, Hyperspectral, LiDAR and SAR remote sensing and +2 skills",3
e0fc0a4f-88af-442e-bb15-9972edd756cb,59f1baa7-c47e-4120-aab8-90de02a38acf,Assistant & Associate Professor,China University of Geosciences,,"Beijing, China",Sep 2016,Aug 2018,2 yrs,,"Assistant & Associate Professor China University of Geosciences Sep 2016 - Aug 2018 · 2 yrs Beijing, China",4
d0643542-9716-48fb-b173-3097ae045ad0,59f1baa7-c47e-4120-aab8-90de02a38acf,Postdoctoral Researcher,University of Waterloo,,"Waterloo, Ontario, Canada",Jun 2014,Sep 2016,2 yrs 4 mos,,"Postdoctoral Researcher University of Waterloo Jun 2014 - Sep 2016 · 2 yrs 4 mos Waterloo, Ontario, Canada",5
7d867f56-676e-4b48-8868-4cddf0858e38,59f1baa7-c47e-4120-aab8-90de02a38acf,Research Assistant,University of Waterloo,Sep 2010 - Jan 2014 · 3 yrs 5 mos,,,,,,"Research Assistant Sep 2010 - Jan 2014 · 3 yrs 5 mos Waterloo, ON, Canada",6
8ed06033-ac1a-4043-8866-1b77fa58fd11,59f1baa7-c47e-4120-aab8-90de02a38acf,Teaching Assistant,University of Waterloo,Jan 2010 - Jan 2014 · 4 yrs 1 mo,,,,,,Teaching Assistant Jan 2010 - Jan 2014 · 4 yrs 1 mo,7
e25a5769-6f28-4ee8-a1b0-6d6e3bdef864,f600f82d-b642-448e-acce-a465b810051c,"Senior Director, International Relations & Partnerships. Senior Internationalization Officer",University of Calgary,Permanent Full-time,,Oct 2024,Present,1 yr 8 mos,,"Senior Director, International Relations & Partnerships. Senior Internationalization Officer Permanent Full-time Oct 2024 - Present · 1 yr 8 mos",0
63889bdf-2a6a-44f2-8a7c-34c2eddaed60,f600f82d-b642-448e-acce-a465b810051c,"Director, Strategic Global Initiatives",University of Calgary,Nov 2020 - Oct 2024 · 4 yrs,,,,,,"Director, Strategic Global Initiatives Nov 2020 - Oct 2024 · 4 yrs",1
811369bb-c4f7-49f3-a3b7-fb8c7cfc2c0b,f600f82d-b642-448e-acce-a465b810051c,"Director, International Relations (interim)",University of Calgary,Aug 2019 - Nov 2020 · 1 yr 4 mos,,,,,,"Director, International Relations (interim) Aug 2019 - Nov 2020 · 1 yr 4 mos",2
b9243649-180c-4926-bb13-bf822e5e64b6,f600f82d-b642-448e-acce-a465b810051c,"Director, Alumni Engagement",University of Calgary,Aug 2016 - Aug 2019 · 3 yrs 1 mo,,,,,,"Director, Alumni Engagement Aug 2016 - Aug 2019 · 3 yrs 1 mo Calgary",3
2406cd29-e8cf-4f69-a66f-f1594bc8defc,f600f82d-b642-448e-acce-a465b810051c,"Director, Alumni Relations and Annual Giving",Mount Royal University,,"Calgary, Canada Area",Dec 2013,Aug 2016,2 yrs 9 mos,,"Director, Alumni Relations and Annual Giving Mount Royal University Dec 2013 - Aug 2016 · 2 yrs 9 mos Calgary, Canada Area",4
c73e086c-ffc7-4c8b-a383-bd3d69d5e83a,f600f82d-b642-448e-acce-a465b810051c,Community Investment Associate/Consultant,JS Daw & Associates,,Greater Calgary Metropolitan Area,Feb 2013,Dec 2013,11 mos,JS Daw & Associates is a vibrant boutique consultancy. We partner with leading businesses and nonprofit organizations to create innovative and measurable community strategies that create shared value while advancing positive social change and building meaningful partnerships. www.jsdaw.com,Community Investment Associate/Consultant JS Daw & Associates Feb 2013 - Dec 2013 · 11 mos Greater Calgary Metropolitan Area JS Daw & Associates is a vibrant boutique consultancy. We partner with leading businesses and nonprofit organizations to create innovative and measurable community strategies that create shared value while advancing positive social change and building meaningful partnerships. www.jsdaw.com,5
b2aa4b30-5cdb-4196-b630-74f6ada7cfef,f600f82d-b642-448e-acce-a465b810051c,"Director, Community Engagement",Propellus,,,Aug 2008,Nov 2012,4 yrs 4 mos,,"Director, Community Engagement Propellus Aug 2008 - Nov 2012 · 4 yrs 4 mos Led the Community Engagement Department which included the following programs at Volunteer Calgary: * Leadership Calgary * Corporate Citizenship / Calgary Corporate Volunteer Council * Community Service Learning / Youth Engagement and Education * Volunteer Services.",6
f9a7b26c-4806-40b0-9f82-deaef74bb1da,f600f82d-b642-448e-acce-a465b810051c,International Relations & Recruitment Advisor,Bow Valley College,,Greater Calgary Metropolitan Area,Apr 2007,May 2008,1 yr 2 mos,* Managed international partnerships as part of the college recruitment strategy with foreign public and private organizations. * Developed a comprehensive international student services plan.,International Relations & Recruitment Advisor Bow Valley College Apr 2007 - May 2008 · 1 yr 2 mos Greater Calgary Metropolitan Area * Managed international partnerships as part of the college recruitment strategy with foreign public and private organizations. * Developed a comprehensive international student services plan.,7
21c39fb1-530f-4eac-8d5e-79d116bf7607,f600f82d-b642-448e-acce-a465b810051c,International Projects Coordinator,Mount Royal University,,"Calgary, Canada Area",Aug 2001,Mar 2007,5 yrs 8 mos,"* Developed and maintained over 55 partnerships with institutions from around the world (Europe, USA, Australia, Japan, Hong Kong, China, Mexico, New Zealand, Malaysia, Ghana); * Responsible for recruiting, advising, selecting, admissions, pre-departure and re-entry of Canadians and international students for semester or year abroad programs.","International Projects Coordinator Mount Royal University Aug 2001 - Mar 2007 · 5 yrs 8 mos Calgary, Canada Area * Developed and maintained over 55 partnerships with institutions from around the world (Europe, USA, Australia, Japan, Hong Kong, China, Mexico, New Zealand, Malaysia, Ghana); * Responsible for recruiting, advising, selecting, admissions, pre-departure and re-entry of Canadians and international students for semester or year abroad programs. International Education - Mount Royal Univ",8
cac49b36-d870-4b07-9a12-cb1cd727ea66,f600f82d-b642-448e-acce-a465b810051c,Director of Marketing,The Canadian Chamber of Commerce of the Philippines,,"Manilla, Philippines",Nov 1998,Nov 1999,1 yr 1 mo,* Worked closely with foreign embassies and trade delegations including import and export associations. * Coached the Chamber's members with creating business opportunities for both Canadian and Filipino companies.,"Director of Marketing The Canadian Chamber of Commerce of the Philippines Nov 1998 - Nov 1999 · 1 yr 1 mo Manilla, Philippines * Worked closely with foreign embassies and trade delegations including import and export associations. * Coached the Chamber's members with creating business opportunities for both Canadian and Filipino companies.",9
4f0c0241-0694-439c-977f-5b1b5ebe8161,4c0c0162-2a03-466a-81c2-14c47c0b5042,Partner,Osney Capital,,,Mar 2020,Present,6 yrs 3 mos,,"Partner Osney Capital Mar 2020 - Present · 6 yrs 3 mos • Lead investments in early-stage cybersecurity startups, providing strategic guidance for critical growth stages. • Supported founders in scaling their businesses, driving success through industry expertise. • Facilitated Seed and Series A investments ranging from £250,000 to £2,500,000 at Osney Capital.",0
c2cb104b-cee2-42ef-acaf-4891b2dd89e1,4c0c0162-2a03-466a-81c2-14c47c0b5042,Member Board of Directors,"Rogers Cybersecure Catalyst, Toronto Metropolitan University",,,Sep 2025,Present,9 mos,,"Member Board of Directors Rogers Cybersecure Catalyst, Toronto Metropolitan University Sep 2025 - Present · 9 mos The Catalyst Board of Directors oversees activities and charts strategic direction.",1
c6d3c451-4320-40d8-a909-4379203b9ddc,4c0c0162-2a03-466a-81c2-14c47c0b5042,Executive Director - Interim,University of Calgary,,"Calgary, Alberta, Canada",Feb 2023,Sep 2024,1 yr 8 mos,"• Helped navigate a period of transition and oversaw the launch of the Hunter Hub for Entrepreneurial Thinking as part of the University's strategic plan, fostering a community of innovative thinkers. • Managed activities to support entrepreneurial student experiences and enable faculty to lead in innovation. • Expanded the community of entrepreneurial and innovative thinkers at the University of Calgary. • Raised over $16m for projects to support entrepreneurs and innovators.","Executive Director - Interim University of Calgary Feb 2023 - Sep 2024 · 1 yr 8 mos Calgary, Alberta, Canada • Helped navigate a period of transition and oversaw the launch of the Hunter Hub for Entrepreneurial Thinking as part of the University's strategic plan, fostering a community of innovative thinkers. • Managed activities to support entrepreneurial student experiences and enable faculty to lead in innovation. • Expanded the community of entrepreneurial and innovative thinkers at the Unive",2
a7b03441-d472-4d32-890e-4d931933b533,4c0c0162-2a03-466a-81c2-14c47c0b5042,Executive Director,Innovate Calgary,Feb 2021 - Jul 2024 · 3 yrs 6 mos,,,,,,Executive Director Feb 2021 - Jul 2024 · 3 yrs 6 mos,3
847ae560-7d4f-408a-8b0a-265c6f9243ac,4c0c0162-2a03-466a-81c2-14c47c0b5042,Director of New Ventures,Innovate Calgary,Oct 2020 - Jan 2021 · 4 mos,,,,,,"Director of New Ventures Oct 2020 - Jan 2021 · 4 mos • Led the development of startup support programs for research-intensive companies, bridging the gap between discovery and economic impact. • Collaborated with researchers, faculty, and students to create societal impact through innovative technology transfer services. • Implemented focused support services to drive economic growth and innovation within the UCalgary ecosystem.",4
ba297500-c12a-4f72-8910-1010bf634b65,4c0c0162-2a03-466a-81c2-14c47c0b5042,Founding Partner,Quake Capital Partners,,New York City Metropolitan Area,Sep 2016,Oct 2018,2 yrs 2 mos,"• Managed investments in early-stage ventures across various industries, leading to a Forbes recognition as a top 10 VC globally. • Spearheaded the accelerator program, providing $150k funding and a 12-week curriculum to startups, resulting in Quake being named #2 investor in female-founded companies by CrunchBase. • Collaborated with teams globally to drive innovation and growth, with offices in New York City, Los Angeles, and Austin.","Founding Partner Quake Capital Partners Sep 2016 - Oct 2018 · 2 yrs 2 mos New York City Metropolitan Area • Managed investments in early-stage ventures across various industries, leading to a Forbes recognition as a top 10 VC globally. • Spearheaded the accelerator program, providing $150k funding and a 12-week curriculum to startups, resulting in Quake being named #2 investor in female-founded companies by CrunchBase. • Collaborated with teams globally to drive innovation and growth, with offic",5
06333176-1ca9-42a0-9f0b-6c1a7f9f6c90,4c0c0162-2a03-466a-81c2-14c47c0b5042,"Founding Manager, Leslie Entrepreneurs Lab",NYU Entrepreneurial Institute,,New York City Metropolitan Area,Jan 2014,Sep 2016,2 yrs 9 mos,"• Developed entrepreneurial classes for NYU students, faculty, and alumni, leading to the establishment of the Leslie Entrepreneurs Lab. • Led workshops on lean startup methodology and customer development, hosting over 100 workshops and hackathons in the first year. • Designed and built the first open prototyping space on campus with 3D printers and a laser cutter for NYU entrepreneurs.","Founding Manager, Leslie Entrepreneurs Lab NYU Entrepreneurial Institute Jan 2014 - Sep 2016 · 2 yrs 9 mos New York City Metropolitan Area • Developed entrepreneurial classes for NYU students, faculty, and alumni, leading to the establishment of the Leslie Entrepreneurs Lab. • Led workshops on lean startup methodology and customer development, hosting over 100 workshops and hackathons in the first year. • Designed and built the first open prototyping space on campus with 3D printers and a laser ",6
3f2c3374-018d-4d5b-bc16-dd4414879987,4c0c0162-2a03-466a-81c2-14c47c0b5042,Chief of Staff,Martin Trust Center for MIT Entrepreneurship,,"Cambridge, MA",May 2011,Aug 2013,2 yrs 4 mos,• Developed programs to enhance entrepreneurial skills of MIT students. • Counseled student entrepreneurs to maximize center resources. • Planned and executed entrepreneurship events attended by hundreds. • Led the redevelopment of the Center’s online presence.,"Chief of Staff Martin Trust Center for MIT Entrepreneurship May 2011 - Aug 2013 · 2 yrs 4 mos Cambridge, MA • Developed programs to enhance entrepreneurial skills of MIT students. • Counseled student entrepreneurs to maximize center resources. • Planned and executed entrepreneurship events attended by hundreds. • Led the redevelopment of the Center’s online presence. MIT Entrepreneurship Center The Martin Trust Center for MIT Entrepreneurship provides the expertise, support and connections neede",7
83870f94-fedd-4844-ac7f-29df5ff91c99,8f535946-b499-48c1-981b-8dc619076464,Senior Advisor - Business Development | Southern Alberta,Mitacs,Oct 2022 - Present · 3 yrs 8 mos,,,,,"I help bridge the gap between academia and industry by building collaborations that drive research, innovation, and economic growth. I work closely with companies, non-profits, and post-secondary institutions to identify R&D or strategic challenges and connect them with the right academic expertise and funding. From early scoping to proposal development and approval, I guide partners through the Mitacs process, ensuring projects are well-designed, impactful, and fully aligned with program requirements. My work blends relationship-building and strategic insight—helping organizations access top research talent while enabling students and professors to apply their expertise to real-world challenges that make a difference.","Senior Advisor - Business Development | Southern Alberta Oct 2022 - Present · 3 yrs 8 mos Calgary, Alberta, Canada I help bridge the gap between academia and industry by building collaborations that drive research, innovation, and economic growth. I work closely with companies, non-profits, and post-secondary institutions to identify R&D or strategic challenges and connect them with the right academic expertise and funding. From early scoping to proposal development and approval, I guide partner",0
a718f070-f453-4698-9124-f01951024684,8f535946-b499-48c1-981b-8dc619076464,Director Business Development,Mitacs,May 2018 - Oct 2022 · 4 yrs 6 mos,,,,,Identify and promote strategic partnerships between academia and industry Help innovative organizations access the talent they need Help organizations leverage their R&D dollars through our funding programs Guide applicants through project funding options Develop and manage relationships with key stakeholders,"Director Business Development May 2018 - Oct 2022 · 4 yrs 6 mos Greater Calgary Metropolitan Area Identify and promote strategic partnerships between academia and industry Help innovative organizations access the talent they need Help organizations leverage their R&D dollars through our funding programs Guide applicants through project funding options Develop and manage relationships with key stakeholders Skills: Business Insights, Growth-Oriented, +17 skills",1
2a11a41a-7d9e-4b7a-a231-61db54b881ac,8f535946-b499-48c1-981b-8dc619076464,Sessional Instructor - Graduate Science Education,University of Calgary,Contract Part-time,"Calgary, Alberta, Canada · On-site",Sep 2024,Present,1 yr 9 mos,MDBT 604 - Finances in Biomedical Technology MDBT 601 - Business Fundamentals MDBT 607 - Product Commercialization: Go to Market Strategies,"Sessional Instructor - Graduate Science Education University of Calgary · Contract Part-time Sep 2024 - Present · 1 yr 9 mos Calgary, Alberta, Canada · On-site MDBT 604 - Finances in Biomedical Technology MDBT 601 - Business Fundamentals MDBT 607 - Product Commercialization: Go to Market Strategies University Teaching, Curriculum Development and +3 skills",2
7277312c-4605-4ae0-a80a-c5ff06175b43,8f535946-b499-48c1-981b-8dc619076464,Sessional Instructor - Bisset School of Business,Mount Royal University,Contract Part-time,"Calgary, Alberta, Canada · On-site",Jul 2023,Present,2 yrs 11 mos,"Department of Entrepreneurship, Marketing and Social Innovation ENTR 4433 - Business Plan Development","Sessional Instructor - Bisset School of Business Mount Royal University · Contract Part-time Jul 2023 - Present · 2 yrs 11 mos Calgary, Alberta, Canada · On-site Department of Entrepreneurship, Marketing and Social Innovation ENTR 4433 - Business Plan Development Business Insights, Adult Education and +8 skills",3
a1d66d2e-aca4-48c1-b018-db07a6a1b04e,8f535946-b499-48c1-981b-8dc619076464,Co-Founder,CoreLine Advisory,Self-employed,Remote,Jun 2025,Present,1 yr,"We partner with people-first organizations to help their leaders grow in ways that strengthen both culture and performance. Our work blends strategy with humanity—offering personalized, high-touch leadership development programs that help leaders thrive at work and in life","Co-Founder CoreLine Advisory · Self-employed Jun 2025 - Present · 1 yr Remote We partner with people-first organizations to help their leaders grow in ways that strengthen both culture and performance. Our work blends strategy with humanity—offering personalized, high-touch leadership development programs that help leaders thrive at work and in life CoreLine Advisory: Leadership Reimagined",4
e4c7b34f-116d-4cac-aabf-50e63379b158,8f535946-b499-48c1-981b-8dc619076464,Innovation Manager,Innovate Calgary,Permanent Full-time,,Nov 2014,May 2018,3 yrs 7 mos,"Identify, qualify, initiate and develop relationships with potential partners from small enterprises to large multinational corporations Actively engage and liaise with R&D companies and researchers to understand their needs and create collaborations opportunities Negotiate licensing and business deals Develop and implement new technology marketing strategies Recruit, train and manage a team of technology marketing associates Prepare quarterly activity reports and provide weekly reporting to the vice-president Provide business development support by participating at networking events, presentations and promoting Innovate Calgary’s services and programs to prospective clients","Innovation Manager Permanent Full-time Nov 2014 - May 2018 · 3 yrs 7 mos Greater Calgary Metropolitan Area Identify, qualify, initiate and develop relationships with potential partners from small enterprises to large multinational corporations Actively engage and liaise with R&D companies and researchers to understand their needs and create collaborations opportunities Negotiate licensing and business deals Develop and implement new technology marketing strategies Recruit, train and manage a tea",5
1e99e8fb-2d44-4e55-9bac-1c8c9aab3f31,8f535946-b499-48c1-981b-8dc619076464,Technology Marketing - Specialist,Innovate Calgary,Feb 2012 - Nov 2014 · 2 yrs 10 mos,,,,,"Conducted market analysis on various technologies and researched industry technological needs and gaps Identified potential commercialization partners that were suitable for each technology in the portfolio Identified and contacted key C-level managers and directors within the companies Scheduled web presentation, teleconferences and in person meetings with potential partners Communicated technology features and advantages in a clear and concise manner to interested parties Reported activities and outcomes weekly to the vice-president of IPM","Technology Marketing - Specialist Feb 2012 - Nov 2014 · 2 yrs 10 mos Calgary, Canada Area Conducted market analysis on various technologies and researched industry technological needs and gaps Identified potential commercialization partners that were suitable for each technology in the portfolio Identified and contacted key C-level managers and directors within the companies Scheduled web presentation, teleconferences and in person meetings with potential partners Communicated technology feature",6
a62c3e3c-ce9c-466e-8fd3-922da3f4fe24,8f535946-b499-48c1-981b-8dc619076464,Business Development,Circle Cardiovascular Imaging Inc.,,Greater Calgary Metropolitan Area,May 2011,Aug 2011,4 mos,Designed and conducted a market survey to gather information on clients’ needs Researched market size and identified target group for new product launch Identified system requirements for the creation of a novel e-learning platform and developed the necessary documentation including specification on functional and technical requirements Investigated potential project pitfalls and implemented appropriate preventative measures Worked closely with Circle’s scientific team to guarantee cohesive development of the platform Assisted web developer to ensure objectives were met efficiently and in a timely manner,Business Development Circle Cardiovascular Imaging Inc. May 2011 - Aug 2011 · 4 mos Greater Calgary Metropolitan Area Designed and conducted a market survey to gather information on clients’ needs Researched market size and identified target group for new product launch Identified system requirements for the creation of a novel e-learning platform and developed the necessary documentation including specification on functional and technical requirements Investigated potential project pitfalls and,7
bbe55942-1c04-475a-89a2-3cd6d91ab49c,e3554ab7-4bf7-4abc-98a3-eaa265ca524e,Dean and Professor,Haskayne School of Business,Permanent Full-time,"Calgary, Alberta, Canada · On-site",Sep 2023,Present,2 yrs 9 mos,,"Dean and Professor Haskayne School of Business · Permanent Full-time Sep 2023 - Present · 2 yrs 9 mos Calgary, Alberta, Canada · On-site",0
255dabf8-c4f4-4143-8ba4-8066b1dfa800,e3554ab7-4bf7-4abc-98a3-eaa265ca524e,Professor (Strategy & Leadership),Hill and Levene Schools of Business at University of Regina,Jul 2016 - Aug 2023 · 7 yrs 2 mos,,,,,,"Professor (Strategy & Leadership) Jul 2016 - Aug 2023 · 7 yrs 2 mos Regina, SK, Canada",1
b2ead754-5d87-4e9b-9dbf-1f2a25d84e51,e3554ab7-4bf7-4abc-98a3-eaa265ca524e,Dean,Hill and Levene Schools of Business at University of Regina,Jul 2018 - May 2023 · 4 yrs 11 mos,,,,,,"Dean Jul 2018 - May 2023 · 4 yrs 11 mos Regina, SK, Canada",2
334cc0b7-5ea6-4cbf-8936-78522e405f8d,e3554ab7-4bf7-4abc-98a3-eaa265ca524e,"Associate Dean, Research & Graduate Programs",Hill and Levene Schools of Business at University of Regina,Jul 2017 - Jun 2018 · 1 yr,,,,,,"Associate Dean, Research & Graduate Programs Jul 2017 - Jun 2018 · 1 yr Regina, SK, Canada",3
8a36a5ea-f6f4-44d5-8063-c57f0c8421a3,e3554ab7-4bf7-4abc-98a3-eaa265ca524e,"Associate Dean (Acting) , Research & Graduate Programs",Hill and Levene Schools of Business at University of Regina,Jan 2017 - Jun 2017 · 6 mos,,,,,,"Associate Dean (Acting) , Research & Graduate Programs Jan 2017 - Jun 2017 · 6 mos Regina, SK, Canada",4
67ecc5a3-0257-43cf-83f2-17ec65c1b571,e3554ab7-4bf7-4abc-98a3-eaa265ca524e,Associate Professor,Hill and Levene Schools of Business at University of Regina,Sep 2013 - Jun 2016 · 2 yrs 10 mos,,,,,,"Associate Professor Sep 2013 - Jun 2016 · 2 yrs 10 mos Regina,SK, Canada",5
36c67eb1-cf99-4368-b7f3-7d2c7a64f432,e3554ab7-4bf7-4abc-98a3-eaa265ca524e,Board Member,Economic Development Regina Inc,,Regina,May 2019,May 2023,4 yrs 1 mo,,Board Member Economic Development Regina Inc May 2019 - May 2023 · 4 yrs 1 mo Regina,6
dd40f612-264e-40e6-8411-f4a933bbe87e,e3554ab7-4bf7-4abc-98a3-eaa265ca524e,Editor,Case Research Journal,,"Editor, Case Research Journal",Jan 2018,Dec 2021,4 yrs,,"Editor Case Research Journal Jan 2018 - Dec 2021 · 4 yrs Editor, Case Research Journal North American Case Research Assoc.",7
8f620476-a72e-40b0-9da9-a3b7ad9345d3,835db8ff-2a81-4470-a51f-3a9567827e6b,Sessional Instructor of Explorations in Information Security and Privacy,University of Calgary,May 2026 - Present · 1 mo,,,,On-site,"Alhamdulillah! 🙏 I am honored to be teaching as a Sessional Instructor for Explorations in Information Security and Privacy for Spring 2026 by the Department of Computer Science at the University of Calgary, Canada 🇨🇦. This course continues to engage a diverse cohort of undergraduate students ranging from 1st year to 5th year 🎓, exploring critical areas such as cybersecurity 🔐, ethical hacking 🧠⚔️, privacy laws ⚖️, AI-driven risks 🤖, and even the future of cryptographic security in the quantum era ⚛️ . As Albert Einstein once said, ""Education is not the learning of facts, but the training of the mind to think."" 🧠✨ Hence, I look forward to fostering critical thinking, ethical responsibility, and technical depth in shaping the next generation of cybersecurity professionals and responsible digital innovators 💡👩‍💻👨‍💻. This journey is made possible through the continuous blessings of my mother ❤️ and the infinite grace of Almighty Allah 🤲. #Instructor 🎓🇨🇦 #CyberSecurity 🧠⚔️ #UniversityOfCalgary 🍁🏫 #GratefulAndHonored 😇✨ #InformationSecurity 📡 ##ComputerScience 🌐🧪✌️ #TeachingJourney 🚀 #Spring2026 📅","Sessional Instructor of Explorations in Information Security and Privacy May 2026 - Present · 1 mo Calgary, Alberta, Canada · On-site Alhamdulillah! 🙏 I am honored to be teaching as a Sessional Instructor for Explorations in Information Security and Privacy for Spring 2026 by the Department of Computer Science at the University of Calgary, Canada 🇨🇦. This course continues to engage a diverse cohort of undergraduate students ranging from 1st year to 5th year 🎓, exploring critical areas such as cy",0
991f336b-f5e8-4eef-aac2-3ab2161792d4,835db8ff-2a81-4470-a51f-3a9567827e6b,Sessional Instructor of Application Specific Processors and Accelerators,University of Calgary,Jan 2026 - Apr 2026 · 4 mos,,,,On-site,"Alhamdulillah! 🙏 I am honoured to be teaching as a Sessional Instructor for the TWO upper-year Undergraduate Courses: Application-Specific Processors & Accelerators (for the Electrical and Software Engineering Department) and Explorations in Information Security and Privacy (2nd time)(for the Computer Science Department) for teaching over 250 students for the Upcoming Winter 2026 Term at the University of Calgary, Canada 🇨🇦. These courses serve a diverse and motivated cohort of senior undergraduate students 🎓 and engage deeply with two essential dimensions of modern computing systems: • Application-specific processor architectures and hardware accelerators —focusing on performance, energy efficiency, and hardware–software co-design for workloads in machine learning, signal processing, and embedded systems ⚙️⚡ • Information security and privacy —addressing secure system design, privacy-preserving techniques, ethical responsibilities, and real-world challenges in protecting data and digital infrastructure 🔐🖥️ As Richard Feynman once said, “What I cannot create, I do not understand.” 💡 With this philosophy at heart, I am passionate to help students design before they optimize, build before they abstract, and reason before they assume—connecting rigorous theory with hands-on experimentation and real-world impact 🚀👩‍💻👨‍💻. This milestone is made possible by the endless blessings of my beloved mother ❤ and the infinite grace of Almighty Allah 🤲. hashtag#SessionalInstructor 🎓🇨🇦 hashtag#ApplicationSpecificProcessors ⚙️⚡ hashtag#HardwareAccelerators 🛠️💻 hashtag#InformationSecurity 🔐 hashtag#PrivacyEngineering 🖥️🛡️ hashtag#UniversityOfCalgary 🍁🏫 hashtag#ElectricalEngineering ⚡ hashtag#ComputerScience 💻 hashtag#TeachingJourney 🚀 hashtag#GratefulAndHonored 😇✨ hashtag#Winter2026 ❄️📅","Sessional Instructor of Application Specific Processors and Accelerators Jan 2026 - Apr 2026 · 4 mos Calgary, Alberta, Canada · On-site Alhamdulillah! 🙏 I am honoured to be teaching as a Sessional Instructor for the TWO upper-year Undergraduate Courses: Application-Specific Processors & Accelerators (for the Electrical and Software Engineering Department) and Explorations in Information Security and Privacy (2nd time)(for the Computer Science Department) for teaching over 250 students for the Up",1
f45a2d44-e303-440c-9ab7-fdc286cecbc0,835db8ff-2a81-4470-a51f-3a9567827e6b,Sessional Instructor of Explorations in Information Security and Privacy,University of Calgary,Jan 2026 - Apr 2026 · 4 mos,,,,On-site,"Alhamdulillah! 🙏 I am honoured to be teaching as a Sessional Instructor for the TWO upper-year Undergraduate Courses: Application-Specific Processors & Accelerators (for the Electrical and Software Engineering Department) and Explorations in Information Security and Privacy (2nd time)(for the Computer Science Department) for teaching over 250 students for the Upcoming Winter 2026 Term at the University of Calgary, Canada 🇨🇦. These courses serve a diverse and motivated cohort of senior undergraduate students 🎓 and engage deeply with two essential dimensions of modern computing systems: • Application-specific processor architectures and hardware accelerators —focusing on performance, energy efficiency, and hardware–software co-design for workloads in machine learning, signal processing, and embedded systems ⚙️⚡ • Information security and privacy —addressing secure system design, privacy-preserving techniques, ethical responsibilities, and real-world challenges in protecting data and digital infrastructure 🔐🖥️ As Richard Feynman once said, “What I cannot create, I do not understand.” 💡 With this philosophy at heart, I am passionate to help students design before they optimize, build before they abstract, and reason before they assume—connecting rigorous theory with hands-on experimentation and real-world impact 🚀👩‍💻👨‍💻. This milestone is made possible by the endless blessings of my beloved mother ❤ and the infinite grace of Almighty Allah 🤲. hashtag#SessionalInstructor 🎓🇨🇦 hashtag#ApplicationSpecificProcessors ⚙️⚡ hashtag#HardwareAccelerators 🛠️💻 hashtag#InformationSecurity 🔐 hashtag#PrivacyEngineering 🖥️🛡️ hashtag#UniversityOfCalgary 🍁🏫 hashtag#ElectricalEngineering ⚡ hashtag#ComputerScience 💻 hashtag#TeachingJourney 🚀 hashtag#GratefulAndHonored 😇✨ hashtag#Winter2026 ❄️📅","Sessional Instructor of Explorations in Information Security and Privacy Jan 2026 - Apr 2026 · 4 mos Calgary, Alberta, Canada · On-site Alhamdulillah! 🙏 I am honoured to be teaching as a Sessional Instructor for the TWO upper-year Undergraduate Courses: Application-Specific Processors & Accelerators (for the Electrical and Software Engineering Department) and Explorations in Information Security and Privacy (2nd time)(for the Computer Science Department) for teaching over 250 students for the Up",2
7ce3b059-bf12-4514-a91e-d62f61c16fe1,835db8ff-2a81-4470-a51f-3a9567827e6b,Doctoral Sessional Instructor of Applied Optimization for Sustainable Design,University of Calgary,Sep 2025 - Dec 2025 · 4 mos,,,,,"Alhamdulillah! 🙏 I am honoured to be teaching as the Doctoral Sessional Instructor for the TWO courses: Applied Optimization for Sustainable Design (Graduate M.Eng. Course)(2nd time) and Scalable Data Analytics (Upper-year Undergraduate Course) for the Upcoming Fall 2025 Term by the Department of Electrical and Software Engineering at the University of Calgary, Canada 🇨🇦. These courses serve a dynamic range of graduate and senior undergraduate students 🎓, and delve into the fascinating worlds of optimization for sustainable engineering—covering convex analysis, linear, integer, non-linear, and meta-heuristic methods ♻️📈—as well as the principles of big data, scalable programming paradigms, and large-scale analytics frameworks applied to domains such as web behavior and text mining 📊💻. As Albert Einstein once said, “Education is not the learning of facts, but the training of the mind to think.” 💡 I am truly excited to share my passion for optimization, sustainability, and data analytics—helping empower students to become innovative problem solvers and leaders of tomorrow 🔬👩‍💻👨‍💻. This milestone is made possible by the endless blessings of my beloved mother ❤ and the infinite grace of Almighty Allah 🤲. hashtag#DoctoralSessionalInstructor 🎓🇨🇦 hashtag#AppliedOptimization ♻️📈 hashtag#ScalableDataAnalytics 📊💻 hashtag#UniversityOfCalgary 🍁🏫 hashtag#ElectricalEngineering ⚡ hashtag#SoftwareEngineering 💻🛠 hashtag#TeachingJourney 🚀 hashtag#GratefulAndHonored 😇✨ hashtag#Fall2025 🍂📅","Doctoral Sessional Instructor of Applied Optimization for Sustainable Design Sep 2025 - Dec 2025 · 4 mos Canada Alhamdulillah! 🙏 I am honoured to be teaching as the Doctoral Sessional Instructor for the TWO courses: Applied Optimization for Sustainable Design (Graduate M.Eng. Course)(2nd time) and Scalable Data Analytics (Upper-year Undergraduate Course) for the Upcoming Fall 2025 Term by the Department of Electrical and Software Engineering at the University of Calgary, Canada 🇨🇦. These courses",3
4a0b0988-7879-4084-b0b7-8ede460388fd,835db8ff-2a81-4470-a51f-3a9567827e6b,Doctoral Sessional Instructor of Scalable Data Analytics,University of Calgary,Sep 2025 - Dec 2025 · 4 mos,,,,,"Alhamdulillah! 🙏 I am honoured to be teaching as the Doctoral Sessional Instructor for the TWO courses: Applied Optimization for Sustainable Design (Graduate M.Eng. Course)(2nd time) and Scalable Data Analytics (Upper-year Undergraduate Course) for the Upcoming Fall 2025 Term by the Department of Electrical and Software Engineering at the University of Calgary, Canada 🇨🇦. These courses serve a dynamic range of graduate and senior undergraduate students 🎓, and delve into the fascinating worlds of optimization for sustainable engineering—covering convex analysis, linear, integer, non-linear, and meta-heuristic methods ♻️📈—as well as the principles of big data, scalable programming paradigms, and large-scale analytics frameworks applied to domains such as web behavior and text mining 📊💻. As Albert Einstein once said, “Education is not the learning of facts, but the training of the mind to think.” 💡 I am truly excited to share my passion for optimization, sustainability, and data analytics—helping empower students to become innovative problem solvers and leaders of tomorrow 🔬👩‍💻👨‍💻. This milestone is made possible by the endless blessings of my beloved mother ❤ and the infinite grace of Almighty Allah 🤲. hashtag#DoctoralSessionalInstructor 🎓🇨🇦 hashtag#AppliedOptimization ♻️📈 hashtag#ScalableDataAnalytics 📊💻 hashtag#UniversityOfCalgary 🍁🏫 hashtag#ElectricalEngineering ⚡ hashtag#SoftwareEngineering 💻🛠 hashtag#TeachingJourney 🚀 hashtag#GratefulAndHonored 😇✨ hashtag#Fall2025 🍂📅","Doctoral Sessional Instructor of Scalable Data Analytics Sep 2025 - Dec 2025 · 4 mos Canada Alhamdulillah! 🙏 I am honoured to be teaching as the Doctoral Sessional Instructor for the TWO courses: Applied Optimization for Sustainable Design (Graduate M.Eng. Course)(2nd time) and Scalable Data Analytics (Upper-year Undergraduate Course) for the Upcoming Fall 2025 Term by the Department of Electrical and Software Engineering at the University of Calgary, Canada 🇨🇦. These courses serve a dynamic ran",4
683c8184-9487-40c1-93a9-155aa256506d,835db8ff-2a81-4470-a51f-3a9567827e6b,International Doctoral GPS Mentor,University of Calgary,Aug 2022 - Dec 2025 · 3 yrs 5 mos,,,,,I have been invited by the International Student Service (ISS) of the University of Calgary for leading new International Graduate Students as their Mentor. Looking Forward to making a blast in this role. #ucalgary ✌️❤️😎🇨🇦,"International Doctoral GPS Mentor Aug 2022 - Dec 2025 · 3 yrs 5 mos Calgary, Alberta, Canada I have been invited by the International Student Service (ISS) of the University of Calgary for leading new International Graduate Students as their Mentor. Looking Forward to making a blast in this role. #ucalgary ✌️❤️😎🇨🇦 Skills: Leadership, Strategic Communications, +1 skill",5
a1251527-7785-40d3-a5b7-5f0930bd4aef,835db8ff-2a81-4470-a51f-3a9567827e6b,Doctoral Researcher (PhD studies),University of Calgary,Sep 2021 - Dec 2025 · 4 yrs 4 mos,,,,,"- Conducted full-time doctoral research focused on advanced theoretical and applied problems in wireless communications, signal processing, and data-driven optimization. - Designed and implemented mathematical models, simulations, and algorithmic frameworks for high-mobility 5G/6G communication systems. - Authored and published research in peer-reviewed IEEE journals and conferences, contributing novel methodologies and performance analyses. - Collaborated closely with faculty supervisors, research teams, and external partners on grant-funded projects and technical deliverables. - Presented research findings through seminars, technical reports, and international conferences. - Maintained strong adherence to research ethics, reproducibility, and academic integrity standards. - Mentored junior researchers and supported academic activities as part of the broader research ecosystem.","Doctoral Researcher (PhD studies) Sep 2021 - Dec 2025 · 4 yrs 4 mos Calgary, Alberta, Canada - Conducted full-time doctoral research focused on advanced theoretical and applied problems in wireless communications, signal processing, and data-driven optimization. - Designed and implemented mathematical models, simulations, and algorithmic frameworks for high-mobility 5G/6G communication systems. - Authored and published research in peer-reviewed IEEE journals and conferences, contributing novel m",6
029d3b1b-6044-41f7-8c13-4b16b2998db7,835db8ff-2a81-4470-a51f-3a9567827e6b,Doctoral Sessional Instructor of Signals and Transforms,University of Calgary,Jul 2025 - Aug 2025 · 2 mos,,,,,"Alhamdulillah! 🙏 I am honoured to be re-appointed as a Doctoral Sessional Instructor for the TWO courses: Signals & Transforms and Computer Organization for the Summer 2025 Term by the Department of Electrical and Software Engineering at the University of Calgary, Canada 🇨🇦. These courses serve a dynamic range of undergraduate students from 2nd year to 5th year 🎓, and delve into the fascinating worlds of signal analysis, system transformations, and mathematical foundations 📈🔉 as well as the internal workings of computers, processor architecture, and digital logic design 🖥️⚙️. As Steve Jobs once said, “The only way to do great work is to love what you do.” 💡 Hence, I’m excited to share my passion for these core engineering subjects and to help shape the minds of future innovators, problem solvers, and technology leaders 🔬👨‍💻👩‍💻. This milestone is made possible by the endless blessings of my beloved mother ❤️ and the infinite grace of Almighty Allah 🤲. #DoctoralSessionalInstructor 🎓🇨🇦 #SignalsAndTransforms 📊🎶 #ComputerOrganization 🖥️🔧 #UniversityOfCalgary 🍁🏫 #ElectricalEngineering ⚡️ #SoftwareEngineering 💻🛠️ #TeachingJourney 🚀 #GratefulAndHonored 😇✨ #Summer2025 ☀️📅","Doctoral Sessional Instructor of Signals and Transforms Jul 2025 - Aug 2025 · 2 mos Canada Alhamdulillah! 🙏 I am honoured to be re-appointed as a Doctoral Sessional Instructor for the TWO courses: Signals & Transforms and Computer Organization for the Summer 2025 Term by the Department of Electrical and Software Engineering at the University of Calgary, Canada 🇨🇦. These courses serve a dynamic range of undergraduate students from 2nd year to 5th year 🎓, and delve into the fascinating worlds of s",7
e3c6e108-92d3-44b7-9c10-6bfc3c0c6c0e,835db8ff-2a81-4470-a51f-3a9567827e6b,Doctoral Sessional Instructor of Computer Organization,University of Calgary,Jul 2025 - Aug 2025 · 2 mos,,,,,"Alhamdulillah! 🙏 I am honoured to be teaching as a Doctoral Sessional Instructor for the TWO courses: Signals & Transforms and Computer Organization for the Summer 2025 Term by the Department of Electrical and Software Engineering at the University of Calgary, Canada 🇨🇦. These courses serve a dynamic range of undergraduate students from 2nd year to 5th year 🎓, and delve into the fascinating worlds of signal analysis, system transformations, and mathematical foundations 📈🔉 as well as the internal workings of computers, processor architecture, and digital logic design 🖥️⚙️. As Steve Jobs once said, “The only way to do great work is to love what you do.” 💡 Hence, I’m excited to share my passion for these core engineering subjects and to help shape the minds of future innovators, problem solvers, and technology leaders 🔬👨‍💻👩‍💻. This milestone is made possible by the endless blessings of my beloved mother ❤️ and the infinite grace of Almighty Allah 🤲. #DoctoralSessionalInstructor 🎓🇨🇦 #SignalsAndTransforms 📊🎶 #ComputerOrganization 🖥️🔧 #UniversityOfCalgary 🍁🏫 #ElectricalEngineering ⚡️ #SoftwareEngineering 💻🛠️ #TeachingJourney 🚀 #GratefulAndHonored 😇✨ #Summer2025 ☀️📅","Doctoral Sessional Instructor of Computer Organization Jul 2025 - Aug 2025 · 2 mos Canada Alhamdulillah! 🙏 I am honoured to be teaching as a Doctoral Sessional Instructor for the TWO courses: Signals & Transforms and Computer Organization for the Summer 2025 Term by the Department of Electrical and Software Engineering at the University of Calgary, Canada 🇨🇦. These courses serve a dynamic range of undergraduate students from 2nd year to 5th year 🎓, and delve into the fascinating worlds of signal",8
fec7d4ce-585c-40fa-a102-d43ad5b15737,835db8ff-2a81-4470-a51f-3a9567827e6b,Doctoral Sessional Instructor of Explorations in Information Security and Privacy,University of Calgary,May 2025 - Jun 2025 · 2 mos,,,,,"Alhamdulillah! 🙏 I am honored to be teaching as a Doctoral Sessional Instructor for Explorations in Information Security and Privacy for Spring 2025 by the Department of Computer Science at the University of Calgary, Canada 🇨🇦. This course serves a diverse cohort of undergraduate students ranging from 1st year to 5th year 🎓, and dives into the vital world of cybersecurity 🔐, data protection 🛡️, and digital ethics ⚖️. As Nelson Mandela once said, ""Education is the most powerful weapon which you can use to change the world."" 🌍 Hence, I’m excited to guide and empower the next generation of cyber-aware leaders and responsible digital citizens 💡👩‍💻👨‍💻. This achievement is made possible by the continuous blessings of my mother ❤️ and the infinite grace of Almighty Allah 🤲. #DoctoralSessionalInstructor 🎓🇨🇦 #CyberSecurity 🧠⚔️ #UniversityOfCalgary 🍁🏫 #GratefulAndHonored 😇✨ #InformationSecurity 📡 ##ComputerScience 🌐🧪✌️ #TeachingJourney 🚀 #Spring2025 📅","Doctoral Sessional Instructor of Explorations in Information Security and Privacy May 2025 - Jun 2025 · 2 mos Canada Alhamdulillah! 🙏 I am honored to be teaching as a Doctoral Sessional Instructor for Explorations in Information Security and Privacy for Spring 2025 by the Department of Computer Science at the University of Calgary, Canada 🇨🇦. This course serves a diverse cohort of undergraduate students ranging from 1st year to 5th year 🎓, and dives into the vital world of cybersecurity 🔐, data ",9
da6714bf-522c-4747-b8cf-3724f335041a,835db8ff-2a81-4470-a51f-3a9567827e6b,Doctoral Sessional Instructor of Embedded Systems,University of Calgary,Jan 2025 - Apr 2025 · 4 mos,,,,On-site,"Alhamdulillah! I am honored to be teaching as a Doctoral Sessional Instructor for Winter 2025 at the University of Calgary, Canada 🇨🇦. This term, I’ll be teaching Embedded Systems to Master’s and Ph.D. students—a field that drives innovation in technologies like medical devices, automotive systems, and smart appliances by seamlessly integrating software and hardware. As Steve Jobs said, ""Innovation distinguishes between a leader and a follower."" I look forward to guiding the next generation of innovators. This achievement would not have been possible without the blessings of my mother and the grace of Almighty Allah. #DoctoralSessionalInstructor😇✌️🇨🇦❤️ #UniversityOfCalgary🇨🇦✌️ #EmbeddedSystems❤️ #GratefulAndHonored 🇨🇦✨😇✌️","Doctoral Sessional Instructor of Embedded Systems Jan 2025 - Apr 2025 · 4 mos Canada · On-site Alhamdulillah! I am honored to be teaching as a Doctoral Sessional Instructor for Winter 2025 at the University of Calgary, Canada 🇨🇦. This term, I’ll be teaching Embedded Systems to Master’s and Ph.D. students—a field that drives innovation in technologies like medical devices, automotive systems, and smart appliances by seamlessly integrating software and hardware. As Steve Jobs said, ""Innovation dis",10
46a18538-4f83-4ee7-a74e-d45597be1be6,835db8ff-2a81-4470-a51f-3a9567827e6b,Doctoral Sessional Instructor of Applied Optimization for Sustainable Design,University of Calgary,Sep 2024 - Dec 2024 · 4 mos,,,,On-site,"Alhamdulillah, it's one of my Highest Achievements and Honor to teach as a Doctoral Sessional Instructor by the University of Calgary, Canada 🇨🇦. As a Sessional UCalgary Faculty Academic, I will teaching nearly 80 new Masters and Ph.D Graduate Students regarding Applied Optimization Methods that provides Sustainable Designs and Outcomes. It wouldn't be possible without my Mother's Blessings and Almighty Allah's Wishes. #DoctoralSessionalInstructor 😇❤️🇨🇦✌️ #UniversityOfCalgary 🇨🇦✌️😇 #Canada 🇨🇦❤️✌️😇","Doctoral Sessional Instructor of Applied Optimization for Sustainable Design Sep 2024 - Dec 2024 · 4 mos Canada · On-site Alhamdulillah, it's one of my Highest Achievements and Honor to teach as a Doctoral Sessional Instructor by the University of Calgary, Canada 🇨🇦. As a Sessional UCalgary Faculty Academic, I will teaching nearly 80 new Masters and Ph.D Graduate Students regarding Applied Optimization Methods that provides Sustainable Designs and Outcomes. It wouldn't be possible without my Mot",11
bcba951a-3ddf-4ec1-a17d-4314b259f62b,835db8ff-2a81-4470-a51f-3a9567827e6b,Doctoral TA of Role and Responsibilities of Professional Engineer in Society - APEGA- Spring 2024,University of Calgary,May 2024 - Jun 2024 · 2 mos,,,,,This course teaches the following as per APEGA's criteria: The professional duties and responsibilities of the engineer as they relate to society. Ethics and the engineering profession. Public and worker safety and health. Design for safety. Sustainable development. The engineer and the environment. Environmental stewardship. Essentials of leadership. Gender issues. Employment equity. Fundamentals of Engineering Law. Professional organizations. The Engineering Professions Act.,"Doctoral TA of Role and Responsibilities of Professional Engineer in Society - APEGA- Spring 2024 May 2024 - Jun 2024 · 2 mos Calgary, Alberta, Canada This course teaches the following as per APEGA's criteria: The professional duties and responsibilities of the engineer as they relate to society. Ethics and the engineering profession. Public and worker safety and health. Design for safety. Sustainable development. The engineer and the environment. Environmental stewardship. Essentials of leaders",12
f96a0e41-a6fd-4571-bae2-6cc46689b356,835db8ff-2a81-4470-a51f-3a9567827e6b,Co-instructor of Introductions to Communications Systems and Networks,University of Calgary,Jan 2024 - Apr 2024 · 4 mos,,,,,"I'm happy to share that I have started to work as a Co-instructor of Introductions to Communications Systems and Networks at the University of Calgary, Canada 🇨🇦... #University_of_Calgary #Canada 🇨🇦 ❤️ ✌️","Co-instructor of Introductions to Communications Systems and Networks Jan 2024 - Apr 2024 · 4 mos Calgary, Alberta, Canada I'm happy to share that I have started to work as a Co-instructor of Introductions to Communications Systems and Networks at the University of Calgary, Canada 🇨🇦... #University_of_Calgary #Canada 🇨🇦 ❤️ ✌️ Skills: Telecommunications, Communication, +3 skills",13
71ba1ea6-df47-401c-8a99-60d99fba959a,835db8ff-2a81-4470-a51f-3a9567827e6b,Doctoral Teaching Assistant of Networked Systems - Fall 2023,University of Calgary,Sep 2023 - Dec 2023 · 4 mos,,,,,"This course teaches the principles of computer networks such as: layered protocol stacks, socket programming, programming frameworks for developing secure distributed systems, and introduction to principles of software-defined networks. to final-year undergraduates. So I look forward to working with them. #University_of_Calgary ❤🇨🇦😇","Doctoral Teaching Assistant of Networked Systems - Fall 2023 Sep 2023 - Dec 2023 · 4 mos Calgary, Alberta, Canada This course teaches the principles of computer networks such as: layered protocol stacks, socket programming, programming frameworks for developing secure distributed systems, and introduction to principles of software-defined networks. to final-year undergraduates. So I look forward to working with them. #University_of_Calgary ❤🇨🇦😇 Skills: Telecommunications, Critical Thinking, +3 s",14
6d9611d0-4a21-4114-b125-a15face5c3fe,835db8ff-2a81-4470-a51f-3a9567827e6b,Doctoral Teaching Assistant of Programming with Data - Fall 2023,University of Calgary,Sep 2023 - Dec 2023 · 4 mos,,,,,"I’m happy to share that I have been selected among 150 other applicants to teach the fundamentals of programming constructs, data structures and algorithm development, that facilitates data analytics, validation and visualization using Python and Machine Learning to first-year students in all engineering disciplines. #University_of_Calgary ❤🇨🇦😇✌","Doctoral Teaching Assistant of Programming with Data - Fall 2023 Sep 2023 - Dec 2023 · 4 mos Calgary, Alberta, Canada I’m happy to share that I have been selected among 150 other applicants to teach the fundamentals of programming constructs, data structures and algorithm development, that facilitates data analytics, validation and visualization using Python and Machine Learning to first-year students in all engineering disciplines. #University_of_Calgary ❤🇨🇦😇✌ Skills: Python (Programming Langua",15
e26dbf79-a4eb-4ee5-8bc6-7ac417425765,835db8ff-2a81-4470-a51f-3a9567827e6b,Doctoral Teaching Assistant of Engineering Large Scale Data Analytics Systems - Fall 2023,University of Calgary,Sep 2023 - Dec 2023 · 4 mos,,,,,"I am blessed to share that I will be teaching this Big Scalable Data Analytics course to new M.Eng., M.Sc. and Ph.D. Students at the University of Calgary, which has several Industrial Applications. #University_Of_Calgary ✌️🇨🇦❤️","Doctoral Teaching Assistant of Engineering Large Scale Data Analytics Systems - Fall 2023 Sep 2023 - Dec 2023 · 4 mos Calgary, Alberta, Canada I am blessed to share that I will be teaching this Big Scalable Data Analytics course to new M.Eng., M.Sc. and Ph.D. Students at the University of Calgary, which has several Industrial Applications. #University_Of_Calgary ✌️🇨🇦❤️ Skills: Python (Programming Language), Computer Science, +5 skills",16
ac3313ab-f5bf-41a7-b17e-60e6bfb50b31,835db8ff-2a81-4470-a51f-3a9567827e6b,International Student Services Assistant,University of Calgary,Aug 2023 - Sep 2023 · 2 mos,,,,On-site,,"International Student Services Assistant Aug 2023 - Sep 2023 · 2 mos Calgary, Alberta, Canada · On-site Skills: Team Leadership, Student Development, +2 skills",17
e0012ab8-839d-4493-8f20-795555d289bd,835db8ff-2a81-4470-a51f-3a9567827e6b,Doctoral TA of Role and Responsibilities of Professional Engineer in Society - APEGA- Spring 2023,University of Calgary,May 2023 - Jun 2023 · 2 mos,,,,,This course teaches the following as per APEGA's criteria: The professional duties and responsibilities of the engineer as they relate to society. Ethics and the engineering profession. Public and worker safety and health. Design for safety. Sustainable development. The engineer and the environment. Environmental stewardship. Essentials of leadership. Gender issues. Employment equity. Fundamentals of Engineering Law. Professional organizations. The Engineering Professions Act.,"Doctoral TA of Role and Responsibilities of Professional Engineer in Society - APEGA- Spring 2023 May 2023 - Jun 2023 · 2 mos Calgary, Alberta, Canada This course teaches the following as per APEGA's criteria: The professional duties and responsibilities of the engineer as they relate to society. Ethics and the engineering profession. Public and worker safety and health. Design for safety. Sustainable development. The engineer and the environment. Environmental stewardship. Essentials of leaders",18
7c3349d6-65f5-47c1-80c8-be3f1e2a5d4f,835db8ff-2a81-4470-a51f-3a9567827e6b,Doctoral Graduate Teaching Assistant of Intro. to Communications Sys. and Networks - Winter 2023,University of Calgary,Jan 2023 - Apr 2023 · 4 mos,,,,,"This course teaches the following topics: Introduction to communications systems and networks. Analog communications concepts include filtering and analog modulation. Sampling and digital communications concepts including binary baseband/passband modulation matched filtering and detection. Telecommunications and data network fundamentals including network protocol architectures, design and performance.","Doctoral Graduate Teaching Assistant of Intro. to Communications Sys. and Networks - Winter 2023 Jan 2023 - Apr 2023 · 4 mos Calgary, Alberta, Canada This course teaches the following topics: Introduction to communications systems and networks. Analog communications concepts include filtering and analog modulation. Sampling and digital communications concepts including binary baseband/passband modulation matched filtering and detection. Telecommunications and data network fundamentals including ",19
c072883c-c432-4211-94b1-7f1b1be7e3a3,835db8ff-2a81-4470-a51f-3a9567827e6b,Doctoral Graduate Teaching Assistant of Engineering Design Inno. and Entrepreneurship - Winter 2023,University of Calgary,Jan 2023 - Apr 2023 · 4 mos,,,,,,"Doctoral Graduate Teaching Assistant of Engineering Design Inno. and Entrepreneurship - Winter 2023 Jan 2023 - Apr 2023 · 4 mos This course provides an introduction to agile and iterative design; interdisciplinary application of engineering principles: digital technology, design, communications, leadership, entrepreneurship and project management concepts to a team-based design project with a focus on sustainability and social licenses. Skills: Leadership, Student Development, +3 skills",20
6854d3d1-dbf6-4b39-a733-85c117e407a8,835db8ff-2a81-4470-a51f-3a9567827e6b,Doctoral Graduate Teaching Assistant of Fundamentals of Electrical Circuits and Machines - Fall 2022,University of Calgary,Sep 2022 - Dec 2022 · 4 mos,,,,,"This course teaches the following topics to 1st-year Undergraduate Students: Current, voltage and power; Kirchhoff's current and voltage laws; capacitors; electricity and magnetism fundamentals applied to circuit elements and machines; inductors; topics in electrical circuits and systems; instrumentation; circuit design, DC and AC circuit analysis methods; DC and AC machines; first order circuits and transient analysis.","Doctoral Graduate Teaching Assistant of Fundamentals of Electrical Circuits and Machines - Fall 2022 Sep 2022 - Dec 2022 · 4 mos Canada This course teaches the following topics to 1st-year Undergraduate Students: Current, voltage and power; Kirchhoff's current and voltage laws; capacitors; electricity and magnetism fundamentals applied to circuit elements and machines; inductors; topics in electrical circuits and systems; instrumentation; circuit design, DC and AC circuit analysis methods; DC an",21
a18aa699-9c44-4b40-9036-678d01337d3e,835db8ff-2a81-4470-a51f-3a9567827e6b,Invited IEEE Transactions on Vehicular Technology Reviewer,IEEE,May 2025 - Present · 1 yr 1 mo,,,,,"Alhamdulillah, I am delighted to share that I have been officially invited to serve as a Reviewer for the IEEE Transactions on Vehicular Technology (TVT) (📈 Impact Factor: 7.1) 📰 — a prestigious, top-tier IEEE journal dedicated to publishing high-quality research in the fields of vehicular technology, wireless communications, connected and autonomous vehicles, and intelligent transportation systems 🚗📡. IEEE TVT is globally recognized for advancing innovative theories, practical methodologies, and impactful applications that shape the future of transportation and wireless technologies. It is truly an honour 🙏 to join this esteemed community of scholars, and I look forward to contributing to the progress of knowledge through thorough and constructive peer review 🧠🛠️. Grateful for the opportunity to support cutting-edge research and uphold the values of IEEE TVT publications ✅. #IEEE #TVT #PeerReview #VehicularTechnology #WirelessCommunications #ConnectedVehicles #AutonomousDriving #AcademicService 🎓 #Gratitude #ResearchCommunity 🌐 #ReviewerRole #ProfessionalGrowth 📈 #ImpactfulResearch #AcademicExcellence 🏅","Invited IEEE Transactions on Vehicular Technology Reviewer May 2025 - Present · 1 yr 1 mo Canada Alhamdulillah, I am delighted to share that I have been officially invited to serve as a Reviewer for the IEEE Transactions on Vehicular Technology (TVT) (📈 Impact Factor: 7.1) 📰 — a prestigious, top-tier IEEE journal dedicated to publishing high-quality research in the fields of vehicular technology, wireless communications, connected and autonomous vehicles, and intelligent transportation systems 🚗",22
c31859af-1dfe-4cda-9185-a5cef1e58fc7,835db8ff-2a81-4470-a51f-3a9567827e6b,Invited IEEE Transactions on Network Science and Engineering Reviewer,IEEE,Jun 2025 - Present · 1 yr,,,,,"Alhamdulillah, I am delighted to share that I have been officially invited to serve as a Reviewer for the IEEE Transactions on Network Science and Engineering (TNSE)(📈 Impact Factor: 7.9) 📰 — a prestigious, top-tier IEEE journal dedicated to high-quality research in network science, complex systems, and their engineering applications worldwide 🌐. With its strong reputation and rigorous peer-review standards, TNSE plays a key role in advancing fundamental theories, innovative methodologies, and impactful applications across domains like communications, social networks, biological systems, and cyber‑physical infrastructures. It is truly an honour 🙏 to join this esteemed scholarly community, and I look forward to contributing through thorough and constructive reviews 🧠🛠️. I’m grateful for this opportunity to support cutting-edge research and uphold the values of IEEE TNSE publications ✅. #IEEE #TNSE #PeerReview #NetworkScience #ComplexSystems #AcademicService 🎓 #Gratitude #ResearchCommunity 🌐 #ReviewerRole #ProfessionalGrowth 📈 #ImpactfulResearch #AcademicExcellence 🏅","Invited IEEE Transactions on Network Science and Engineering Reviewer Jun 2025 - Present · 1 yr Canada Alhamdulillah, I am delighted to share that I have been officially invited to serve as a Reviewer for the IEEE Transactions on Network Science and Engineering (TNSE)(📈 Impact Factor: 7.9) 📰 — a prestigious, top-tier IEEE journal dedicated to high-quality research in network science, complex systems, and their engineering applications worldwide 🌐. With its strong reputation and rigorous peer-rev",23
6c24e8ef-d40a-4efa-9c83-9377790a2db7,835db8ff-2a81-4470-a51f-3a9567827e6b,Invited IEEE Canadian Journal of Electrical and Computer Engineering Reviewer,IEEE,May 2025 - Present · 1 yr 1 mo,,,,,,"Invited IEEE Canadian Journal of Electrical and Computer Engineering Reviewer May 2025 - Present · 1 yr 1 mo Alhamdulillah, I am delighted to share that I have been officially invited to serve as a Reviewer for the IEEE Canadian Journal of Electrical and Computer Engineering (CJECE) 📰 — a Prestigious Top-tier Flagship Journal that promotes High-quality Research in Cutting-edge areas of Electrical and Computer engineering across Canada and beyond 🇨🇦. With a selective Acceptance Rate of approximat",24
2e9caffe-3234-4d5c-9655-c4ff70b25a9e,835db8ff-2a81-4470-a51f-3a9567827e6b,Invited IEEE Wireless Communications Letters Reviewer,IEEE,Jun 2024 - Present · 2 yrs,,,,,,"Invited IEEE Wireless Communications Letters Reviewer Jun 2024 - Present · 2 yrs Calgary, Alberta, Canada Skills: Reviews, Signal Processing, +3 skills",25
a99f141e-7bac-4a89-b31f-682d77cdb235,835db8ff-2a81-4470-a51f-3a9567827e6b,Invited IEEE GLOBECOM Reviewer,IEEE,Jun 2023 - Present · 3 yrs,,,,,It's a pleasure to be invited to work as a Reviewer for one of the Top-TIER IEEE Conferences in Wireless Communications in the world. I hope to make it a blast... #IEEE_GLOBECOM ❤️✌️,"Invited IEEE GLOBECOM Reviewer Jun 2023 - Present · 3 yrs Calgary, Alberta, Canada It's a pleasure to be invited to work as a Reviewer for one of the Top-TIER IEEE Conferences in Wireless Communications in the world. I hope to make it a blast... #IEEE_GLOBECOM ❤️✌️ Skills: Telecommunications, Communication, +5 skills",26
70d07f3b-aec1-47dc-b9de-b05fb19ec6d9,835db8ff-2a81-4470-a51f-3a9567827e6b,Invited International IEEE Reviewer,IEEE,Mar 2020 - Present · 6 yrs 3 mos,,,,,"I have acted as an invited IEEE reviewer for several international IEEE conferences and journals: ISBI 2024-2026, Greece-USA, AGRETA 2024, ICSGRC 2024, I2CACIS 2024, ICSGRC 2024, Malaysia, ICCC 2024, China, ISBI 2023, Columbia, ICECET 2022, Czech Republic, ICECCME 2022, Maldives, SSPHE Journal 2022, China, ICECET 2021, South Africa, ICSPC 2021, Malaysia, IWCMC 2020, Cyprus, etc.","Invited International IEEE Reviewer Mar 2020 - Present · 6 yrs 3 mos Calgary, Alberta, Canada I have acted as an invited IEEE reviewer for several international IEEE conferences and journals: ISBI 2024-2026, Greece-USA, AGRETA 2024, ICSGRC 2024, I2CACIS 2024, ICSGRC 2024, Malaysia, ICCC 2024, China, ISBI 2023, Columbia, ICECET 2022, Czech Republic, ICECCME 2022, Maldives, SSPHE Journal 2022, China, ICECET 2021, South Africa, ICSPC 2021, Malaysia, IWCMC 2020, Cyprus, etc. Skills: Reviews, Researc",27
d8373648-39f1-4a8a-8669-ab78dbbdb490,835db8ff-2a81-4470-a51f-3a9567827e6b,Graduate Teaching Assistant of Introduction to Digital Communications,Chulalongkorn University,Jan 2021 - Aug 2021 · 8 mos,,,,,"I serve to teach Digital Communications as TA of my Advisor as part of my Master's Degree at the Faculty of Engineering, Chulalongkorn University. Digital Communications is the use of Digital Signal Processing (DSP), by computers and more specialized digital signal processors, to perform a variety of Digital Signal Processing. The Digital Signal processed in this manner are a sequence of numbers that represent sample of a continuous variable in a domain such as time, space and frequency. It has many uses in audio, speech processing, sonar, radar, sensor array, spectral density estimation, statistical signal processing, digital image processing, data compression, video coding, audio coding, image compression, signal processing for Telecommunications and many more.","Graduate Teaching Assistant of Introduction to Digital Communications Jan 2021 - Aug 2021 · 8 mos Bangkok City, Thailand I serve to teach Digital Communications as TA of my Advisor as part of my Master's Degree at the Faculty of Engineering, Chulalongkorn University. Digital Communications is the use of Digital Signal Processing (DSP), by computers and more specialized digital signal processors, to perform a variety of Digital Signal Processing. The Digital Signal processed in this manner are a ",28
f678082e-83d7-404e-87b1-2b6d98bd5afd,835db8ff-2a81-4470-a51f-3a9567827e6b,Graduate Research Assistant,Chulalongkorn University,Full-time,,Jan 2020,Aug 2021,1 yr 8 mos,"I researched on Edge Cutting 5G Communication Technologies, as part of my masters degree's requirement. For my research I focus on efficient utilization and deployment of 5G Channel Coding schemes, such as: Polar codes and LDPC. Additionally I also focus on PAPR reduction schemes for OFDM systems for effective 5G deployment, according to 3GPP.","Graduate Research Assistant Full-time Jan 2020 - Aug 2021 · 1 yr 8 mos Bangkok, Bangkok City, Thailand I researched on Edge Cutting 5G Communication Technologies, as part of my masters degree's requirement. For my research I focus on efficient utilization and deployment of 5G Channel Coding schemes, such as: Polar codes and LDPC. Additionally I also focus on PAPR reduction schemes for OFDM systems for effective 5G deployment, according to 3GPP. Skills: Python (Programming Language)",29
5bada624-4bcb-46f9-b331-c315e0c2e351,835db8ff-2a81-4470-a51f-3a9567827e6b,Graduate Teaching Assistant of Fundamentals of Digital Communication,Chulalongkorn University,Aug 2020 - Dec 2020 · 5 mos,,,,,"Fundamentals of Digital Communication is a course for conveying the Basic Principles of Digital Communication systems to Undergraduate students of Electrical Engineering at Chulalongkorn University. This course would be highly beneficial and useful to those students who are interested in doing research in fields related to Wireless Communications, Networks, and Signal Processing in the future.","Graduate Teaching Assistant of Fundamentals of Digital Communication Aug 2020 - Dec 2020 · 5 mos Bangkok City, Thailand Fundamentals of Digital Communication is a course for conveying the Basic Principles of Digital Communication systems to Undergraduate students of Electrical Engineering at Chulalongkorn University. This course would be highly beneficial and useful to those students who are interested in doing research in fields related to Wireless Communications, Networks, and Signal Processin",30
d6541575-533e-4866-ae8e-a1a598d650e9,835db8ff-2a81-4470-a51f-3a9567827e6b,Ambassador,IoT For Bangladesh,,"Dhaka, Bangladesh",Jun 2019,Aug 2020,1 yr 3 mos,"IoT for Bangladesh aims to explore the capabilities and potential of ‘Internet of Things (IoT)’ technology in Bangladesh. As globally, the number of connected devices in IoT platform is rising exponentially and it is predicted that there will be more than 30 billion devices connected to the internet by 2020. We would like to be an integral part on following up the highlights of this overwhelming ‘IoT’ journey in Bangladesh. Our Ambassadors will bring the change we aim for, by promoting IoT and spread the messages of IoT for Bangladesh in their own campus. They will also have the responsibility of organizing events in collaboration with the IEEE Student Branches and various clubs of their institution. In future our ambassadors with be provided with the Recognition and Honor that they deserve.","Ambassador IoT For Bangladesh Jun 2019 - Aug 2020 · 1 yr 3 mos Dhaka, Bangladesh IoT for Bangladesh aims to explore the capabilities and potential of ‘Internet of Things (IoT)’ technology in Bangladesh. As globally, the number of connected devices in IoT platform is rising exponentially and it is predicted that there will be more than 30 billion devices connected to the internet by 2020. We would like to be an integral part on following up the highlights of this overwhelming ‘IoT’ journey in Ban",31
e6b7bafa-129c-48de-a6ad-8e1bd8c32164,835db8ff-2a81-4470-a51f-3a9567827e6b,Publicity Coordinator,"IEEE SPS and IEEE ComSoc Joint Student Branch Chapter, AUST",,Bangladesh,Jan 2019,Aug 2020,1 yr 8 mos,"IEEE Signal Processing Society (SPS) and Communications Society (ComSoc) Joint Student Branch Chapter at Ahsanullah University of Science and Technology (AUST) was formed on January 30, 2019, with the geo-code: SBC63101. It’s the first Technical Student Branch Chapter at AUST. The mission of this Joint Societies Student Branch Chapter is to encourage our student members to get involved with the emerging fields of signal processing and to promote recent advancements of technology in the communication sector and related fields. @ISCJSBCA","Publicity Coordinator IEEE SPS and IEEE ComSoc Joint Student Branch Chapter, AUST Jan 2019 - Aug 2020 · 1 yr 8 mos Bangladesh IEEE Signal Processing Society (SPS) and Communications Society (ComSoc) Joint Student Branch Chapter at Ahsanullah University of Science and Technology (AUST) was formed on January 30, 2019, with the geo-code: SBC63101. It’s the first Technical Student Branch Chapter at AUST. The mission of this Joint Societies Student Branch Chapter is to encourage our student members t",32
27446222-27c3-43c8-8f02-a56b13e4a489,835db8ff-2a81-4470-a51f-3a9567827e6b,Member,IEEE AUST Student Branch,,Dhaka,2017,Aug 2020,3 yrs 8 mos,,Member IEEE AUST Student Branch 2017 - Aug 2020 · 3 yrs 8 mos Dhaka Matlab,33
d49bd416-f491-4d88-b60e-c8ca444e76da,835db8ff-2a81-4470-a51f-3a9567827e6b,Member,AUST Innovation and Design Club,,Dhaka,2016,Aug 2020,4 yrs 8 mos,,Member AUST Innovation and Design Club 2016 - Aug 2020 · 4 yrs 8 mos Dhaka Matlab,34
59e08538-a734-4360-95ea-5cc31b6cbe5b,835db8ff-2a81-4470-a51f-3a9567827e6b,Freelancer,Freelancer.com,,,Nov 2015,Aug 2020,4 yrs 10 mos,,Freelancer Freelancer.com Nov 2015 - Aug 2020 · 4 yrs 10 mos,35
5a45a33e-2456-4e43-b03b-0cc504e4bde3,9d5f0bbb-93d1-4b95-be33-efdd0d0da533,"Dean of Faculty of Social Work, University of Calgary",University of Calgary,Full-time,,Jul 2020,Present,5 yrs 11 mos,,"Dean of Faculty of Social Work, University of Calgary Full-time Jul 2020 - Present · 5 yrs 11 mos",0
7abc0771-aa46-4bda-a789-e25ecaac2ead,9d5f0bbb-93d1-4b95-be33-efdd0d0da533,Teaching Professor,University of Calgary,Jul 2008 - Present · 17 yrs 11 mos,,,,,,Teaching Professor Jul 2008 - Present · 17 yrs 11 mos,1
b77604bc-35eb-43f0-b9d1-f3efe904e587,9d5f0bbb-93d1-4b95-be33-efdd0d0da533,Vice Dean,"Faculty of Social Work, University of Calgary",Full-time,Canada,Jul 2019,Jul 2020,1 yr 1 mo,,"Vice Dean Faculty of Social Work, University of Calgary · Full-time Jul 2019 - Jul 2020 · 1 yr 1 mo Canada",2
61b20524-906e-4d3f-92c7-d821f3567425,9d5f0bbb-93d1-4b95-be33-efdd0d0da533,Senior Director,Taylor Institute for Teaching and Learning,,Canada,May 2018,Dec 2018,8 mos,,Senior Director Taylor Institute for Teaching and Learning May 2018 - Dec 2018 · 8 mos Canada,3
1d02f9f9-708f-4859-9e1f-9967af947fa3,9d5f0bbb-93d1-4b95-be33-efdd0d0da533,Associate Dean,"Faculty of Social Work, University of Calgary",Jul 2015 - Jun 2018 · 3 yrs,,,,,,"Associate Dean Jul 2015 - Jun 2018 · 3 yrs Calgary, Canada Area",4
806bc555-ba73-41d6-8dac-0f89e9517759,9d5f0bbb-93d1-4b95-be33-efdd0d0da533,E-Learning Director,"Faculty of Social Work, University of Calgary",Jan 2012 - Jun 2016 · 4 yrs 6 mos,,,,,,E-Learning Director Jan 2012 - Jun 2016 · 4 yrs 6 mos Canada,5
055cbf46-5468-4e3e-9af8-280d8e178240,9d5f0bbb-93d1-4b95-be33-efdd0d0da533,Acting Director,"Taylor Institute for Teaching and Learning, Educational Development Unit",,Canada,Jan 2014,Jun 2014,6 mos,,"Acting Director Taylor Institute for Teaching and Learning, Educational Development Unit Jan 2014 - Jun 2014 · 6 mos Canada",6
95df874b-028d-497a-bd0e-22c695137d6b,323fbbed-76a5-4236-be5c-8a730e2b37fd,Sessional Instructor,University of Calgary,Seasonal,,Sep 2024,Present,1 yr 9 mos,,"Sessional Instructor Seasonal Sep 2024 - Present · 1 yr 9 mos On-site Skills: Biomedical Engineering, Biomedical Electronics, +7 skills",0
a98a20fb-f5bb-444c-ac9d-81851e7dffda,323fbbed-76a5-4236-be5c-8a730e2b37fd,Postdoctoral Research Fellow,University of Calgary,Contract Full-time,,Mar 2021,Present,5 yrs 3 mos,,"Postdoctoral Research Fellow Contract Full-time Mar 2021 - Present · 5 yrs 3 mos Skills: Leadership, Programming, +2 skills",1
b0a7d457-223a-4861-aeae-6e285bdfd5cf,323fbbed-76a5-4236-be5c-8a730e2b37fd,Teaching Assistant,University of New Brunswick,Sep 2017 - Dec 2020 · 3 yrs 4 mos,,,,,,"Teaching Assistant Sep 2017 - Dec 2020 · 3 yrs 4 mos Preparing and teaching practical laboratory classes. Supervising and supporting student’s final projects. Grading assignments and presentations. Thought courses related to advanced biomechanics, assessment and prevention and treatment of injury during sports, and movement disorder.",2
9bad418e-dd6b-46db-9511-5ce9cea785ab,323fbbed-76a5-4236-be5c-8a730e2b37fd,Research Assistant,University of New Brunswick,Contract Part-time,,Sep 2015,Dec 2020,5 yrs 4 mos,"Provided mentorship to students in the Human Performance Lab throughout all stages of their research projects. Guided the development and refinement of research proposals, including study design and methodology. Supported data collection processes, ensuring adherence to protocols and research standards. Assisted with data analysis using appropriate statistical and computational methods. Offered feedback on data interpretation and presentation of results. Helped troubleshoot technical and methodological challenges during project execution. Promoted best practices in research ethics, organization, and scientific communication.","Research Assistant Contract Part-time Sep 2015 - Dec 2020 · 5 yrs 4 mos Fredericton, Canada · On-site Provided mentorship to students in the Human Performance Lab throughout all stages of their research projects. Guided the development and refinement of research proposals, including study design and methodology. Supported data collection processes, ensuring adherence to protocols and research standards. Assisted with data analysis using appropriate statistical and computational methods. Offered ",3
885f6ad7-df38-4f5e-9dfd-9aad2a583abc,323fbbed-76a5-4236-be5c-8a730e2b37fd,Teaching Assistant,Universidade Federal de Uberlândia - UFU,Seasonal,,2013,2014,1 yr,,Teaching Assistant Universidade Federal de Uberlândia - UFU · Seasonal 2013 - 2014 · 1 yr • Preparing and teaching classes • Supervising and supporting students • Grading assignments and presentations,4
8a3c759f-5432-4e77-aeb3-eaaf68d6aa84,323fbbed-76a5-4236-be5c-8a730e2b37fd,Professor,Colégio Técnico Profissional,Contract Full-time,"Uberlândia, Minas Gerais, Brazil",Jan 2013,Sep 2013,9 mos,"Developed and delivered course materials for Code Standards for Electrical Installations and Introduction to Occupational Safety. Designed structured lesson plans aligned with industry standards and regulatory requirements. Taught theoretical concepts and practical applications related to electrical codes and workplace safety. Facilitated student understanding through lectures, discussions, and applied examples. Assessed student performance through assignments, exams, and practical evaluations Ensured course content reflected current safety regulations and best practices in electrical installations. Promoted a strong culture of safety awareness and compliance among students.","Professor Colégio Técnico Profissional · Contract Full-time Jan 2013 - Sep 2013 · 9 mos Uberlândia, Minas Gerais, Brazil Developed and delivered course materials for Code Standards for Electrical Installations and Introduction to Occupational Safety. Designed structured lesson plans aligned with industry standards and regulatory requirements. Taught theoretical concepts and practical applications related to electrical codes and workplace safety. Facilitated student understanding through lectures",5
99eb9fb4-b95f-4d6b-b2b4-bda705a35528,323fbbed-76a5-4236-be5c-8a730e2b37fd,Intern at the Clinical Engineering Department,Hospital e Maternidade Santa Clara,,"Uberlândia, Minas Gerais, Brazil",Sep 2012,Apr 2013,8 mos,Activities in management and clinical engineering. Responsible for medical personal training in hospital equipment. Survey and control of preventive and corrective maintenance of all the hospital equipment.,"Intern at the Clinical Engineering Department Hospital e Maternidade Santa Clara Sep 2012 - Apr 2013 · 8 mos Uberlândia, Minas Gerais, Brazil Activities in management and clinical engineering. Responsible for medical personal training in hospital equipment. Survey and control of preventive and corrective maintenance of all the hospital equipment. Medical Technology, Teamwork and +2 skills",6
1f022a5c-f1f5-4c04-98e6-a0035c2e2ba7,323fbbed-76a5-4236-be5c-8a730e2b37fd,Medical Technician,Medtec Equipamentos Médicos,Internship,Uberlândia,May 2009,Nov 2010,1 yr 7 mos,"Conducted screening, technical evaluation, and calibration of medical equipment. Performed installation of medical devices and delivered user training.","Medical Technician Medtec Equipamentos Médicos · Internship May 2009 - Nov 2010 · 1 yr 7 mos Uberlândia Conducted screening, technical evaluation, and calibration of medical equipment. Performed installation of medical devices and delivered user training. Medical Technology, Teamwork and +2 skills",7
52961633-5f20-48db-adc5-824cf1b38794,79d2e96a-feb5-4c91-a1c4-b089333ae954,"Manager, Industry Liaison Office (Research)",University of Calgary,May 2022 - Present · 4 yrs 1 mo,,,,,,"Manager, Industry Liaison Office (Research) May 2022 - Present · 4 yrs 1 mo",0
20685f3a-f7e5-42b8-9b9f-b5c008d46f8a,79d2e96a-feb5-4c91-a1c4-b089333ae954,Senior Research Advisor - Schulich School of Engineering,University of Calgary,Jul 2020 - May 2022 · 1 yr 11 mos,,,,,,Senior Research Advisor - Schulich School of Engineering Jul 2020 - May 2022 · 1 yr 11 mos,1
bc4c03c9-f1cb-4000-8720-189ef7ecf882,79d2e96a-feb5-4c91-a1c4-b089333ae954,Research Coordinator - Biomedical Engineering,University of Calgary,Jul 2019 - Jul 2020 · 1 yr 1 mo,,,,,,Research Coordinator - Biomedical Engineering Jul 2019 - Jul 2020 · 1 yr 1 mo,2
ef541639-5742-4156-956f-e935437007fe,79d2e96a-feb5-4c91-a1c4-b089333ae954,Research Coordinator - Hotchkiss Brain Institute,University of Calgary,Dec 2016 - Jul 2019 · 2 yrs 8 mos,,,,,,Research Coordinator - Hotchkiss Brain Institute Dec 2016 - Jul 2019 · 2 yrs 8 mos,3
9cdff305-62db-4c1c-951e-de3b77d3a27a,c2a51769-ff4e-41b3-a853-1177cbf076b8,Adjunct Professor,The University of British Columbia,,"Vancouver, British Columbia, Canada · Remote",Jun 2025,Present,1 yr,"Faculty of Education, Educational and Counselling Psychology, and Special Education","Adjunct Professor The University of British Columbia Jun 2025 - Present · 1 yr Vancouver, British Columbia, Canada · Remote Faculty of Education, Educational and Counselling Psychology, and Special Education",0
24fefa61-75ee-4177-975d-9c30711bca24,c2a51769-ff4e-41b3-a853-1177cbf076b8,Research Associate II,University of Michigan,,"Ann Arbor, Michigan, United States · Remote",Feb 2025,Present,1 yr 4 mos,,"Research Associate II University of Michigan Feb 2025 - Present · 1 yr 4 mos Ann Arbor, Michigan, United States · Remote Scholarly Research and Research Collaboration",1
ae352adb-b229-4acb-81bf-c938e9d925c0,c2a51769-ff4e-41b3-a853-1177cbf076b8,Senior Researcher,TIES (The Immigrant Education Society),,"Calgary, Alberta, Canada · On-site",Feb 2023,Present,3 yrs 4 mos,"Statistical Data Analysis, Project Management and +5 skills","Senior Researcher TIES (The Immigrant Education Society) Feb 2023 - Present · 3 yrs 4 mos Calgary, Alberta, Canada · On-site https://www.immigrantresearch.com Statistical Data Analysis, Project Management and +5 skills",2
dbf0cae7-5849-46e4-b673-00481cbc10df,c2a51769-ff4e-41b3-a853-1177cbf076b8,Adjunct Professor,University of Mazandaran,Sep 2014 - Jul 2022 · 7 yrs 11 mos,,,,On-site,"- Led group sessions for between 40-80 students and offered one-on-one assistance. - Created a syllabus and instructional plans for each class session in accordance with stated course objectives. - Create, administer, and grade exam papers. - Assisted students in conducting research, structuring a debate case, and presenting it. - Teaching these courses for BA students at the University of Mazandaran: Statistical Methods and Data Analysis in Psychology, Educational Psychology; SPSS for psychology students; Social Psychology; Attitude change , Applied social psychology.","Adjunct Professor Sep 2014 - Jul 2022 · 7 yrs 11 mos Babolsar County, Mazandaran Province, Iran · On-site - Led group sessions for between 40-80 students and offered one-on-one assistance. - Created a syllabus and instructional plans for each class session in accordance with stated course objectives. - Create, administer, and grade exam papers. - Assisted students in conducting research, structuring a debate case, and presenting it. - Teaching these courses for BA students at the University of M",3
109fada8-1474-4fd8-81e0-64a551d7faf1,c2a51769-ff4e-41b3-a853-1177cbf076b8,Reviewer for the journal of educational planning studies,University of Mazandaran,Aug 2020 - Apr 2022 · 1 yr 9 mos,,,,Remote,,"Reviewer for the journal of educational planning studies Aug 2020 - Apr 2022 · 1 yr 9 mos Mazandaran Province, Iran · Remote",4
bc0d5205-3b85-4516-b942-3efee902eb0d,c2a51769-ff4e-41b3-a853-1177cbf076b8,Educational Counselor,University of Mazandaran,Sep 2011 - Sep 2021 · 10 yrs 1 mo,,,,On-site,"- Counsel students regarding educational issues such as course and program selection, class scheduling, time management, study habits, and career planning. - Counsel individuals to help them understand and overcome personal, social, or behavioral problems affecting their educational or vocational situations. - Instruct individuals in career development techniques such as job search and application strategies, resume writing, and interview skills. - Encourage students to seek additional assistance from mental health professionals when necessary. - Psychological assessment and evaluation","Educational Counselor Sep 2011 - Sep 2021 · 10 yrs 1 mo Babolsar, Mazandaran Province, Iran · On-site - Counsel students regarding educational issues such as course and program selection, class scheduling, time management, study habits, and career planning. - Counsel individuals to help them understand and overcome personal, social, or behavioral problems affecting their educational or vocational situations. - Instruct individuals in career development techniques such as job search and applicati",5
d96f16f9-ff29-462e-b1c3-a8251173172f,c2a51769-ff4e-41b3-a853-1177cbf076b8,Research Associates,University of Mazandaran,Sep 2012 - Sep 2017 · 5 yrs 1 mo,,,,On-site,"- Assisted in the design and implementation of survey instruments such as pencil and paper questionnaires to obtain study data. - Wrote reports, gave presentations, and submitted articles to peer-reviewed journals. - Organized paperwork, such as informed consent waivers and research scope documentation, for participants. - Devised, modified, and carried out research methods, procedures, and tests. -Advanced data analysis with SPSS, AMOS, PLS, NVIVO softwares - Conducted extensive literature reviews and collected and analyzed data using a variety of statistical tools in a highly organized manner. - Wrote and edited questionnaires and data collection forms.","Research Associates Sep 2012 - Sep 2017 · 5 yrs 1 mo Babolsar, Iran · On-site - Assisted in the design and implementation of survey instruments such as pencil and paper questionnaires to obtain study data. - Wrote reports, gave presentations, and submitted articles to peer-reviewed journals. - Organized paperwork, such as informed consent waivers and research scope documentation, for participants. - Devised, modified, and carried out research methods, procedures, and tests. -Advanced data analys",6
7e8ea63e-7d21-4a10-8699-1cd07d9edd22,c2a51769-ff4e-41b3-a853-1177cbf076b8,Research Consultant and data analyst,Freelance,Self-employed,"Structural Equation Modeling, Psychological Assessment and +3 skills",Sep 2011,Jan 2021,9 yrs 5 mos,,"Research Consultant and data analyst Freelance · Self-employed Sep 2011 - Jan 2021 · 9 yrs 5 mos Structural Equation Modeling, Psychological Assessment and +3 skills",7
b7c1553e-6a0d-4c31-bc02-69a91ba5361c,c2a51769-ff4e-41b3-a853-1177cbf076b8,Sessional Instructor,Payame Noor University (Distance Education),Part-time,"Iran, mazandsran, sari · Hybrid",2011,2016,5 yrs,"Teaching these courses for BA students: Statistical Methods in Psychology, Learning Theories, Psychology Seminar, Applied Behavior Change","Sessional Instructor Payame Noor University (Distance Education) · Part-time 2011 - 2016 · 5 yrs Iran, mazandsran, sari · Hybrid Teaching these courses for BA students: Statistical Methods in Psychology, Learning Theories, Psychology Seminar, Applied Behavior Change",8
cdd72581-3808-4eb6-8b9a-65a502f3caaf,740ac093-78a5-401b-b728-48dbf904faf7,Undergraduate Research Assistant,Hotchkiss Brain Institute,,,May 2026,Present,1 mo,,Undergraduate Research Assistant Hotchkiss Brain Institute May 2026 - Present · 1 mo,0
d49fd007-3486-4d24-8b07-e639ee3c9025,740ac093-78a5-401b-b728-48dbf904faf7,Venue Coordinator,Volleyball Alberta,Nov 2023 - Present · 2 yrs 7 mos,,,,,,Venue Coordinator Nov 2023 - Present · 2 yrs 7 mos,1
e0f80c59-1a39-44b5-b35b-c89161c9746a,740ac093-78a5-401b-b728-48dbf904faf7,Retail Salesperson,Volleyball Alberta,Nov 2023 - May 2024 · 7 mos,,,,,,Retail Salesperson Nov 2023 - May 2024 · 7 mos,2
e719f3e4-432a-487e-afc5-e273ee1c3ff3,740ac093-78a5-401b-b728-48dbf904faf7,Venue Staff,Volleyball Canada,Seasonal,,,,1 mo,,Venue Staff Volleyball Canada · Seasonal May 2024 · 1 mo,3
2111e9d2-19bb-4456-a50d-a98af9c51ac6,740ac093-78a5-401b-b728-48dbf904faf7,Swim Instructor,K & K Swim School,,,Jul 2022,Jun 2023,1 yr,,Swim Instructor K & K Swim School Jul 2022 - Jun 2023 · 1 yr,4
0f1d3416-2a95-4460-b4fd-73c17863f11b,740ac093-78a5-401b-b728-48dbf904faf7,Shad Fellow,Shad Canada,,,,,1 mo,,Shad Fellow Shad Canada Jul 2021 · 1 mo,5
108f275f-7ea7-4704-ba7e-5f8299a93aa1,58d70489-86f5-4099-bd79-7d7a2194f586,Doctoral Researcher,University of Calgary,Permanent Full-time,,Feb 2022,Present,4 yrs 4 mos,"The focus of my thesis work is to better understand and treat cardiovascular dysfunction following spinal cord injury through the use of epidural spinal stimulation. Individuals living with spinal cord injury are at a four-fold greater risk of developing cardiovascular disease than uninjured individuals, so developing and testing a therapeutic for this condition is of the utmost importance to improve health outcomes in this population.","Doctoral Researcher Permanent Full-time Feb 2022 - Present · 4 yrs 4 mos The focus of my thesis work is to better understand and treat cardiovascular dysfunction following spinal cord injury through the use of epidural spinal stimulation. Individuals living with spinal cord injury are at a four-fold greater risk of developing cardiovascular disease than uninjured individuals, so developing and testing a therapeutic for this condition is of the utmost importance to improve health outcomes in this",0
47dc8113-4f9c-4a37-bef8-ca6ae881b3de,58d70489-86f5-4099-bd79-7d7a2194f586,MSc Student - Clinical Neruosciences,University of Calgary,Contract Full-time,,Jan 2020,Jan 2022,2 yrs 1 mo,"The focus of my thesis was the use of robotics to better understand and rehabilitate arm function in stroke survivors. Specifically, I looked at the ipsilesional arm in stroke survivors (often referred to as the ""less-affected"" arm), and how movement deficits in this arm presented and changed in the first 6-months following stroke. Ipsilesional deficits were previously overlooked in stroke rehabilitation, often being cited as ""insignificantly contributing"" to overall motor impairment following stroke. As a result, my work presented an exciting opportunity to provide clinicians with much needed knowledge about these deficits, and how they can be better targeted in the clinic.","MSc Student - Clinical Neruosciences Contract Full-time Jan 2020 - Jan 2022 · 2 yrs 1 mo The focus of my thesis was the use of robotics to better understand and rehabilitate arm function in stroke survivors. Specifically, I looked at the ipsilesional arm in stroke survivors (often referred to as the ""less-affected"" arm), and how movement deficits in this arm presented and changed in the first 6-months following stroke. Ipsilesional deficits were previously overlooked in stroke rehabilitation, of",1
143a6a8c-54fd-4743-8a83-31dbfd80c972,58d70489-86f5-4099-bd79-7d7a2194f586,Young Leader - Calgary Affiliate Management Committee,Special Olympics Alberta,Contract Part-time,"Calgary, Alberta, Canada",Jun 2022,Present,4 yrs,"As a member of the Affiliate Management Committee, I am responsible for ensuring that there is a clear vision for Special Olympics Calgary that is founded in championing the health and social benefits afforded to Calgarians with an intellectual disability through the Special Olympics programs offered.","Young Leader - Calgary Affiliate Management Committee Special Olympics Alberta · Contract Part-time Jun 2022 - Present · 4 yrs Calgary, Alberta, Canada As a member of the Affiliate Management Committee, I am responsible for ensuring that there is a clear vision for Special Olympics Calgary that is founded in championing the health and social benefits afforded to Calgarians with an intellectual disability through the Special Olympics programs offered.",2
fc114aca-658f-401d-8167-e19bac9039b8,58d70489-86f5-4099-bd79-7d7a2194f586,Social Director - Hotchkiss Brain Institute Trainee Organization,Hotchkiss Brain Institute,Contract Full-time,"Calgary, Alberta, Canada",May 2022,Present,4 yrs 1 mo,"As Social Director for the HBITO, I was responsible for organizing and running the social events of the HBITO. The aim of these events was to bring together trainees from the HBI of all all levels (MSc, PhD, and Post-Doctoral Fellows) in an informal setting to get to know one another and foster a better sense of community.","Social Director - Hotchkiss Brain Institute Trainee Organization Hotchkiss Brain Institute · Contract Full-time May 2022 - Present · 4 yrs 1 mo Calgary, Alberta, Canada As Social Director for the HBITO, I was responsible for organizing and running the social events of the HBITO. The aim of these events was to bring together trainees from the HBI of all all levels (MSc, PhD, and Post-Doctoral Fellows) in an informal setting to get to know one another and foster a better sense of community.",3
0e6d0b68-780b-4a3f-bc86-7e4c74b05dcf,58d70489-86f5-4099-bd79-7d7a2194f586,"Entremétier & Garde Manger Chef, Kitchen Expo",Sky 360,Permanent Part-time,"Calgary, Alberta, Canada",Sep 2021,Feb 2022,6 mos,,"Entremétier & Garde Manger Chef, Kitchen Expo Sky 360 · Permanent Part-time Sep 2021 - Feb 2022 · 6 mos Calgary, Alberta, Canada",4
0fa71a14-7034-4547-9e19-cd0703cc8604,58d70489-86f5-4099-bd79-7d7a2194f586,Pro Shop Representative,Aforza,Permanent Part-time,"Calgary, Alberta, Canada",Aug 2015,Jan 2020,4 yrs 6 mos,"As a pro shop representative, I was responsible for selling and advertising merchandise to customers, organizing and booking tennis courts for coaches and members of the club, and maintaining general cleanliness of the club. After a year on the job, I was put in charge of training all new pro shop employees as I was the most senior pro shop representative at The Tennis Academy.","Pro Shop Representative Aforza · Permanent Part-time Aug 2015 - Jan 2020 · 4 yrs 6 mos Calgary, Alberta, Canada As a pro shop representative, I was responsible for selling and advertising merchandise to customers, organizing and booking tennis courts for coaches and members of the club, and maintaining general cleanliness of the club. After a year on the job, I was put in charge of training all new pro shop employees as I was the most senior pro shop representative at The Tennis Academy.",5
ba2317c0-1c5e-4db1-810c-8a60e7624c16,58d70489-86f5-4099-bd79-7d7a2194f586,Summer Research Student,Calgary Retina Consultants,Seasonal,"Calgary, Alberta, Canada",Jun 2017,Aug 2019,2 yrs 3 mos,"Over the summers of 2017, 2018, and 2019, I was a summer research student for the Calgary Retina Consultants. For my project, I completed a retrospective chart review of patients who had received surgical treatment for bilateral rhegmatogenous retinal detachments (RRD). The purpose of this work was to better understand how bilateral RRD presented in the clinic, as it is an extremely rare condition. Additionally, my project sought to determine which surgical repair methods provided the best visual outcomes at one-year post-operation.","Summer Research Student Calgary Retina Consultants · Seasonal Jun 2017 - Aug 2019 · 2 yrs 3 mos Calgary, Alberta, Canada Over the summers of 2017, 2018, and 2019, I was a summer research student for the Calgary Retina Consultants. For my project, I completed a retrospective chart review of patients who had received surgical treatment for bilateral rhegmatogenous retinal detachments (RRD). The purpose of this work was to better understand how bilateral RRD presented in the clinic, as it is an ext",6
1c74fd68-c355-4d17-b907-f6d67867a0ac,58d70489-86f5-4099-bd79-7d7a2194f586,Line Cook,JOEY Restaurant Group,Permanent Part-time,"Calgary, Alberta, Canada",Jun 2014,Apr 2015,11 mos,"Line cook for JOEY Crowfoot. Responsibilities included preparing and cooking meals for customers, maintaining kitchen cleanliness, and training new cooks to the kitchen. After starting out as an appetizers cook, I was promoted to an entrée cook after only 4 shifts on the job.","Line Cook JOEY Restaurant Group · Permanent Part-time Jun 2014 - Apr 2015 · 11 mos Calgary, Alberta, Canada Line cook for JOEY Crowfoot. Responsibilities included preparing and cooking meals for customers, maintaining kitchen cleanliness, and training new cooks to the kitchen. After starting out as an appetizers cook, I was promoted to an entrée cook after only 4 shifts on the job.",7
921cf133-e3c4-44e1-9a80-c6c0d44f0f06,b23b8e92-e714-4120-9e60-e12ee0aaafdd,Assistant Professor,Mount Royal University,Contract Full-time,,Jul 2025,Present,11 mos,,Assistant Professor | Mount Royal University | Jul 2025 | Present,0
a104bfa0-167c-4b95-8de9-46705688679a,b23b8e92-e714-4120-9e60-e12ee0aaafdd,PhD Candidate in Biomedical Engineering,University of Calgary,Contract Full-time,"Calgary, Alberta, Canada",May 2021,Present,5 yrs 1 mo,"As a 4th-year PhD candidate in Biomedical Engineering at the University of Calgary, my research focuses on advancing machine learning applications for fMRI data analysis. I specialize in physiological signal processing and functional connectivity, aiming to improve the accuracy of physiological noise correction and enhance our understanding of brain dynamics. My current projects involve reconstructing physiological waveforms, such as respiratory and cardiac signals, directly from BOLD-fMRI data. Key achievements: -Awarded the Hotchkiss Brain Institute Scholarship and Eyes High Doctoral Recruitment Scholarship for outstanding research contributions. -Recipient of the Graduate Student Research Impact Excellence Award and BME Graduate Program Research Excellence Award in recognition of research impact and excellence in the Biomedical Engineering program. -Trainee at the Hotchkiss Brain Institute and Alberta Children’s Hospital Research Institute, collaborating on interdisciplinary research projects. -Published multiple peer-reviewed papers on physiological signal estimation and fMRI data processing in leading journals and conferences.",PhD Candidate in Biomedical Engineering | University of Calgary | May 2021 | Present,1
14e43db6-35ca-4831-9fde-354016d32ac0,b23b8e92-e714-4120-9e60-e12ee0aaafdd,Research Trainee,Hotchkiss Brain Institute,Contract Full-time,"Calgary, Alberta, Canada",Sep 2021,Present,4 yrs 9 mos,,Research Trainee | Hotchkiss Brain Institute | Sep 2021 | Present,2
22c47429-6997-4dfb-b053-b3e63b4007cf,b23b8e92-e714-4120-9e60-e12ee0aaafdd,Research Trainee,Alberta Children’s Hospital Research Institute (ACHRI),Internship,"Calgary, Alberta, Canada",Sep 2022,Present,3 yrs 9 mos,,Research Trainee | Alberta Children’s Hospital Research Institute (ACHRI) | Sep 2022 | Present,3
be67d42d-cba9-46de-8259-0d917bb6832d,b23b8e92-e714-4120-9e60-e12ee0aaafdd,Editorial Board Member,Computational Research Progress in Applied Science & Engineering (CRPASE) Journal,On-Call,"Houston, Texas, United States",Jan 2015,Present,11 yrs 5 mos,"Unpaid volunteer position as an Editorial Board Member for the Computational Research Progress in Applied Science & Engineering (CRPASE) journal. Responsibilities include evaluating manuscript submissions, collaborating with the Editor-in-Chief and fellow board members to maintain publication standards, and providing expert guidance on research methodologies and relevance. Actively contribute to promoting high-quality research in computational science and engineering by supporting the editorial and peer-review processes.",Editorial Board Member | Computational Research Progress in Applied Science & Engineering (CRPASE) Journal | Jan 2015 | Present,4
f4111eca-58b4-4abb-952d-c045f30e1383,b23b8e92-e714-4120-9e60-e12ee0aaafdd,Instructor,"Schulich School of Engineering, University of Calgary",Seasonal,"Calgary, Alberta, Canada",Jan 2024,Apr 2024,4 mos,"-Teaching Introduction to Biomedical Imaging and Applications (BMEN 509), covering foundational concepts and applications in biomedical imaging. -Designed and led a weekly 2-hour lab session, providing hands-on experience with MRI, CT, X-ray, PET, and ultrasound imaging. -Supervised two teaching assistants for lab sessions and student support. -Developed course materials, delivered lectures, and guided students in understanding biomedical imaging techniques. -Assessed student performance through assignments, labs, and exams.","Instructor | Schulich School of Engineering, University of Calgary | Jan 2024 | Apr 2024",5
98c230b5-6e00-4a05-9f4e-4dfb93b8c18b,b23b8e92-e714-4120-9e60-e12ee0aaafdd,Chief Executive Officer,,3rd,"Gonbad-e-Kavus County, Golestan Province, Iran",Jul 2015,May 2021,5 yrs 11 mos,"-Co-founded and led Ferdows Golestan Ghaboos, an NGO dedicated to supporting education for underprivileged children, particularly Afghan refugee families in Iran. -Organized fundraising efforts and distributed over 2,500 aid packages, including school supplies and essentials, to children from low-income families. -Provided free tutoring, counseling, and resources to help children continue their education, especially after the Zemestan-Yurt coal mine disaster, which left 100 children without a parent. -Honored by the President of Iran and the Welfare Organization in 2018 for impactful contributions to the community. -Developed leadership and interpersonal skills, managing a diverse team and fostering a culture of inclusion and support for disadvantaged groups.",Chief Executive Officer | Jul 2015 | May 2021,6
d66b761f-824e-483d-9b01-ed4f5dcd6e7b,e754b33f-1a31-420f-b17a-1c21838a82dd,Undergraduate Researcher,Hotchkiss Brain Institute,,,May 2025,Present,1 yr 1 mo,,Undergraduate Researcher | Hotchkiss Brain Institute | May 2025 | Present,0
6f81cc0c-15d0-4ad8-a65c-9fdc4ad52e8f,e754b33f-1a31-420f-b17a-1c21838a82dd,Lifeguard/Swimming Instructor,Strathmore Aquatic Centre,,,Aug 2021,Present,4 yrs 10 mos,Shift Supervisor,Lifeguard/Swimming Instructor | Strathmore Aquatic Centre | Aug 2021 | Present,1
b0054bee-d062-4570-b35d-e9ca2da22b6b,e754b33f-1a31-420f-b17a-1c21838a82dd,Skating Instructor & Summer Camps Leader | Active Living,University of Calgary,,,Jul 2021,Nov 2024,3 yrs 5 mos,Teaching and Leadership,Skating Instructor & Summer Camps Leader | Active Living | University of Calgary | Jul 2021 | Nov 2024,2
fd3c0d87-3382-49b5-8eea-0633bf22895c,e754b33f-1a31-420f-b17a-1c21838a82dd,Undergraduate Researcher,O'Brien Institute for Public Health,,"Calgary, Alberta, Canada",May 2024,Aug 2024,4 mos,Nephrology Research Group,Undergraduate Researcher | O'Brien Institute for Public Health | May 2024 | Aug 2024,3
e98fe4d7-06ff-440b-a614-baa76f7f2036,e754b33f-1a31-420f-b17a-1c21838a82dd,Figure Skating Coach,,3rd,,Sep 2019,Apr 2022,2 yrs 8 mos,Why am I seeing this ad?,Figure Skating Coach | Sep 2019 | Apr 2022,4
e414c194-a9bd-4305-b7c7-75a42bf28f14,2150e7f0-9348-4733-b56a-600d219f5a78,Assistant Professor,Mount Royal University,Contract Full-time,,Jul 2025,Present,11 mos,,Assistant Professor | Mount Royal University | Jul 2025 | Present,0
58caf6e6-818e-423a-ad67-f5fd7af4c4aa,2150e7f0-9348-4733-b56a-600d219f5a78,PhD Candidate in Biomedical Engineering,University of Calgary,Contract Full-time,"Calgary, Alberta, Canada",May 2021,Present,5 yrs 1 mo,"As a 4th-year PhD candidate in Biomedical Engineering at the University of Calgary, my research focuses on advancing machine learning applications for fMRI data analysis. I specialize in physiological signal processing and functional connectivity, aiming to improve the accuracy of physiological noise correction and enhance our understanding of brain dynamics. My current projects involve reconstructing physiological waveforms, such as respiratory and cardiac signals, directly from BOLD-fMRI data. Key achievements: -Awarded the Hotchkiss Brain Institute Scholarship and Eyes High Doctoral Recruitment Scholarship for outstanding research contributions. -Recipient of the Graduate Student Research Impact Excellence Award and BME Graduate Program Research Excellence Award in recognition of research impact and excellence in the Biomedical Engineering program. -Trainee at the Hotchkiss Brain Institute and Alberta Children’s Hospital Research Institute, collaborating on interdisciplinary research projects. -Published multiple peer-reviewed papers on physiological signal estimation and fMRI data processing in leading journals and conferences.",PhD Candidate in Biomedical Engineering | University of Calgary | May 2021 | Present,1
d52a6921-d954-417d-a714-2b60a2a18bf0,2150e7f0-9348-4733-b56a-600d219f5a78,Research Trainee,Hotchkiss Brain Institute,Contract Full-time,"Calgary, Alberta, Canada",Sep 2021,Present,4 yrs 9 mos,,Research Trainee | Hotchkiss Brain Institute | Sep 2021 | Present,2
73977df3-e731-4a20-8274-8e0ecbf8bd85,2150e7f0-9348-4733-b56a-600d219f5a78,Research Trainee,Alberta Children’s Hospital Research Institute (ACHRI),Internship,"Calgary, Alberta, Canada",Sep 2022,Present,3 yrs 9 mos,,Research Trainee | Alberta Children’s Hospital Research Institute (ACHRI) | Sep 2022 | Present,3
37fc2e36-1e65-4f41-b804-af8d8dfa4090,2150e7f0-9348-4733-b56a-600d219f5a78,Editorial Board Member,Computational Research Progress in Applied Science & Engineering (CRPASE) Journal,On-Call,"Houston, Texas, United States",Jan 2015,Present,11 yrs 5 mos,"Unpaid volunteer position as an Editorial Board Member for the Computational Research Progress in Applied Science & Engineering (CRPASE) journal. Responsibilities include evaluating manuscript submissions, collaborating with the Editor-in-Chief and fellow board members to maintain publication standards, and providing expert guidance on research methodologies and relevance. Actively contribute to promoting high-quality research in computational science and engineering by supporting the editorial and peer-review processes.",Editorial Board Member | Computational Research Progress in Applied Science & Engineering (CRPASE) Journal | Jan 2015 | Present,4
279d1e3f-4a34-46a5-8c3f-1e6fea91b534,2150e7f0-9348-4733-b56a-600d219f5a78,Instructor,"Schulich School of Engineering, University of Calgary",Seasonal,"Calgary, Alberta, Canada",Jan 2024,Apr 2024,4 mos,"-Teaching Introduction to Biomedical Imaging and Applications (BMEN 509), covering foundational concepts and applications in biomedical imaging. -Designed and led a weekly 2-hour lab session, providing hands-on experience with MRI, CT, X-ray, PET, and ultrasound imaging. -Supervised two teaching assistants for lab sessions and student support. -Developed course materials, delivered lectures, and guided students in understanding biomedical imaging techniques. -Assessed student performance through assignments, labs, and exams.","Instructor | Schulich School of Engineering, University of Calgary | Jan 2024 | Apr 2024",5
e2bd8b0c-5166-40ac-a79d-e642eb29aff5,2150e7f0-9348-4733-b56a-600d219f5a78,Chief Executive Officer,,3rd,"Gonbad-e-Kavus County, Golestan Province, Iran",Jul 2015,May 2021,5 yrs 11 mos,"-Co-founded and led Ferdows Golestan Ghaboos, an NGO dedicated to supporting education for underprivileged children, particularly Afghan refugee families in Iran. -Organized fundraising efforts and distributed over 2,500 aid packages, including school supplies and essentials, to children from low-income families. -Provided free tutoring, counseling, and resources to help children continue their education, especially after the Zemestan-Yurt coal mine disaster, which left 100 children without a parent. -Honored by the President of Iran and the Welfare Organization in 2018 for impactful contributions to the community. -Developed leadership and interpersonal skills, managing a diverse team and fostering a culture of inclusion and support for disadvantaged groups.",Chief Executive Officer | Jul 2015 | May 2021,6
e5011b95-a564-40fd-a31d-47c02e1c753b,855929b9-766b-4077-97ce-9ea170a67b85,Senior Software Engineer,University of Calgary,Contract Full-time,"Calgary, Alberta, Canada",May 2026,Present,1 mo,,Senior Software Engineer | University of Calgary | May 2026 | Present,0
aeed07a3-3319-447a-98cf-d4449371ff21,855929b9-766b-4077-97ce-9ea170a67b85,Data Scientist,Hotchkiss Brain Institute,Permanent Full-time,Calgary,May 2023,May 2026,3 yrs 1 mo,"As a Data Scientist at University of Calgary, Hotchkiss Brain Institute (HBI), I develop & deploy ML models on health datasets for actionable insights & improved patient outcomes. Specializing in end-to-end workflows (preprocessing, anomaly detection, predictive modeling), I leverage advanced ML/NLP to drive data-driven healthcare decisions. Key Projects & Impact: Readmission Risk Prediction: Developed & deployed a real-time model by fine-tuning BioBERT using PEFT (QLoRA, PyTorch, Transformers). Deployed as a scalable API on AWS (ECS, EKS, API Gateway), improving prediction accuracy by 90%, aiding doctors in proactive discharge decisions. Dementia Risk Prediction: Architected an NLP pipeline using EHR & clinical data with BioBERT & advanced fine-tuning (PEFT, PyTorch, Transformers). Achieved 95% prediction accuracy & 80% false positive reduction, enabling targeted interventions. Time-Series Analysis: Used autoregressive modeling (ARIMA) on longitudinal clinical datasets to forecast patient health trends & inform proactive interventions. Feature Engineering: Applied PCA, LASSO, & Random Forest feature importance (Scikit-learn) to optimize model performance & interpretability. EDA & Data Cleaning: Performed comprehensive EDA, statistical analysis, & robust data cleaning (Pandas, NumPy, SciPy) for high-quality data inputs. Cross-functional Collaboration: Partnered with psychiatrists, data engineers, & mathematicians to integrate predictive models into healthcare workflows, ensuring operational alignment.",Data Scientist | Hotchkiss Brain Institute | May 2023 | May 2026,1
a5ecdaaa-0e83-4ed6-b4b7-446bf9eb0d41,855929b9-766b-4077-97ce-9ea170a67b85,Associate Researcher,University of Calgary,Contract Part-time,"Calgary, Alberta, Canada",Sep 2022,May 2023,9 mos,"As an Associate Researcher, I engaged in AI-driven healthcare research projects, specializing in the analysis of complex clinical datasets to develop robust predictive models that enhance patient care. My work encompassed designing and implementing end-to-end data pipelines, from meticulous data preprocessing and feature engineering to advanced predictive modeling, to extract actionable insights for healthcare providers. Key Contributions & Technical Accomplishments: * Predictive Modeling for Kidney Disease: Developed and implemented a predictive pipeline for identifying high-risk kidney disease patients, utilizing Random Forest models for classification and comprehensive feature importance analysis (Scikit-learn). * A/B Testing & Model Validation: Conducted A/B testing to compare different model performances and refine prediction accuracy, ensuring the most effective model for high-risk patient identification. * Clinical Data Analysis & Feature Extraction: Performed in-depth statistical and time-series analysis on diverse clinical datasets to extract meaningful features and identify critical trends, leveraging tools like SciPy and Pandas. * AI Knowledge Sharing & Collaboration: Collaborated with cross-functional teams, including executives, to organize and schedule workshops on AI development, fostering knowledge-sharing and promoting innovation in applied machine learning.",Associate Researcher | University of Calgary | Sep 2022 | May 2023,2
5676358f-13f1-4949-9c6c-d1dbf8bf8aa6,855929b9-766b-4077-97ce-9ea170a67b85,Data Scientist and Machine learning engineer,,3rd+,Spain,Jul 2020,Sep 2022,2 yrs 3 mos,"As a Data Scientist, I have successfully applied machine learning and statistical methods to solve business challenges across various industries. I specialize in sentiment analysis, trend prediction, and building data-driven solutions that enhance decision-making processes. Key Projects: Customer Sentiment Prediction -Developed a sentiment prediction model for a Canadian telephone operator, leveraging Natural Language Processing (NLP) techniques to analyze customer feedback. This model enabled the business to gain insights into customer sentiment, identify areas for improvement, and improve customer satisfaction. -KPI Prediction Built and deployed a prediction model to forecast business key performance indicators (KPIs) for dashboard visualization in QlikView. This empowered stakeholders to make proactive data-driven decisions and adjust strategies based on predicted trends. -Market Basket Analysis for Transactional Data Utilized association rule mining techniques (Apriori, FP-Growth) to conduct Market Basket Analysis, identifying product combinations and purchasing patterns. This analysis improved the company's cross-selling strategies and recommendation systems, leading to higher customer engagement and increased sales.",Data Scientist and Machine learning engineer | Jul 2020 | Sep 2022,3
dace6d67-24ee-4ef8-9411-86cad7a2d260,b711d973-3252-49f4-a51f-d2a4eb9d300c,EDIA Coordinator,Let's Talk Science | Parlons sciences,Contract Part-time,,Sep 2025,Present,9 mos,"Calgary, Alberta, Canada",EDIA Coordinator | Let's Talk Science | Parlons sciences | Sep 2025 | Present,0
34d104d7-016d-49ed-bab0-3bdd49fa6679,b711d973-3252-49f4-a51f-d2a4eb9d300c,Outreach Director,Hotchkiss Brain Institute,,,May 2025,Present,1 yr 1 mo,Outreach Director with the Hotchkiss Brain Institute Trainee Organization,Outreach Director | Hotchkiss Brain Institute | May 2025 | Present,1
52a04604-ed01-43ac-a34a-bdab3b0b1e4c,b711d973-3252-49f4-a51f-d2a4eb9d300c,Private Tutor,Self-employed,Self-employed,,Nov 2023,Present,2 yrs 7 mos,"I tutor children with various neurodivergent conditions (such as Autism Spectrum Disorder), primarily in math, reading comprehension, and verbal expression.",Private Tutor | Self-employed | Nov 2023 | Present,2
32075a8a-f2c6-48ed-a9cd-90bdcee4bf0a,b711d973-3252-49f4-a51f-d2a4eb9d300c,Masters Student,Psynergy Centre for Health and Wellness,Contract Part-time,"Calgary, Alberta, Canada",Aug 2023,Nov 2025,2 yrs 4 mos,MSc. Thesis student in the Psychedelic and Cannabinoid Therapeutics lab at the University of Calgary,Masters Student | Psynergy Centre for Health and Wellness | Aug 2023 | Nov 2025,3
f49ca433-6157-4d2c-8c22-2d72c32b0ff3,b711d973-3252-49f4-a51f-d2a4eb9d300c,Undergraduate Research Assistant,,2nd,"Lethbridge, Alberta, Canada",Sep 2021,Aug 2022,1 yr,Assisted in preclinical research investigating novel pharmacological interventions for PTSD in rodent models,Undergraduate Research Assistant | Sep 2021 | Aug 2022,4
0d76edd0-2128-4287-b071-d3dff661b132,b1c80b61-8cab-47b2-b741-5828bd5f16f8,Graduate Student Researcher,Hotchkiss Brain Institute,,,Aug 2022,Present,3 yrs 10 mos,,Graduate Student Researcher | Hotchkiss Brain Institute | Aug 2022 | Present,0
4a3a18bb-b28a-48d6-9bcd-0a9a385a3ddd,b1c80b61-8cab-47b2-b741-5828bd5f16f8,Software Engineer Technical Lead,8 Bit Cortex,,,Jun 2020,Present,6 yrs,"Calgary, Alberta, Canada",Software Engineer Technical Lead | 8 Bit Cortex | Jun 2020 | Present,1
25b7c556-3d6b-41c4-8d27-a78ad17e4958,b1c80b61-8cab-47b2-b741-5828bd5f16f8,Teaching Assistant,University of Calgary,,,Sep 2020,Jan 2023,2 yrs 5 mos,"Calgary, Alberta, Canada",Teaching Assistant | University of Calgary | Sep 2020 | Jan 2023,2
0fd126fe-13a2-41e9-93d5-80af10640b57,b1c80b61-8cab-47b2-b741-5828bd5f16f8,Vice President Information Technology,RED - Reforming Education on Drugs,,,May 2019,Jun 2021,2 yrs 2 mos,"Calgary, Alberta, Canada",Vice President Information Technology | RED - Reforming Education on Drugs | May 2019 | Jun 2021,3
c0f7d62d-7c41-445b-8f81-07f6f1acfd35,b1c80b61-8cab-47b2-b741-5828bd5f16f8,Undergraduate Student Researcher,,3rd,,May 2017,Jun 2021,4 yrs 2 mos,"Calgary, Alberta, Canada",Undergraduate Student Researcher | May 2017 | Jun 2021,4
684f8679-bbcf-483b-868f-3e5c97aac3b1,e26978e5-af18-4929-be79-e444c5aad696,Chair (Mental Health and Wellness),Council of Foothills DGA’s (Cumming School of Medicine),,"Calgary, Alberta, Canada",May 2023,Present,3 yrs 1 mo,,Chair (Mental Health and Wellness) | Council of Foothills DGA’s (Cumming School of Medicine) | May 2023 | Present,0
349a727f-560a-4f34-8628-92f3aaae32d5,e26978e5-af18-4929-be79-e444c5aad696,Doctoral Student (Ph.D. Candidate),University of Calgary,Full-time,"Calgary, Alberta, Canada",Jan 2021,Present,5 yrs 5 mos,4th Year Ph.D. Candidate in Shutt Lab,Doctoral Student (Ph.D. Candidate) | University of Calgary | Jan 2021 | Present,1
f386cd33-944f-4301-b5dc-1583a55c7112,e26978e5-af18-4929-be79-e444c5aad696,Trainee,Hotchkiss Brain Institute,Permanent Full-time,,Jan 2021,Present,5 yrs 5 mos,,Trainee | Hotchkiss Brain Institute | Jan 2021 | Present,2
1de88941-426c-4489-9629-2d7971f95b5b,e26978e5-af18-4929-be79-e444c5aad696,President,BMB DGA,Contract Full-time,,Jun 2022,May 2023,1 yr,"Calgary, Alberta, Canada",President | BMB DGA | Jun 2022 | May 2023,3
d7eb9ff1-b044-43b0-a157-5f653dcb35bf,e26978e5-af18-4929-be79-e444c5aad696,Exam Question Designer,Moxams,,,Jul 2019,Jan 2021,1 yr 7 mos,"London Area, United Kingdom",Exam Question Designer | Moxams | Jul 2019 | Jan 2021,4
b7363fad-950f-4263-9a18-1a66b8a3804f,e26978e5-af18-4929-be79-e444c5aad696,Senior Biology Teacher,Mastermind English Medium School,Contract Full-time,,Oct 2019,Dec 2020,1 yr 3 mos,"Dhaka, Bangladesh",Senior Biology Teacher | Mastermind English Medium School | Oct 2019 | Dec 2020,5
6d62a862-7287-4b65-aeb5-879c75729f69,e26978e5-af18-4929-be79-e444c5aad696,Undergraduate Research Fellow,,2nd,"Manchester, England, United Kingdom",Sep 2018,Jun 2019,10 mos,Biomodelling Project- How do MAGUKs cluster proteins at the synapse?,Undergraduate Research Fellow | Sep 2018 | Jun 2019,6
38eb9676-8348-4e7d-b663-006eae5c238e,f1d407b4-9c1c-45dc-95f5-1500ce248150,Research Intern,Hotchkiss Brain Institute,Internship,,Apr 2026,Present,2 mos,"Calgary, Alberta, Canada",Research Intern | Hotchkiss Brain Institute | Apr 2026 | Present,0
92967d8c-5a4a-496d-b70f-e42de7904a4a,f1d407b4-9c1c-45dc-95f5-1500ce248150,Classroom Assistant,"Kumon North America, Inc.",Permanent Part-time,"Calgary, Alberta, Canada",May 2024,Present,2 yrs 1 mo,"In this role I mark Kumon math and reading worksheets and instruct students who face difficulties with their coursework. I have also worked within my Kumon centre to organize supplementary activities, such as the Kumon Southcentre Charity Book Drive.","Classroom Assistant | Kumon North America, Inc. | May 2024 | Present",1
6d4326d9-d935-452f-80b3-708174e996d4,f1d407b4-9c1c-45dc-95f5-1500ce248150,Student Researcher,WISEST UAlberta,Permanent Full-time,,Jul 2024,Aug 2024,2 mos,"Edmonton, Alberta, Canada",Student Researcher | WISEST UAlberta | Jul 2024 | Aug 2024,2
f359ee74-629e-44cc-9c6d-4a340b6075f3,f1d407b4-9c1c-45dc-95f5-1500ce248150,Science Camp Counsellor,,2nd,"Drumheller, Alberta, Canada",Aug 2023,Aug 2024,1 yr 1 mo,"I worked at Badlands Science Camp at the Royal Tyrrell Museum for two summers in 2023 and 2024. In this role I worked with adolescent and teenaged youth, monitored camp science-related activities, and presented and guided camp programs.",Science Camp Counsellor | Aug 2023 | Aug 2024,3
abbd7c61-5199-4179-9cba-413b1ef83833,b1a543d6-4992-429d-9bb5-a904a8ede2af,"Director, Main Campus Chapter - Hotchkiss Brain Institute Trainee Organization",Hotchkiss Brain Institute,May 2026 - Present · 1 mo,,,,,,"Director, Main Campus Chapter - Hotchkiss Brain Institute Trainee Organization May 2026 - Present · 1 mo Calgary, Alberta, Canada",0
1f5cc4e2-7efa-4aef-814f-f9aa6120b9d5,b1a543d6-4992-429d-9bb5-a904a8ede2af,Education Subcommittee - Hotchkiss Brain Institute Trainee Organization,Hotchkiss Brain Institute,Aug 2024 - May 2026 · 1 yr 10 mos,,,,,,Education Subcommittee - Hotchkiss Brain Institute Trainee Organization Aug 2024 - May 2026 · 1 yr 10 mos,1
892e2559-4132-4074-a90b-e5ca3282dfe4,b1a543d6-4992-429d-9bb5-a904a8ede2af,Graduate Teaching Assistant,University of Calgary,,Science Communication Certificate Program - Cumming School of Medicine,Apr 2025,Present,1 yr 2 mos,,Graduate Teaching Assistant University of Calgary Apr 2025 - Present · 1 yr 2 mos Science Communication Certificate Program - Cumming School of Medicine,2
9ad8656c-469b-4826-99bc-1d0dec758faa,b1a543d6-4992-429d-9bb5-a904a8ede2af,Evolve to Innovate (e2i) Fellow,Innovate Calgary,Internship,"Calgary, Alberta, Canada · On-site",Jan 2025,May 2025,5 mos,"• Selected for the 2025 cohort of the Evolve to Innovate (e2i) program at the Hunter Hub for Entrepreneurial Thinking, with a focus on research innovation and translating research into real-world impact. • Collaborated with mentors, entrepreneurs, and researchers to explore the intersection of research, innovation, and entrepreneurship. • Gained hands-on experience in problem-solving, science communication, and early-stage innovation strategy.","Evolve to Innovate (e2i) Fellow Innovate Calgary · Internship Jan 2025 - May 2025 · 5 mos Calgary, Alberta, Canada · On-site • Selected for the 2025 cohort of the Evolve to Innovate (e2i) program at the Hunter Hub for Entrepreneurial Thinking, with a focus on research innovation and translating research into real-world impact. • Collaborated with mentors, entrepreneurs, and researchers to explore the intersection of research, innovation, and entrepreneurship. • Gained hands-on experience in prob",3
6d4d78ef-b2dd-4cc7-ade6-c64023356474,b1a543d6-4992-429d-9bb5-a904a8ede2af,Medical Intern,Mansoura University School of Medicine,Internship,On-site,Mar 2021,Mar 2022,1 yr 1 mo,"• Completed rotational-based, hands-on clinical training and gained experience in diagnosis and treatment planning. • Conducted patient assessments and provided medical care under supervision. • Collaborated with healthcare professionals to develop comprehensive treatment plans and ensure optimal patient care outcomes.","Medical Intern Mansoura University School of Medicine · Internship Mar 2021 - Mar 2022 · 1 yr 1 mo On-site • Completed rotational-based, hands-on clinical training and gained experience in diagnosis and treatment planning. • Conducted patient assessments and provided medical care under supervision. • Collaborated with healthcare professionals to develop comprehensive treatment plans and ensure optimal patient care outcomes. Diagnosis and Treatment Planning, Doctor-Patient Communication and +16 s",4
c113d575-268d-47a4-bb86-17ac7b7489d3,b494b370-173c-43b3-bff1-34696fd2c960,Student Researcher - Dr. Bray Laboratory,Alberta Children's Hospital Research Institute and Hotchkiss Brain Institute,Internship,"Calgary, Alberta, Canada",Apr 2024,Present,2 yrs 2 mos,"For the summer following my first year of university and continuing throughout my second year, I worked as a summer research student with a PURE Award in the lab of Dr. Signe Bray at the Alberta Children's Hospital Research Institute in conjunction with the Hotchkiss Brain Institute this summer. This research entails contributing to the collection and analysis of MRI, EEG, and questionnaire data using a variety of data-analysis methods to dive deeper into the effects of preterm birth on the brain's developmental processes.",Student Researcher - Dr. Bray Laboratory | Alberta Children's Hospital Research Institute and Hotchkiss Brain Institute | Apr 2024 | Present,0
58602d28-0a86-422c-85a9-8c3158024fa9,b494b370-173c-43b3-bff1-34696fd2c960,Respite Caregiver,Self-employed,Self-employed,,Jul 2024,Present,1 yr 11 mos,"Calgary, Alberta, Canada",Respite Caregiver | Self-employed | Jul 2024 | Present,1
5a93f3d1-ad80-4302-b5a0-702c4f2a0066,b494b370-173c-43b3-bff1-34696fd2c960,Co-Founder and Co-President of Crochet for Kids,Crochet For Kids,,,Aug 2025,Present,10 mos,,Co-Founder and Co-President of Crochet for Kids | Crochet For Kids | Aug 2025 | Present,2
d3cc45be-86ac-4429-bd21-d8c50aa36d58,b494b370-173c-43b3-bff1-34696fd2c960,CYSF Board Director,Calgary Youth Science Fair,,"Calgary, Alberta, Canada",Nov 2025,Present,7 mos,,CYSF Board Director | Calgary Youth Science Fair | Nov 2025 | Present,3
cb80f539-e903-423d-97c8-72389fa41aed,b494b370-173c-43b3-bff1-34696fd2c960,High School Science and Math Tutor,Level-Up Learning,On-Call,"Calgary, Alberta, Canada",Nov 2025,Present,7 mos,,High School Science and Math Tutor | Level-Up Learning | Nov 2025 | Present,4
c72c6a50-f138-43f2-a445-5bc9650bf4e8,b494b370-173c-43b3-bff1-34696fd2c960,High School Science and Math Tutour,Self-employed,Self-employed,"Calgary, Alberta, Canada",Oct 2023,Present,2 yrs 8 mos,,High School Science and Math Tutour | Self-employed | Oct 2023 | Present,5
08289d9a-d746-4e20-bc47-a6452212ebaa,b494b370-173c-43b3-bff1-34696fd2c960,Babysitter,Self-employed,Self-employed,"Calgary, Alberta, Canada",Mar 2023,Present,3 yrs 3 mos,,Babysitter | Self-employed | Mar 2023 | Present,6
b01d60bc-b952-46bc-902a-d65abcd5b1d8,b494b370-173c-43b3-bff1-34696fd2c960,VP Engagement,Beyond the Book Club,,,Sep 2023,Present,2 yrs 9 mos,"I contribute to planning discussions, planning events, and planning/creating social media posts to promote engagement with reading and forming new connections with individuals who share a love for reading!",VP Engagement | Beyond the Book Club | Sep 2023 | Present,7
7a982d7f-e2f1-4b49-b52a-88cbb7883906,b494b370-173c-43b3-bff1-34696fd2c960,Student,BCI4Kids,,,Sep 2025,May 2026,9 mos,,Student | BCI4Kids | Sep 2025 | May 2026,8
23071f31-40fa-4d86-a0a4-b33225616e58,b494b370-173c-43b3-bff1-34696fd2c960,Research Assistant - Dr. Sabbaghan Lab,,2nd,,Feb 2024,Jul 2024,6 mos,Remote,Research Assistant - Dr. Sabbaghan Lab | Feb 2024 | Jul 2024,9
36595081-d1af-43d6-88e4-299fe378151d,2cb70037-13e6-419a-ba19-e50d1faf70ca,Associate Researcher,Hotchkiss Brain Institute,Internship,University of Calgary,Aug 2023,Present,2 yrs 10 mos,"• Conducted a thorough literature search on multiple sclerosis, current therapies, and lack of treatment options. • Preprocessed a dataset of MRI scans of patients with multiple sclerosis to prepare images for analysis. • Constructed deep learning models such as Convolutional Neural Networks and Visual Transformers to help mediate prediction of disease outcome and progression of individuals 5 years post diagnosis.",Associate Researcher | Hotchkiss Brain Institute | Aug 2023 | Present,0
07c77517-4fac-440b-b804-1b46b402d00d,2cb70037-13e6-419a-ba19-e50d1faf70ca,Associate Researcher,Alberta Children's Hospital Foundation,Internship,University of Calgary,Jan 2022,Dec 2024,3 yrs,"• Collaborated with community partners to culturally adapt The World Health Organization's Care for Child Development (CCD) intervention materials for children with mental and developmental disorders in Pakistan. • Played pivotal role in developing comprehensive set of ethics guidelines for study, covering rights and responsibilities of children, families, healthcare workers, and all other study participants involved in Pakistan. • Organized specific protocol to serve as guiding framework for implementation of research study, ensuring all aspects of project were carried out efficiently and in accordance with established procedures.",Associate Researcher | Alberta Children's Hospital Foundation | Jan 2022 | Dec 2024,1
27d97d91-e3ca-4316-80b1-7c3bd3c4f41a,2cb70037-13e6-419a-ba19-e50d1faf70ca,Associate Researcher,Snyder Institute for Chronic Diseases Trainee Committee,Internship,,May 2021,Sep 2023,2 yrs 5 mos,University of Calgary,Associate Researcher | Snyder Institute for Chronic Diseases Trainee Committee | May 2021 | Sep 2023,2
dea54050-d7bf-4382-9ac1-d4c29060323e,2cb70037-13e6-419a-ba19-e50d1faf70ca,Instructor,,2nd,"Calgary, Alberta, Canada",Jul 2017,Aug 2020,3 yrs 2 mos,"• Dedicated tutor, mentor, and instructor at Kumon North America with a proven track record of fostering academic growth and excellence in students. • Demonstrated expertise in providing personalized guidance and support to students, effectively adapting teaching methods to individual learning styles and needs. • Played a key role in implementing Kumon's renowned educational programs, contributing to the intellectual development and success of students under my mentorship.",Instructor | Jul 2017 | Aug 2020,3
2c9325a8-7114-4aee-ad0e-7c4b4785e2c3,ae8f2298-3f48-4842-a28f-26d5b99d89da,Pulmonary Fibrosis Research Assistant,Snyder Institute for Chronic Diseases Trainee Committee,,"Calgary, Alberta, Canada",May 2025,Present,1 yr 1 mo,,Pulmonary Fibrosis Research Assistant | Snyder Institute for Chronic Diseases Trainee Committee | May 2025 | Present,0
96b5c8e2-fb0c-4d74-8d2a-8dd06cdb45b7,ae8f2298-3f48-4842-a28f-26d5b99d89da,Clinical Neuroscience Research Support,Hotchkiss Brain Institute,,"Calgary, Alberta, Canada",Sep 2024,Present,1 yr 9 mos,Academic Research,Clinical Neuroscience Research Support | Hotchkiss Brain Institute | Sep 2024 | Present,1
67916756-d942-4742-8652-1125193db1af,ae8f2298-3f48-4842-a28f-26d5b99d89da,Clinical Neuroscience Research Assistant,,2nd,"Calgary, Alberta, Canada",May 2024,Aug 2024,4 mos,Academic Research,Clinical Neuroscience Research Assistant | May 2024 | Aug 2024,2
21542733-7626-45a1-9795-15d4cbfb7498,aa28c4c8-98d0-4768-be32-117a98568259,Associate Professor,Hotchkiss Brain Institute,,,May 2023,Present,3 yrs 1 mo,"Calgary, Alberta, Canada",Associate Professor | Hotchkiss Brain Institute | May 2023 | Present,0
956224e6-7d29-496e-b58f-d1f61d4cd03f,aa28c4c8-98d0-4768-be32-117a98568259,Associate Professor,University of Guelph,,,Dec 2013,Present,12 yrs 6 mos,"Guelph, ON Canada",Associate Professor | University of Guelph | Dec 2013 | Present,1
5627851b-0e1f-4fb5-be06-cc2840d74a2d,aa28c4c8-98d0-4768-be32-117a98568259,Postdoctoral Fellow,Sanford-Burnham Medical Research Institute,,,2011,Dec 2013,3 yrs,"La Jolla, California",Postdoctoral Fellow | Sanford-Burnham Medical Research Institute | 2011 | Dec 2013,2
5828df28-511e-4ae6-8f85-2742feddb2cf,aa28c4c8-98d0-4768-be32-117a98568259,Postdoctoral Fellow,,2nd,,2009,2011,2 yrs,Greater Ottawa Metropolitan Area,Postdoctoral Fellow | 2009 | 2011,3
78e53c4b-5a4f-4e9c-abe4-0c667596d0c7,242792b2-cdbc-40ef-b95b-1beafbf8e438,"Director, Molecular Core Facility",Hotchkiss Brain Institute,Permanent Full-time,"Calgary, Alberta, Canada",Jan 2011,Present,15 yrs 5 mos,"• Fee for service and consultative support of the research activities of the Hotchkiss Brain Institute, Faculty of Medicine, University of Calgary. • Full suite of molecular techniques including general cloning and subcloning, custom constructs, site directed mutagenesis, mouse genomics, real time qPCR, custom nucleic acid purifications, protein analyses. • Custom construction and production of lentivirus and adeno associated viral vectors for genetic modification of non-dividing cells with both in vivo and in vitro downstream applications. • Consultative support to members of the Hotchkiss Brain Institute includes scientific support of specific problems and ideas, presentation of educational workshops and hands on training of individual graduate students and postdoctoral fellows.","Director, Molecular Core Facility | Hotchkiss Brain Institute | Jan 2011 | Present",0
1e228890-d291-48fa-8411-26906d317b3d,242792b2-cdbc-40ef-b95b-1beafbf8e438,"Research Scientist, Bioanalytical",SemBioSys Genetics,,,Mar 2008,Oct 2010,2 yrs 8 mos,"• Responsible for in parallel development of numerous highly specialized industrial immunoassays and cell based assays for R&amp;D and analytical purposes critical to the insulin and Apo AI programs that required a strong work ethic and time management skills. This allowed management to meet deadlines for submission and approval of regulatory documents in advance of clinical trials. • Prepared weekly data reports, numerous assay development and validation reports and attended weekly team meetings for effective communication of results to upper management. These communications empowered management with the necessary data to stay current on research progress and utilize the data to drive partnering activities. • This position required a strong emphasis on attention to detail in experimental design and data record keeping such as electronic files and laboratory notebooks. Standard operating procedures were prepared for many of the assays developed and subsequently transferred to quality control personnel to assay manufactured materials. • Cultured and maintained numerous mammalian cell lines for development of cell based assays. • Worked effectively as part of several multidisciplinary teams by developing analytical tools and intellectual input to drive projects forward. This resulted in productive collaborations and expanded the work exposure into new areas including process optimization, protein purification and manufacturing.","Research Scientist, Bioanalytical | SemBioSys Genetics | Mar 2008 | Oct 2010",1
cd996bb4-dfa7-469f-ab22-ffb27544fc73,242792b2-cdbc-40ef-b95b-1beafbf8e438,Postdoctoral Fellow,University of Calgary,,,Nov 2004,Feb 2008,3 yrs 4 mos,"• Studied the structure and function of calcium signaling proteins. These studies resulted in high impact publications and gained significant exposure to the fields of cardiovascular science and neuroscience. • Developed fluorescence and electrophysiology based cell assays for the study of protein function. These approaches were applied to the study of protein structure, regulation and physiological function that were critical to publications and successful grant applications. • Worked with cell culture, maintenance and differentiation of numerous cell lines, cell transfections and primary cultures. • Employed a vast array of molecular techniques including mutagenesis, various PCR/cloning approaches, western blotting, immunoprecipitations and various phosphorylation experiments. These approaches contributed to the published work as well as added significantly to the hands on molecular biology skill set. • Completed two teaching courses and lectured membrane biology to 50 second year honours students in the Bachelor of Health Sciences program. This served to significantly develop effective communication skills. • Held both Alberta Heritage Foundation for Medical Research and Canadian Institutes of Health Research Postdoctoral Fellowships",Postdoctoral Fellow | University of Calgary | Nov 2004 | Feb 2008,2
7d2bfee9-2bc9-42fb-91d4-cb88f8e7843f,242792b2-cdbc-40ef-b95b-1beafbf8e438,Graduate Student,,2nd,,1998,2004,6 yrs,Why am I seeing this ad?,Graduate Student | 1998 | 2004,3
ae022ff1-c5bd-4d14-8189-c74d2a3690f3,6d6e37bd-f761-4b38-a0ce-3b82e49418d2,Neuroscience Research Support Student,Hotchkiss Brain Institute,Internship,,Apr 2025,Present,1 yr 2 mos,On-site,Neuroscience Research Support Student | Hotchkiss Brain Institute | Apr 2025 | Present,0
423e501b-dd6c-4e5e-8a6f-75e856b031f2,6d6e37bd-f761-4b38-a0ce-3b82e49418d2,Medical Research Blog Contributor,Let's Get Proof,On-Call,,Jun 2025,Present,1 yr,,Medical Research Blog Contributor | Let's Get Proof | Jun 2025 | Present,1
8421ff91-5201-4bf7-acc4-b1497ad92ede,6d6e37bd-f761-4b38-a0ce-3b82e49418d2,Retail Operations Assistant,Master Chocolat,Permanent Part-time,,May 2023,May 2025,2 yrs 1 mo,"Provide exceptional customer service to over 200 customers daily while operating the POS system, managing inventory levels, supporting store opening and closing procedures, monitoring staff schedules, maintaining product displays, and collaborating with team members to ensure smooth, efficient daily operations.",Retail Operations Assistant | Master Chocolat | May 2023 | May 2025,2
a8b3630b-a5f1-4f50-ab32-6de7b734038b,6d6e37bd-f761-4b38-a0ce-3b82e49418d2,Concession Stand Attendant,Calaway Park,Seasonal,,May 2022,Oct 2022,6 mos,On-site,Concession Stand Attendant | Calaway Park | May 2022 | Oct 2022,3
2b19f7d0-31f6-4f03-850c-3afb3bbdeaa5,6d6e37bd-f761-4b38-a0ce-3b82e49418d2,Information & Communication Technology Intern in Marketing,,3rd,,Jul 2021,Aug 2021,2 mos,"Calgary, Alberta, Canada",Information & Communication Technology Intern in Marketing | Jul 2021 | Aug 2021,4
53b160fb-89d0-46f1-9426-50b88b1b6cde,ec8553ea-f718-4279-99e4-fe45fc092ccd,Hotchkiss Brain Institute,,2nd,,2026,Present,5 mos,Why am I seeing this ad?,Hotchkiss Brain Institute | 2026 | Present,0
3f7865c6-af92-47d5-97a8-fdb7b5bb6153,9369f93a-9938-4cda-a0cc-10f5348f1ef4,Imaging Specialist,Hotchkiss Brain Institute,,,May 2017,Present,9 yrs 1 mo,Greater Calgary Metropolitan Area,Imaging Specialist | Hotchkiss Brain Institute | May 2017 | Present,0
e95341c1-124e-46fd-8ada-ec8402ab1292,9369f93a-9938-4cda-a0cc-10f5348f1ef4,Postdoctoral Researcher,DZNE - German Center for Neurodegenerative Diseases,,,Jun 2011,Apr 2017,5 yrs 11 mos,"Bonn, Germany",Postdoctoral Researcher | DZNE - German Center for Neurodegenerative Diseases | Jun 2011 | Apr 2017,1
3ba5adef-0eb1-4b24-ae91-527d579b3e1c,9369f93a-9938-4cda-a0cc-10f5348f1ef4,Postdoctoral Fellow,NeuRA (Neuroscience Research Australia),,,2009,2011,2 yrs,Greater Sydney Area,Postdoctoral Fellow | NeuRA (Neuroscience Research Australia) | 2009 | 2011,2
9e073571-739d-486c-8ec9-7ac53df5fed1,9369f93a-9938-4cda-a0cc-10f5348f1ef4,Instructor,UNSW Australia,,,2007,2007,,Greater Sydney Area,Instructor | UNSW Australia | 2007 | 2007,3
cde0d7ea-0561-4587-b3a5-21d7964205fc,9369f93a-9938-4cda-a0cc-10f5348f1ef4,Research Assistant,Centre for Vascular Research,,,Jan 2004,Jan 2005,1 yr 1 mo,"Sydney, Australia",Research Assistant | Centre for Vascular Research | Jan 2004 | Jan 2005,4
341fc495-ef97-4d01-9ebb-e27c4bb1b146,9369f93a-9938-4cda-a0cc-10f5348f1ef4,Laboratory Analyst,,3rd,,2002,2002,,"Kelowna, British Columbia, Canada",Laboratory Analyst | 2002 | 2002,5
6a42fc5e-1546-4414-8434-33672acf71c3,d4f4df5e-5d68-4377-840e-bda400b303d8,Senior Research Associate,Hotchkiss Brain Institute,,,Apr 2021,Present,5 yrs 2 mos,"Calgary, Alberta",Senior Research Associate | Hotchkiss Brain Institute | Apr 2021 | Present,0
93d2aa89-a29c-4324-afd3-f52588177d6a,d4f4df5e-5d68-4377-840e-bda400b303d8,Post-Doctoral Fellow,Western University,,,Sep 2016,Present,9 yrs 9 mos,"London, Ontario",Post-Doctoral Fellow | Western University | Sep 2016 | Present,1
30b64ea5-3ad2-4ce0-8d22-079a0140a630,d4f4df5e-5d68-4377-840e-bda400b303d8,Research Coordinator,The Hospital for Sick Children,,,Jan 2007,Aug 2010,3 yrs 8 mos,"Greater Toronto Area, Canada",Research Coordinator | The Hospital for Sick Children | Jan 2007 | Aug 2010,2
ab2822bb-fc49-409c-9e56-45710ecb3a1c,d4f4df5e-5d68-4377-840e-bda400b303d8,Imaging Analyst,The Hospital for Sick Children,,,Jul 2004,Aug 2006,2 yrs 2 mos,"Greater Toronto Area, Canada",Imaging Analyst | The Hospital for Sick Children | Jul 2004 | Aug 2006,3
4e529a8c-dc63-4273-92fe-6bde8c53498d,d4f4df5e-5d68-4377-840e-bda400b303d8,Imaging Analyst,,3rd,,1997,2002,5 yrs,Why am I seeing this ad?,Imaging Analyst | 1997 | 2002,4
9532c54b-1a5d-44b5-9aba-685313f60458,c6500b0b-7864-43d8-a930-b89d673c3749,Undergraduate Researcher,Hotchkiss Brain Institute,,,May 2025,Present,1 yr 1 mo,,Undergraduate Researcher | Hotchkiss Brain Institute | May 2025 | Present,0
fbb40f7c-d5cd-43e9-85b9-c6d85f89a7f2,c6500b0b-7864-43d8-a930-b89d673c3749,Lifeguard/Swimming Instructor,Strathmore Aquatic Centre,,,Aug 2021,Present,4 yrs 10 mos,Shift Supervisor,Lifeguard/Swimming Instructor | Strathmore Aquatic Centre | Aug 2021 | Present,1
b4c71c50-3b29-48e5-8ecb-2ad219eefa7a,c6500b0b-7864-43d8-a930-b89d673c3749,Skating Instructor & Summer Camps Leader | Active Living,University of Calgary,,,Jul 2021,Nov 2024,3 yrs 5 mos,Teaching and Leadership,Skating Instructor & Summer Camps Leader | Active Living | University of Calgary | Jul 2021 | Nov 2024,2
b10417bc-8bef-4c5f-8f4b-a8bb9e09b581,c6500b0b-7864-43d8-a930-b89d673c3749,Undergraduate Researcher,O'Brien Institute for Public Health,,"Calgary, Alberta, Canada",May 2024,Aug 2024,4 mos,Nephrology Research Group,Undergraduate Researcher | O'Brien Institute for Public Health | May 2024 | Aug 2024,3
9e87c58f-9be1-40e7-a4fa-08f2ca1ba577,c6500b0b-7864-43d8-a930-b89d673c3749,Figure Skating Coach,,3rd,,Sep 2019,Apr 2022,2 yrs 8 mos,Why am I seeing this ad?,Figure Skating Coach | Sep 2019 | Apr 2022,4
a47effe4-07b9-4338-99aa-6488b10ba654,5793b1d3-2b8e-4cbe-9935-810433e8f4e3,Co-Founder and CEO,Society for AI Literacy,Self-employed,"Calgary, Alberta, Canada",Jun 2023,Present,3 yrs,Society for AI Literacy (SAIL) - Promoting Ethical and Responsible AI Use | Society for AI Literacy,Co-Founder and CEO | Society for AI Literacy | Jun 2023 | Present,0
23a69b36-936c-4a67-a9c9-acd532b20ca5,5793b1d3-2b8e-4cbe-9935-810433e8f4e3,President,OpenDH,Permanent Full-time,,Jul 2023,Present,2 yrs 11 mos,Hybrid,President | OpenDH | Jul 2023 | Present,1
933b9242-fd84-4c98-b2d0-4a9378f37457,5793b1d3-2b8e-4cbe-9935-810433e8f4e3,Research Lead,Hotchkiss Brain Institute,,,Nov 2022,Present,3 yrs 7 mos,"Calgary, Alberta, Canada",Research Lead | Hotchkiss Brain Institute | Nov 2022 | Present,2
03e4ea0a-ca25-4829-898a-86acc79ae8d8,5793b1d3-2b8e-4cbe-9935-810433e8f4e3,Vice President Public Relations,UCalgary Toastmasters,Self-employed,,Sep 2023,May 2026,2 yrs 9 mos,,Vice President Public Relations | UCalgary Toastmasters | Sep 2023 | May 2026,3
8c02eae6-4e1f-4ab8-a4db-c22907d1c998,5793b1d3-2b8e-4cbe-9935-810433e8f4e3,VP Marketing Associate,,2nd,"Calgary, Alberta, Canada",Dec 2022,May 2023,6 mos,"As VP Marketing Associate for the Rotaract Club at my university, I led a team in enhancing the club's visibility and promoting charity initiatives. My responsibilities involved creating innovative advertising campaigns, crafting engaging content across various platforms, and advocating for social causes. This role not only strengthened my marketing and leadership skills, but also deepened my commitment to community service and philanthropy.""",VP Marketing Associate | Dec 2022 | May 2023,4
9af6137e-4b30-466f-8040-1a6f96e4f412,a281f3de-f7fc-440a-b069-ba1c6f5eb35b,VP External,Medicine4Youth,,,Jan 2026,Present,5 mos,,VP External | Medicine4Youth | Jan 2026 | Present,0
6b3f05d3-999c-48d7-a399-3bb43adb271e,a281f3de-f7fc-440a-b069-ba1c6f5eb35b,Marketing Coordinator,The BC Biotech Network,,,Oct 2025,Present,8 mos,,Marketing Coordinator | The BC Biotech Network | Oct 2025 | Present,1
e8b151d0-a5ad-4d5f-80c8-b31a9c72a1a8,a281f3de-f7fc-440a-b069-ba1c6f5eb35b,NeuroOmics Core and Camara-Lemarroy Lab - Research Assistant,Hotchkiss Brain Institute,,,May 2025,Present,1 yr 1 mo,Performing cell segmentation and analyzing gene expression on nuclei-stained cells in spatially defined brain regions using post-mortem samples from patients with progressive Multiple Sclerosis (PMS).,NeuroOmics Core and Camara-Lemarroy Lab - Research Assistant | Hotchkiss Brain Institute | May 2025 | Present,2
254b95d7-fe69-46f6-b27c-58dceccd02d3,a281f3de-f7fc-440a-b069-ba1c6f5eb35b,Computational Biologist and Software Developer Intern,Zymeworks Inc.,Internship,,May 2025,Present,1 yr 1 mo,,Computational Biologist and Software Developer Intern | Zymeworks Inc. | May 2025 | Present,3
588f3ef6-dd57-46ad-a550-3bac41869425,a281f3de-f7fc-440a-b069-ba1c6f5eb35b,"Molecular Biology, Bioinformatics & Genomics Co-Op Student",STEMCELL Technologies,Co-op,,Sep 2024,Apr 2025,8 mos,"Vancouver, British Columbia, Canada","Molecular Biology, Bioinformatics & Genomics Co-Op Student | STEMCELL Technologies | Sep 2024 | Apr 2025",4
dbc571a7-61e0-4958-b614-38605fca59ac,a281f3de-f7fc-440a-b069-ba1c6f5eb35b,Software Engineering Team Member,University of Calgary Solar Car Team,,,Sep 2023,Sep 2024,1 yr 1 mo,"Calgary, Alberta, Canada",Software Engineering Team Member | University of Calgary Solar Car Team | Sep 2023 | Sep 2024,5
86f4ef2e-d888-4447-a369-520caa60818d,a281f3de-f7fc-440a-b069-ba1c6f5eb35b,Department of Clinical Neurosciences - Undergraduate Researcher at the Pfeffer Lab,Hotchkiss Brain Institute,,,May 2023,Jan 2024,9 mos,"Calgary, Alberta, Canada",Department of Clinical Neurosciences - Undergraduate Researcher at the Pfeffer Lab | Hotchkiss Brain Institute | May 2023 | Jan 2024,6
af286ed0-2142-439b-8697-86d0e1bde808,a281f3de-f7fc-440a-b069-ba1c6f5eb35b,Undergraduate Researcher,,3rd,,May 2023,Dec 2023,8 mos,"Calgary, Alberta, Canada",Undergraduate Researcher | May 2023 | Dec 2023,7
f64e2949-a709-4009-8ce6-0c28a1acbc7e,ac93a9ce-4bc9-4747-b429-b95943d220d9,Undergraduate Researcher,Hotchkiss Brain Institute,Internship,"Calgary, Alberta, Canada",May 2024,Present,2 yrs 1 mo,Conducted specialized research analyzing the efficacy of treatments and their impact on the brain. Worked with MR images and analytical softwares to generate inferences on the data. An author of a published peer-reviewed study. Presented findings at the HBI symposium for multiple years.,Undergraduate Researcher | Hotchkiss Brain Institute | May 2024 | Present,0
824effab-af77-4edb-b328-80093bb79456,ac93a9ce-4bc9-4747-b429-b95943d220d9,VP Events,,2nd,,Dec 2023,Present,2 yrs 6 mos,"Calgary, Alberta, Canada",VP Events | Dec 2023 | Present,1
ef0a69ce-b874-42dc-b736-8c8fed1d5691,d06308e7-14c8-480f-b2df-25998cba800b,Systems Engineering Team Lead,CalgaryToSpace,,,Nov 2024,Present,1 yr 7 mos,,Systems Engineering Team Lead | CalgaryToSpace | Nov 2024 | Present,0
983570c9-257f-4552-b7e3-30a0db03b601,d06308e7-14c8-480f-b2df-25998cba800b,Tutor,RM Tutoring,Contract Part-time,,2024,Present,2 yrs 5 mos,,Tutor | RM Tutoring | 2024 | Present,1
b0663c73-e791-4020-9edd-b42a3e844bd3,d06308e7-14c8-480f-b2df-25998cba800b,Research Assistant,Hotchkiss Brain Institute,Contract Part-time,"Calgary, Alberta, Canada",Apr 2022,Present,4 yrs 2 mos,Designed and conducted experiments in the field of behavioural neuroscience in invertebrates to investigate learning and memory capabilities. Experience in both field and laboratory work via comparative studies examining pond snail learning capacities in varying environmental conditions. Analysed and reported data using Prism and prepared publications and presentations for research symposiums.,Research Assistant | Hotchkiss Brain Institute | Apr 2022 | Present,2
1ea42d4b-71a1-4399-8721-7c3f117530e6,d06308e7-14c8-480f-b2df-25998cba800b,Civil Engineering Co-op Student,City of Calgary,Co-op,,May 2025,Aug 2025,4 mos,City-wide survey of concrete assets evaluating and marking hazards while recommending repairs.,Civil Engineering Co-op Student | City of Calgary | May 2025 | Aug 2025,3
c5b54aec-0228-40fa-bfe5-6f72f2742946,d06308e7-14c8-480f-b2df-25998cba800b,Head Lifeguard & Swim Instructor,,3rd,"Calgary, Alberta, Canada",Apr 2022,May 2025,3 yrs 2 mos,"Responsible for managing regular pool operations, training new staff, and ensuring that the pool runs smoothly alongside normal lifeguard operations. Swim instructor for all ages and ability of swimmers from parent and tot to advanced adult levels and children with disabilities.",Head Lifeguard & Swim Instructor | Apr 2022 | May 2025,4
8a81200e-7e6a-41ef-b5ab-118f46cd5ae3,4f077cb1-7072-4a1f-916c-a8e7a0b19697,Founder/President,Heart & Stroke,,,Dec 2025,Present,6 mos,"Calgary, Alberta, Canada",Founder/President | Heart & Stroke | Dec 2025 | Present,0
17ba7bbd-1fbf-4228-b8b8-1a3b50c836db,4f077cb1-7072-4a1f-916c-a8e7a0b19697,Clinical Neuroscience Research Assistant,Hotchkiss Brain Institute,Seasonal,"Calgary, Alberta, Canada",May 2025,Present,1 yr 1 mo,"My current research with Dr. Ganesh’s lab explores the relationship between antithrombotic medication regimens prescribed at the time of hospital admission and the risk of short-term recurrent strokes. We are also examining this relationship across different stroke etiologies, as determined following diagnostic investigations, to better understand how tailored treatment strategies can influence early recurrence risk and patient outcomes.",Clinical Neuroscience Research Assistant | Hotchkiss Brain Institute | May 2025 | Present,1
030c4a8d-f9d3-4a4e-9e11-31cbcd4f23eb,4f077cb1-7072-4a1f-916c-a8e7a0b19697,Team member,,3rd+,"Fort McMurray, Alberta, Canada",Jun 2023,Jul 2024,1 yr 2 mos,"Experienced in selecting and preparing grocery orders with precision, efficiency, and care. Focused on ensuring product quality, order accuracy, and excellent customer service for online, curbside, and delivery clients.",Team member | Jun 2023 | Jul 2024,2
0ee418a6-ff29-4dd2-9f5d-525622b918ab,5f89e53a-fad1-4b57-a8e0-b4627dc6d120,Education Co-Director,Hotchkiss Brain Institute Trainee Organization,,,May 2025,May 2026,1 yr 1 mo,"Calgary, Alberta, Canada",Education Co-Director | Hotchkiss Brain Institute Trainee Organization | May 2025 | May 2026,0
8438b399-cae4-4f84-8e72-c7169873d531,5f89e53a-fad1-4b57-a8e0-b4627dc6d120,Shift Leader,JOEY Restaurant Group,Permanent Part-time,,May 2020,Aug 2024,4 yrs 4 mos,On-site,Shift Leader | JOEY Restaurant Group | May 2020 | Aug 2024,1
b5cdc657-6d28-4faf-94e5-e84695ae6257,5f89e53a-fad1-4b57-a8e0-b4627dc6d120,Clinic Assistant,Queen's University,Contract Part-time,,Aug 2022,Apr 2023,9 mos,"Assisted in providing mental and physical health support, knowledge, and resources to students, facilitated clinic operations, and supported wellness initiatives.",Clinic Assistant | Queen's University | Aug 2022 | Apr 2023,2
63d2907c-0799-4767-9a21-56265e07097a,5f89e53a-fad1-4b57-a8e0-b4627dc6d120,Server,,2nd,,Aug 2021,Apr 2023,1 yr 9 mos,Provide attentive service to guests. Thorough menu knowledge to provide recommendations and answer product questions.,Server | Aug 2021 | Apr 2023,3
25e75e84-3659-4455-82f1-3cfe05bfac3b,89c4088b-73ff-4c4d-bcc1-2a2d1318a9dd,Undergraduate Research Student,Hotchkiss Brain Institute,,"Calgary, Alberta, Canada",May 2024,Present,2 yrs 1 mo,Research student in Dr. Grant Gordon’s lab. Investigating the mechanisms by which astrocytes modulate neurons following chronic stress in the paraventricular nucleus of the hypothalamus.,Undergraduate Research Student | Hotchkiss Brain Institute | May 2024 | Present,0
fc832e69-19c6-4918-8c11-9fcc6aa04067,89c4088b-73ff-4c4d-bcc1-2a2d1318a9dd,Swim Instructor and Lifeguard,City of Calgary,Contract Part-time,"Calgary, Alberta, Canada",Apr 2023,Present,3 yrs 2 mos,,Swim Instructor and Lifeguard | City of Calgary | Apr 2023 | Present,1
ba51d8fc-5137-4d92-9cdf-437269380e8a,89c4088b-73ff-4c4d-bcc1-2a2d1318a9dd,Head Volleyball Coach,Volleyball YYC Sports Inc.,Seasonal,"Calgary, Alberta, Canada",Sep 2022,Present,3 yrs 9 mos,Coaching kids U9-U13 basic volleyball fundamentals and skills.,Head Volleyball Coach | Volleyball YYC Sports Inc. | Sep 2022 | Present,2
f9022edc-d93e-457f-9576-65d6b8dc0fde,89c4088b-73ff-4c4d-bcc1-2a2d1318a9dd,Assistant Volleyball Coach,,3rd,"Calgary, Alberta, Canada",Jan 2022,Sep 2022,9 mos,Coaching kids U8-U12 basic volleyball fundamentals and skills.,Assistant Volleyball Coach | Jan 2022 | Sep 2022,3
c24f5526-c6e6-4b3c-a3f9-d2c5ca317c83,664d7fa2-f7f9-4959-a948-fe144f628b7e,Postdoctoral Associate,Hotchkiss Brain Institute,,,Oct 2025,Present,8 mos,"Calgary, Alberta, Canada",Postdoctoral Associate | Hotchkiss Brain Institute | Oct 2025 | Present,0
3a80c337-984f-409c-8da4-91a2f06ee632,664d7fa2-f7f9-4959-a948-fe144f628b7e,Associate researcher and medical physicist,Centro de Isótopos,Full-time,,May 2021,Present,5 yrs 1 mo,"Havana, Cuba",Associate researcher and medical physicist | Centro de Isótopos | May 2021 | Present,1
8d220e42-5e79-4308-aa83-186ada8ad445,664d7fa2-f7f9-4959-a948-fe144f628b7e,Postdoctoral Fellow,Centre for Neuroscience Studies at Queen's University,Full-time,"Kingston, Ontario, Canada",Aug 2023,Aug 2025,2 yrs 1 mo,,Postdoctoral Fellow | Centre for Neuroscience Studies at Queen's University | Aug 2023 | Aug 2025,2
6de70748-6a05-48a5-b69f-c1256f002d9c,664d7fa2-f7f9-4959-a948-fe144f628b7e,Assistant Professor,"Universidad Tecnológica de La Habana ""José Antonio Echeverría""​, CUJAE",Part-time,,Sep 2013,May 2023,9 yrs 9 mos,"Havana, Cuba","Assistant Professor | Universidad Tecnológica de La Habana ""José Antonio Echeverría""​, CUJAE | Sep 2013 | May 2023",3
a4becec6-63fe-4c2a-8a1a-5ac67bc2346b,664d7fa2-f7f9-4959-a948-fe144f628b7e,Assistant researcher and medical physicist,,3rd,,Sep 2010,Apr 2021,10 yrs 8 mos,"Havana, Cuba",Assistant researcher and medical physicist | Sep 2010 | Apr 2021,4
fe0ed97d-7085-4720-b9c0-8694b86f138c,436b91e1-d4ff-43f3-b6bf-c7f564832bd2,CEO & Co-founder,Novara ML,,,Oct 2025,Present,8 mos,"Calgary, Alberta, Canada",CEO & Co-founder | Novara ML | Oct 2025 | Present,0
0c4fb1c5-b941-4906-9cfe-13d7c0375aba,436b91e1-d4ff-43f3-b6bf-c7f564832bd2,Doctoral Student,Hotchkiss Brain Institute,Full-time,"Calgary, Alberta, Canada",Sep 2023,Present,2 yrs 9 mos,,Doctoral Student | Hotchkiss Brain Institute | Sep 2023 | Present,1
18c988b9-8e8b-481c-9ad7-fa14166c4380,436b91e1-d4ff-43f3-b6bf-c7f564832bd2,Data Analyst,Klue,Internship,"Vancouver, British Columbia, Canada",Apr 2023,Aug 2023,5 mos,,Data Analyst | Klue | Apr 2023 | Aug 2023,2
bf32e22a-68aa-47f1-af2e-273c697cec66,436b91e1-d4ff-43f3-b6bf-c7f564832bd2,Medical Laboratory Assistant,,Analyzed a variety of samples while ensuring all software components and corresponding machinery continued to run accordingly and produce accurate results,,Sep 2022,Mar 2023,7 mos,"Kelowna, British Columbia, Canada",Medical Laboratory Assistant | Sep 2022 | Mar 2023,3
392926bd-edf5-4d13-b020-6cbfc61d4d72,436b91e1-d4ff-43f3-b6bf-c7f564832bd2,Research Assistant,,Executed cell simulations with the purpose of observing the effect of various chemotherapy drugs on prostate cancer cells in an in silico mathematical model,,May 2022,Sep 2022,5 mos,"Waterloo, Ontario, Canada",Research Assistant | May 2022 | Sep 2022,4
5bcbf3bc-756e-492b-8440-19eb7f2d68f4,436b91e1-d4ff-43f3-b6bf-c7f564832bd2,Research Assistant,,Operated a Femtosecond Burst-Mode Pulsed Laser system with the goal of determining specific properties of laser filamentation in water,,Jan 2021,Aug 2021,8 mos,"Toronto, Ontario, Canada",Research Assistant | Jan 2021 | Aug 2021,5
50d286cc-15aa-4cb2-b34a-c805f4b36be4,436b91e1-d4ff-43f3-b6bf-c7f564832bd2,Co-op Student - Nanotechnology Research Centre,,Created a C# simulation in Visual Studio to estimate lithium diffusion rates within Li-Ion batteries containing a metal alloy negative electrode,,May 2020,Aug 2020,4 mos,"Edmonton, Alberta, Canada",Co-op Student - Nanotechnology Research Centre | May 2020 | Aug 2020,6
35a6ee71-acaa-4f59-9699-24952789038d,436b91e1-d4ff-43f3-b6bf-c7f564832bd2,Innovation Catalyst,,Expanded knowledge and understanding of nuclear power while assisting in the completion of reactor refurbishment tasks and projects tailored toward Bruce Power,"Kincardine, Ontario, Canada",Sep 2019,Dec 2019,4 mos,,Innovation Catalyst | Sep 2019 | Dec 2019,7
3a5b8e5e-550b-4851-bbd4-d66848255b32,436b91e1-d4ff-43f3-b6bf-c7f564832bd2,Software QA Analyst,,Demonstrated exceptional observational skills when identifying and documenting software errors found within scripts,,Jan 2019,Apr 2019,4 mos,"Waterloo, Ontario, Canada",Software QA Analyst | Jan 2019 | Apr 2019,8
becd1c40-c350-4fd3-ad3b-5904397e8a01,436b91e1-d4ff-43f3-b6bf-c7f564832bd2,University Leader and Coordinator,,3rd,,May 2018,Aug 2018,4 mos,"Waterloo, Ontario, Canada",University Leader and Coordinator | May 2018 | Aug 2018,9
a040a661-3b33-4244-b8e3-df9576c6686a,36d7f945-11f2-43e5-9b9c-f853e3e5773d,Undergraduate Student Researcher,Hotchkiss Brain Institute,,,May 2025,Present,1 yr 1 mo,"Calgary, Alberta, Canada",Undergraduate Student Researcher | Hotchkiss Brain Institute | May 2025 | Present,0
42484bf1-369f-47d4-a271-94ebc9dc572d,36d7f945-11f2-43e5-9b9c-f853e3e5773d,Mathnasium Instructor,Mathnasium of Somerset,Permanent Part-time,"Calgary, Alberta, Canada",Sep 2024,Present,1 yr 9 mos,- Tutored students ranging from grades K-12 on mathematics based on the Alberta curriculum. - Answered students' questions on Mathnasium-provided worksheets and homework brought in from school. - Assisted 2-5 students of varying math levels at once each shift.,Mathnasium Instructor | Mathnasium of Somerset | Sep 2024 | Present,1
e9686cac-ad0e-4fbc-b04c-a6dd774763c6,36d7f945-11f2-43e5-9b9c-f853e3e5773d,Dance Instructor,Icon Dance Company Inc,Contract Part-time,"Calgary, Alberta, Canada",Sep 2024,Jun 2025,10 mos,- Provided instructions to students on the proper technique of ballet steps. - Created lesson plans and chose supporting materials to suit the skillset of students. - Choreographed performance pieces for recitals to showcase students' skills and progress.,Dance Instructor | Icon Dance Company Inc | Sep 2024 | Jun 2025,2
ebebe3e7-712f-428f-8d4b-fe522f814522,36d7f945-11f2-43e5-9b9c-f853e3e5773d,Mathnasium Instructor,,2nd,"Calgary, Alberta, Canada",Jan 2023,Jul 2024,1 yr 7 mos,Why am I seeing this ad?,Mathnasium Instructor | Jan 2023 | Jul 2024,3
35af3b58-b900-487c-b775-893a499712be,4f2f7c3a-d585-4aa1-880a-a9e136c97b8a,Master's Student,Hotchkiss Brain Institute,,,Aug 2025,Present,10 mos,,Master's Student | Hotchkiss Brain Institute | Aug 2025 | Present,0
461a7cfe-6a24-4384-95ba-a1183e820e15,4f2f7c3a-d585-4aa1-880a-a9e136c97b8a,Undergraduate Student Researcher,Libin Cardiovascular Institute,,"Calgary, Alberta, Canada",Nov 2023,May 2025,1 yr 7 mos,Led a pilot study investigating neurocognitive changes in Long-COVID and Postural Orthostatic Tachycardia Syndrome (POTS) patients and completed an honours thesis under the supervision of Dr. Satish Raj.,Undergraduate Student Researcher | Libin Cardiovascular Institute | Nov 2023 | May 2025,1
33922eab-54fc-4f80-81b4-bacf81c2a712,4f2f7c3a-d585-4aa1-880a-a9e136c97b8a,Retail Customer Service,,2nd,,Aug 2021,Apr 2022,9 mos,"Calgary, Alberta, Canada",Retail Customer Service | Aug 2021 | Apr 2022,2
b13ed0bf-dd55-4b22-8fc0-7e8e17777f83,1813974b-6d56-422b-9f39-0248a5ad79ab,Student Researcher,Hotchkiss Brain Institute,Contract Full-time,"Calgary, Alberta, Canada",May 2026,Present,1 mo,"Working in the Aaron Phillips Lab, I contributed towards the creation of a brain-computer interface (BCI) designed for the restoration of autonomic cardiovascular control in SCI patients. Provided expertise towards the combination of neural signals with external equipment that allowed for real-time monitoring and control based on physiological feedback and worked on developing signal processing techniques for interpreting neural signals involved in the regulation of blood pressure. Collaborated with members of a multidisciplinary team of researchers from neuroscience, biomedical engineering, and clinical science in order to set up experiments, collect data, and analyze their results.",Student Researcher | Hotchkiss Brain Institute | May 2026 | Present,0
d402c3c8-d53c-4b09-b0e9-e4b583de95c6,1813974b-6d56-422b-9f39-0248a5ad79ab,Research Associate,Arnie Charbonneau Cancer Institute,Contract Part-time,"Calgary, Alberta, Canada",Dec 2025,Present,6 mos,"As a Research Associate in the Paschke Research Group, I support a prospective study on differentiated thyroid cancer outcomes. My role involves clinical data capture and database maintenance across University of Calgary and Alberta Health Services systems. I update and maintain the long-term thyroid cancer outcomes database, including chart review and data capture for approximately 435 patients. I enter and verify new patient data in REDCap using the study’s standardized data dictionary and quality control procedures. I access and extract information from AHS clinical systems, including ConnectCare and ARIA, following secure data handling protocols. I also assist in ongoing prospective audits of treatment response, recurrence risk stratification, and outcomes following ATA guidelines.",Research Associate | Arnie Charbonneau Cancer Institute | Dec 2025 | Present,1
63011ee3-d441-4f0f-990c-6156c3fbd243,1813974b-6d56-422b-9f39-0248a5ad79ab,Junior Executive,HSOC scholars,Permanent Part-time,,Oct 2025,Present,8 mos,"Calgary, Alberta, Canada",Junior Executive | HSOC scholars | Oct 2025 | Present,2
dc46ac3e-863f-4eaa-8fd7-79f898b690d0,1813974b-6d56-422b-9f39-0248a5ad79ab,Academic Tutor,Self-employed,Self-employed,Canada,Jun 2024,Present,2 yrs,"I provided support to students across a range of subjects, helping them strengthen their understanding, improve their study skills, and build academic confidence by tailoring each session to fit their goals and learning style. This role taught me how to communicate clearly, stay patient under pressure, and adapt my teaching approach to help others succeed.",Academic Tutor | Self-employed | Jun 2024 | Present,3
1c3e3dfd-fcc8-4d85-b27f-74caadeb7494,1813974b-6d56-422b-9f39-0248a5ad79ab,Course Instructor,UCMAS Canada,Permanent Part-time,Canada,Oct 2023,Present,2 yrs 8 mos,"As a UCMAS instructor, I taught young students the fundamentals of mental math and abacus-based arithmetic through structured and interactive lessons focused on concentration, memory, and speed. This experience helped me strengthen my communication, leadership, and classroom management skills while making a real difference in students’ confidence and cognitive development.",Course Instructor | UCMAS Canada | Oct 2023 | Present,4
89f7e005-433e-494c-8a93-5d14cbcf1c72,1813974b-6d56-422b-9f39-0248a5ad79ab,Science Division Team Member,Schulich Space Rover Team,,Canada,Oct 2024,May 2025,8 mos,"As part of the Science Division, I contributed to the design and execution of scientific tasks for our Mars rover prototype, competing in the international University Rover Challenge (URC). My role involved the assistance of research that would help the rover collect and interpret soil samples as well as writing a scientific report that would be submitted in the challenge. Through this experience, I gained hands-on skills in research and scientific report writing within a fast-paced, problem-solving environment.",Science Division Team Member | Schulich Space Rover Team | Oct 2024 | May 2025,5
8e8bc440-6b50-40f9-a3af-a8935bdafb2a,1813974b-6d56-422b-9f39-0248a5ad79ab,Biology Tutor,,3rd,"Calgary, Alberta, Canada",Jul 2024,Aug 2024,2 mos,"I worked with students in small groups and one-on-one to assist them in developing strong study habits, preparing for exams, and to attain a better understanding of course material as a biology tutor. Through this role, I strengthened my ability to communicate clearly, adapt to different learning styles, and support students in building confidence in science.",Biology Tutor | Jul 2024 | Aug 2024,6
f5c8ff9b-47c0-460c-8d83-cc05bff7609b,2c45aecd-fd7b-4d2f-9247-bd76d91f0b64,Adjunct Assistant Professor,University of Calgary,Permanent Full-time,,Sep 2025,Present,9 mos,"Calgary, Alberta, Canada",Adjunct Assistant Professor | University of Calgary | Sep 2025 | Present,0
bc88d66c-8b65-4d69-a196-44196f8f897d,2c45aecd-fd7b-4d2f-9247-bd76d91f0b64,"Staff Scientist, Prescott Lab",Hotchkiss Brain Institute,,,Sep 2025,Present,9 mos,"Calgary, Alberta, Canada","Staff Scientist, Prescott Lab | Hotchkiss Brain Institute | Sep 2025 | Present",1
e956e084-cfcb-4417-9084-a60f6f230082,2c45aecd-fd7b-4d2f-9247-bd76d91f0b64,Co-Founder,Robotic Algometry Inc.,,,May 2024,Present,2 yrs 1 mo,Home of RAMalgo,Co-Founder | Robotic Algometry Inc. | May 2024 | Present,2
edac43d2-c1ac-40be-849b-d21f3161ea4e,2c45aecd-fd7b-4d2f-9247-bd76d91f0b64,Research Associate,The Hospital for Sick Children,,,Sep 2012,Apr 2026,13 yrs 8 mos,,Research Associate | The Hospital for Sick Children | Sep 2012 | Apr 2026,3
cae0c786-837f-45f5-a1de-6b9e8e255232,2c45aecd-fd7b-4d2f-9247-bd76d91f0b64,Research Associate,University of Pittsburgh,,,Jul 2008,Aug 2012,4 yrs 2 mos,"Pittsburgh, Pennsylvania, United States",Research Associate | University of Pittsburgh | Jul 2008 | Aug 2012,4
351665ed-2761-4f29-8e33-7c282a964948,2c45aecd-fd7b-4d2f-9247-bd76d91f0b64,Postdoctoral Fellow,Université de Montréal,,,Jun 2003,Aug 2005,2 yrs 3 mos,"Montreal, Quebec, Canada",Postdoctoral Fellow | Université de Montréal | Jun 2003 | Aug 2005,5
fda889a8-c43e-4fc2-8843-b3bc4568bab6,2c45aecd-fd7b-4d2f-9247-bd76d91f0b64,Postdoctoral Researcher,,3rd,,Nov 1999,May 2003,3 yrs 7 mos,"Birmingham, England, United Kingdom",Postdoctoral Researcher | Nov 1999 | May 2003,6
627c0b7b-c15f-48ab-ab3e-1b7010fd77a8,f88540d0-b213-4fd9-9f2e-458aabd26874,Graduate Student Researcher,Hotchkiss Brain Institute,,,Jan 2026,Present,5 mos,"Calgary, Alberta, Canada",Graduate Student Researcher | Hotchkiss Brain Institute | Jan 2026 | Present,0
88c501d4-b6b3-4a5b-973b-75dcfd4f0ccd,f88540d0-b213-4fd9-9f2e-458aabd26874,Herbarium Coordinator,Yukon University,,,Nov 2023,Dec 2025,2 yrs 2 mos,"Whitehorse, Yukon Territory, Canada",Herbarium Coordinator | Yukon University | Nov 2023 | Dec 2025,1
3b2a2934-f4e9-4a5c-9ac9-47b113b81685,f88540d0-b213-4fd9-9f2e-458aabd26874,Scientific Consultant,LDAY Centre for Learning,,,Nov 2022,May 2025,2 yrs 7 mos,"Whitehorse, Yukon Territory, Canada",Scientific Consultant | LDAY Centre for Learning | Nov 2022 | May 2025,2
cee3f985-9079-4357-9102-6f68598b5fc4,f88540d0-b213-4fd9-9f2e-458aabd26874,Operations Manager,Yukon Berry Farms,,,May 2022,Sep 2023,1 yr 5 mos,"Whitehorse, Yukon Territory, Canada",Operations Manager | Yukon Berry Farms | May 2022 | Sep 2023,3
da53bd7f-5696-4491-93a8-690f15d99272,f88540d0-b213-4fd9-9f2e-458aabd26874,Co-Founder & Fine Artist - Independent Small Business,Interval Illusions,,,Jun 2019,Aug 2022,3 yrs 3 mos,"Calgary, Alberta, Canada",Co-Founder & Fine Artist - Independent Small Business | Interval Illusions | Jun 2019 | Aug 2022,4
4c855d70-c5d8-4777-8f6e-8ca76b7ae959,f88540d0-b213-4fd9-9f2e-458aabd26874,Department Manager,Sobeys,,,Aug 2020,Mar 2022,1 yr 8 mos,"Calgary, Alberta, Canada",Department Manager | Sobeys | Aug 2020 | Mar 2022,5
42af3bc4-22ea-45a9-a3d4-77b4d09f5648,f88540d0-b213-4fd9-9f2e-458aabd26874,Science and Mathematics Tutor,Sep 2021,1 mo,,Sep 2020,Nov 2021,1 yr 3 mos,"Airdrie, Alberta, Canada",Science and Mathematics Tutor | Sep 2021 | Sep 2020 | Nov 2021,6
0e8d2f67-0c13-4fde-8f04-ddcda11fc61e,f88540d0-b213-4fd9-9f2e-458aabd26874,Undergraduate Student Researcher,Hotchkiss Brain Institute,,,May 2019,May 2020,1 yr 1 mo,"Calgary, Alberta, Canada",Undergraduate Student Researcher | Hotchkiss Brain Institute | May 2019 | May 2020,7
a5444e25-f05f-4daf-a51f-9627d8836776,f88540d0-b213-4fd9-9f2e-458aabd26874,Undergraduate Student Researcher,,3rd,,May 2018,Aug 2018,4 mos,"Calgary, Alberta, Canada",Undergraduate Student Researcher | May 2018 | Aug 2018,8
53de195d-c1e0-44df-b5be-8bce8b634cf2,f74db81b-4eeb-4b17-8762-32bc97ce4438,Clinical Research Coordinator,Hotchkiss Brain Institute,,,Oct 2024,Present,1 yr 8 mos,"Calgary, Alberta, Canada",Clinical Research Coordinator | Hotchkiss Brain Institute | Oct 2024 | Present,0
477fe23b-48de-4871-a8a3-a331c52aab77,f74db81b-4eeb-4b17-8762-32bc97ce4438,Data Entry Clerk (Higher Level),RDAR (Results Driven Agriculture Research),Contract Part-time,"Calgary, Alberta, Canada",Oct 2024,Jan 2025,4 mos,,Data Entry Clerk (Higher Level) | RDAR (Results Driven Agriculture Research) | Oct 2024 | Jan 2025,1
59a15f69-614e-4d3c-9ee5-6d70d1caf9c9,f74db81b-4eeb-4b17-8762-32bc97ce4438,Food Service Supervisor,,3rd,,Apr 2023,May 2024,1 yr 2 mos,"Calgary, Alberta, Canada",Food Service Supervisor | Apr 2023 | May 2024,2
f634485d-bbba-425f-b458-ff1a98d9cb59,d99f4fbc-49ae-4e26-80b5-23ae02c87015,MSc Student,University of Calgary,,,Sep 2025,Present,9 mos,Academic Research,MSc Student | University of Calgary | Sep 2025 | Present,0
eae326d9-e6a3-429b-9236-85ee8be9faf6,d99f4fbc-49ae-4e26-80b5-23ae02c87015,Undergraduate Researcher,Hotchkiss Brain Institute,,"Calgary, Alberta, Canada",Aug 2023,Present,2 yrs 10 mos,"Sole author of research publication: “Understanding Bidirectional Relations Between Adolescent Cannabis Use and Internalizing and Externalizing Symptoms” Journal of Child and Adolescent Substance Abuse. Team member in research design and data collection Completion of statistical data analyses (multiple regressions, correlations) using SPSS and SAS.",Undergraduate Researcher | Hotchkiss Brain Institute | Aug 2023 | Present,1
7eb55482-c132-423f-b4fa-4fd334794500,d99f4fbc-49ae-4e26-80b5-23ae02c87015,Child and Youth Care Counselor,,3rd+,,Jun 2024,Apr 2026,1 yr 11 mos,Why am I seeing this ad?,Child and Youth Care Counselor | Jun 2024 | Apr 2026,2
b9cd9fdc-7deb-4f31-b550-6afd178553c7,3574dd3c-aeed-400f-8729-f2f4df0c4bb0,Graduate Student Researcher,Hotchkiss Brain Institute,,"Calgary, Alberta, Canada",Sep 2024,Present,1 yr 9 mos,,Graduate Student Researcher | Hotchkiss Brain Institute | Sep 2024 | Present,0
64b83f5a-5069-4c58-8c92-4980512f79aa,3574dd3c-aeed-400f-8729-f2f4df0c4bb0,Student Researcher,BC Cancer,Internship,"Kelowna, British Columbia, Canada",May 2023,Present,3 yrs 1 mo,A Radiomics-Based Breast Cancer Detection Model,Student Researcher | BC Cancer | May 2023 | Present,1
b0e0622a-310c-4f14-9c94-86efb160d9f2,3574dd3c-aeed-400f-8729-f2f4df0c4bb0,Undergraduate Student Researcher,,2nd,"Kelowna, British Columbia, Canada",Sep 2021,Apr 2022,8 mos,Why am I seeing this ad?,Undergraduate Student Researcher | Sep 2021 | Apr 2022,2
1e23ba43-2d3c-4ebb-8e82-406f22045a39,a6e2ee49-40fe-472f-8d64-2d12f050c853,Medical Laboratory Technician,Hotchkiss Brain Institute,Permanent Full-time,,Aug 2022,Present,3 yrs 10 mos,"Calgary, Alberta, Canada",Medical Laboratory Technician | Hotchkiss Brain Institute | Aug 2022 | Present,0
3b59ee1b-79ba-4e85-bd5d-1e65d86cc48d,a6e2ee49-40fe-472f-8d64-2d12f050c853,Summer Research Student,University of Calgary,,,2018,2019,1 yr,Hotchkiss Brain Institute,Summer Research Student | University of Calgary | 2018 | 2019,1
7e34c2ee-7f65-4a8e-a5e0-b3156d7be453,a6e2ee49-40fe-472f-8d64-2d12f050c853,Research Assistant,Mount Royal University,,,Apr 2017,Dec 2017,9 mos,"Calgary, Alberta, Canada",Research Assistant | Mount Royal University | Apr 2017 | Dec 2017,2
4a197fd6-68fc-47e2-9d84-c9cee0954dd8,a6e2ee49-40fe-472f-8d64-2d12f050c853,Research Assistant,,3rd,,May 2017,Sep 2017,5 mos,"Calgary, Alberta, Canada",Research Assistant | May 2017 | Sep 2017,3
6bd060f1-340b-4e95-a176-3ad6d0977be3,eb4360fa-e6e2-466f-bd66-877e8d33ed95,Undergraduate Researcher,Hotchkiss Brain Institute,,,Jan 2016,Present,10 yrs 5 mos,University of Calgary,Undergraduate Researcher | Hotchkiss Brain Institute | Jan 2016 | Present,0
77f816a8-5052-48eb-be2d-e8a5717011d7,eb4360fa-e6e2-466f-bd66-877e8d33ed95,SCiP Intern,Ukrainian Canadian Congress Alberta Provincial Council,,,Mar 2015,Present,11 yrs 3 mos,"Alberta, Canada",SCiP Intern | Ukrainian Canadian Congress Alberta Provincial Council | Mar 2015 | Present,1
b1b39e3f-5c4f-49c8-85d9-ad5e129e4bd9,eb4360fa-e6e2-466f-bd66-877e8d33ed95,Webmaster/IT,Ukrainian Canadian Congress Calgary Branch,,,Jan 2014,Present,12 yrs 5 mos,Greater Calgary Metropolitan Area,Webmaster/IT | Ukrainian Canadian Congress Calgary Branch | Jan 2014 | Present,2
20c6108d-5b0a-41ed-9bb2-211ac405bbcf,eb4360fa-e6e2-466f-bd66-877e8d33ed95,Videographer,Echoes of Ukraine TV Program,,,Jan 2012,Present,14 yrs 5 mos,,Videographer | Echoes of Ukraine TV Program | Jan 2012 | Present,3
15b745d5-0009-4fc9-9169-cb5836857a1a,eb4360fa-e6e2-466f-bd66-877e8d33ed95,Caterer & Bartender,Varsity Community Association,,,Aug 2010,Present,15 yrs 10 mos,Greater Calgary Metropolitan Area,Caterer & Bartender | Varsity Community Association | Aug 2010 | Present,4
74dcd533-25d1-483a-9a63-73ae2e2003de,eb4360fa-e6e2-466f-bd66-877e8d33ed95,Executive Vice President,Ukrainian Canadian Students' Union,,,May 2016,May 2017,1 yr 1 mo,,Executive Vice President | Ukrainian Canadian Students' Union | May 2016 | May 2017,5
5270e353-ad80-414c-880b-8d0038925d70,eb4360fa-e6e2-466f-bd66-877e8d33ed95,Undergraduate Research Assistant,,3rd,,Feb 2015,Jan 2016,1 yr,Robson DNA Science Centre - University of Calgary,Undergraduate Research Assistant | Feb 2015 | Jan 2016,6
d41a0bf4-96c6-4ce8-b93b-fd01ccbc5f39,032babd0-2e68-4172-8d2b-fb76e2ffaf51,MD Student,University of Calgary,,,Jul 2017,Present,8 yrs 11 mos,,MD Student | University of Calgary | Jul 2017 | Present,0
3cb3fa5a-8a3f-4c54-ae12-229c5980b0ba,032babd0-2e68-4172-8d2b-fb76e2ffaf51,PhD Candidate,Hotchkiss Brain Institute,,,Sep 2013,Present,12 yrs 9 mos,"Calgary, Alberta, Canada",PhD Candidate | Hotchkiss Brain Institute | Sep 2013 | Present,1
f379fe1a-3550-43ce-955c-11e319d65649,032babd0-2e68-4172-8d2b-fb76e2ffaf51,Research assistant at Calgary MS Clinic,Foothills Hospital,,,Oct 2012,Dec 2014,2 yrs 3 mos,University of Calgary,Research assistant at Calgary MS Clinic | Foothills Hospital | Oct 2012 | Dec 2014,2
eacd07ea-ef52-44d3-9001-ca74ae1d4aeb,032babd0-2e68-4172-8d2b-fb76e2ffaf51,Math and Sciences Tutor,Renert Tutoring Centre,,,Oct 2012,Jun 2013,9 mos,Greater Calgary Metropolitan Area,Math and Sciences Tutor | Renert Tutoring Centre | Oct 2012 | Jun 2013,3
0de9df67-6ba8-4474-aded-991cddd05c57,032babd0-2e68-4172-8d2b-fb76e2ffaf51,Summer Research Student,The Hospital for Sick Children,,,May 2012,Aug 2012,4 mos,"Toronto, Ontario",Summer Research Student | The Hospital for Sick Children | May 2012 | Aug 2012,4
d6647a78-0dc9-4edb-9b83-1cf14665629e,032babd0-2e68-4172-8d2b-fb76e2ffaf51,Compounding Technician and Pharmacy Technician,,3rd,,May 2009,Aug 2011,2 yrs 4 mos,Greater Ottawa Metropolitan Area,Compounding Technician and Pharmacy Technician | May 2009 | Aug 2011,5
62fd9b2e-1320-4410-9a8e-4efc6fc784b3,6d4b66dc-1227-411d-bd34-96ffd837ed5c,Student Researcher | Gordon Lab,Hotchkiss Brain Institute,,,Sep 2024,Present,1 yr 9 mos,"Calgary, Alberta, Canada",Student Researcher | Gordon Lab | Hotchkiss Brain Institute | Sep 2024 | Present,0
8010027e-51c2-495b-8e52-9abd3659b5f7,6d4b66dc-1227-411d-bd34-96ffd837ed5c,Co-Founder and Senior Editor,The Journal of Undergraduate Inquiry (JUI),,,Feb 2024,Present,2 yrs 4 mos,,Co-Founder and Senior Editor | The Journal of Undergraduate Inquiry (JUI) | Feb 2024 | Present,1
10b1324a-26c7-49ee-843e-3db75e65d396,6d4b66dc-1227-411d-bd34-96ffd837ed5c,Project Lead & Research Assistant | Adaptive Bionics Lab,University of Calgary - Biomedical Engineering,,"Calgary, Alberta, Canada",Sep 2023,Present,2 yrs 9 mos,,Project Lead & Research Assistant | Adaptive Bionics Lab | University of Calgary - Biomedical Engineering | Sep 2023 | Present,2
635bdb9a-050a-4fe3-9222-230f6268e15f,6d4b66dc-1227-411d-bd34-96ffd837ed5c,Summer Camp Leader,Vecova,Seasonal,"Calgary, Alberta, Canada",Jun 2024,Aug 2024,3 mos,"Oversaw and provided care for 90+ children of ages 3-16 as part of a team of camp leaders Collaborated with colleagues to organize activity schedules and deliver modules accessible to children with varying levels of cognitive and physical disabilities (ADHD, autism, FASD, cerebral palsy, developmental delays, sensory impairments, etc) Engaged and built connections with children and parents, ensuring all campers felt comfortable and welcome at camp",Summer Camp Leader | Vecova | Jun 2024 | Aug 2024,3
e58d73f8-4c9d-47b1-a998-4b203b7e74ba,6d4b66dc-1227-411d-bd34-96ffd837ed5c,Research Assistant | Pediatric Onset of Neuromotor Impairments Lab,Hotchkiss Brain Institute,,"Calgary, Alberta, Canada",Sep 2023,Apr 2024,8 mos,,Research Assistant | Pediatric Onset of Neuromotor Impairments Lab | Hotchkiss Brain Institute | Sep 2023 | Apr 2024,4
5c775c86-bd61-445f-9494-bc60de200092,6d4b66dc-1227-411d-bd34-96ffd837ed5c,Student Researcher,,2nd,"Calgary, Alberta, Canada",May 2022,Aug 2022,4 mos,Why am I seeing this ad?,Student Researcher | May 2022 | Aug 2022,5
73c805c9-3cde-4205-a7ad-687022f42815,e7267525-c18f-41da-9bec-eb4868c93c8b,Street Outreach Volunteer,BeTheChangeYYC,On-Call,"Calgary, Alberta, Canada",Oct 2025,Present,8 mos,"As an Outreach Volunteer with Be The Change YYC, I support street-based teams in building trust with community members, distributing essentials (food, water, clothing, hygiene), and connecting people to shelter, health, and social services through a harm-reduction, trauma-informed approach. I contribute to safety on shift—including basic first aid when needed—while practicing clear communication, de-escalation, and accurate documentation to enable referrals and follow-up.",Street Outreach Volunteer | BeTheChangeYYC | Oct 2025 | Present,0
a589c50c-d333-408d-82f3-f887b30ec3b0,e7267525-c18f-41da-9bec-eb4868c93c8b,Jr. VP External,Health Sciences Students' Association,,,Oct 2025,Present,8 mos,,Jr. VP External | Health Sciences Students' Association | Oct 2025 | Present,1
a52170cf-7119-4a7b-8e02-b4f2ca11a129,e7267525-c18f-41da-9bec-eb4868c93c8b,"Research Student, Ganesh Lab",Hotchkiss Brain Institute,Permanent Part-time,"Calgary, Alberta, Canada",May 2025,Present,1 yr 1 mo,"Assisted in the collection and organization of comprehensive patient data, including clinical presentations, imaging results, and treatment plans. This information was used to analyze patterns of carotid disease and support the development of predictive tools aimed at enhancing risk assessment and improving clinical decision-making pathways.","Research Student, Ganesh Lab | Hotchkiss Brain Institute | May 2025 | Present",2
6e0186c4-56f8-4b41-b819-5b3c81466e19,e7267525-c18f-41da-9bec-eb4868c93c8b,Volunteer Powerlifting Coach,Special Olympics Alberta,Seasonal,"Calgary, Alberta, Canada",Feb 2025,Present,1 yr 4 mos,"Continuing my coaching from BC, I continue my role as a Special Olympics coach in AB, assisting individuals with intellectual disabilities through sports. As a coach, I provide training, motivation, and guidance to athletes, helping them develop skills, build confidence, and achieve their personal and athletic goals. Through dedication and passion, I strive to create a positive and inclusive environment that nurtures the physical, social, and emotional well-being of Special Olympics athletes.",Volunteer Powerlifting Coach | Special Olympics Alberta | Feb 2025 | Present,3
ee5aed2c-901e-4be6-8724-4fc010021d44,e7267525-c18f-41da-9bec-eb4868c93c8b,Volunteer Powerlifting Coach,Special Olympics British Columbia,Seasonal,"Greater Vancouver, British Columbia, Canada",Jul 2022,Aug 2024,2 yrs 2 mos,"As a Special Olympics coach in BC I assist in empowering individuals with intellectual disabilities through sports. The role of a coach is to provide training, motivation, and guidance to athletes, enabling them to develop skills, build confidence, and achieve personal and athletic goals. Through their dedication and passion, we create a positive and inclusive environment that nurtures the physical, social, and emotional well-being of Special Olympics athletes in BC.",Volunteer Powerlifting Coach | Special Olympics British Columbia | Jul 2022 | Aug 2024,4
d501a4c5-07b1-4f26-9339-0c79dcfb21a8,e7267525-c18f-41da-9bec-eb4868c93c8b,Assistant Laboratory Technician,,2nd,"Greater Vancouver, British Columbia, Canada",May 2023,Jan 2024,9 mos,"While working in the lab as a Lab Technician's assistant I collaborate closely with researchers and lab technicians to assist in the preparation and execution of experiments. This includes preparing laboratory equipment, solutions, and reagents, ensuring their availability and proper functioning. They may also be involved in maintaining cell cultures or animal models used in neuroimmunology research, adhering to established protocols and ethical guidelines.",Assistant Laboratory Technician | May 2023 | Jan 2024,5
7dd3ae02-cf1a-4114-81cd-127045a0a1ab,70ab25bd-f4df-42c1-a09f-3bf3b020a75d,Operations Manager,Hotchkiss Brain Institute,Permanent Full-time,,Sep 2021,Present,4 yrs 9 mos,On-site,Operations Manager | Hotchkiss Brain Institute | Sep 2021 | Present,0
09bef7be-8401-44a1-93df-1dab344af111,70ab25bd-f4df-42c1-a09f-3bf3b020a75d,Senior Financial Consultant,Alberta Health Services,,,Dec 2016,Sep 2021,4 yrs 10 mos,Greater Calgary Metropolitan Area,Senior Financial Consultant | Alberta Health Services | Dec 2016 | Sep 2021,1
d750f109-cd7c-4454-ba28-86a6263e9877,70ab25bd-f4df-42c1-a09f-3bf3b020a75d,Internal Product Representative,,3rd,,Sep 2016,Nov 2016,3 mos,Why am I seeing this ad?,Internal Product Representative | Sep 2016 | Nov 2016,2
2470698f-ddfe-4f3d-9c88-0a9b7378a4c3,1e87e535-72b9-4cd1-a45b-7388a40664aa,Order management representatives,Asokan Solutions de Bureau,Permanent Full-time,,Aug 2024,Present,1 yr 10 mos,,Order management representatives | Asokan Solutions de Bureau | Aug 2024 | Present,0
ca40e128-413a-4bc1-a77a-312da8066ce4,1e87e535-72b9-4cd1-a45b-7388a40664aa,Représentant commercial pharmaceutique,Laboratoires Pharmalliance,Full-time,Algeria,Sep 2020,Present,5 yrs 9 mos,,Représentant commercial pharmaceutique | Laboratoires Pharmalliance | Sep 2020 | Present,1
4095c375-1b5e-401f-9c3d-73433f18688b,1e87e535-72b9-4cd1-a45b-7388a40664aa,Représentant commercial pharmaceutique,HBI,Full-time,,Feb 2020,Present,6 yrs 4 mos,"Zeralda, Alger, Algérie",Représentant commercial pharmaceutique | HBI | Feb 2020 | Present,2
71d37cca-3812-40a3-abba-0956352f4d92,1e87e535-72b9-4cd1-a45b-7388a40664aa,Responsable du pôle langue,THE CAMPUS ALGIERS,,,Sep 2019,Present,6 yrs 9 mos,,Responsable du pôle langue | THE CAMPUS ALGIERS | Sep 2019 | Present,3
e85e844e-c7b8-43ab-b625-498768be678f,1e87e535-72b9-4cd1-a45b-7388a40664aa,Enseignant universitaire,,3rd+,,Sep 2016,Present,9 yrs 9 mos,Algeria,Enseignant universitaire | Sep 2016 | Present,4
2ebef06c-bcab-4813-bd35-e1cf0784f482,8da88d24-84cc-470f-b23d-5df08100d0f9,Laboratory Technician,Hotchkiss Brain Institute,Contract Full-time,,Sep 2025,Present,9 mos,"Calgary, Alberta, Canada",Laboratory Technician | Hotchkiss Brain Institute | Sep 2025 | Present,0
e0e6582a-6c47-49ae-bc45-4fb40646c0b9,8da88d24-84cc-470f-b23d-5df08100d0f9,Student Researcher,Hotchkiss Brain Institute,Seasonal,University of Calgary,May 2024,May 2025,1 yr 1 mo,Conducting a four-month research project in the Trang Lab that will extend into my honours thesis. My project investigates the mechanistic sex differences between males and females who experience chronic neuropathic pain.,Student Researcher | Hotchkiss Brain Institute | May 2024 | May 2025,1
2f8de787-bd48-4656-bf99-167d198d6cff,8da88d24-84cc-470f-b23d-5df08100d0f9,Student Researcher,Snyder Institute for Chronic Diseases,Seasonal,"Calgary, Alberta, Canada",May 2023,Sep 2023,5 mos,Conducted a four-month research project funded by the O'Brien Center Summer Studentship Award investigating the role of novel AstraZeneca glucocorticoid receptor ligands compared to conventional glucocorticoids on the expression of IRF1 via the NFkB signalling pathway.,Student Researcher | Snyder Institute for Chronic Diseases | May 2023 | Sep 2023,2
dd5da678-c9a0-4695-9181-e5831434720f,8da88d24-84cc-470f-b23d-5df08100d0f9,Painter,Brentwood College School,Seasonal,"Mill Bay, British Columbia, Canada",May 2022,Aug 2022,4 mos,,Painter | Brentwood College School | May 2022 | Aug 2022,3
9ff875e6-bfef-4897-b277-08b8aaa0db07,8da88d24-84cc-470f-b23d-5df08100d0f9,Server and Host,Merridale Cidery & Distillery,Seasonal,"Cobble Hill, British Columbia, Canada",May 2022,Aug 2022,4 mos,,Server and Host | Merridale Cidery & Distillery | May 2022 | Aug 2022,4
1f581139-0896-4b86-90c2-0a46618b81f4,8da88d24-84cc-470f-b23d-5df08100d0f9,Painter,,3rd,"Mill Bay, British Columbia, Canada",Jun 2021,Sep 2021,4 mos,Why am I seeing this ad?,Painter | Jun 2021 | Sep 2021,5
1e441d76-4ced-40af-89d7-8218cc554adb,29775a4f-602f-42b3-a85a-bc3b2a6e83f6,MSc Student School and Applied Child Psychology,University of Calgary,,,Sep 2017,Present,8 yrs 9 mos,Greater Calgary Metropolitan Area,MSc Student School and Applied Child Psychology | University of Calgary | Sep 2017 | Present,0
3a7522a2-9072-4f91-be6a-d419b2ee3f9f,29775a4f-602f-42b3-a85a-bc3b2a6e83f6,Student Leader,National Association of School Psychologists,,,Jun 2018,Present,8 yrs,,Student Leader | National Association of School Psychologists | Jun 2018 | Present,1
d07909b1-e211-492c-a181-ed59cffdab1d,29775a4f-602f-42b3-a85a-bc3b2a6e83f6,President,Graduate Programs in Education Student Association,,,Apr 2018,Present,8 yrs 2 mos,University of Calgary,President | Graduate Programs in Education Student Association | Apr 2018 | Present,2
5ce8ff44-1347-4c68-908c-8e230717b426,29775a4f-602f-42b3-a85a-bc3b2a6e83f6,Behaviour Interventionist,Monarch,,,Sep 2017,Present,8 yrs 9 mos,Greater Calgary Metropolitan Area,Behaviour Interventionist | Monarch | Sep 2017 | Present,3
87abcdcb-a00b-49ce-a345-a499f2073c8b,29775a4f-602f-42b3-a85a-bc3b2a6e83f6,ACHRI Trainee,Alberta Childrens Hospital Research Institute,,,Sep 2017,Present,8 yrs 9 mos,"Calgary, Alberta, Canada",ACHRI Trainee | Alberta Childrens Hospital Research Institute | Sep 2017 | Present,4
cb08e89a-dd59-4497-a061-851ae1293bfe,29775a4f-602f-42b3-a85a-bc3b2a6e83f6,Mental Health Neuroteam Trainee,Hotchkiss Brain Institute,,,Sep 2017,Present,8 yrs 9 mos,,Mental Health Neuroteam Trainee | Hotchkiss Brain Institute | Sep 2017 | Present,5
b77ca180-dcf2-468e-ad19-35a828d22dd9,29775a4f-602f-42b3-a85a-bc3b2a6e83f6,Childcare Worker / Respite,Private Family Home Care Inc,,,Jun 2017,Present,9 yrs,Greater Calgary Metropolitan Area,Childcare Worker / Respite | Private Family Home Care Inc | Jun 2017 | Present,6
6fd7bfed-81e1-4298-9e78-0308122f7053,29775a4f-602f-42b3-a85a-bc3b2a6e83f6,Summer Program Leader,,3rd,,Jun 2015,Aug 2016,1 yr 3 mos,Stony Plain,Summer Program Leader | Jun 2015 | Aug 2016,7
bd40d5db-e243-47ba-9cbe-91596807903e,53482146-5b76-4e5d-823c-35f3903cd0fd,Co-Founder,Novara ML,,,Oct 2025,Present,8 mos,"Calgary, Alberta, Canada",Co-Founder | Novara ML | Oct 2025 | Present,0
14b7b087-6a01-4df8-8778-b730ee66e024,53482146-5b76-4e5d-823c-35f3903cd0fd,Postdoctoral Fellow,Hotchkiss Brain Institute,,"Calgary, Alberta, Canada",Mar 2023,Present,3 yrs 3 mos,"• Developing NeuroAI-inspired deep learning architectures for decoding functional MRI signals and interpreting neural activities with associative memory: deep convolutional neural networks equipped with modern Hopfield network. • Developing applications of Hopfield networks for image generation from associative memories. • Leading research on machine learning approaches for neuroimaging biomarker discovery and automated segmentation of multimodal data: 3D MRI image scans, CTA-derived plaques, breast mammography, and radiology reports. • Co-authored multiple peer-reviewed publications on in silico modeling of “brain-like” neural networks; emergent structural properties in lottery-ticket neural networks.",Postdoctoral Fellow | Hotchkiss Brain Institute | Mar 2023 | Present,1
84c99ad2-8c23-4739-9c49-fc1bf7c76388,53482146-5b76-4e5d-823c-35f3903cd0fd,Course Instructor,Washington State University,,,Aug 2018,May 2022,3 yrs 10 mos,• Basic Mathematics (MATH 100) • Mathematical Computing (MATH 300) • Differential Equations (MATH 314) • Mathematics for Business and Economics (MATH 201),Course Instructor | Washington State University | Aug 2018 | May 2022,2
5296b545-cc94-493d-975c-80ed545d9224,53482146-5b76-4e5d-823c-35f3903cd0fd,Intern,Los Alamos National Laboratory,Internship,,Jun 2021,Aug 2021,3 mos,"• Conducted research on uncertainty quantification using Bayesian inference and Hamiltonian Monte Carlo (HMC). • Applied adjoint sensitivity analysis to improve gradient estimation for MCMC methods, with a focus on a synthetic SIR epidemiological model. • Explored methods for enhancing computational efficiency and accuracy in probabilistic inference workflows.",Intern | Los Alamos National Laboratory | Jun 2021 | Aug 2021,3
e584c749-85ab-4348-9071-f048cdf611fb,53482146-5b76-4e5d-823c-35f3903cd0fd,Research Scientist,Biocellion SPC,Co-op,,Jun 2016,Dec 2019,3 yrs 7 mos,"• Developed Biocellion models for multiscale, agent-based modeling project of multiple myeloma in the bone marrow microenvironment, funded by Celgene Corp. • Integrated ODEs, PDEs, and Boolean networks in cell dynamics for high-performance simulations with the Biocellion framework. • Developed Biocellion tutorial models and executables, facilitating deployment on Google Cloud with Institute for Systems Biology collaborators.",Research Scientist | Biocellion SPC | Jun 2016 | Dec 2019,4
09b7b681-a78f-4e00-9e6f-46397e5716ff,53482146-5b76-4e5d-823c-35f3903cd0fd,Donor Services Analyst,,3rd,,Sep 2014,May 2016,1 yr 9 mos,"• Database Administrator (DBA) for the Seattle Humane Society’s CRM, Raiser’s Edge. Performed statistical analyses and queries for strategic fundraising for direct mail campaigns. • Applied machine learning for the capital campaign and marketing events to increase constituent engagement. • Created MSSQL-supported automated Excel reports in VBA and developed R-Shiny applications for reporting Raiser’s Edge donor data.",Donor Services Analyst | Sep 2014 | May 2016,5
3a85e869-72c6-4951-a6ac-6fa79321e646,1b491565-a021-477c-9595-d1043ef5a2a3,Undergraduate Student Researcher,Hotchkiss Brain Institute,,,May 2022,Present,4 yrs 1 mo,,Undergraduate Student Researcher | Hotchkiss Brain Institute | May 2022 | Present,0
9e054ae7-92c1-4252-9d2b-c475abff93e1,1b491565-a021-477c-9595-d1043ef5a2a3,Advisor,Mental Health for South Asia,,,Aug 2020,Present,5 yrs 10 mos,"Calgary, Alberta, Canada",Advisor | Mental Health for South Asia | Aug 2020 | Present,1
96ce93b5-1ef9-4214-9437-6c119010e943,1b491565-a021-477c-9595-d1043ef5a2a3,Student Researcher,,2nd,,Jan 2020,Present,6 yrs 5 mos,"Calgary, Alberta, Canada",Student Researcher | Jan 2020 | Present,2
4ad0d229-7eee-45d6-b6c6-409844dd68b9,71042bfc-1644-4fbe-9794-77144ab6423e,Ambassador,Rockland Park Homeowners Association,Permanent Part-time,"Calgary, Alberta, Canada",Aug 2025,Present,10 mos,,Ambassador | Rockland Park Homeowners Association | Aug 2025 | Present,0
7b3dc820-3a4d-4c2e-a5ba-b0003bba858d,71042bfc-1644-4fbe-9794-77144ab6423e,Undergraduate Student Researcher,Hotchkiss Brain Institute,Internship,,Apr 2024,Present,2 yrs 2 mos,"Calgary, Alberta, Canada",Undergraduate Student Researcher | Hotchkiss Brain Institute | Apr 2024 | Present,1
dfba0cdf-1fd0-442d-9c72-0f2caa297692,71042bfc-1644-4fbe-9794-77144ab6423e,Sales Associate,Browns Shoes Inc.,Seasonal,"Balzac, Alberta, Canada",May 2023,Dec 2023,8 mos,,Sales Associate | Browns Shoes Inc. | May 2023 | Dec 2023,2
bd1ed425-e93f-474a-bf31-b15f1f195945,71042bfc-1644-4fbe-9794-77144ab6423e,Heritage Youth Research Summer Program (HYRS) — Student Researcher,,2nd,,Jul 2021,Aug 2021,2 mos,"Calgary, Alberta, Canada",Heritage Youth Research Summer Program (HYRS) — Student Researcher | Jul 2021 | Aug 2021,3
e3554c89-80d1-4f93-a343-b5393fbcb776,fb12dac6-f094-4555-a930-e99f428db3b3,Student Researcher,Hotchkiss Brain Institute,,,May 2018,Present,8 yrs 1 mo,Greater Calgary Metropolitan Area,Student Researcher | Hotchkiss Brain Institute | May 2018 | Present,0
4c6533e0-6aec-467e-a712-72812854b26e,fb12dac6-f094-4555-a930-e99f428db3b3,Piano Instructor,Aug 2016,1 mo,,Sep 2016,Apr 2017,8 mos,Greater Ottawa Metropolitan Area,Piano Instructor | Aug 2016 | Sep 2016 | Apr 2017,1
2eb8891a-8fff-41c8-8060-d4ccb3b6e6af,fb12dac6-f094-4555-a930-e99f428db3b3,Summer Intern,,3rd,,Jul 2015,Aug 2015,2 mos,Greater Ottawa Metropolitan Area,Summer Intern | Jul 2015 | Aug 2015,2
5eff77d2-e649-4b85-9d93-1415680a39aa,9285644a-db7a-4a16-8477-7b9e595e3894,Undergraduate Summer Research and Honours Thesis Student,Hotchkiss Brain Institute,Internship,,May 2021,Present,5 yrs 1 mo,Supported by the NSERC Undergraduate Student Research Award.,Undergraduate Summer Research and Honours Thesis Student | Hotchkiss Brain Institute | May 2021 | Present,0
53946a28-95a7-41e5-ae8d-73151c6bdef0,9285644a-db7a-4a16-8477-7b9e595e3894,Dance Educator and Choreographer,Prestige Dance Academy,,,Feb 2020,Jun 2022,2 yrs 5 mos,,Dance Educator and Choreographer | Prestige Dance Academy | Feb 2020 | Jun 2022,1
52aece01-a77c-4c9c-842c-5fe9c2d86f3c,9285644a-db7a-4a16-8477-7b9e595e3894,Undergraduate Research Student,Arnie Charbonneau Cancer Institute,,,Sep 2020,Apr 2022,1 yr 8 mos,,Undergraduate Research Student | Arnie Charbonneau Cancer Institute | Sep 2020 | Apr 2022,2
9ed689ac-164f-4321-bc27-a853a6c9b87d,9285644a-db7a-4a16-8477-7b9e595e3894,"Elite Competitive Dancer, Dance Educator and Choreographer",YYC Dance Project,,,Sep 2014,Feb 2020,5 yrs 6 mos,,"Elite Competitive Dancer, Dance Educator and Choreographer | YYC Dance Project | Sep 2014 | Feb 2020",3
bb5491cf-f2d9-4527-b7a5-0e6f61796711,9285644a-db7a-4a16-8477-7b9e595e3894,Undergraduate Research Student,Alberta Children's Hospital Foundation,Internship,,May 2019,Aug 2019,4 mos,Supported by the Program for Undergraduate Research Experience (PURE) Award.,Undergraduate Research Student | Alberta Children's Hospital Foundation | May 2019 | Aug 2019,4
c07b76bc-2fd5-4c03-ad2a-eef804473e94,9285644a-db7a-4a16-8477-7b9e595e3894,Lab Research Trainee,,3rd,,Feb 2019,Jun 2019,5 mos,Venue Services Attendant,Lab Research Trainee | Feb 2019 | Jun 2019,5
b13d83be-7ead-4f5c-aa78-90bc3b00bdd0,3e4c18fc-b7cb-486a-9d04-6a469268083e,Student Researcher at the Syed Laboratory,,3rd+,"Calgary, Alberta, Canada",Jun 2023,Present,3 yrs,Why am I seeing this ad?,Student Researcher at the Syed Laboratory | Jun 2023 | Present,0
12236134-17df-46d5-b265-82ec66ddddf5,df7ca7e8-682a-42fa-89b3-fbeee73d25e8,Fund Associate,UCeed Haskayne Student Fund,Contract Part-time,,May 2026,Present,1 mo,,"Fund Associate UCeed Haskayne Student Fund · Contract Part-time May 2026 - Present · 1 mo - The UCeed Haskayne Student Fund (UHSF) is a student-based venture capital fund with $1.5M in assets under management that invests $50-$120K in early-stage companies around the world. - Learns about and practices early-stage entrepreneurial finance and venture capital, with a personal focus on biomedical technology and healthcare startups. -Part of a team of undergraduate and graduate students that entirel",0
f67f664d-3fed-4efa-a31c-3a9bad21e1df,df7ca7e8-682a-42fa-89b3-fbeee73d25e8,Faculty of Science Representative,University of Calgary Students'​ Union,Contract Part-time,On-site,May 2026,Present,1 mo,"-Elected as the 84th SLC Faculty of Science Representative to represent the student body within the Faculty of Science and serving as a key link between students and university administration. -Advocate for student interests, academic policies, and campus initiatives that enhance the educational and extracurricular experience. -Collaborate with fellow SLC members and faculty leadership to develop and implement strategies that address student needs.","Faculty of Science Representative University of Calgary Students'​ Union · Contract Part-time May 2026 - Present · 1 mo On-site -Elected as the 84th SLC Faculty of Science Representative to represent the student body within the Faculty of Science and serving as a key link between students and university administration. -Advocate for student interests, academic policies, and campus initiatives that enhance the educational and extracurricular experience. -Collaborate with fellow SLC members and fa",1
0abca28e-7cdf-41d4-8dce-f5e27b4f48bc,df7ca7e8-682a-42fa-89b3-fbeee73d25e8,VP Student Affairs,Canadian Organization for Undergraduate Health Research (COUHR),Sep 2025 - Present · 9 mos,,,,,,"VP Student Affairs Sep 2025 - Present · 9 mos COUHR is a national, student led organization focused on providing research opportunities tounderrepresented undergraduate students.",2
66914f03-1f21-40d9-abd6-82f71b6f7971,df7ca7e8-682a-42fa-89b3-fbeee73d25e8,VP External,Canadian Organization for Undergraduate Health Research (COUHR),Sep 2024 - Aug 2025 · 1 yr,,,,,,VP External Sep 2024 - Aug 2025 · 1 yr,3
2ed052a5-0fad-4cfe-8452-1f99b0701fbf,df7ca7e8-682a-42fa-89b3-fbeee73d25e8,Undergraduate Researcher,Hotchkiss Brain Institute,Contract Part-time,,Apr 2025,Present,1 yr 2 mos,,Undergraduate Researcher Hotchkiss Brain Institute · Contract Part-time Apr 2025 - Present · 1 yr 2 mos,4
3ebfc2f7-ea11-4d9f-9e67-f76fce8ccfc8,df7ca7e8-682a-42fa-89b3-fbeee73d25e8,Music Instructor,Nirvana academy of violin,Contract Part-time,Remote,Jan 2025,Present,1 yr 5 mos,,Music Instructor Nirvana academy of violin · Contract Part-time Jan 2025 - Present · 1 yr 5 mos Remote,5
0e7d4a69-6cde-4603-b9da-14f238b5eb15,0c55fc6a-b49c-4d0f-a6b1-3df6ce1ba22c,"By clicking Agree & Join, you agree to the LinkedInUser Agreement,Privacy Policy, andCookie Policy.",Already on Linkedin?Sign in,,,,,,or,"By clicking Agree & Join, you agree to the LinkedInUser Agreement,Privacy Policy, andCookie Policy. | Already on Linkedin?Sign in",0
1105ec5e-97c9-42c8-bba3-381892e5f949,99ac6f1e-9f22-4fb8-a642-5a0b2f30cde9,"By clicking Agree & Join, you agree to the LinkedInUser Agreement,Privacy Policy, andCookie Policy.",Already on Linkedin?Sign in,,,,,,or,"By clicking Agree & Join, you agree to the LinkedInUser Agreement,Privacy Policy, andCookie Policy. | Already on Linkedin?Sign in",0
aa5110cb-f5d7-484d-b028-c2d12ea91836,8d15a9c9-ea5b-4fe2-8743-27c605b6dc09,"By clicking Agree & Join, you agree to the LinkedInUser Agreement,Privacy Policy, andCookie Policy.",Already on Linkedin?Sign in,,,,,,or,"By clicking Agree & Join, you agree to the LinkedInUser Agreement,Privacy Policy, andCookie Policy. | Already on Linkedin?Sign in",0
f0590cda-1b1c-4d05-9317-4732579d08bb,f3ee300b-ec37-4ac4-87ee-9a94b661ef73,"By clicking Agree & Join, you agree to the LinkedInUser Agreement,Privacy Policy, andCookie Policy.",Already on Linkedin?Sign in,,,,,,or,"By clicking Agree & Join, you agree to the LinkedInUser Agreement,Privacy Policy, andCookie Policy. | Already on Linkedin?Sign in",0
5a103d77-9922-470d-952f-ec23005f89ff,190a08f9-88f4-4012-9fc4-ece4520f2abd,"By clicking Agree & Join, you agree to the LinkedInUser Agreement,Privacy Policy, andCookie Policy.",Already on Linkedin?Sign in,,,,,,or,"By clicking Agree & Join, you agree to the LinkedInUser Agreement,Privacy Policy, andCookie Policy. | Already on Linkedin?Sign in",0
e803ba39-5a84-4ecc-bf33-78c119b2e7ab,d844e17e-27c2-4090-afc3-83b144b5fb6b,"By clicking Agree & Join, you agree to the LinkedInUser Agreement,Privacy Policy, andCookie Policy.",Already on Linkedin?Sign in,,,,,,or,"By clicking Agree & Join, you agree to the LinkedInUser Agreement,Privacy Policy, andCookie Policy. | Already on Linkedin?Sign in",0
ee5652a3-1d53-4db6-b3a4-189ccd338ec2,d80227f3-e38e-4429-8eca-5bacb8847e66,"By clicking Agree & Join, you agree to the LinkedInUser Agreement,Privacy Policy, andCookie Policy.",Already on Linkedin?Sign in,,,,,,or,"By clicking Agree & Join, you agree to the LinkedInUser Agreement,Privacy Policy, andCookie Policy. | Already on Linkedin?Sign in",0
816d1141-81d1-43fa-9f01-38acab9d8384,3e17f5c7-36fa-4b0f-b077-fdc2a41a4411,"By clicking Agree & Join, you agree to the LinkedInUser Agreement,Privacy Policy, andCookie Policy.",Already on Linkedin?Sign in,,,,,,or,"By clicking Agree & Join, you agree to the LinkedInUser Agreement,Privacy Policy, andCookie Policy. | Already on Linkedin?Sign in",0
