edu_id,profile_id,school,degree,field_of_study,start_date,end_date,grade,activities_societies,description,raw_text,sort_order
bcee58d5-7db3-42aa-bbce-dd77ad0d6862,639a2e46-1f1b-4d39-bf3e-786c15609979,University of Calgary,"Doctor of Philosophy - PhD, Neuroscience",,Feb 2022,Present,,,"The focus of my thesis work is to better understand and treat hemodynamic instability in both human and rodent models of spinal cord injury. For my human work, I am involved with the ongoing HEMO clinical trial, which uses targeted epidural stimulation of the spinal cord to improve hemodynamic instability following spinal cord injury. This trial is the first in Canada to surgically implant epidural spinal stimulators for the use of blood pressure control. For my animal work, I am currently trying to improve hemodynamic instability in mice through the use of optogenetics. Optogenetics will allow precise activation of sympathetic preganglionic neurons responsible for blood pressure control, providing hemodynamic stability following spinal cord without activation of other sympathetic circuits (i.e. bladder). … more","University of Calgary Doctor of Philosophy - PhD, Neuroscience Feb 2022 – Present The focus of my thesis work is to better understand and treat hemodynamic instability in both human and rodent models of spinal cord injury. For my human work, I am involved with the ongoing HEMO clinical trial, which uses targeted epidural stimulation of the spinal cord to improve hemodynamic instability following spinal cord injury. This trial is the first in Canada to surgically implant epidural spinal stimulato",0
16d1d802-7469-497e-85db-fcc39e4355e5,639a2e46-1f1b-4d39-bf3e-786c15609979,University of Calgary,"Master of Science - MSc, Clinical Neurosciences",,Jan 2020,Jan 2022,,Member of the Hotchkiss Brain Institute's Trainee Organization. Member of the University of Calgary's Graduate Student Society.,"The focus of my thesis is the use of robotics to better understand and rehabilitate arm function in stroke survivors. Specifically, I am looking at the ipsilesional arm in stroke survivors (often referred to as the ""less-affected"" arm), and how movement deficits in this arm present and change in the first 6-months following stroke. Ipsilesional deficits were previously overlooked in stroke rehabilitation, often being cited as ""insignificantly contributing"" to overall motor impairment following stroke. As a result, my work presents an exciting opportunity to provide clinicians with much needed knowledge about these deficits, and how they can be better targeted in the clinic. … more","University of Calgary Master of Science - MSc, Clinical Neurosciences Jan 2020 – Jan 2022 Activities and societies: Member of the Hotchkiss Brain Institute's Trainee Organization. Member of the University of Calgary's Graduate Student Society. The focus of my thesis is the use of robotics to better understand and rehabilitate arm function in stroke survivors. Specifically, I am looking at the ipsilesional arm in stroke survivors (often referred to as the ""less-affected"" arm), and how movement de",1
91727697-8ef6-4ba1-a557-77d8d57e49a2,639a2e46-1f1b-4d39-bf3e-786c15609979,University of Calgary,"Bachelor of Science - BSc (Hons), Biomechanics",,Sep 2015,Apr 2019,First-Class Honours,"Member of the University of Calgary's Kinesiology Student Society. Co-Founder & Vice-President of Finance of the School Club ""CommuniTeam"".","The focus of my undergraduate honours thesis was to help develop and validate a finite-element (FE) model of the rabbit tibia to predict surface strains during compressive loading. FE modelling provides an extremely useful method of predicting material failure under loading, bending, and twisting conditions. Rabbit tibiae were selected as the model for this project as their material properties most closely resemble that of humans. Now that this model has been validated, future applications of it include testing drugs that alter bone mineral density on rabbits and predicting bone fatigue life through FE modelling based on computed tomography scans. This will allow better predictions of how said drugs will impact a human population before implementing them in clinical trials. … more","University of Calgary Bachelor of Science - BSc (Hons), Biomechanics Sep 2015 – Apr 2019 Grade: First-Class Honours Activities and societies: Member of the University of Calgary's Kinesiology Student Society. Co-Founder & Vice-President of Finance of the School Club ""CommuniTeam"". The focus of my undergraduate honours thesis was to help develop and validate a finite-element (FE) model of the rabbit tibia to predict surface strains during compressive loading. FE modelling provides an extremely us",2
6c86e9db-8a1b-4635-93c0-ab1e59633036,b033cf86-58d8-4d70-b0e1-26881c3adb66,University of Toronto,"Doctor of Philosophy (PhD), Physiology",,2012,2018,,,"Bachelor of Science (BSc), Neuroscience and Chemistry","University of Toronto Doctor of Philosophy (PhD), Physiology 2012 – 2018 Dalhousie University Bachelor of Science (BSc), Neuroscience and Chemistry 2008 – 2012",0
0c9cc741-3ca4-45b0-9074-887ca7213691,efdbc8f3-283f-4d55-8d4a-cf4403e08152,University of Calgary,"MSc Psychology, Behavioural Neuroscience",,Aug 2024,Aug 2026,,,,"University of Calgary MSc Psychology, Behavioural Neuroscience Aug 2024 – Aug 2026 Skills: Mentoring, Animal Husbandry, +7 skills",0
256d2b8c-b330-45b3-9352-210cfbf312a8,efdbc8f3-283f-4d55-8d4a-cf4403e08152,University of Calgary,"Bachelor of Science - BS, Neuroscience",,2019,2023,Honours (First Class),,,"University of Calgary Bachelor of Science - BS, Neuroscience 2019 – 2023 Grade: Honours (First Class) Skills: Animal Husbandry, ImageJ, +9 skills",1
0f6e31d8-df05-4a5d-bdcb-6d561608872a,9790dd4e-368b-491d-a1af-4e756a236d6c,Columbia University,"Post Doctoral Fellow, Neuroscience",,Sep 1994,Aug 1998,,,,"Columbia University Post Doctoral Fellow, Neuroscience Sep 1994 – Aug 1998 Rutgers University Doctor of Philosophy - PhD, Biochemistry University of Michigan Bachelor of Science - BS, Molecular Cell Biology Sep 1985 – Aug 1986",0
5550c5f6-0667-4556-beaf-da2786e9e8ad,ffc02b17-87bd-41f4-ab71-db6024e7dc40,Western University,"Doctor of Philosophy (PhD), Medical Biophysics",,1989,1994,,,"Bachelor of Applied Science - BASc, Electrical Engineering","Western University Doctor of Philosophy (PhD), Medical Biophysics 1989 – 1994 University of Waterloo Bachelor of Applied Science - BASc, Electrical Engineering 1984 – 1989",0
2c0109bb-9713-4ea3-a599-f075717d738c,f51d9950-317d-4686-bb1b-d74cfed898dc,BNUT - Babol Noshirvani University of Technology,"Master's degree, Electrical and Electronics Engineering",,Sep 2009,Feb 2012,,,"Bachelor's degree, Electrical and Electronics Engineering","BNUT - Babol Noshirvani University of Technology Master's degree, Electrical and Electronics Engineering Sep 2009 – Feb 2012 Thesis: An Intelligent Method for Control Chart Pattern Recognition Using Optimized Machin Learning Algorithms. Supervisor: Ataollah Ebrahimzadeh … more University of Mazandaran Bachelor's degree, Electrical and Electronics Engineering Sep 2004 – Jun 2008",0
760a1c54-988d-434d-a075-2e7537e647c5,778f461f-2111-46bb-9a89-f85ae4e0bc64,Iran University of Science and Technology,"Master's degree, Software Engineering",,Jul 2017,May 2020,20/20,Working In Cognitive Science laboratory.,"My Master's research focused on time-series forecasting and sentiment analysis, aiming to predict dynamic changes in user opinions on social networks. This involved processing large, longitudinal datasets (over 1 year of user tweets) and applying advanced NLP techniques to analyze evolving sentiment towards a given topic. I designed and implemented a recurrent neural network (RNN) model (including LSTM and GRU architectures) to forecast opinion shifts, leveraging principles of user behavior modeling. The project demonstrated the ability to extract meaningful temporal patterns and predict future sentiment, achieving an initial prediction accuracy of 67%. This research deepened my expertise in sequential data modeling, large-scale data processing, and predictive analytics. … more","Iran University of Science and Technology Master's degree, Software Engineering Jul 2017 – May 2020 Grade: 20/20 Activities and societies: Working In Cognitive Science laboratory. My Master's research focused on time-series forecasting and sentiment analysis, aiming to predict dynamic changes in user opinions on social networks. This involved processing large, longitudinal datasets (over 1 year of user tweets) and applying advanced NLP techniques to analyze evolving sentiment towards a given top",0
05cd3ad2-c227-4126-8703-f55d817561c4,dab82746-9cd9-450f-95b5-7798ea6d8adc,University of Calgary,"Master's degree, Neuroscience",,Sep 2023,Aug 2025,,"Member of the Psychedelic and Cannabinoid Therapeutics (PaCT) lab; Outreach Director for the Hotchkiss Brain Institute Trainee Organization; EDIA Coordinator for Let's Talk Science, University of Calgary;",,"University of Calgary Master's degree, Neuroscience Sep 2023 – Aug 2025 Activities and societies: Member of the Psychedelic and Cannabinoid Therapeutics (PaCT) lab; Outreach Director for the Hotchkiss Brain Institute Trainee Organization; EDIA Coordinator for Let's Talk Science, University of Calgary; Abigail (@abby_lunge) on X",0
12d2341f-e889-4eec-b802-e9794db58488,dab82746-9cd9-450f-95b5-7798ea6d8adc,The University of Lethbridge,"Bachelor of Applied Science - BASc, Neuroscience",,Sep 2018,Aug 2022,,Student Wellness Ambassador Programming Chair,,"The University of Lethbridge Bachelor of Applied Science - BASc, Neuroscience Sep 2018 – Aug 2022 Activities and societies: Student Wellness Ambassador Programming Chair Skills: Leadership, Microsoft Excel, +3 skills",1
fec10734-b0d0-4cc0-bfa9-3a6a124ae311,0c2aa172-9ee3-4815-a8e8-940f4c2e9e09,University of Calgary,"Master of Science - MSc, Neuroscience",,2023,2025,,Thesis: Investigating CA1 perineuronal nets and parvalbumin interneurons in hippocampal pattern separation.,,"University of Calgary Master of Science - MSc, Neuroscience 2023 – 2025 Activities and societies: Thesis: Investigating CA1 perineuronal nets and parvalbumin interneurons in hippocampal pattern separation.",0
f81566b7-2f42-4d97-ad5d-0f96b729d154,0c2aa172-9ee3-4815-a8e8-940f4c2e9e09,University of Calgary,"Bachelor of Science - BSc (Magna Cum Laude), PSYCHOLOGY",,,,,,,"University of Calgary Bachelor of Science - BSc (Magna Cum Laude), PSYCHOLOGY Skills: MATLAB, Writing, +1 skill",1
a2c54592-d6e5-45ce-bc2d-1cc342b0e6ad,0c2aa172-9ee3-4815-a8e8-940f4c2e9e09,University of Calgary,"Bachelor of Arts - BA, Minor in Sociology",,,,,,,"University of Calgary Bachelor of Arts - BA, Minor in Sociology Skills: MATLAB, Writing, +1 skill",2
b66f1942-c9ad-4111-afd8-744c841438bc,0c2aa172-9ee3-4815-a8e8-940f4c2e9e09,Université du Québec à Trois-Rivières,International French,,,,,,,Université du Québec à Trois-Rivières International French,3
571217d7-5b04-4a63-bdb2-cd19133b1a1a,f67d4ef6-7478-48a3-b662-e95c80bb7185,University of Calgary,"Master's degree, Kinesiology and Exercise Science",,Sep 2016,Jun 2018,,,"Bachelor of Kinesiology (BKin), Exercise & Health Physiology, with Distinction","University of Calgary Master's degree, Kinesiology and Exercise Science Sep 2016 – Jun 2018 Master of Kinesiology (MKin), Specialization in Applied Exercise Physiology University of Calgary Bachelor's degree, Kinesiology and Exercise Science Sep 2012 – Jun 2016 Bachelor of Kinesiology (BKin), Exercise & Health Physiology, with Distinction",0
83f07c7d-82d4-481c-a283-67fa78bf934a,7c4cf641-6ce3-4b95-aa70-6d33b00929db,University of Calgary,"Master of Science, Neuroscience",,Jan 2025,May 2027,,,,"University of Calgary Master of Science, Neuroscience Jan 2025 – May 2027 University of Calgary Bachelor of Science, Neuroscience Sep 2019 – Apr 2023",0
f3c56840-2182-4294-83e8-fce637422fbd,d2be4191-c62c-489d-9963-e8fdc0fb71bd,University of Calgary,"BSc Honours, Neuroscience",,2023,2027,,,,"University of Calgary BSc Honours, Neuroscience 2023 – 2027 Drumheller Valley Secondary School High School Diploma, 2020 – 2023",0
b51815ee-93ad-46fe-8582-8148b947e062,12c2a5ab-4efc-4485-8621-5a08e597a132,University of Calgary,"Master of Science - MS, Neuroscience",,Sep 2022,Oct 2024,,,,"University of Calgary Master of Science - MS, Neuroscience Sep 2022 – Oct 2024",0
08ca63dc-982d-49e6-8876-212fe886cd05,12c2a5ab-4efc-4485-8621-5a08e597a132,The University of Lethbridge,"Bachelor's degree, Kinesiology and Exercise Science",,2017,Dec 2021,,,,"The University of Lethbridge Bachelor's degree, Kinesiology and Exercise Science 2017 – Dec 2021",1
dfc1d411-5bf5-4486-a48a-c0c26f0f5ac5,12c2a5ab-4efc-4485-8621-5a08e597a132,University of Calgary,"Master's degree, Neuroscience",,Aug 2022,Present,,,,"University of Calgary Master's degree, Neuroscience Aug 2022 – Present",2
4cfce450-379e-4a66-b2db-4f56c7d8cef4,2dbbabc5-fbe2-4ec4-8d94-ac9b4c4cddbd,CDI College,"Medical Office Administration, Health/Health Care Administration/Management",,2012,2013,,,Practicum Experience Alberta Children’s Hospital – Genetic Laboratory Services • Maintained and organized inventory of lab equipment and machines • Updated patient charts with testing results • Organized inactive patient charts and prepared for offsite storage … more,"CDI College Medical Office Administration, Health/Health Care Administration/Management 2012 – 2013 Practicum Experience Alberta Children’s Hospital – Genetic Laboratory Services • Maintained and organized inventory of lab equipment and machines • Updated patient charts with testing results • Organized inactive patient charts and prepared for offsite storage … more",0
52a46a9d-ea17-41e7-83ce-b7120dbfc5f7,f80bd204-4612-4582-b3ff-d08fdac9fffe,University of Calgary,"MD/PhD, Neuroscience",,Sep 2022,Jun 2029,,,,"University of Calgary MD/PhD, Neuroscience Sep 2022 – Jun 2029 University of Calgary Bachelor of Science - BSc (Honours), Neuroscience 2016 – 2021",0
95ff8cf4-6b9d-41d9-b18c-a0bcd8fe6208,13797022-096e-490a-831c-1b09206cf6f5,The University of Manchester,"Bachelor's of science (with Honours), Biotechnology",,2016,2019,2:1,Bangladesh Society- General Secretary Photography Society Peer Assisted Study Scheme Leader Manchester Leadership Award,,"The University of Manchester Bachelor's of science (with Honours), Biotechnology 2016 – 2019 Grade: 2:1 Activities and societies: Bangladesh Society- General Secretary Photography Society Peer Assisted Study Scheme Leader Manchester Leadership Award",0
62928b54-4026-4425-9a63-6bb92cd8237b,13797022-096e-490a-831c-1b09206cf6f5,University of Calgary,"Doctor of Philosophy - PhD, Biochemistry and Molecular Biology",,Jan 2021,Present,,,,"University of Calgary Doctor of Philosophy - PhD, Biochemistry and Molecular Biology Jan 2021 – Present Skills: Conference Speaking",1
76899118-b322-49bc-89e0-9e24b7ba9bda,afede334-d3bd-4233-860a-c2ebeed96bef,University of Calgary,"Doctor of Philosophy - PhD, Neuroscience (MDNS)",,Jan 2025,Aug 2029,,,,"University of Calgary Doctor of Philosophy - PhD, Neuroscience (MDNS) Jan 2025 – Aug 2029 Skills: Clinical Trials, Medical Research",0
b14ea484-42a2-4bbf-a5f8-b9b65e65b559,afede334-d3bd-4233-860a-c2ebeed96bef,University of Calgary,"Bachelor of Health Science, Biomedical Sciences Major and Psychology Minor",,Sep 2019,May 2023,,,,"University of Calgary Bachelor of Health Science, Biomedical Sciences Major and Psychology Minor Sep 2019 – May 2023 Skills: Research",1
84bbb911-c8ec-44e2-bb45-576943118667,afede334-d3bd-4233-860a-c2ebeed96bef,International Baccalaureate,Standard Level: Chinese and Biology,,2016,2019,,,,International Baccalaureate Standard Level: Chinese and Biology 2016 – 2019,2
c736ad8d-fdda-4a09-a5e1-554337d2048e,afede334-d3bd-4233-860a-c2ebeed96bef,Sir Winston Churchill High School,,,2016,2019,,,,"Sir Winston Churchill High School 2016 – 2019 Activities and societies: UNICEF Club, Senior Boys' Volleyball, Sports Medicine Trainer, Science Olympics",3
6fbe4ee7-4981-421a-8e2b-91977fafa0c5,56a1930b-86d2-43fd-8ba5-cf49dddd7b32,University of Calgary,"Bachelor of Science - BSc, PSYCHOLOGY",,Sep 2025,Jun 2029,,- Arts and Science Honours Academy (ASHA) 19th Cohort - Eating Disorder Awareness UCalgary (EDAUC) Junior VP Events - Schulich Soundstage VP Events,,"University of Calgary Bachelor of Science - BSc, PSYCHOLOGY Sep 2025 – Jun 2029 Activities and societies: - Arts and Science Honours Academy (ASHA) 19th Cohort - Eating Disorder Awareness UCalgary (EDAUC) Junior VP Events - Schulich Soundstage VP Events",0
96a21a03-02fb-4a6f-a820-bf582a0f9d7d,56a1930b-86d2-43fd-8ba5-cf49dddd7b32,Bishop O’Byrne High School,"High School Diploma, HIGH SCHOOL/SECONDARY DIPLOMAS AND CERTIFICATES",,Sep 2022,Jun 2025,Grades 10-12,"- Creative Writing Club (Founder, President) - Women in STEM Council (Founder, President) - Robotics Club (Head of External Relations, Fundraising Team Lead) - Peer Tutoring (Mathematics/Science Tutor)",94% average in Grade 10 (Full Honours) 90% average in Grade 11 92% average in Grade 12 Made valedictorian shortlist (top 9 students in 2025 graduating class) … more,"Bishop O’Byrne High School High School Diploma, HIGH SCHOOL/SECONDARY DIPLOMAS AND CERTIFICATES Sep 2022 – Jun 2025 Grade: Grades 10-12 Activities and societies: - Creative Writing Club (Founder, President) - Women in STEM Council (Founder, President) - Robotics Club (Head of External Relations, Fundraising Team Lead) - Peer Tutoring (Mathematics/Science Tutor) 94% average in Grade 10 (Full Honours) 90% average in Grade 11 92% average in Grade 12 Made valedictorian shortlist (top 9 students in 2",1
ebd9a6f5-a307-4797-9790-a42cf07f9dfe,15ad71bb-f4ee-402d-914a-2d6c0575e053,Royal College of Surgeons in Ireland (RCSI),MB BCh BAO,,,,,,,Royal College of Surgeons in Ireland (RCSI) MB BCh BAO St Francis High School Alberta High School Diploma Sep 2019 – Jun 2022,0
a6bd633d-5293-403b-96b9-e048d3aab404,83b39db3-81d5-4826-a845-78dd04233ffe,Haskayne School of Business,Masters of Management,,Sep 2025,Aug 2026,,,"Bachelor of Science - BSc, Biological Sciences, Minor in Psychology","Haskayne School of Business Masters of Management Sep 2025 – Aug 2026 University of Calgary Bachelor of Science - BSc, Biological Sciences, Minor in Psychology 2018 – 2022",0
f34e703c-7371-4730-8092-c9cdf019bb69,132edda5-7e0f-4faf-9db7-4dcf646f9565,University of Saskatchewan,"Master of Arts (MA), Political Science and Government",,,,,,,"University of Saskatchewan Master of Arts (MA), Political Science and Government",0
dacc6767-7e27-475e-a9bc-4121518c2a6b,132edda5-7e0f-4faf-9db7-4dcf646f9565,Mount Royal University,Management development program,,2013,2015,,,,Mount Royal University Management development program 2013 – 2015,1
8fa70ada-8523-4e41-a59f-e75c4c84444c,132edda5-7e0f-4faf-9db7-4dcf646f9565,University of Saskatchewan,"Bachelor of Arts (BA), International Development",,,,,,,"University of Saskatchewan Bachelor of Arts (BA), International Development 2003",2
88c924e2-956f-4b54-8483-8a4220770f4b,132edda5-7e0f-4faf-9db7-4dcf646f9565,Mount Royal University,Project Management,,,,,,,Mount Royal University Project Management 2013,3
1ebca6ed-fc74-4d7b-9642-639ede826d16,132edda5-7e0f-4faf-9db7-4dcf646f9565,Max Bell Public Policy Institute,,,,2011,,,,Max Bell Public Policy Institute 2011,4
082c8404-06d6-4765-9e93-fcba2c000bfb,132edda5-7e0f-4faf-9db7-4dcf646f9565,University of Calgary,"Certificate Program, Public Relations",,,,,,,"University of Calgary Certificate Program, Public Relations 2020",5
e2812f40-d25f-4786-9e01-01f6db214e56,f54adf97-7d5c-49c7-b1ac-dd3d5d9effa7,Bangor University,"PhD, Electronic Engineering, specialising in Biotechnology",,1998,2002,,,Fabrication and testing of Lab-on-a-chip devices for investigating parasite viability using electrokinetic techniques was supported by the BBSRC in collaboration with the Scottish Parasite Diagnostic Laboratory in Glasgow. … more,"Bangor University PhD, Electronic Engineering, specialising in Biotechnology 1998 – 2002 Fabrication and testing of Lab-on-a-chip devices for investigating parasite viability using electrokinetic techniques was supported by the BBSRC in collaboration with the Scottish Parasite Diagnostic Laboratory in Glasgow. … more",0
c09e6598-fe1a-489f-9b78-cc9655f8c909,f54adf97-7d5c-49c7-b1ac-dd3d5d9effa7,Bangor University,"M.Sc., Fabrication and testing of semi-conducting polymers",,1996,1998,,,"Distinction for dissertation on ‘Preparation and characterisation of the low band gap polymer, PCDM’","Bangor University M.Sc., Fabrication and testing of semi-conducting polymers 1996 – 1998 Distinction for dissertation on ‘Preparation and characterisation of the low band gap polymer, PCDM’",1
349493b9-7282-4e31-afea-875ae9bf6ef3,f54adf97-7d5c-49c7-b1ac-dd3d5d9effa7,Bangor University,"B.Eng.(Hons), Electronic Engineeing",,1990,1994,,,Specialised in microelectronics and electronic materials. Final year project sponsored by UK Health & Safety Executive. Member of two award winning Team projects sponsored by BT labs. … more,"Bangor University B.Eng.(Hons), Electronic Engineeing 1990 – 1994 Specialised in microelectronics and electronic materials. Final year project sponsored by UK Health & Safety Executive. Member of two award winning Team projects sponsored by BT labs. … more",2
996c0c9e-ebf5-4695-912f-e46824b9cfd0,3fa1944d-4ac9-43ec-bb6c-8661fb188dbd,University of Calgary,"Doctor of Philosophy - PhD, Neuroscience",,2023,2028,First Class Honors,,"Bachelor of Health Sciences - BHSc, BIOLOGICAL AND BIOMEDICAL SCIENCES","University of Calgary Doctor of Philosophy - PhD, Neuroscience 2023 – 2028 Skills: Microsoft Excel, Presentations, +2 skills University of Calgary Bachelor of Health Sciences - BHSc, BIOLOGICAL AND BIOMEDICAL SCIENCES Sep 2019 – Apr 2023 Grade: First Class Honors",0
9e98b9af-dc97-4c98-9b98-c1fcba07fa07,b99bf52f-dedb-4bdb-827c-ec326d849d0e,University of Calgary,"Doctor of Philosophy - PhD, Biomedical/Medical Engineering",,May 2023,Present,,,"Bachelor of Medicine, Bachelor of Surgery, Medicine","University of Calgary Doctor of Philosophy - PhD, Biomedical/Medical Engineering May 2023 – Present Skills: Systems Neuroscience, Computational Neuroscience, +9 skills Mansoura University School of Medicine Bachelor of Medicine, Bachelor of Surgery, Medicine Sep 2014 – Mar 2022 Skills: Clinical Research, Neuroscience, +1 skill",0
61e08227-a4d8-44a4-a6af-d4d766d70ccd,f9d35219-08ea-4a5d-81e8-95a859aabe3f,Haskayne School of Business,"Masters of Management, Business",,Aug 2023,Aug 2024,,,"• Comprehensive knowledge in business strategy, corporate social responsibility (CSR), entrepreneurship, innovation, finance and accounting, IT, marketing, organizational behavior, leadership, and supply chain management through case-base analysis, presentations, and practical application of management concepts. • Academic and behavioural excellence by leading and excelling in interdisciplinary team projects. … more","Haskayne School of Business Masters of Management, Business Aug 2023 – Aug 2024 • Comprehensive knowledge in business strategy, corporate social responsibility (CSR), entrepreneurship, innovation, finance and accounting, IT, marketing, organizational behavior, leadership, and supply chain management through case-base analysis, presentations, and practical application of management concepts. • Academic and behavioural excellence by leading and excelling in interdisciplinary team projects. … more",0
0438f85e-3505-4cf2-931f-7dd255297c11,f9d35219-08ea-4a5d-81e8-95a859aabe3f,Mount Royal University,"Bachelor of Science - BS, Health Science",,Sep 2017,Dec 2021,,Future Graduates Association (FGA). MRU Recreation Hockey Intramural. Inducted into Golden Key International Honor Society.,"A degree focused on the health and science of the human body. • physiology, pathophysiology, anatomy, histology, human conception, embryology etc. Additional experience in a variety of subjects. • chemistry, physics, psychology, anthropology, and bioethics. Extensive laboratory experience, computers skills (Microsoft Office), and data analysis. … more","Mount Royal University Bachelor of Science - BS, Health Science Sep 2017 – Dec 2021 Activities and societies: Future Graduates Association (FGA). MRU Recreation Hockey Intramural. Inducted into Golden Key International Honor Society. A degree focused on the health and science of the human body. • physiology, pathophysiology, anatomy, histology, human conception, embryology etc. Additional experience in a variety of subjects. • chemistry, physics, psychology, anthropology, and bioethics. Extensiv",1
cdf588e4-7d6a-422f-a3a9-fc94e67ba380,b09e11c3-3662-43d4-be74-d01aa75f830e,University of Calgary,"Honours Bachelor of Science, Neuroscience",,Sep 2023,Apr 2027,,"AP Courses: Biology, Physics 1, Physics 2, World History, Literature and Composition. Science Fair, Designer Genes Club, Graduation Evening Committee Manager, French Peer-Tutor, Legacy Project, Voices Magazine, Volleyball","High School Diploma, Science Focus and AP Curriculum","University of Calgary Honours Bachelor of Science, Neuroscience Sep 2023 – Apr 2027 Webber Academy High School Diploma, Science Focus and AP Curriculum Aug 2020 – Jun 2023 Activities and societies: AP Courses: Biology, Physics 1, Physics 2, World History, Literature and Composition. Science Fair, Designer Genes Club, Graduation Evening Committee Manager, French Peer-Tutor, Legacy Project, Voices Magazine, Volleyball",0
bfd63f16-a971-46a0-a8f0-2b54f90046db,d0acaa7f-1d1c-4ed4-b005-f761383bc900,University of Calgary,Bachelor of Arts - Honours,,,,,,,University of Calgary Bachelor of Arts - Honours,0
b497445a-07e3-4b66-9a02-5b031c89d5ba,5385d9fe-df58-4a0d-ad98-797e1c93bc7e,University of Calgary,"Master's degree, Health Services Research",,2014,2016,,,,"University of Calgary Master's degree, Health Services Research 2014 – 2016",0
da4c5f5c-7e14-4c5e-a2e0-ff949bcfcc1e,5385d9fe-df58-4a0d-ad98-797e1c93bc7e,University of Calgary,Geriatric Medicine Residency Program,,2013,2016,,Chief Resident,,University of Calgary Geriatric Medicine Residency Program 2013 – 2016 Activities and societies: Chief Resident,1
8cbfcfe2-053b-45c4-a0a4-5eccad28b9b3,5385d9fe-df58-4a0d-ad98-797e1c93bc7e,University of Calgary,Internal Medicine Residency Program,,2010,2013,,,,University of Calgary Internal Medicine Residency Program 2010 – 2013,2
151fa3f3-ecbe-4034-a902-053b6612083d,5385d9fe-df58-4a0d-ad98-797e1c93bc7e,University of Calgary,Doctor of Medicine - MD,,2007,2010,,,,University of Calgary Doctor of Medicine - MD 2007 – 2010,3
f4328703-a7a2-4552-a532-b97928a3138e,5385d9fe-df58-4a0d-ad98-797e1c93bc7e,University of Calgary,"Bachelor of Health Sciences, Biomedicine",,2003,2007,Honors,,,"University of Calgary Bachelor of Health Sciences, Biomedicine 2003 – 2007 Grade: Honors",4
543f9cf6-a48f-4f33-9501-3c291a4a5d3a,63786a31-72e1-4fab-a6ce-cf85ad72db2f,"Schulich School of Engineering, University of Calgary","Master of Science - MSc, Biomedical Engineering",,Sep 2024,Jun 2026,,,,"Schulich School of Engineering, University of Calgary Master of Science - MSc, Biomedical Engineering Sep 2024 – Jun 2026",0
824969b7-d49f-45cc-8d98-0bded7c8c35e,63786a31-72e1-4fab-a6ce-cf85ad72db2f,University of Calgary,"Bachelor of Health Sciences - BHSc, Honours in Bioinformatics",,Sep 2020,Jun 2024,3.86/4.00,,"Skills: Scientific Experimentation, Research Skills, +8 skills","University of Calgary Bachelor of Health Sciences - BHSc, Honours in Bioinformatics Sep 2020 – Jun 2024 Grade: 3.86/4.00 Skills: Scientific Experimentation, Research Skills, +8 skills",1
e265aa86-38ed-4969-8d1a-58b6f6a0eb7b,63786a31-72e1-4fab-a6ce-cf85ad72db2f,Henry Wise Wood High School,High School Diploma,,Sep 2017,Jun 2020,93,Badminton Team (2017-2020) Honors with Distinction,,"Henry Wise Wood High School High School Diploma Sep 2017 – Jun 2020 Grade: 93 Activities and societies: Badminton Team (2017-2020) Honors with Distinction Skills: Leadership, Badminton",2
33ffc893-bfad-48f8-bcce-44163c47e6d9,aabd2af1-3e36-47c2-9dd4-64ae2244aced,University of Calgary,"Honors in Neuroscience, Neuroscience",,Sep 2022,Present,,,,"University of Calgary Honors in Neuroscience, Neuroscience Sep 2022 – Present",0
878bb654-193c-4d75-9a42-e19d46c415f5,a9fb27db-b753-48c5-82ed-120244cf093b,Mount Royal University,Bachelor of Nursing,,Sep 2021,May 2025,,,,Mount Royal University Bachelor of Nursing Sep 2021 – May 2025 Presidents Honour Roll 2023-2024,0
f7df0def-11fe-4c78-998b-4bed681fea0a,b2e463f1-fa7c-4f6f-890d-0cd5676599a8,University of Calgary,"Bachelor of Science - BS, Neuroscience",,Sep 2024,2028,4.0,,,"University of Calgary Bachelor of Science - BS, Neuroscience Sep 2024 – 2028 Grade: 4.0",0
de665043-2e0f-4f02-9aa7-cc2d277af15c,b2e463f1-fa7c-4f6f-890d-0cd5676599a8,Henry Wise Wood High School,,,Sep 2021,Jun 2024,,Model UN Delegate (Oct 2022 - Jun 2024) | WiseMUN USG of Technology & Vice Chair (May 2023 - Dec 2023) | Interact Club (Sep 2021 - Jun 2024) | Business Club Administrative Director (Oct 2022 - Jun 2024) | STEM Club Member (Sep 2022 - Jun 2024) & Head of Events (Oct 2023 - Jun 2024) | Founder of Neuron Networking Club (Sep 2023 - Jun 2024) | APEGA Science Olympics 2x Team Member & Winner | LINK Leader | Physics Teacher Assistant,,Henry Wise Wood High School Sep 2021 – Jun 2024 Grade: 98% Activities and societies: Model UN Delegate (Oct 2022 - Jun 2024) | WiseMUN USG of Technology & Vice Chair (May 2023 - Dec 2023) | Interact Club (Sep 2021 - Jun 2024) | Business Club Administrative Director (Oct 2022 - Jun 2024) | STEM Club Member (Sep 2022 - Jun 2024) & Head of Events (Oct 2023 - Jun 2024) | Founder of Neuron Networking Club (Sep 2023 - Jun 2024) | APEGA Science Olympics 2x Team Member & Winner | LINK Leader | Physics T,1
8d42e921-8bd4-426c-a2a6-53c89bb82044,61d6dada-0d7d-4b02-8c05-7dc3816c9a49,University of Calgary,Faculty of Science and Arts,,2024,2028,,,,University of Calgary Faculty of Science and Arts 2024 – 2028,0
fb3303ea-f15c-46c6-9d6f-ccc7a3015d48,abb97cd8-36de-4c7d-ab17-23817efe1904,University of Calgary,"Bachelor of Science - BS, Computer Science",,Sep 2022,Aug 2027,,,,"University of Calgary Bachelor of Science - BS, Computer Science Sep 2022 – Aug 2027 Delhi Public School - India Mar 2005 – Mar 2020",0
4bacc86c-bc47-4629-b986-f49527025564,243b2072-1c3f-41c3-8d48-e9cbf31365dc,Alberta University of the Arts,"Certificate, Graphic Design",,2010,2011,,,,"Alberta University of the Arts Certificate, Graphic Design 2010 – 2011 University of Calgary BA, General Studies, English 2002 – 2006",0
48f5ac3d-abe6-435a-8bcb-1b2942554871,2bd57a38-f080-4c1e-923a-7b67106ab828,University of Ottawa,"Doctor of Philosophy (PhD), Biochemistry",,2003,2008,"Nominated for Governor General’s Gold medal award, Top thesis Biochemistry",,"Welcome to the Department of Biochemistry, Microbiology and Immunology","University of Ottawa Doctor of Philosophy (PhD), Biochemistry 2003 – 2008 Grade: Nominated for Governor General’s Gold medal award, Top thesis Biochemistry I received my Ph. D. in Biochemistry from the University of Ottawa where I studied under the supervision of Steffany Bennett. During my graduate studies, I held a studentship from the Ontario Mental Health foundation and studied the cytoskeletal modifications evoked by lipid second messengers in Alzheimer’s Disease. … more Welcome to the Depa",0
0c9b7381-1c9a-4bb0-b361-4c93147015f4,2bd57a38-f080-4c1e-923a-7b67106ab828,"Memorial University, Newfoundland and Labrador","Bachelor of Science (BSc), Biochemistry (Nutrition)",,1998,2002,Honours,Biochemistry Society,"I completed my undergraduate degree at Memorial University in Newfoundland, where I conducted my honours thesis under the supervision of Sukhinder Kaur Cheema. My training focused on nutritional biochemistry and fatty acid mediated activation of transcription factors. … more","Memorial University, Newfoundland and Labrador Bachelor of Science (BSc), Biochemistry (Nutrition) 1998 – 2002 Grade: Honours Activities and societies: Biochemistry Society I completed my undergraduate degree at Memorial University in Newfoundland, where I conducted my honours thesis under the supervision of Sukhinder Kaur Cheema. My training focused on nutritional biochemistry and fatty acid mediated activation of transcription factors. … more Department of Biochemistry | Welcome",1
b6e69bac-61ac-4abf-96e2-d13dc86fd091,d116db6e-1346-4137-bfb9-698b05b2816a,University of Alberta,"Ph.D., Biochemistry, Physiology, Cellular/Molecular Biology",,1998,2004,,,,"University of Alberta Ph.D., Biochemistry, Physiology, Cellular/Molecular Biology 1998 – 2004 University of Calgary B.Sc., Biochemistry 1994 – 1998",0
a17daeb2-2bd5-49a3-a176-e32f8ab1e07f,92b379c6-3c0a-4620-a98b-6b023aa0806f,University of Calgary,"Doctor of Philosophy - PhD, Pharmacology and Neuroscience",,May 2022,Present,,,,"University of Calgary Doctor of Philosophy - PhD, Pharmacology and Neuroscience May 2022 – Present",0
236eb0d9-0936-4478-9760-91d93d213068,92b379c6-3c0a-4620-a98b-6b023aa0806f,University of Guelph,"Master of Science - (M.Sc.), Biomedical Sciences, Specialization in Neuroscience",,Sep 2020,Jan 2022,,,,"University of Guelph Master of Science - (M.Sc.), Biomedical Sciences, Specialization in Neuroscience Sep 2020 – Jan 2022",1
9f79ab34-0b76-4dcf-9660-042a27fe7a06,92b379c6-3c0a-4620-a98b-6b023aa0806f,University of Guelph,"Honours Bachelor of Science (B.Sc.), Biomedical Sciences",,Sep 2013,Apr 2018,,,,"University of Guelph Honours Bachelor of Science (B.Sc.), Biomedical Sciences Sep 2013 – Apr 2018",2
405872a0-2ff1-4758-9545-d536b7a50e46,1d2f3d61-4015-4a66-a140-bf98f283d695,University of Calgary,"Bachelor of Science - BS, Natural Sciences in Biology and Chemistry",,Sep 2023,Apr 2027,,,"Skills: R (Programming Language), Literature Review & Scientific Reading, +12 skills","University of Calgary Bachelor of Science - BS, Natural Sciences in Biology and Chemistry Sep 2023 – Apr 2027 Skills: R (Programming Language), Literature Review & Scientific Reading, +12 skills Bishop Carroll High School High School Diploma Sep 2020 – Jun 2023",0
4b313355-cb56-4055-9dfa-81af23dc7dde,d93bf6ad-efae-4411-9708-bdff1c9fe891,University of Guelph,"Honours Bachelor of Science (BScH), Neuroscience",,2018,2022,,- Graduated with distinction - Global Medical Brigades Head of Education (Jan 2019 - present) - Recipient of the Student Housing Services Award of Distinction for outstanding academic achievement while performing the Residence Assistant role during the 2019-2020 and 2020-2021 academic years.,,"University of Guelph Honours Bachelor of Science (BScH), Neuroscience 2018 – 2022 Activities and societies: - Graduated with distinction - Global Medical Brigades Head of Education (Jan 2019 - present) - Recipient of the Student Housing Services Award of Distinction for outstanding academic achievement while performing the Residence Assistant role during the 2019-2020 and 2020-2021 academic years.",0
c605f556-c1fb-49ec-b14b-cf77239321e7,d93bf6ad-efae-4411-9708-bdff1c9fe891,St. Mary's High School Dubai,High School Diploma,,2005,2018,13,Senior School Prefect and Sports Vice House Captain (2016 – 2017). Senior School Prefect (2015 – 2016). Student council member (2014 – 2015). Middle School Prefect and Student council member (2012 – 2013). Member of school Basketball Team for 7 years.,,St. Mary's High School Dubai High School Diploma 2005 – 2018 Grade: 13 Activities and societies: Senior School Prefect and Sports Vice House Captain (2016 – 2017). Senior School Prefect (2015 – 2016). Student council member (2014 – 2015). Middle School Prefect and Student council member (2012 – 2013). Member of school Basketball Team for 7 years.,1
08c1cade-95c8-47ac-ad77-61d6da91121e,bfe547a4-414a-41b6-bd41-370323a52458,University of Calgary,"Master of Science - MS, Neuroscience",,Aug 2025,Jul 2027,,,"Bachelors of Health Sciences- Biomedical Sciences, Biomedical Sciences, General","University of Calgary Master of Science - MS, Neuroscience Aug 2025 – Jul 2027 University of Calgary Bachelors of Health Sciences- Biomedical Sciences, Biomedical Sciences, General 2021 – 2025",0
0b5b35db-d216-4d0c-bb88-ce2b27afb404,28009f57-6b6a-4100-9a98-3408978540af,University of Calgary,"Fellowship, Pain Medicine",,2016,2017,,,,"University of Calgary Fellowship, Pain Medicine 2016 – 2017",0
1c8b5c64-f994-4750-ba76-c0aa630c6748,28009f57-6b6a-4100-9a98-3408978540af,University of Calgary,Doctor of Medicine - MD,,,,,,,University of Calgary Doctor of Medicine - MD 2011,1
a0c8c94e-fcd1-4bd1-8ff8-20b6353c9dda,28009f57-6b6a-4100-9a98-3408978540af,The University of Lethbridge,"Bachelor of Science, Neuroscience",,,,,,,"The University of Lethbridge Bachelor of Science, Neuroscience",2
f3a8c812-d7b4-42a3-8694-434a79bd0aad,28009f57-6b6a-4100-9a98-3408978540af,University of Calgary,"Fellowship, Addiction Medicine",,,,,,,"University of Calgary Fellowship, Addiction Medicine",3
08aa9136-deaa-416a-ac90-730c1223c99c,28009f57-6b6a-4100-9a98-3408978540af,University of Calgary,"Residency, Psychiatry",,,,,,,"University of Calgary Residency, Psychiatry",4
7cd5efef-10e3-4875-a4a6-6ed9d61f6c74,2c9beb01-eb2c-4e00-b3b8-888aad09b85b,University of Calgary,"Bachelor of Science - BS, Neuroscience",,2016,2020,,,,"University of Calgary Bachelor of Science - BS, Neuroscience 2016 – 2020",0
1af75e18-19cb-4857-81cb-21243ed3716b,41601368-5883-4c8c-acc3-410a620df99c,Haramaya University,"Doctor of Medicine - MD, Medicine",,2014,2021,,,,"Haramaya University Doctor of Medicine - MD, Medicine 2014 – 2021 Skills: Informed Consent, Primary Care, +20 skills",0
6d60c453-9c89-4427-bbe8-f043a8cc6d8a,41601368-5883-4c8c-acc3-410a620df99c,University of Calgary,"Master's degree, Precision health",,Jan 2024,Present,,,"Skills: Informed Consent, Strategic Initiatives, +14 skills","University of Calgary Master's degree, Precision health Jan 2024 – Present Precision Medicine Speciality Skills: Informed Consent, Strategic Initiatives, +14 skills",1
2a9f4d5a-92d7-4069-b1c6-1e2f847af661,1f1f4f23-4334-4f7d-8036-fa26d1c08d07,University of Calgary,"BSc. Honours Biological Sciences, Faculty of Science",,,,,,"MINOR: French, School of Languages, Linguistics, Literatures and Cultures","University of Calgary BSc. Honours Biological Sciences, Faculty of Science Activities and societies: Dean's List Youth Lifting Youth UCalgary La Société Française Women’s Basketball Club Biology Students' Association Think for Actions UCalgary MDI UCalgary Foster Futures Muslim Students Association MINOR: French, School of Languages, Linguistics, Literatures and Cultures Skills: Public Speaking",0
e311227f-754e-4883-a02b-dd1f3a147933,2e1e9717-70fc-455a-b655-4c0ed3c40f34,UNSW,"Doctor of Philosophy (PhD), Medicine",,2005,2009,,,"- Awarded the 2009 PhD prize for the year’s best PhD within the School of Medical Sciences, University of New South Wales - Thesis title: Novel biological functions of Apolipoprotein-E. - Research areas: Apolipoprotein-E, Alzheimer's disease, Macrophage biology … more","UNSW Doctor of Philosophy (PhD), Medicine 2005 – 2009 - Awarded the 2009 PhD prize for the year’s best PhD within the School of Medical Sciences, University of New South Wales - Thesis title: Novel biological functions of Apolipoprotein-E. - Research areas: Apolipoprotein-E, Alzheimer's disease, Macrophage biology … more",0
fce3e3d4-762f-4a52-9388-98524066fa40,2e1e9717-70fc-455a-b655-4c0ed3c40f34,The Ohio State University,Spinal Cord Injury Research Training Program,,2012,2012,,,,The Ohio State University Spinal Cord Injury Research Training Program 2012 – 2012,1
69a36004-054f-4da0-906c-d1b838cdf684,2e1e9717-70fc-455a-b655-4c0ed3c40f34,University of Technology Sydney,"Bachelor of Science (B.Sc.) (Honours year), Biotechnology",,2003,2003,,,- Honours project focused on multidrug resistance in cancer - Thesis title: Peptide inhibitors of P-glycoprotein,"University of Technology Sydney Bachelor of Science (B.Sc.) (Honours year), Biotechnology 2003 – 2003 - Honours project focused on multidrug resistance in cancer - Thesis title: Peptide inhibitors of P-glycoprotein",2
d5f19bef-32c9-45eb-a367-712bfaae530f,2e1e9717-70fc-455a-b655-4c0ed3c40f34,University of Technology Sydney,"Bachelor of Science (B.Sc.), Biotechnology",,1998,2001,,,"Majors: Molecular Biology, Pharmacology and Immunology","University of Technology Sydney Bachelor of Science (B.Sc.), Biotechnology 1998 – 2001 Majors: Molecular Biology, Pharmacology and Immunology",3
228de627-fecc-45e0-a9f2-b2edf66f1142,f1565080-485a-41b8-99a6-6149fd9227fb,McMaster University,"Doctor of Philosophy (Ph.D.), Biomedical Engineering",,2010,2016,,,"During this period, I investigated the use of Diffusion Tensor Imaging (DTI) to assess acute changes in muscle structure and physiology following a period of exercise. An emphasis of this project was ascertaining the quality and stability of repeated DTI measurements across a short period of time, as well as the temporal response of individual muscles following exercise of different intensities. … more","McMaster University Doctor of Philosophy (Ph.D.), Biomedical Engineering 2010 – 2016 During this period, I investigated the use of Diffusion Tensor Imaging (DTI) to assess acute changes in muscle structure and physiology following a period of exercise. An emphasis of this project was ascertaining the quality and stability of repeated DTI measurements across a short period of time, as well as the temporal response of individual muscles following exercise of different intensities. … more",0
aa38b772-eec5-4b2c-ae78-07404032cb20,f1565080-485a-41b8-99a6-6149fd9227fb,Humber College,"Music Performance, Trumpet",,2002,2004,,,,"Humber College Music Performance, Trumpet 2002 – 2004",1
4566dcf9-bbf8-4e9d-a503-3b7d953f48b1,f1565080-485a-41b8-99a6-6149fd9227fb,McMaster University,"Bachelor’s Degree, Psychology",,1992,1997,,,,"McMaster University Bachelor’s Degree, Psychology 1992 – 1997",2
06ce40f1-fcfe-47e3-8c65-6d653982a61d,8d5b5273-e5dd-4481-b206-93b7e7983e66,University of Calgary,Bachelor of Health Sciences in Biomedical Sciences (Honours),,Sep 2022,Apr 2026,,,,University of Calgary Bachelor of Health Sciences in Biomedical Sciences (Honours) Sep 2022 – Apr 2026,0
afc63aef-fda5-4287-b8f0-65a2cc4a976c,03db3f72-1adc-4d08-bdde-9864a58cb2a6,University of Calgary,"Doctor of Philosophy - PhD, Biomedical/Medical Engineering",,Sep 2021,Sep 2025,,,Thesis Title: Motion correction in MRI using EEG signals,"University of Calgary Doctor of Philosophy - PhD, Biomedical/Medical Engineering Sep 2021 – Sep 2025 Thesis Title: Motion correction in MRI using EEG signals",0
556f10f7-d9be-4a02-bda5-f72004c49c60,03db3f72-1adc-4d08-bdde-9864a58cb2a6,Sharif University of Technology,"Master's degree, Biomedical/Medical Engineering",,2018,2020,4,,"Skills: Python (Programming Language), Statistical Signal Processing, +4 skills","Sharif University of Technology Master's degree, Biomedical/Medical Engineering 2018 – 2020 Grade: 4 Thesis: Sleep stage detection using SKF (Switching Kalman Filter) Skills: Python (Programming Language), Statistical Signal Processing, +4 skills",1
7dfbf64e-9d18-4520-8e59-80f873596ab2,03db3f72-1adc-4d08-bdde-9864a58cb2a6,Shahed University,"Bachelor's degree, Biomedical/Medical Engineering",,2014,2018,3.96,,Thesis: Event-related potential (ERP) analysis of healthy participants under visually emotional tasks,"Shahed University Bachelor's degree, Biomedical/Medical Engineering 2014 – 2018 Grade: 3.96 Thesis: Event-related potential (ERP) analysis of healthy participants under visually emotional tasks Skills: Matlab, Signal Processing, +4 skills",2
d0f0783d-aa58-4f9b-a416-1f16383a1b4e,65d6a6cf-d455-43a7-924b-1d1b25bb37d1,University of Calgary,"BHSc, Biomedical Sciences",,2022,2026,3.97,,,"University of Calgary BHSc, Biomedical Sciences 2022 – 2026 Grade: 3.97 Wetaskiwin Composite High School High School Diploma Sep 2018 – Jun 2022 Valedictorian Class of 2022",0
bc6fb21f-d3e6-442b-9454-8d09732b9e09,f67871d0-cfe5-445d-bc2a-67b84dda39f2,Uppsala University,"Doctor of Philosophy - PhD, Neuroscience",,Nov 2018,May 2024,,,,"Uppsala University Doctor of Philosophy - PhD, Neuroscience Nov 2018 – May 2024",0
551a368b-cb68-4beb-80b4-ebd65aae489a,f67871d0-cfe5-445d-bc2a-67b84dda39f2,Stockholm University,"Master's degree, neurochemistry with molecular neurobiology",,2016,2018,,,,"Stockholm University Master's degree, neurochemistry with molecular neurobiology 2016 – 2018",1
c500c652-d3f1-467b-b6f0-ee5e9dd41306,f67871d0-cfe5-445d-bc2a-67b84dda39f2,SLU - Swedish University of Agricultural Sciences,"Bachelor's degree, Biotechnology",,2013,2016,,,,"SLU - Swedish University of Agricultural Sciences Bachelor's degree, Biotechnology 2013 – 2016",2
515cb67c-3cb8-4b68-96d1-5ec8d3d11f77,d3ee9809-6941-472e-83c1-7060e904c8e6,University of Calgary,"Bachelor of Science - BS, Biology/Biological Sciences, General",,Sep 2022,Apr 2026,3.75,Scholars Academy member Dean’s list as of 2023 Presented on Indigenous Research at an Arts and Science Honours Academy seminar Vice President of Student Life for Students of ASHA,"Skills: Critical Thinking, Interdisciplinary Research","University of Calgary Bachelor of Science - BS, Biology/Biological Sciences, General Sep 2022 – Apr 2026 Grade: 3.75 Activities and societies: Scholars Academy member Dean’s list as of 2023 Presented on Indigenous Research at an Arts and Science Honours Academy seminar Vice President of Student Life for Students of ASHA Skills: Critical Thinking, Interdisciplinary Research",0
1c7bf955-b975-4013-ac7a-e93df0271ad0,d3ee9809-6941-472e-83c1-7060e904c8e6,Notre Dame High School,High School Diploma,,Jun 2022,Present,low 90's,,"Workplace Safety- Online Workplace safety course completed, provided by Notre Dame High School Safecheck- Food Safety test completed in Culinary Arts course","Notre Dame High School High School Diploma Jun 2022 – Present Grade: low 90's Workplace Safety- Online Workplace safety course completed, provided by Notre Dame High School Safecheck- Food Safety test completed in Culinary Arts course",1
f98c121d-c86f-4d7a-9288-7902f45dac8d,78215c93-f205-4d9e-a8f8-a873f47ed90b,University of Calgary,"Bachelor of Science - BSc, PSYCHOLOGY",,2022,2026,,,,"University of Calgary Bachelor of Science - BSc, PSYCHOLOGY 2022 – 2026",0
c8b24e5d-4ba5-40a3-af22-e2ea765d02ea,998b39b1-e74a-4198-b6eb-9618bc7d0250,University of Calgary,"Bachelor's degree, Computer Science",,Sep 2021,Jun 2025,,,"Skills: Debugging, Object-Oriented Programming (OOP), +9 skills","University of Calgary Bachelor's degree, Computer Science Sep 2021 – Jun 2025 Skills: Debugging, Object-Oriented Programming (OOP), +9 skills",0
f7e70326-4fa8-41b2-a090-d63f42a1ead4,6da8654b-0024-4612-b1bc-7bb110709506,University of Calgary,"Bachelor of Science - BS, Biology/Biological Sciences, General",,Sep 2023,Jun 2027,,,,"University of Calgary Bachelor of Science - BS, Biology/Biological Sciences, General Sep 2023 – Jun 2027",0
4fcb1e2b-dbdd-4f06-9984-2685117d4aa0,87d34558-e6f5-49d9-a78f-32e3e073159d,The University of British Columbia,"Doctor of Medicine - MD, Medicine",,2024,2028,,,,"The University of British Columbia Doctor of Medicine - MD, Medicine 2024 – 2028",0
95557b76-70e2-4db5-b7b9-57ac3c49f90d,87d34558-e6f5-49d9-a78f-32e3e073159d,University of Calgary,"Honours Bachelor of Neuroscience, Neuroscience",,2020,2024,,,,"University of Calgary Honours Bachelor of Neuroscience, Neuroscience 2020 – 2024",1
c44d65bc-8fca-48f4-89fc-7f083bd8a112,87d34558-e6f5-49d9-a78f-32e3e073159d,Bert Church High School,High School Diploma,,Oct 2017,Jun 2020,,,,Bert Church High School High School Diploma Oct 2017 – Jun 2020,2
f3857edc-5218-4d6a-80d4-dad4ef1e1c31,936e433c-09e4-4e0b-b0d0-de933d948e33,Amira K. Fadl,,,,,,,,Amira K. Fadl · 2nd PhD student in Biomedical Engineering at the University of Calgary | International Medical Graduate (IMG) | Systems & Computational Neuroscience Connect,0
07197f1c-231f-4a53-ade0-6c91ce92d1df,936e433c-09e4-4e0b-b0d0-de933d948e33,Ashley Kemp,,,,,,,,Ashley Kemp · 3rd -- Connect,1
74abd8c7-6de2-4d17-8133-9369e938e9f5,936e433c-09e4-4e0b-b0d0-de933d948e33,Derya Sargin,,,,,,,,Derya Sargin · 2nd Associate professor of neuroscience Connect,2
2baf8607-43de-49fa-b394-ae577dc81f91,936e433c-09e4-4e0b-b0d0-de933d948e33,Daniela Oboh,,,,,,,,Daniela Oboh · 2nd MSc Neuroscience Candidate | Brain Canada/Heart & Stroke/ CIHR Scholar | Health Equity Advocate | National Program Coordinator @MBCC | Director @Brain-CE Connect,3
25a802a8-d95c-43a5-a6f3-a9744bb521f3,936e433c-09e4-4e0b-b0d0-de933d948e33,Gavin Thomas,,,,,,,,Gavin Thomas · 3rd MD Student @ UCalgary Message,4
6aa3adb7-ce7f-4cc3-bc58-d4ee56084fdf,e4e3d159-9893-4ce6-b0a6-5a93f49d9089,University of Calgary,"Honours Bachelor of Health Sciences (BHSc), Biomedical Sciences",,2022,2026,,,"Summer Exchange Program, Bioprinting & Health History","University of Calgary Honours Bachelor of Health Sciences (BHSc), Biomedical Sciences 2022 – 2026 Nanyang Technological University Singapore Summer Exchange Program, Bioprinting & Health History Jul 2024 – Jul 2024",0
1bec73f6-2e1a-45f7-9c3d-3d77794f8837,eff7362f-ecb5-4dbd-9b26-5d81967320a0,University of Calgary,"Bachelor of Health Sciences, Biomedical Science (Honours)",,Sep 2022,Apr 2026,,,,"University of Calgary Bachelor of Health Sciences, Biomedical Science (Honours) Sep 2022 – Apr 2026 Dean's List",0
78887354-8c90-4761-bc77-1eccaa99f0d8,eff7362f-ecb5-4dbd-9b26-5d81967320a0,University of Calgary,Uganda Global Health Field School,,May 2025,Jun 2025,,,"Established a community-based health promotion program in a rural Ugandan secondary school, empowering local students to recognize and address health challenges. Work was presented to district Ministers of Health and Education to advocate for youth-informed policy changes. … more","University of Calgary Uganda Global Health Field School May 2025 – Jun 2025 Established a community-based health promotion program in a rural Ugandan secondary school, empowering local students to recognize and address health challenges. Work was presented to district Ministers of Health and Education to advocate for youth-informed policy changes. … more",1
8c37aa96-31a7-4cec-a8e7-c3ab3911b34b,eff7362f-ecb5-4dbd-9b26-5d81967320a0,Southern Alberta Institute of Technology (SAIT),"Certificate, Pharmacy Assistant",,Sep 2021,May 2022,,,,"Southern Alberta Institute of Technology (SAIT) Certificate, Pharmacy Assistant Sep 2021 – May 2022 Honours with Practicum",2
55d2ae8b-adfc-4e37-ba8a-cc9e023115d7,030f8cde-f2ae-4824-8f5b-98102638bf51,University of Calgary,"Bachelor of Science - B.Sc (Honours) , Cellular, Molecular and Microbial Biology",,2023,2027,,,,"University of Calgary Bachelor of Science - B.Sc (Honours) , Cellular, Molecular and Microbial Biology 2023 – 2027 Skills: Chemical Handling, Data Analysis, +1 skill",0
2be0e635-3662-4834-8034-9ce8fb261af4,030f8cde-f2ae-4824-8f5b-98102638bf51,International Baccalaureate,High School Diploma,,Sep 2020,Jun 2023,,,"Higher Level: English, World History, Chemistry Standard Level: Biology, French, Mathematics","International Baccalaureate High School Diploma Sep 2020 – Jun 2023 Higher Level: English, World History, Chemistry Standard Level: Biology, French, Mathematics",1
9b504635-cd07-4dee-ae28-d078f1d677a9,030f8cde-f2ae-4824-8f5b-98102638bf51,John G Diefenbaker High School,High School Diploma,,Sep 2020,Jun 2023,,Honour roll (2020-2023),,John G Diefenbaker High School High School Diploma Sep 2020 – Jun 2023 Activities and societies: Honour roll (2020-2023),2
5eb5003b-7b0f-425e-8b8e-c7e3b1126539,648fb3a2-6350-4425-a06b-0f365af47a02,University of Calgary,"Bachelor of Science - BS, ENGINEERING",,Sep 2024,May 2028,,,"Honours Degree with a final thesis titled ""Examination of Novel Stressors to Obtain Configural Learning in the Pond Snail Lymnaea stagnalis in the Laboratory and in the Wild""","University of Calgary Bachelor of Science - BS, ENGINEERING Sep 2024 – May 2028 University of Calgary Bachelor of Science - BS, Neuroscience 2020 – 2024 Honours Degree with a final thesis titled ""Examination of Novel Stressors to Obtain Configural Learning in the Pond Snail Lymnaea stagnalis in the Laboratory and in the Wild""",0
dfd04ea0-53c7-409a-8a79-36891e770178,35907a16-9410-45ac-92ed-2912d1bc44e5,University of Calgary,"Biological Sciences (BSc), Biology/Biological Sciences, General",,Aug 2024,May 2028,,,"Skills: Academic Research, Organization and leadership skills","University of Calgary Biological Sciences (BSc), Biology/Biological Sciences, General Aug 2024 – May 2028 Skills: Academic Research, Organization and leadership skills",0
08f7b7bf-20b9-4a5b-8e75-5a9ab31b047e,35907a16-9410-45ac-92ed-2912d1bc44e5,Keyano College,"Upgrading, High School Equivalence Certificate Program",,Sep 2023,Apr 2024,,Awards :- Dean’s list,,"Keyano College Upgrading, High School Equivalence Certificate Program Sep 2023 – Apr 2024 Activities and societies: Awards :- Dean’s list",1
cd9e52b1-d90a-46de-b274-506c3df4edb5,35907a16-9410-45ac-92ed-2912d1bc44e5,"S.Thomas' College, Mount Lavinia","High School Diploma, Biology, General",,Jan 2009,Aug 2022,"Edexcel international advanced level - Chemistry, Biology, Physics.",School prefect (2021/2022) Clubs and Societies. • Association of Science and Technology - President (2021/22) • Health Club - Assistant Secretary (2021/22) • Astronomical Society - Founding member and Advisory Committee head (2022) • Junior Maths Society - Vice President (2019),"Skills: Teamwork, Strong written and verbal communication , +1 skill","S.Thomas' College, Mount Lavinia High School Diploma, Biology, General Jan 2009 – Aug 2022 Grade: Edexcel international advanced level - Chemistry, Biology, Physics. Activities and societies: School prefect (2021/2022) Clubs and Societies. • Association of Science and Technology - President (2021/22) • Health Club - Assistant Secretary (2021/22) • Astronomical Society - Founding member and Advisory Committee head (2022) • Junior Maths Society - Vice President (2019) Skills: Teamwork, Strong writ",2
13526d58-f9fe-46c0-8a3f-b2d4f266c735,665c216d-2be7-44fb-93f3-ebb348312ccf,University of Calgary,"Master of Arts - MA, Communication and Media Studies",,2020,2022,,,"Skills: Political Science, Data Analysis, +9 skills","University of Calgary Master of Arts - MA, Communication and Media Studies 2020 – 2022 Thesis exploring online Incel forums and their perpetuation of misogynistic extremist dialogues through imploring critical discourse analysis methods. Identifying and decoding implications of discursive persuasion that carry the risk of encouraging physical acts of domestic terrorism … more Skills: Political Science, Data Analysis, +9 skills",0
4f770a14-d2fc-4ed3-a8c1-0bdcbe3e9776,665c216d-2be7-44fb-93f3-ebb348312ccf,Carleton University,"Bachelor's degree, International/Global Affairs",,2016,2020,,,Specialized in global communications Honours research paper on the media portrayal of domestic vs. Foreign terrorist threats in North America,"Carleton University Bachelor's degree, International/Global Affairs 2016 – 2020 Specialized in global communications Honours research paper on the media portrayal of domestic vs. Foreign terrorist threats in North America Skills: Political Science, Research, +5 skills",1
b56163ba-c58b-4028-9052-f326f06032fe,be905b1e-163c-4cd9-b36b-a1bdd45d8abe,University of Calgary,"Master of Science - MS, Neuroscience",,Jan 2022,Dec 2026,,,,"University of Calgary Master of Science - MS, Neuroscience Jan 2022 – Dec 2026",0
eaadb5ba-04b2-407c-a9df-6ba710d8a27a,be905b1e-163c-4cd9-b36b-a1bdd45d8abe,Cumming School of Medicine,MSc Neuroscience,,Jan 2022,Present,,Hotchkiss Brain Institute Education Co-Director - Hotchkiss Brain Institute Trainee Organization Events Co-Coordinator - NeuroAlbertaTech,,Cumming School of Medicine MSc Neuroscience Jan 2022 – Present Activities and societies: Hotchkiss Brain Institute Education Co-Director - Hotchkiss Brain Institute Trainee Organization Events Co-Coordinator - NeuroAlbertaTech,1
a0166ad9-2c26-4004-9da8-da37def1da84,be905b1e-163c-4cd9-b36b-a1bdd45d8abe,University of Victoria,"Bachelor of Science (BS), Biochemistry",,2015,2020,,Directed study in the field of adult neurogenesis University of Victoria Global Medical Brigades,,"University of Victoria Bachelor of Science (BS), Biochemistry 2015 – 2020 Activities and societies: Directed study in the field of adult neurogenesis University of Victoria Global Medical Brigades",2
6fa94e0b-2a06-4f5a-812b-6232364d95ad,be905b1e-163c-4cd9-b36b-a1bdd45d8abe,Brentwood College School,High School Diploma,,2013,2015,,Varsity Rowing Team,,Brentwood College School High School Diploma 2013 – 2015 Activities and societies: Varsity Rowing Team,3
54268012-321a-4be8-b60f-9509616015af,8113edcb-7d34-4b96-ab2b-49f9e96ef448,UMass Chan Medical School,Early Relational Health,,Sep 2022,Apr 2023,,,,UMass Chan Medical School Early Relational Health Sep 2022 – Apr 2023,0
9ea51ae2-a8e3-443d-a867-8d6b1dba72eb,8113edcb-7d34-4b96-ab2b-49f9e96ef448,UC Davis Continuing and Professional Education,Infant Mental Health,,2015,2016,,,,UC Davis Continuing and Professional Education Infant Mental Health 2015 – 2016 Napa Infant Mental Health Fellowship,1
53efd62e-9331-404a-97d2-19c29fc76b91,8113edcb-7d34-4b96-ab2b-49f9e96ef448,Alliant International University-San Diego Campus,"Doctor of Philosophy - PhD, Master’s of Art, Clinical Psychology",,1990,1993,,,,"Alliant International University-San Diego Campus Doctor of Philosophy - PhD, Master’s of Art, Clinical Psychology 1990 – 1993",2
4399b05a-efc6-4a74-9b82-01df2b37ba68,8113edcb-7d34-4b96-ab2b-49f9e96ef448,Indiana University Bloomington,"Master of Science - MS, Educational Psychology",,1987,1988,,,,"Indiana University Bloomington Master of Science - MS, Educational Psychology 1987 – 1988",3
55e3b590-e754-4672-8adf-c7d628f421a1,8113edcb-7d34-4b96-ab2b-49f9e96ef448,University of Calgary,"Bachelor of Arts - BA, PSYCHOLOGY",,1983,1987,,,,"University of Calgary Bachelor of Arts - BA, PSYCHOLOGY 1983 – 1987",4
37769f63-f30e-45e8-8268-5d693fd57653,debe2b0f-74ba-4793-a0b1-8a7747df712d,University of Toronto,"Doctor of Philosophy - PhD, Medical Biophysics",,2015,2021,,,,"University of Toronto Doctor of Philosophy - PhD, Medical Biophysics 2015 – 2021 Queen's University Bachelor’s Degree, Engineering Physics 2011 – 2015",0
63c2163f-f006-416a-832b-567bb5d474d8,f2bce860-d825-41d4-84e5-2046a7322430,University of Calgary,"Master of Medical Science, Clinical Neuroscience",,Jan 2026,Jan 2028,,,,"University of Calgary Master of Medical Science, Clinical Neuroscience Jan 2026 – Jan 2028",0
f09246a1-fdf7-49ec-97bd-e8c619d37168,f2bce860-d825-41d4-84e5-2046a7322430,University of Calgary,"Bachelor of Science (Honours, First Class), Biology, Physics",,Sep 2022,Apr 2025,,,,"University of Calgary Bachelor of Science (Honours, First Class), Biology, Physics Sep 2022 – Apr 2025",1
3bfd69ba-0cff-4e51-a77c-dda473194f07,f2bce860-d825-41d4-84e5-2046a7322430,CFSC,Firearm Safety Training (PAL/RPAL),,Dec 2022,Jan 2023,,,,CFSC Firearm Safety Training (PAL/RPAL) Dec 2022 – Jan 2023,2
6189630f-06dd-4073-97fc-07ac26662912,f2bce860-d825-41d4-84e5-2046a7322430,The University of British Columbia,Bachelor of Science - BS,,Sep 2021,Apr 2022,,,,The University of British Columbia Bachelor of Science - BS Sep 2021 – Apr 2022 TRANSFER,3
604446ec-681b-4a66-a1d6-cf0fb4d5eca3,f2bce860-d825-41d4-84e5-2046a7322430,Canadian Flight Centre,PPL,,Jun 2020,Sep 2021,,,,Canadian Flight Centre PPL Jun 2020 – Sep 2021,4
47f7b3db-44e1-474b-8c01-37c4d346ce44,f2bce860-d825-41d4-84e5-2046a7322430,Johnston Heights Secondary School,High School Diploma,,Sep 2018,Jun 2021,,,,Johnston Heights Secondary School High School Diploma Sep 2018 – Jun 2021,5
da46d252-a603-41c4-8fcf-b9eea0d1b75e,f2bce860-d825-41d4-84e5-2046a7322430,Istituto Antonio Locatelli,"Liceo Scientifico (Aeronautico), Science and Aeronautics",,Sep 2017,Jul 2018,,,,"Istituto Antonio Locatelli Liceo Scientifico (Aeronautico), Science and Aeronautics Sep 2017 – Jul 2018",6
06370a85-2d13-431f-8d84-05c218fd607f,f2bce860-d825-41d4-84e5-2046a7322430,AHEIA,Alberta Hunter,,,,,,,AHEIA Alberta Hunter,7
14f4c912-0083-474d-850c-cfd9fb9676f7,ffb6f5ee-f522-4676-9d97-adc0167b07c5,University of Calgary,"Master of Science - MSc, Neuroscience",,Aug 2024,May 2026,,,,"University of Calgary Master of Science - MSc, Neuroscience Aug 2024 – May 2026 Queen's University Bachelor of Science - BSc Honours, Life Sciences Sep 2019 – May 2023",0
5eb92dca-0a92-45a4-a74b-0a3c3c650729,e08e3686-313b-4b16-a632-07ecfb926907,University of Calgary,"Bachelor of Science - BS, Kinesiology",,Sep 2022,Apr 2026,,,,"University of Calgary Bachelor of Science - BS, Kinesiology Sep 2022 – Apr 2026 Sir Winston Churchill High School High School Diploma",0
c3725afa-f667-4a98-a078-a6713bd148d6,c482b87a-e1fb-469c-bc13-0fe781d721cb,University of Havana,"Doctor of Philosophy - PhD, Bioinformatics; Neuroscience",,Jan 2018,Mar 2023,,,,"University of Havana Doctor of Philosophy - PhD, Bioinformatics; Neuroscience Jan 2018 – Mar 2023",0
5b4e59a1-6259-45a3-82a2-9495b58308f9,c482b87a-e1fb-469c-bc13-0fe781d721cb,University of Havana,"Master of Science - MS, Health/Medical Physics",,2017,2020,,,,"University of Havana Master of Science - MS, Health/Medical Physics 2017 – 2020",1
604ff125-bf55-411e-9164-98fc87a35dd1,c482b87a-e1fb-469c-bc13-0fe781d721cb,Higher Institute of Technologies and Applied Sciences,"Bachelor's degree, Nuclear Engineering",,2005,2010,,,,"Higher Institute of Technologies and Applied Sciences Bachelor's degree, Nuclear Engineering 2005 – 2010",2
4d5e3337-8bca-4277-82ae-aa09c41ea45d,0a1e9130-a8fc-485a-86f6-cf3bcf6abafe,University of Calgary,"Master of Science - MS, Biomedical/Medical Engineering",,Sep 2023,Present,,,,"University of Calgary Master of Science - MS, Biomedical/Medical Engineering Sep 2023 – Present University of Waterloo Bachelor of Science - BS, Chemical Physics 2017 – 2022",0
429a1df2-f459-4a5b-8f74-c11687e35cbd,46f9fd7a-681a-433b-9b1b-b1b97419df7f,Universidad Nacional Autónoma de México,"Master of Science, Medical Sciences (Neurology)",,2019,2020,,,http://www.facmed.unam.mx/ingles/maeydoc/unopmd-ingles.htm,"Universidad Nacional Autónoma de México Master of Science, Medical Sciences (Neurology) 2019 – 2020 http://www.facmed.unam.mx/ingles/maeydoc/unopmd-ingles.htm",0
0895693c-eebd-4c12-8ce4-2f427868a26a,46f9fd7a-681a-433b-9b1b-b1b97419df7f,Université de Bordeaux,"Euro-Mediterranean Master of Neuroscience (EMN-Online), Neurobiology & Biotechnology",,2018,2020,,,"This international Master program specializes in neurobiology and biotechnology, providing high-level, interdisciplinary neuroscience training with an emphasis on innovative e-learning methods. Teaching follows standards of excellence and is provided by international experts of the consortium. This consortium offers a large variety of top-level research labs for student training. In addition, consortium partners extend this offer with opportunities in their laboratories. Throughout their study and training, students develop connections and network across Europe and the Mediterranean region. … more","Université de Bordeaux Euro-Mediterranean Master of Neuroscience (EMN-Online), Neurobiology & Biotechnology 2018 – 2020 This international Master program specializes in neurobiology and biotechnology, providing high-level, interdisciplinary neuroscience training with an emphasis on innovative e-learning methods. Teaching follows standards of excellence and is provided by international experts of the consortium. This consortium offers a large variety of top-level research labs for student trainin",1
e81da8f9-c6f2-4c3d-ae8b-17d84be0c7f7,46f9fd7a-681a-433b-9b1b-b1b97419df7f,Universidad Nacional Autónoma de México,"Specialist, Adult Neurology",,2017,2020,,,"Certified by the Mexican Board of Neurology (2020-2025; 2025-2030). Verify at https://sistema.consejomexicanodeneurologia.org/nv, https://conacem.org.mx/.","Universidad Nacional Autónoma de México Specialist, Adult Neurology 2017 – 2020 Certified by the Mexican Board of Neurology (2020-2025; 2025-2030). Verify at https://sistema.consejomexicanodeneurologia.org/nv, https://conacem.org.mx/.",2
b2de147e-fd8f-4f59-b4c6-6b7275ae92b6,46f9fd7a-681a-433b-9b1b-b1b97419df7f,Universidad Autónoma de Nuevo León,"Specialist, Internal Medicine",,2013,2017,,,"Certified by the Mexican Board of Internal Medicine (2017-2022; 2022-2027). Verify at http://www.cmmi.org.mx/medicos_certificados_pop.html, https://conacem.org.mx/.","Universidad Autónoma de Nuevo León Specialist, Internal Medicine 2013 – 2017 Certified by the Mexican Board of Internal Medicine (2017-2022; 2022-2027). Verify at http://www.cmmi.org.mx/medicos_certificados_pop.html, https://conacem.org.mx/.",3
69189a32-cbc2-44c2-8dc3-b0a28233d05c,46f9fd7a-681a-433b-9b1b-b1b97419df7f,Universidad Autónoma de Nuevo León,Doctor of Medicine,,2005,2012,MD,"1. President/Founder, Internal Medicine Interest Group (IMIG) at the Autonomous University of Nuevo León Medical School. This IMIG was affiliated with the American College of Physicians (ACP). 2. Editor-in-Chief, Official Medical Student Newspaper of the Autonomous University of Nuevo León Medical School.",,"Universidad Autónoma de Nuevo León Doctor of Medicine 2005 – 2012 Grade: MD Activities and societies: 1. President/Founder, Internal Medicine Interest Group (IMIG) at the Autonomous University of Nuevo León Medical School. This IMIG was affiliated with the American College of Physicians (ACP). 2. Editor-in-Chief, Official Medical Student Newspaper of the Autonomous University of Nuevo León Medical School. Graduated with Honors.",4
4f247491-05be-4aa0-bf29-5860a5927066,64c97947-aec6-4706-9332-cfbb7267a75e,University of Calgary,"Bachelor of Health Science (Honours), Biomedical Sciences",,Sep 2024,Apr 2028,,,,"University of Calgary Bachelor of Health Science (Honours), Biomedical Sciences Sep 2024 – Apr 2028",0
64ea42aa-ca24-453f-a0f6-a929e81976e6,3db8ac6b-56a3-41ef-9a0b-8b96759725d9,University of Calgary,"Bachelor of Science - BSc (Honours), Neuroscience",,2022,2026,,"- AP Exams completed: Biology, AB Calculus, Physics 1 - Achieved Honour Roll consistently throughout high school - Played rugby on the Girls Rugby Team",,"University of Calgary Bachelor of Science - BSc (Honours), Neuroscience 2022 – 2026 All Saints High School High School Diploma Sep 2019 – Jun 2022 Activities and societies: - AP Exams completed: Biology, AB Calculus, Physics 1 - Achieved Honour Roll consistently throughout high school - Played rugby on the Girls Rugby Team",0
4e305c6a-73c4-47a4-a229-a877ca7860e7,25fa0ffc-7dff-42ae-b791-0fc9a8a27e41,University of Calgary,"Master's degree, Medical Sciences Specializing in Medical Imaging",,2025,2027,,,,"University of Calgary Master's degree, Medical Sciences Specializing in Medical Imaging 2025 – 2027",0
51b30d8d-37d5-4668-b66f-e2bf1f98c694,25fa0ffc-7dff-42ae-b791-0fc9a8a27e41,University of Calgary,"Bachelors, Biomedical Sciences",,2021,2025,,,,"University of Calgary Bachelors, Biomedical Sciences 2021 – 2025",1
b27b5894-91b5-4691-b98b-84f8ad11c6a1,25fa0ffc-7dff-42ae-b791-0fc9a8a27e41,"St. Francis High School Calgary, Alberta",High School Diploma,,2018,2021,,,,"St. Francis High School Calgary, Alberta High School Diploma 2018 – 2021",2
9b5b210d-f57b-4ed0-b679-3c4bcf1c8178,5fdef858-27ef-4a49-b205-6c34de4d5bac,University of Calgary,Doctor of Medicine - MD,,2025,2028,,,"Biological Sciences, Concentration in Genetics and Evolution (Honours)","University of Calgary Doctor of Medicine - MD 2025 – 2028 University of Calgary Biological Sciences, Concentration in Genetics and Evolution (Honours) 2021 – 2025",0
1f23c0b5-fe5d-4a44-8ffd-7ecd23789fa4,3ffdeca2-9b8b-40c9-aff0-dc5d23dcb88d,University of Calgary,"Bachelor of Health Science (Honours), Biomedical Sciences",,Sep 2024,Apr 2028,,,,"University of Calgary Bachelor of Health Science (Honours), Biomedical Sciences Sep 2024 – Apr 2028 Westmount Charter School High School Gifted Education Diploma Sep 2021 – Jun 2024",0
01aa6897-d320-41c9-ab2b-d209034f813f,cdc07aa4-1687-4320-a32e-6583764daa56,University of Calgary,"MD/PhD, Neuroscience",,Sep 2021,Present,,,Undergraduate student focused on neuroscience and surgical robotics,"University of Calgary MD/PhD, Neuroscience Sep 2021 – Present Joint MD/Ph.D. student in Neuroscience with a focus on biomedical engineering and neuron-chip interfacing University of Calgary Bachelor of Health Sciences (First Class Honours), Biomedical Sciences, General 2016 – 2020 Undergraduate student focused on neuroscience and surgical robotics",0
28d507d5-a6df-4af8-91ea-e261376aea0b,4b6a6f3b-a92f-49ff-9be4-a20d7a8cb0f4,McGill University,"Ph.D., Neurobiology",,1993,1999,,,,"McGill University Ph.D., Neurobiology 1993 – 1999",0
5b5ae218-2288-4ec0-87a8-24cc27e129dc,f30dfe97-2e8c-4e6c-9ec3-c1b1fa245f3c,University of Calgary,"Master of Science (MSc), Neuroscience",,Jan 2026,Present,,,,"University of Calgary Master of Science (MSc), Neuroscience Jan 2026 – Present",0
73320e7b-1310-42b8-93ec-4dc9340d7a3b,f30dfe97-2e8c-4e6c-9ec3-c1b1fa245f3c,University of Calgary,"Bachelor of Science Honours (BScH, First Class), Neuroscience & Minor in Nanoscience",,Sep 2016,Apr 2020,,"Neuroscience Students' Association, UofC nanoGroup, Nanoscience Class Representatives, & Art Club",• Honours thesis project: Effects of Aging on Mouse Primary Auditory Cortex Receptive Fields Analyzed Through 3D Rendering (2019-2020) – resulted in publication • Nanoscience thesis project: Synthesis of Fluorescent and Magnetic Bicontinuous Interfacially Jammed Emulsions (2018-2019) • Summer research project: Quantum Dot-Protein Interactions Through Dynamic Light Scattering Analysis (2018) … more,"University of Calgary Bachelor of Science Honours (BScH, First Class), Neuroscience & Minor in Nanoscience Sep 2016 – Apr 2020 Activities and societies: Neuroscience Students' Association, UofC nanoGroup, Nanoscience Class Representatives, & Art Club • Honours thesis project: Effects of Aging on Mouse Primary Auditory Cortex Receptive Fields Analyzed Through 3D Rendering (2019-2020) – resulted in publication • Nanoscience thesis project: Synthesis of Fluorescent and Magnetic Bicontinuous Interfa",1
5050ded5-b9ac-4ead-bf33-1ef6f803e048,f30dfe97-2e8c-4e6c-9ec3-c1b1fa245f3c,University of Ottawa,"Psychedelics, Drug Policy, and Consciousness Studies",,Sep 2020,Apr 2021,,,"Audited Courses: • SRS 5110 – Sacred Plant Medicines and Spirituality (University of Ottawa, Winter 2021) • SRS 5109 – Psychedelics, Politics, and Harm Reduction (University of Ottawa, Fall 2020) … more","University of Ottawa Psychedelics, Drug Policy, and Consciousness Studies Sep 2020 – Apr 2021 Audited Courses: • SRS 5110 – Sacred Plant Medicines and Spirituality (University of Ottawa, Winter 2021) • SRS 5109 – Psychedelics, Politics, and Harm Reduction (University of Ottawa, Fall 2020) … more",2
4d894118-587d-4d80-b8aa-c39eb6f92ec4,413e38f3-fde4-41ab-86d9-0bf48f4c5eec,The University of Lethbridge,"Bachelor of Science - BSc, Neuroscience",,2020,2024,,,,"The University of Lethbridge Bachelor of Science - BSc, Neuroscience 2020 – 2024 Nelson Mandela High School High School Diploma Sep 2017 – Jun 2020",0
94182cf6-4d66-41d4-be01-9b1ea1881fc5,31734037-6b81-4bc5-b485-650f05e4fe91,University of Calgary,,,2019,2024,,,,University of Calgary 2019 – 2024,0
53f47910-aaac-47a8-9231-114324e3e53d,abfaa604-a017-4d5e-9aec-ecb586b0ddd4,University of Calgary,"Bachelor's degree, Neuroscience",,Sep 2022,May 2026,4.0,,"Skills: Time Management, Tenacious Work Ethic, +3 skills","University of Calgary Bachelor's degree, Neuroscience Sep 2022 – May 2026 Grade: 4.0 My Bachelor of Science (Honours) in Neuroscience has equipped me with a deep understanding of the nervous system, bridging fundamental neurobiological concepts with practical research skills. This comprehensive program covered neuroanatomy, neurophysiology, and cognitive neuroscience, providing me with a strong foundation in how the brain and nervous system function at both molecular and behavioral levels. This ",0
2fe9a261-6929-4c57-a041-4b535da75f9f,04c0502c-e2fa-4de1-b7e4-1e471df6d292,University of Calgary,"Bachelor of Science - BS, Neuroscience",,Sep 2022,Apr 2026,,,,"University of Calgary Bachelor of Science - BS, Neuroscience Sep 2022 – Apr 2026",0
b526f1a9-fbfc-4141-8d4d-a9963a25afc9,227f9d77-1bcf-487a-82db-0b1b7e563d80,Addis Ababa University,"Specialty in Clinical Radiology, Clinical Radiology",,Mar 2021,Feb 2024,,,,"Addis Ababa University Specialty in Clinical Radiology, Clinical Radiology Mar 2021 – Feb 2024 Skills: Global Health, Radiology, +3 skills Addis Ababa University Doctor of Medicine - MD, Medicine Nov 2011 – Dec 2017",0
bc6da3b4-1488-4389-ac23-3ca11763bbe7,2c2e0c9d-4d45-42e1-a0a2-1d47225a64a5,University of Calgary,"Master of Science - MSc, Biomedical Engineering",,Sep 2024,Oct 2026,"cGPA: 4.00/4.00 (A+,A+,A+,A+)",,,"University of Calgary Master of Science - MSc, Biomedical Engineering Sep 2024 – Oct 2026 Grade: cGPA: 4.00/4.00 (A+,A+,A+,A+) Specialization in Medical Imaging",0
e53e06a4-e918-4773-889a-5634014c4c10,2c2e0c9d-4d45-42e1-a0a2-1d47225a64a5,The University of British Columbia,"Bachelor of Science - BSc, Honours in Computer Science and Minor in Mathematics",,Sep 2019,May 2024,cGPA = 90%,,"Dean's List 2022, 2023 Honours degree with a thesis on Computational Convex Analysis … more","The University of British Columbia Bachelor of Science - BSc, Honours in Computer Science and Minor in Mathematics Sep 2019 – May 2024 Grade: cGPA = 90% Dean's List 2022, 2023 Honours degree with a thesis on Computational Convex Analysis … more",1
6a2aaa87-48c5-4a71-9ace-0c7a69bd15f9,5113b5b0-63d8-40cf-ae2e-561c3cd83dff,Kent State University,"Doctor of Philosophy - PhD, Cognitive Science",,2009,2014,,,,"Kent State University Doctor of Philosophy - PhD, Cognitive Science 2009 – 2014",0
8c56d7c4-8408-4b14-9a53-e7e06d9a0032,465607d0-7eec-4fc1-9e85-f3ba7630de87,University of Calgary,"Master of Science - MS, Neuroscience",,2020,2022,,,"Skills: Cognitive Neuroscience, Clinical Neurophysiology","University of Calgary Master of Science - MS, Neuroscience 2020 – 2022 Thesis-based; project aimed at understanding the role of subgenual cingulate gyrus in emotional processing in patients struggling with depression. Skills: Cognitive Neuroscience, Clinical Neurophysiology",0
cd1134e4-b26c-4f99-be65-cf5f3e1fc844,465607d0-7eec-4fc1-9e85-f3ba7630de87,Mount Royal University,"Bachelor of Arts - BA with Honours, PSYCHOLOGY",,2014,2019,,,Played as a student-athlete on the MRU cougars women's volleyball team from 2014-2019 while maintaining a cumulative GPA of 3.77. Completed an Honour's thesis project involving the characterization and manipulation of locomotor behaviour in Helisoma trivolvis pond snail. … more,"Mount Royal University Bachelor of Arts - BA with Honours, PSYCHOLOGY 2014 – 2019 Played as a student-athlete on the MRU cougars women's volleyball team from 2014-2019 while maintaining a cumulative GPA of 3.77. Completed an Honour's thesis project involving the characterization and manipulation of locomotor behaviour in Helisoma trivolvis pond snail. … more",1
1706e54f-125b-4e97-8587-8f50909a0eae,e84862f3-28fc-48c4-bcef-3cee7d9ee6b1,University of Calgary,"Master of Science (M.Sc.), Neuroscience",,2015,2018,3.8,"Cellular and Molecular Biology Club, Chess Club and Squash","Bachelor of Science (B.Sc.), Cell/Cellular and Molecular Biology","University of Calgary Master of Science (M.Sc.), Neuroscience 2015 – 2018 Mount Royal University Bachelor of Science (B.Sc.), Cell/Cellular and Molecular Biology 2010 – 2015 Grade: 3.8 Activities and societies: Cellular and Molecular Biology Club, Chess Club and Squash",0
80f13b7b-0f12-4b02-b27f-c12523c10f49,2639593a-850c-4dcb-be8b-e338bccf7a2f,University of Calgary,"Master of Science, Bioengineering and Biomedical Engineering",,Dec 2025,Present,,,,"University of Calgary Master of Science, Bioengineering and Biomedical Engineering Dec 2025 – Present Specialization in Computational Neuroscience Start of the studies",0
d2605409-cafa-4c18-a161-f38b7c8897fb,2639593a-850c-4dcb-be8b-e338bccf7a2f,Amirkabir University of Technology - Tehran Polytechnic,"Bachelor of Science - BS, Biomedical/Medical Engineering",,Dec 2020,Mar 2025,,"Volleyball, filming, writing","Skills: LTSpice, C (Programming Language), +1 skill","Amirkabir University of Technology - Tehran Polytechnic Bachelor of Science - BS, Biomedical/Medical Engineering Dec 2020 – Mar 2025 Activities and societies: Volleyball, filming, writing Skills: LTSpice, C (Programming Language), +1 skill Final thesis My final thesis defence session Graduation day Graduation day 2 Show all 5 media",1
4fbd36a5-c8c7-4952-82f9-4706efe35b20,2639593a-850c-4dcb-be8b-e338bccf7a2f,Amirkabir University of Technology - Tehran Polytechnic,"Bachelor of Science - BS , Computer Science (minor)",,Sep 2022,Jun 2025,,,"Skills: Java, Python (Programming Language), +3 skills","Amirkabir University of Technology - Tehran Polytechnic Bachelor of Science - BS , Computer Science (minor) Sep 2022 – Jun 2025 An academic minor is a college or university student's declared secondary academic discipline during their undergraduate studies. Skills: Java, Python (Programming Language), +3 skills",2
06a1457f-bd14-49ac-9bc6-056e5dcd359f,2639593a-850c-4dcb-be8b-e338bccf7a2f,Amirkabir University of Technology - Tehran Polytechnic,"Bachelor of Science - BS, Computer Engineering (minor)",,Sep 2022,Mar 2025,,,An academic minor is a college or university student's declared secondary academic discipline during their undergraduate studies.,"Amirkabir University of Technology - Tehran Polytechnic Bachelor of Science - BS, Computer Engineering (minor) Sep 2022 – Mar 2025 An academic minor is a college or university student's declared secondary academic discipline during their undergraduate studies. Skills: Java",3
427cf408-68a1-4d0b-96ae-c7a30ea49b6c,2639593a-850c-4dcb-be8b-e338bccf7a2f,Allameh Tabataba'i High School,"High School Diploma, Mathematics",,Oct 2017,Jun 2020,19.46 (A),Volleyball,,"Allameh Tabataba'i High School High School Diploma, Mathematics Oct 2017 – Jun 2020 Grade: 19.46 (A) Activities and societies: Volleyball",4
17d69218-2e7a-4211-ab2d-5b8b60913a1a,424546a7-e6e0-4d5c-a779-f156323cf502,Algonquin College of Applied Arts and Technology,"Diploma, Office Administration - Executive",,,,,,Specialized in Industrial/ Organizational Psychology,"Algonquin College of Applied Arts and Technology Diploma, Office Administration - Executive University of Ottawa Honours Bachelor of Arts, Psychology Specialized in Industrial/ Organizational Psychology",0
0d06fe3b-9379-4f2a-84fa-6b5e4196db7d,2a2307e2-2c74-413f-9558-05450144be6f,University of Calgary,"Bachelor of Science with Honours - BSc (Hons.), Kinesiology and Exercise Science",,2021,2026,,"First Year Scholars, The Free Kicks Project, Fall Orientation, Students' Union, Scholars Academy","Supervisor: Dr. Ranita Manocha Thesis: ""Exploring the Effects of a Novel Walking Aid Skills App in Walking Aid Users: A Pilot Randomized Controlled Trial"" … more","University of Calgary Bachelor of Science with Honours - BSc (Hons.), Kinesiology and Exercise Science 2021 – 2026 Activities and societies: First Year Scholars, The Free Kicks Project, Fall Orientation, Students' Union, Scholars Academy Supervisor: Dr. Ranita Manocha Thesis: ""Exploring the Effects of a Novel Walking Aid Skills App in Walking Aid Users: A Pilot Randomized Controlled Trial"" … more Elbert Tom Fifteenth Cohort",0
ff15634b-01b0-4c12-b64c-5f13308ce5ef,eacaaf28-b5df-4564-9940-118d5279aa62,University of Calgary,Doctor of Medicine - MD,,2017,2020,,,,University of Calgary Doctor of Medicine - MD 2017 – 2020,0
e62d6c31-1543-40c2-87be-45037dfaf65d,eacaaf28-b5df-4564-9940-118d5279aa62,University of Calgary,"Bachelor of Health Science - BHSc (Honours), Health Services/Allied Health/Health Sciences, General",,2013,2017,,,,"University of Calgary Bachelor of Health Science - BHSc (Honours), Health Services/Allied Health/Health Sciences, General 2013 – 2017",1
1aca9440-a485-44ba-bd57-2c79e8978b09,eacaaf28-b5df-4564-9940-118d5279aa62,St Francis High School,High School/Secondary Diplomas and Certificates,,2010,2013,,,,St Francis High School High School/Secondary Diplomas and Certificates 2010 – 2013,2
7e7eb1df-ccf6-4c62-a4e6-c82dd17b806f,38acbe79-6c1d-44bb-9a7e-30d7a3ce2efc,University of Calgary,"Bachelor of Science - BSc (Honours), Neuroscience",,2023,2027,,,,"University of Calgary Bachelor of Science - BSc (Honours), Neuroscience 2023 – 2027 Skills: Wet Labs, Data Entry, +5 skills",0
6993ee1f-27d8-4be4-86d9-8012e1889f7f,38acbe79-6c1d-44bb-9a7e-30d7a3ce2efc,Henry Wise Wood High School,High School Diploma,,Sep 2020,Jun 2023,"10,11,12","Stem club, Debate, Model UN, Student Council, LINK Club, Peer Tutoring",,"Henry Wise Wood High School High School Diploma Sep 2020 – Jun 2023 Grade: 10,11,12 Activities and societies: Stem club, Debate, Model UN, Student Council, LINK Club, Peer Tutoring Skills: WHMIS",1
03fb0385-a5a3-4275-9ab0-649c12d76499,fce74dfc-f532-4650-8832-fc0e0a4485fb,University of Calgary,"Doctor of Philosophy (PhD), Neuroscience",,2013,2017,,,PhD candidate in basic science research lab. Our research interests include chronic pain and opioids. Lab Website: painandpoppies.com Techniques: -Western Blotting -Cell Culture -Behavioural Assays -Calcium Imaging -Flow Cytometry -Immunohistochemistry -RT-PCR -Immunoprecipitation … more,"University of Calgary Doctor of Philosophy (PhD), Neuroscience 2013 – 2017 PhD candidate in basic science research lab. Our research interests include chronic pain and opioids. Lab Website: painandpoppies.com Techniques: -Western Blotting -Cell Culture -Behavioural Assays -Calcium Imaging -Flow Cytometry -Immunohistochemistry -RT-PCR -Immunoprecipitation … more",0
bff8deb0-3c2d-4620-be7a-af795640be59,fce74dfc-f532-4650-8832-fc0e0a4485fb,University of Calgary,"Biochemistry Specialization, Neuroscience",,2012,2013,,Hotchkiss Brain Institute Trainee Organization Executive Committee,,"University of Calgary Biochemistry Specialization, Neuroscience 2012 – 2013 Activities and societies: Hotchkiss Brain Institute Trainee Organization Executive Committee",1
dc133eda-8a25-491d-9685-bdddc7983374,fce74dfc-f532-4650-8832-fc0e0a4485fb,Queen's University,"Bachelor of Science (BSc) Honours Biochemistry, Biomedical and Molecular Sciences",,2008,2012,,Biochemistry Student Council Co-Chair Academic Grievance Centre Coordinator Kingston Impact Basketball Club Head Coach Let's Talk Science Volunteer,,"Queen's University Bachelor of Science (BSc) Honours Biochemistry, Biomedical and Molecular Sciences 2008 – 2012 Activities and societies: Biochemistry Student Council Co-Chair Academic Grievance Centre Coordinator Kingston Impact Basketball Club Head Coach Let's Talk Science Volunteer",2
574896f3-08f2-481b-896f-26d73c0528fc,fce74dfc-f532-4650-8832-fc0e0a4485fb,Queen's University,"Bachelor of Arts (BA), French",,2008,2012,,"Biochemistry Student Council; Co-chair, Secretary, 2nd year Representative Academic Grievance Centre; Coordinator, Volunteer",,"Queen's University Bachelor of Arts (BA), French 2008 – 2012 Activities and societies: Biochemistry Student Council; Co-chair, Secretary, 2nd year Representative Academic Grievance Centre; Coordinator, Volunteer",3
8110032f-18df-4098-b5cf-c47296bf4159,fce74dfc-f532-4650-8832-fc0e0a4485fb,St. Paul High School,Ontario Secondary School Diploma,,2002,2008,95,Peer Helper Peer Pal Reach for the Top Club,,St. Paul High School Ontario Secondary School Diploma 2002 – 2008 Grade: 95 Activities and societies: Peer Helper Peer Pal Reach for the Top Club,4
85850f87-38d4-4c63-8494-6c03d77e5a02,485a2419-bb01-4142-868a-e70aa0b15adb,University of Calgary,"Bachelor of Science - BSc, Neuroscience",,Sep 2022,Apr 2026,,,,"University of Calgary Bachelor of Science - BSc, Neuroscience Sep 2022 – Apr 2026",0
898fd8ce-3669-4278-9f1c-bab9bcac1eb0,8be8ad99-b886-468d-9896-5bc9b32d2f71,University of Saskatchewan,"Doctor of Philosophy (PhD), Neuroscience",,2011,2016,GPA -88.67,,Thesis title: Characterization of a novel osmotically-evoked phospholipase C pathway and Slack and Slick-mediated Na+-activated K+ currents in rat supraoptic neurons Authored 3 first author and one second author research papers … more,"University of Saskatchewan Doctor of Philosophy (PhD), Neuroscience 2011 – 2016 Grade: GPA -88.67 Thesis title: Characterization of a novel osmotically-evoked phospholipase C pathway and Slack and Slick-mediated Na+-activated K+ currents in rat supraoptic neurons Authored 3 first author and one second author research papers … more",0
81b8ed7c-1d23-4e86-855f-6ab013bcdf66,8be8ad99-b886-468d-9896-5bc9b32d2f71,Sikkim Manipal University - Distance Education,"Master of Science (MSc), Clinical Research and Regulatory affairs",,2007,2009,Grade A,,"Educational and practical training on key concepts of clinical trials and regulatory affairs that are useful for understanding the overall new drug development process. The academic curriculum covered topics on technical documentations, protocol writing, data management, statistics, IPR, bioethics, audits and inspections, pharmacovigilance and medical writings all of which are an essential part of clinical trial application and process. … more","Sikkim Manipal University - Distance Education Master of Science (MSc), Clinical Research and Regulatory affairs 2007 – 2009 Grade: Grade A Educational and practical training on key concepts of clinical trials and regulatory affairs that are useful for understanding the overall new drug development process. The academic curriculum covered topics on technical documentations, protocol writing, data management, statistics, IPR, bioethics, audits and inspections, pharmacovigilance and medical writin",1
0a1ed631-7c2d-4221-8de4-a620a9b98d7c,8be8ad99-b886-468d-9896-5bc9b32d2f71,Maharshi Dayanand University,"B Pharma, Pharmacy",,1995,1999,Division 1st,,"Educational and practical training of Pharmaceutical principles that included Medicinal chemistry, Analytical chemistry, Physical chemistry, Physiology & Pharmacology, Industrial Pharmacy, Herbal medicine, Pharmacokinetics & Pharmacodynamics etc. … more","Maharshi Dayanand University B Pharma, Pharmacy 1995 – 1999 Grade: Division 1st Educational and practical training of Pharmaceutical principles that included Medicinal chemistry, Analytical chemistry, Physical chemistry, Physiology & Pharmacology, Industrial Pharmacy, Herbal medicine, Pharmacokinetics & Pharmacodynamics etc. … more",2
3f733cee-2a5f-4b89-aebf-8b6d0b8a8177,a15a3687-bd20-46c5-91aa-ceabe7296098,University of Calgary,"Bachelor of Science - BSc, Natural Sciences- Biology and Chemistry",,Sep 2024,Apr 2029,,,,"University of Calgary Bachelor of Science - BSc, Natural Sciences- Biology and Chemistry Sep 2024 – Apr 2029",0
1d1dcc2d-5abe-44d5-bccc-9e3749f69799,a15a3687-bd20-46c5-91aa-ceabe7296098,University of Calgary,Bachelor of Education - BEd,,Sep 2024,Apr 2029,,,,University of Calgary Bachelor of Education - BEd Sep 2024 – Apr 2029,1
3aa6d68f-f88e-4b58-8f36-309c27437ba2,a15a3687-bd20-46c5-91aa-ceabe7296098,William Aberhart High school,High School Diploma,,Sep 2021,Jun 2024,,,,William Aberhart High school High School Diploma Sep 2021 – Jun 2024,2
51aa46e1-6c3b-461c-b45a-a5f2d99ef933,281b42d4-3725-41c3-8f9e-3d4f1c6c0862,University of Calgary,Doctor of Medicine - MD,,Jul 2025,Jul 2028,,Martial Arts/Sparring Club - Founder & President Health Help Alberta - Volunteer Coordinator Nations Health Society - VP of Finance Exercise is Medicine - Junior Executive,,"University of Calgary Doctor of Medicine - MD Jul 2025 – Jul 2028 University of Calgary Bachelor of Health Sciences, Biomedical Sciences Sep 2021 – Apr 2025 Activities and societies: Martial Arts/Sparring Club - Founder & President Health Help Alberta - Volunteer Coordinator Nations Health Society - VP of Finance Exercise is Medicine - Junior Executive Skills: Writing, Microsoft Office",0
de508a3e-a02c-4904-9804-d2f1416ca321,7fedd5a7-fdd5-4e8b-b956-2783b161a1d8,University of Calgary,"Bachelor of Health Sciences(Honors), Biomedical Sciences",,Sep 2024,Apr 2028,,,,"University of Calgary Bachelor of Health Sciences(Honors), Biomedical Sciences Sep 2024 – Apr 2028 Grandview Heights High School 2022 – 2024",0
ac60c68f-ac16-4925-9f6d-b09c8b67c375,3304a215-893f-4362-b84d-4bb61a7ab080,University of Calgary,"Master of Community Health Sciences, Epidemiology - Supervisor: Dr. Michael D. Hill",,Sep 2025,Sep 2027,,,"Skills: Public Health Communication, Critical Thinking, +4 skills","University of Calgary Master of Community Health Sciences, Epidemiology - Supervisor: Dr. Michael D. Hill Sep 2025 – Sep 2027 Classes completed: Introduction to Community Health Sciences (Pass), Fundamentals of Epidemiology (A+), Biostatistics I: Biostatistics Essentials (A+), Health Research Methods (A), Biostatistics II: Modeling Health Outcomes (A+), Advanced Epidemiology (A+) … more Skills: Public Health Communication, Critical Thinking, +4 skills",0
4675d777-8bba-4364-af14-dc1dafa6d53c,3304a215-893f-4362-b84d-4bb61a7ab080,University of Guelph,"BSC Honours Neuroscience, Minor in Psychology",,Sep 2021,Apr 2025,Graduated with Distinction (80%+),"Administrative Assistant for the Guelph Neuroscience Student Association, member of the Guelph Scientista Club, and upper year mentor for the College of Biological Sciences.","Completed Honours thesis (95%, A+) focused on developing a novel research paradigm examining behavioural adaptation to stress in a murine model.","University of Guelph BSC Honours Neuroscience, Minor in Psychology Sep 2021 – Apr 2025 Grade: Graduated with Distinction (80%+) Activities and societies: Administrative Assistant for the Guelph Neuroscience Student Association, member of the Guelph Scientista Club, and upper year mentor for the College of Biological Sciences. Completed Honours thesis (95%, A+) focused on developing a novel research paradigm examining behavioural adaptation to stress in a murine model. Skills: Research Methods, D",1
cb8f5de6-c2c4-40e5-be05-6326a8928ea9,47e45df1-9de2-486e-bbc3-0dc6b8be0511,University of Calgary,"Bachelor of Health Sciences (BHSc), Biomedical Sciences",,2025,Jun 2029,2,,,"University of Calgary Bachelor of Health Sciences (BHSc), Biomedical Sciences 2025 – Jun 2029 Grade: 2",0
d2cc5112-7c81-464a-b400-7682ee2ff593,47e45df1-9de2-486e-bbc3-0dc6b8be0511,Webber Academy,,,Aug 2018,Jun 2025,,"Senior High Student Union Executive Team, Science Fair, Science Olympics, Designer Genes Club, Track & Field, Cross-Country Running, Badminton, Mathematics Society",,"Webber Academy Aug 2018 – Jun 2025 Grade: 12 Activities and societies: Senior High Student Union Executive Team, Science Fair, Science Olympics, Designer Genes Club, Track & Field, Cross-Country Running, Badminton, Mathematics Society *Served as the Valedictorian of the Class of 2025",1
3f974093-16d5-441a-8443-7cb64a6f740d,d029dce6-a864-4662-9d89-1be8d56154d0,Queen's University,"Bachelor of Science, Life Science and Biochemistry (Honours)",,2025,2029,,"Student representative on school council, Valedictorian Candidate, Global sports academy golf, Junior and Senior Varsity volleyball, Grad committee member",,"Queen's University Bachelor of Science, Life Science and Biochemistry (Honours) 2025 – 2029 Springbank Community High School High School Diploma Sep 2022 – Jun 2025 Activities and societies: Student representative on school council, Valedictorian Candidate, Global sports academy golf, Junior and Senior Varsity volleyball, Grad committee member",0
cd90c7a4-880d-433c-943e-268daa25c26f,4c641fbc-db99-4329-a931-7d0b7621eff2,Haskayne School of Business,"Bachelor’s Degree, Business/Commerce, General",,2010,2015,3.426,Finance Lead of the Shulich Off-Road Team from 2010-2013,,"Haskayne School of Business Bachelor’s Degree, Business/Commerce, General 2010 – 2015 Grade: 3.426 Activities and societies: Finance Lead of the Shulich Off-Road Team from 2010-2013 Haskayne School of Business",0
bdc4ddb1-9826-4f12-8049-71b78cc04101,65b643de-b29a-4451-9fdb-db0cefffedf1,McMaster University,,,2023,2027,,,,McMaster University 2023 – 2027 Bowness High School High School Diploma Sep 2020 – Jun 2033,0
519f169a-eae1-4fdd-9144-dc8553d0a79d,1df5cab2-bab9-4d61-9a35-7ba6fae495d7,"Katie Maudsley, DID",,,,,,,,"More profiles for you Katie Maudsley, DID · 3rd Principal Designer at Mave Interior Design Studio Message Mollie Clark · 3rd Lawyer at Harper Grey LLP Message",0
749fd7f4-8c39-436b-89cc-b3f1eaf7f84c,9b9bd15c-aeea-43f7-806f-5066d2b9995a,Université des Sciences et de la Technologie 'Houari Boumediène',"Master 2 (M2), Industrial Engineering",,2010,2016,,,"Skills: Assainissement, Résolution de problèmes, +2 skills","Université des Sciences et de la Technologie 'Houari Boumediène' Master 2 (M2), Industrial Engineering 2010 – 2016 Skills: Assainissement, Résolution de problèmes, +2 skills",0
f4e119fd-83b4-4eae-be47-b38033bd8dae,49763fcc-eef0-4d5c-b7b6-e50306059e11,University of Calgary,"Doctor of Philosophy, Neuroscience",,Sep 2024,Present,,,,"University of Calgary Doctor of Philosophy, Neuroscience Sep 2024 – Present Skills: MRI, Psychophysiology, +29 skills",0
501cd367-a3b0-4ce3-9443-9f3b47c6d3e8,49763fcc-eef0-4d5c-b7b6-e50306059e11,Carleton University,"Master of Science, Neuroscience",,Sep 2022,Aug 2024,,,,"Carleton University Master of Science, Neuroscience Sep 2022 – Aug 2024 Skills: Data Analysis, Centrifugation, +18 skills",1
413ccbf9-a45d-4d19-865b-b032ac587282,49763fcc-eef0-4d5c-b7b6-e50306059e11,Carleton University,"Bachelor of Science, Neuroscience",,Sep 2018,Aug 2022,,,,"Carleton University Bachelor of Science, Neuroscience Sep 2018 – Aug 2022 Skills: Data Analysis, Data Management, +8 skills",2
6c00a429-74a8-4aab-bf19-ff232d97fce9,62fa7380-8183-42fe-a930-117c70326e50,University of Calgary,"Bachelor of Health Science, Biomedical Sciences, Honours",,Sep 2021,Jun 2025,First Class,,,"University of Calgary Bachelor of Health Science, Biomedical Sciences, Honours Sep 2021 – Jun 2025 Grade: First Class Brentwood College School BC Dogwood Diploma , High School Sep 2017 – Jun 2021",0
af5d69f6-6468-451d-8d21-83b16a7a0cb8,d19c6c74-136b-4169-96fd-c0084355a505,University of Toronto,"Doctor of Philosophy - PhD, Biomedical Engineering",,Jan 2025,Present,GPA: 4/4,,Inferring Sensory Axons' Properties Using Electrical Stimulation of the Peripheral Nervous System,"University of Toronto Doctor of Philosophy - PhD, Biomedical Engineering Jan 2025 – Present Grade: GPA: 4/4 Inferring Sensory Axons' Properties Using Electrical Stimulation of the Peripheral Nervous System",0
3c947cda-2cac-487c-9d7c-f185af19a170,d19c6c74-136b-4169-96fd-c0084355a505,Iran University of Science and Technology,"Master of Science - MS, Biomedical/Neural Engineering",,Jan 2020,Sep 2023,,,GPA: 4/4 Thesis: Spinal Cord Stimulation (SCS) For Relieving Neuropathic Pain In Rats.,"Iran University of Science and Technology Master of Science - MS, Biomedical/Neural Engineering Jan 2020 – Sep 2023 GPA: 4/4 Thesis: Spinal Cord Stimulation (SCS) For Relieving Neuropathic Pain In Rats.",1
5f6259bd-89ec-4e8e-bafa-91b8c59c2e55,d19c6c74-136b-4169-96fd-c0084355a505,"Islamic Azad University, Science And Research Branch","Bachelor of Science - BS, Biomedical/Medical Engineering (Bioelectric)",,2016,2020,18.52 (1st Rank),,Thesis: Sleep Stage Classification Using Statistical Feature Extraction,"Islamic Azad University, Science And Research Branch Bachelor of Science - BS, Biomedical/Medical Engineering (Bioelectric) 2016 – 2020 Grade: 18.52 (1st Rank) Thesis: Sleep Stage Classification Using Statistical Feature Extraction",2
e70840e8-bd14-4031-bfe9-172757e56d55,d19c6c74-136b-4169-96fd-c0084355a505,Faraji High school,Math & Physics,,Nov 2012,Jan 2016,19.89/20 (Summa Cum Laude),,,Faraji High school Math & Physics Nov 2012 – Jan 2016 Grade: 19.89/20 (Summa Cum Laude),3
68674304-c09f-4c4c-b99f-cee993dd4953,c5df7826-3ecd-4e54-8161-bbf569301079,University of Calgary,,,2017,2019,,,,University of Calgary 2017 – 2019,0
594af59b-b7af-4877-ae49-89f2ea89fcb5,c5df7826-3ecd-4e54-8161-bbf569301079,Behaviour Interventions Certificate of Achievement,Board Certified Behaviour Analyst Assistant,,2016,2017,,,,Behaviour Interventions Certificate of Achievement Board Certified Behaviour Analyst Assistant 2016 – 2017,1
f4519a0e-72d5-4c3e-8fb3-c783ce18f255,c5df7826-3ecd-4e54-8161-bbf569301079,MacEwan University,"Bachelor of Arts - BA, Psychology Honours",,2013,2017,,VP of Student Psychology Network,,"MacEwan University Bachelor of Arts - BA, Psychology Honours 2013 – 2017 Activities and societies: VP of Student Psychology Network",2
f0f77f26-f38b-40f7-8b6c-dc00ce7418c5,1d700dd9-938f-4cad-b67b-c643c0c6aa67,University of Calgary,Postdoctoral Fellow,,Mar 2023,Present,,,,University of Calgary Postdoctoral Fellow Mar 2023 – Present,0
0b7696cb-007d-4bef-9959-e84ee04ebd0a,1d700dd9-938f-4cad-b67b-c643c0c6aa67,Washington State University,"Doctor of Philosophy - PhD, Applied Mathematics",,2018,2023,,,,"Washington State University Doctor of Philosophy - PhD, Applied Mathematics 2018 – 2023",1
8877bb5c-2fb2-4875-9789-72b4297b4fd0,1d700dd9-938f-4cad-b67b-c643c0c6aa67,University of Washington,"Master of Science - MS, Applied Mathematics",,2016,2018,,,,"University of Washington Master of Science - MS, Applied Mathematics 2016 – 2018",2
22f2d62d-1b13-444d-997c-de0769fe546d,1d700dd9-938f-4cad-b67b-c643c0c6aa67,Carnegie Mellon University,"Bachelor of Science - BS, Mathematics",,2010,2014,,,,"Carnegie Mellon University Bachelor of Science - BS, Mathematics 2010 – 2014",3
adf30ab5-694b-4c32-9a66-e7b6b2135448,b7ca6cfe-e71a-439b-a674-b3410e093e16,University of Calgary,"Master of Science - MSc, Neuroscience",,,,,,,"University of Calgary Master of Science - MSc, Neuroscience 2026 University of Calgary BSc Honours, Neuroscience First Class Honours",0
5ec2a312-6a54-466a-9c90-fba6b7bf88de,997a851c-ca3e-4456-92a0-d5ec84cdffc1,University of Calgary,"Bachelor of Health Sciences - BHSc, Biomedical Sciences, Honours",,2022,2026,,Business Management and Marketing | Basketball | Sports medicine trainer | Honour Roll.,,"University of Calgary Bachelor of Health Sciences - BHSc, Biomedical Sciences, Honours 2022 – 2026 John G. Diefenbaker High School Alberta High School Diploma Sep 2019 – Jun 2022 Activities and societies: Business Management and Marketing | Basketball | Sports medicine trainer | Honour Roll.",0
3d43f5b7-65a3-48fa-a88e-0f3eec5509b8,67131b7a-94c9-4634-a781-207a798c7e7f,University of Calgary,"Bachelor of Science, Physical and Biological Anthropology",,,,,,,"University of Calgary Bachelor of Science, Physical and Biological Anthropology",0
b61eeb76-4c5a-41a6-827e-bf658c3d27bc,dce0c0b3-d012-4fec-abec-6efb8df69963,University of Calgary,"Bachelor of Science - BSc, Biological Sciences",,,,,,,"University of Calgary Bachelor of Science - BSc, Biological Sciences",0
d237b9a6-476d-4667-aeb6-d45aca49210e,47e92208-ff71-47ca-866c-97272b12be31,University of Calgary,"Bachelor of Health Sciences, Biomedical Sciences",,2022,2026,,"Student Council, Jr. High Basketball Team, Sr. High Basketball Team, Danceworks Club Member",,"University of Calgary Bachelor of Health Sciences, Biomedical Sciences 2022 – 2026 St. Martin de Porres High School High School Diploma Sep 2018 – Jun 2022 Activities and societies: Student Council, Jr. High Basketball Team, Sr. High Basketball Team, Danceworks Club Member",0
9850a1ac-82ef-48f0-9c82-0c07ea30c597,d23db97e-46c1-4abe-9ce3-82d4fd8cf228,University of Calgary,"Bachelor of Science - BSc, Biochemistry",,Sep 2022,Jun 2026,3.90,I am currently a member of the Biological Students Association (BSA) and the Students Interested in Medical Sciences Club (SIMS). I am a member of the Science Mentorship Program (SMP) as a mentor (2023-current) and former mentee (2022). I was a part of the First Year Scholars (FYS) program (2022). I am the Director of the Indicium research program being run by the STEM Fellowship Club on campus.,I am a University of Calgary student in my fourth and last year of a biochemistry degree with honours (BSc).,"University of Calgary Bachelor of Science - BSc, Biochemistry Sep 2022 – Jun 2026 Grade: 3.90 Activities and societies: I am currently a member of the Biological Students Association (BSA) and the Students Interested in Medical Sciences Club (SIMS). I am a member of the Science Mentorship Program (SMP) as a mentor (2023-current) and former mentee (2022). I was a part of the First Year Scholars (FYS) program (2022). I am the Director of the Indicium research program being run by the STEM Fellowsh",0
43b9e0b8-505e-4fc3-9dff-31db251a918a,d23db97e-46c1-4abe-9ce3-82d4fd8cf228,Cochrane High School,High School Diploma,,Sep 2018,Jun 2022,96.5%,"I was a part of the Cross-Country and Track and Field teams throughout high school (2018-2022). I was a member of the Ultimate Frisbee team (2021-2022) and played recreational ice hockey (2018-2020). I was also a member of the school's Jazz, Symphonic, and regular bands (2018-2022). I was a member of the Cochrane High Interact Volunteer Club (2021-2022) and volunteered through them. All of these activities strengthened my leadership and teamwork skills.",I attended all four years of high school (grades 9-12) at Cochrane High School in the French Immersion Program. I graduated as a perennial Honour Roll with Distinction student and as a Valedictorian Candidate.,"Cochrane High School High School Diploma Sep 2018 – Jun 2022 Grade: 96.5% Activities and societies: I was a part of the Cross-Country and Track and Field teams throughout high school (2018-2022). I was a member of the Ultimate Frisbee team (2021-2022) and played recreational ice hockey (2018-2020). I was also a member of the school's Jazz, Symphonic, and regular bands (2018-2022). I was a member of the Cochrane High Interact Volunteer Club (2021-2022) and volunteered through them. All of these a",1
d83f492f-a868-4fd4-88ee-8abb83948692,fec84a97-d1b3-40df-ae98-2fc0c2cf1a78,University of Calgary,"Bachelor of Science - BS, Neuroscience",,2017,2021,,,,"University of Calgary Bachelor of Science - BS, Neuroscience 2017 – 2021 Colonel By Secondary School International Baccalaureate Diploma Programme 2013 – 2017",0
e6f6ba3b-e9f3-4130-88b1-b717a1e05286,dc0db8a0-1774-44e4-bf1e-a04ea1c722c1,Mount Royal University,"Bachelor of Science - BS, Human Anatomy & Physiology",,2016,2022,,,,"Mount Royal University Bachelor of Science - BS, Human Anatomy & Physiology 2016 – 2022 University of Calgary Master of Neuroscience Sep 2023 – Present",0
a0231993-2db7-468c-ba24-c3f21abcc41a,41ed10da-ba97-4db5-bf93-fce596759036,Sir Winston Churchill High School,High School Diploma and International Baccalaureate Certificates,,,,,"Health Sciences Students Association - President (Present), Health Sciences Students Association - VP Events (2013-2014), Right to Learn Calgary - Executive (2011-2014)","Bachelor of Health Sciences (BHSc), Biomedical Sciences (major), Music - piano (minor)","Sir Winston Churchill High School High School Diploma and International Baccalaureate Certificates Activities and societies: Right to Learn Calgary, Roots and Shoots, Science Cafe, and Choir (Piano Accompanist) Graduated with IB certificates in Biology SL, Math SL, Chemistry HL, English HL, History HL. University of Calgary Bachelor of Health Sciences (BHSc), Biomedical Sciences (major), Music - piano (minor) Activities and societies: Health Sciences Students Association - President (Present), H",0
45b13980-586e-429a-8dfb-1262c0e5b57f,df6cc404-4b74-4055-ab48-e3d1530e133b,Royal Roads University,"Bachelor of Arts - BA, Professional Communication",,2020,2022,,,"A blended online and in-person Bachelor's Degree program with courses in professional writing, public relations, journalism, public speaking and digital communications, featured within a larger framework of media and cultural studies, sustainability, Indigenous contexts and globalization. … more","Royal Roads University Bachelor of Arts - BA, Professional Communication 2020 – 2022 A blended online and in-person Bachelor's Degree program with courses in professional writing, public relations, journalism, public speaking and digital communications, featured within a larger framework of media and cultural studies, sustainability, Indigenous contexts and globalization. … more",0
00284bbc-513f-415d-bdba-14c8515fc23c,df6cc404-4b74-4055-ab48-e3d1530e133b,Southern Alberta Institute of Technology (SAIT),"Diploma, Print and Online Journalism",,2016,2018,,,"This program focused on journalism, including ethical news reporting, as well as marketing, public relations, social media and digital content creation. Specific training included: - WCM using Wordpress, SEO, and Google Analytics - Adobe Creative Suite for publication design, basic graphic design, videography and photography - Writing for news, web, social media and public relations - Research, interviewing skills, proof reading/editing … more","Southern Alberta Institute of Technology (SAIT) Diploma, Print and Online Journalism 2016 – 2018 This program focused on journalism, including ethical news reporting, as well as marketing, public relations, social media and digital content creation. Specific training included: - WCM using Wordpress, SEO, and Google Analytics - Adobe Creative Suite for publication design, basic graphic design, videography and photography - Writing for news, web, social media and public relations - Research, inter",1
79b1ea92-295a-43a0-8104-a5d187ad4434,df6cc404-4b74-4055-ab48-e3d1530e133b,Alberta Business and Education Services,"Certificate, Healthcare aide",,2014,2015,,,,"Alberta Business and Education Services Certificate, Healthcare aide 2014 – 2015",2
c6657870-f1b6-4336-8082-0fe23404bc1f,df941247-edec-4b67-905f-47bff6537d34,The University of British Columbia,Bachelor's in Pharmacology and Therapeutics and Masters of Management,,2018,2022,12,,"Clubs: Jazz Band, Choir, Jazz Choir, Symphonic Band, Orchestra, Chamber Music, Business Case, Model United Nations Sports teams: Volleyball Team, Senior Badminton Team, Track & Field Extra-curricular programs: Downhill and cross-country skiing teams, orienteering team. Recognition: 2018 Multiple Band Awards 2018 Alexander Rutherford Scholarship (Academic Achievement) 2014 University of Waterloo Mathematics Competition School Champion (Silver and Bronze) 2014 Gold as a Member of the Killarney Swim Club for 200 m backstroke … more","The University of British Columbia Bachelor's in Pharmacology and Therapeutics and Masters of Management 2018 – 2022 Westmount Charter School High School Diploma 2014 – 2018 Grade: 12 Clubs: Jazz Band, Choir, Jazz Choir, Symphonic Band, Orchestra, Chamber Music, Business Case, Model United Nations Sports teams: Volleyball Team, Senior Badminton Team, Track & Field Extra-curricular programs: Downhill and cross-country skiing teams, orienteering team. Recognition: 2018 Multiple Band Awards 2018 Al",0
000f1cf8-d38e-4935-b7d6-1742f730c3d0,ecf376a0-a7f8-4050-825a-60e7ed88c0bf,The University of Lethbridge,"Master's degree, Neuroscience",,Sep 2019,Sep 2021,,,,"The University of Lethbridge Master's degree, Neuroscience Sep 2019 – Sep 2021 Universidad de los Andes (VE) Bachelor's degree, Physics Sep 2011 – Jul 2017",0
4e911e87-580c-49bf-bcea-b50dbd65a195,5bf0b29a-da8b-4108-8965-648dc9b18b26,University of Ottawa,Doctor of Medicine - MD,,Aug 2022,May 2026,,,,University of Ottawa Doctor of Medicine - MD Aug 2022 – May 2026,0
f4fbf2be-acb9-4594-acee-ba040d52f9a9,5bf0b29a-da8b-4108-8965-648dc9b18b26,University of Calgary,"Bachelor of Health Sciences (First Class Honours), Biomedical Sciences, Bioinformatics minor",,2018,2022,,Scholars Academy - BHSc Student-Faculty Liaison Committee (SFLC) - UC Dance Company - Medicine Alumni Advisory Council (MAAC) - BHSc Mentor and Buddy Programs - First Year Scholars - Emerging Leaders Program - Future Alumni Network,1 of 3 students awarded the Presidents Award for Excellence in Student Leadership from the graduating class of 2022,"University of Calgary Bachelor of Health Sciences (First Class Honours), Biomedical Sciences, Bioinformatics minor 2018 – 2022 Activities and societies: Scholars Academy - BHSc Student-Faculty Liaison Committee (SFLC) - UC Dance Company - Medicine Alumni Advisory Council (MAAC) - BHSc Mentor and Buddy Programs - First Year Scholars - Emerging Leaders Program - Future Alumni Network 1 of 3 students awarded the Presidents Award for Excellence in Student Leadership from the graduating class of 2022",1
1552e165-8a19-4ba0-9b15-54ba0f052f57,5bf0b29a-da8b-4108-8965-648dc9b18b26,Western Canada High School,High School Diploma,,2015,2018,,Honour Society Lifetime Member - Leadership - Concert Band,,Western Canada High School High School Diploma 2015 – 2018 Activities and societies: Honour Society Lifetime Member - Leadership - Concert Band,2
1f6eb0c8-9bcc-4a2d-bc1b-417133c906a8,bdf3c37e-13db-4753-bed2-4e1968b084c0,University of Calgary,"Bachelor of Science, Biochemistry",,Sep 2021,Apr 2026,,,,"University of Calgary Bachelor of Science, Biochemistry Sep 2021 – Apr 2026",0
5f1754ec-2f0a-4fc4-9ee0-567ce28dddfd,1eee1b73-df14-494e-bd6a-5e12c6b4f1a4,University of Calgary,"Bachelor of Science - BS, Neuroscience",,Sep 2024,Apr 2028,10-12,,,"University of Calgary Bachelor of Science - BS, Neuroscience Sep 2024 – Apr 2028 Sir winston churchill highschool High School Diploma Sep 2021 – Apr 2024 Grade: 10-12",0
4e6adb8d-86e6-41a3-8cc9-cf5d0b73ffc8,cfaec4a3-cc93-432e-ab4b-4e7bef34013f,University of Calgary,"Bachelor of Science - BS, Neuroscience",,Sep 2023,Jul 2027,,"Neuroscience Student Association, RED UCalgary, Run For Little Ones, MIND UCalgary","Skills: Analytical Skills, Microsoft Office, +2 skills","University of Calgary Bachelor of Science - BS, Neuroscience Sep 2023 – Jul 2027 Activities and societies: Neuroscience Student Association, RED UCalgary, Run For Little Ones, MIND UCalgary Skills: Analytical Skills, Microsoft Office, +2 skills",0
43624dbc-9f33-4fbc-9a5f-3d7ab37e2f1c,cfaec4a3-cc93-432e-ab4b-4e7bef34013f,Crescent Heights High School,"High School Diploma, HIGH SCHOOL/SECONDARY DIPLOMAS AND CERTIFICATES",,Sep 2021,Jul 2023,,"Robotics Club, Three Year Honor Society","Skills: Analytical Skills, Microsoft Office, +2 skills","Crescent Heights High School High School Diploma, HIGH SCHOOL/SECONDARY DIPLOMAS AND CERTIFICATES Sep 2021 – Jul 2023 Activities and societies: Robotics Club, Three Year Honor Society Skills: Analytical Skills, Microsoft Office, +2 skills",1
3fa537a6-8ef5-47db-9753-d835e789f8bc,4d2317ef-afdf-416f-bbae-969aef2f648d,Utrecht University,"PhD, Veterinary Epidemiology",,1992,1998,,"Diergeneeskundige Studentenkring, Veterinair Dispuut Veritas, Histos, Centrumgemeente",,"Utrecht University PhD, Veterinary Epidemiology 1992 – 1998 Utrecht University DVM, Veterinary Medicine 1979 – 1988 Activities and societies: Diergeneeskundige Studentenkring, Veterinair Dispuut Veritas, Histos, Centrumgemeente",0
44156875-7018-4212-bdd5-6e9bead764df,b3fcb97c-7759-4234-98aa-0272cc1c65ef,University of Calgary,"Postdoctoral Research Fellow, Kinesiology and Exercise Science",,2015,2017,,,,"University of Calgary Postdoctoral Research Fellow, Kinesiology and Exercise Science 2015 – 2017",0
3bb2281e-95b8-480a-b30e-de828b6d32ed,b3fcb97c-7759-4234-98aa-0272cc1c65ef,Washington State University,"Doctor of Philosophy (PhD), Experimental Psychology (sleep science)",,2012,2015,,,,"Washington State University Doctor of Philosophy (PhD), Experimental Psychology (sleep science) 2012 – 2015",1
14be40d9-bfe5-48f6-8d00-475e501747e6,b3fcb97c-7759-4234-98aa-0272cc1c65ef,Washington State University,"Master of Science (MS), Experimental Psychology (sleep science)",,2010,2012,,,,"Washington State University Master of Science (MS), Experimental Psychology (sleep science) 2010 – 2012",2
825ac81a-b3fd-4e0d-918f-a21a426ca40b,b3fcb97c-7759-4234-98aa-0272cc1c65ef,California State University-San Bernardino,"Bachelor of Arts (BA), Psychology",,2000,2002,,Collegiate Basketball Player,,"California State University-San Bernardino Bachelor of Arts (BA), Psychology 2000 – 2002 Activities and societies: Collegiate Basketball Player",3
7bad7df1-fc72-4cb5-b036-74b4c30a6bb2,4ca5a463-1b29-4e01-a88b-e104f8a763ae,Rice Business,"Health & Life Sciences Entrepreneurship, Business Administration and Management, General",,2019,2019,,,,"Rice Business Health & Life Sciences Entrepreneurship, Business Administration and Management, General 2019 – 2019",0
60016e81-1878-4d67-b0c6-68f41986cbef,4ca5a463-1b29-4e01-a88b-e104f8a763ae,University of Houston,"Postgraduate Degree, Biotechnology",,2009,2010,,,,"University of Houston Postgraduate Degree, Biotechnology 2009 – 2010",1
baad663c-e12e-46a8-89a4-e779971b7f89,4ca5a463-1b29-4e01-a88b-e104f8a763ae,SRM University (Sri Ramaswamy Memorial University),"B.Tech, Biotechnology",,2004,2008,,,,"SRM University (Sri Ramaswamy Memorial University) B.Tech, Biotechnology 2004 – 2008",2
ef620dc5-d5b6-4cc8-b062-2d78d208e07f,192f55da-ccb8-4044-aaa6-85ecbb975620,University of Calgary,"Doctor of Philosophy - PhD, Biomedical/Medical Engineering | Specialization in Medical Imaging",,Jun 2023,Present,,Cumming School of Medicine; Seaman Family MRI Research Center,,"University of Calgary Doctor of Philosophy - PhD, Biomedical/Medical Engineering | Specialization in Medical Imaging Jun 2023 – Present Activities and societies: Cumming School of Medicine; Seaman Family MRI Research Center Skills: Teaching, Machine Learning, +5 skills Seaman Family Magnetic Resonance | Home",0
f62d9c29-3560-441f-a6c3-7951e383f715,192f55da-ccb8-4044-aaa6-85ecbb975620,University of Victoria,"Master of Science - MS, Neuroscience",,Jan 2019,Jan 2023,,Division of Medical Science,,"University of Victoria Master of Science - MS, Neuroscience Jan 2019 – Jan 2023 Activities and societies: Division of Medical Science Skills: Teaching, EEG, +2 skills",1
3b15dd5d-a28f-4c8d-9731-b34251302193,192f55da-ccb8-4044-aaa6-85ecbb975620,Amirkabir University of Technology - Tehran Polytechnic,"Master of Science - MS, Medical Radiation engineering",,2016,2019,,Medical Radiation Engineering,,"Amirkabir University of Technology - Tehran Polytechnic Master of Science - MS, Medical Radiation engineering 2016 – 2019 Activities and societies: Medical Radiation Engineering Medical Radiation Engineering Skills: Research",2
2a467e55-4745-4cd6-8fc2-e07202b9af25,17689c22-cf80-44cf-a1f0-671f6081695e,University of Calgary,"PhD, Chemical Engineering",,1995,1999,,,Thesis Title “Development of Bioreactor Protocols for the Large-Scale Expansion of Mammalian Neural Stem Cells in Suspension Bioreactors”,"University of Calgary PhD, Chemical Engineering 1995 – 1999 Thesis Title “Development of Bioreactor Protocols for the Large-Scale Expansion of Mammalian Neural Stem Cells in Suspension Bioreactors” University of Calgary BSc, Chemical Engineering 1991 – 1995",0
5d32b97f-d376-48fd-9a59-7c64879d935e,68c33bb0-415b-414f-88f4-6834e2e24d3f,University of Calgary,"PhD, Chemical Engineering",,,,,,,"University of Calgary PhD, Chemical Engineering University of Calgary MSc, Chemical Engineering University of Alberta BSc, Chemical Engineering University of Calgary BSc, Cellular, Molecular and Microbial Biology",0
efcf6376-1296-4e11-9e8a-6ddce6f956a2,3d67002f-ea42-477e-9764-d79d06acc9be,Imperial College London,"Doctor of Science, Physics",,2016,2016,,,,"Imperial College London Doctor of Science, Physics 2016 – 2016",0
9f6baf7a-e925-4f9c-aed9-8825375eafdb,3d67002f-ea42-477e-9764-d79d06acc9be,Imperial College London,"PhD, Physics",,1985,1987,,Ballooning,,"Imperial College London PhD, Physics 1985 – 1987 Activities and societies: Ballooning",1
1bb11c56-47d9-4b50-a2c3-db0bb44e3081,3d67002f-ea42-477e-9764-d79d06acc9be,Imperial College London,"DIC, Mathematical Physics",,1984,1985,,Ballooning Club,,"Imperial College London DIC, Mathematical Physics 1984 – 1985 Activities and societies: Ballooning Club",2
ba2ef5b0-63b8-4511-961a-9e2f9fe9d810,3d67002f-ea42-477e-9764-d79d06acc9be,University of Calgary,"Bachelor's degree, Physics",,May 1979,Apr 1984,,,,"University of Calgary Bachelor's degree, Physics May 1979 – Apr 1984 Skills: Scientific Computing",3
23ba099a-8771-40d0-a9d2-0569dc04e200,3d67002f-ea42-477e-9764-d79d06acc9be,University of Calgary,"BSc, Physics",,1979,1984,,Students' Union,Vice President (Academic) of the Students' Uniion 1982-1983,"University of Calgary BSc, Physics 1979 – 1984 Activities and societies: Students' Union Vice President (Academic) of the Students' Uniion 1982-1983",4
ac1d440c-d4bd-4ecd-8018-df0e38937158,3d67002f-ea42-477e-9764-d79d06acc9be,Bishop Carroll,Diploma,,1976,1979,,Chess & Skydiving Club,"President, Bishop Carroll High School Chess & Skydiving Club","Bishop Carroll Diploma 1976 – 1979 Activities and societies: Chess & Skydiving Club President, Bishop Carroll High School Chess & Skydiving Club",5
5ceb156e-4a38-4421-95e2-4c8d5dafcc93,d999af6a-e7ea-421f-a46d-f5fda03ed808,University of Calgary,"Master of Arts (M.A.), Sociology",,2010,2012,,,"Expert Appetite: An Exploration of Doing and Documenting ""Healthy Living"" Online","University of Calgary Master of Arts (M.A.), Sociology 2010 – 2012 Expert Appetite: An Exploration of Doing and Documenting ""Healthy Living"" Online Carleton University Bachelor of Arts (B.A.), Political Science 2002 – 2008",0
808aeb89-589f-444f-b110-2d77cc18ef03,1fc8939c-98aa-40c7-8e8b-b34c99a6d7c1,University of Manitoba,"Bachelor of Commerce (B.Com.), Marketing",,1998,2002,,,,"University of Manitoba Bachelor of Commerce (B.Com.), Marketing 1998 – 2002 University of Manitoba Bachelor of Commerce (Hon), Marketing and MIS 1996 – 2001",0
a9591320-4f4b-425b-893d-66e9b7793338,480cc2ee-0cb0-41ea-96b5-90c6afcb2a8d,University of Calgary,"Professional Certificate, Change Management",,2024,2025,,,,"University of Calgary Professional Certificate, Change Management 2024 – 2025",0
e5491855-6d63-411d-8a75-c86ea821d8b0,480cc2ee-0cb0-41ea-96b5-90c6afcb2a8d,University of Calgary,"Master of Science - MSc, Medical Science",,,,,,,"University of Calgary Master of Science - MSc, Medical Science Proteinase-activated receptors (PARs), proteinases and proteinase inhibitor production in microglial cells. http://dx.doi.org/10.11575/PRISM/39099",1
83a8ea7d-97e9-4b1f-826f-a8dcf883ce08,480cc2ee-0cb0-41ea-96b5-90c6afcb2a8d,University of Calgary,"BHSc Hons., Biomedical Sciences, General",,,,,,,"University of Calgary BHSc Hons., Biomedical Sciences, General Grade: 3.9/4.0",2
42c9d35f-0c10-410e-8cd4-b5c30d928a0e,ef121235-d2e7-4250-bbe1-9fceb6febae7,University of Calgary,ULead Engagement,,Aug 2025,Sep 2026,,,"Completed a seven-month leadership development program designed for experienced leaders across the University. Participated in a cohort of senior leaders focused on navigating complex organizational challenges, including leading through change, managing difficult conversations, and fostering cultures grounded in engagement, inclusion, and accountability. Through in-person sessions, micro-learning, peer coaching, and applied leadership practice, I strengthened my ability to lead inclusive, high-performing teams and to translate strategic insight into measurable impact. The program expanded my cross-campus perspective, deepened my approach to influence and collaboration, and reinforced practical tools for sustaining performance and accountability in dynamic environments. … more","University of Calgary ULead Engagement Aug 2025 – Sep 2026 Completed a seven-month leadership development program designed for experienced leaders across the University. Participated in a cohort of senior leaders focused on navigating complex organizational challenges, including leading through change, managing difficult conversations, and fostering cultures grounded in engagement, inclusion, and accountability. Through in-person sessions, micro-learning, peer coaching, and applied leadership pr",0
404922c3-092b-4d5b-b173-017baa50b6be,ef121235-d2e7-4250-bbe1-9fceb6febae7,Mohawk College,Research Management and Coordination,,Jan 2023,Dec 2025,,,"Graduates of the Research Management program will have knowledge and insight into the complex world of management of research enterprises within a university, hospital, or other organizational settings. Through an in-depth examination of national and international regulatory issues, the program prepares graduates to assume leadership roles in the dynamic field of research administration. Courses: Leadership in Research Management Equity, Diversity, and Inclusion Research Governance Research Data Management Financial Management Knowledge Mobilization and Research Impact Development and Implementation of Organizational Systems and Processes Research Outputs, Outcomes and Impact Working with Management Information Research Collaboration Research Policy and Strategy Human Resources Management for Research Administration Capstone … more","Mohawk College Research Management and Coordination Jan 2023 – Dec 2025 Graduates of the Research Management program will have knowledge and insight into the complex world of management of research enterprises within a university, hospital, or other organizational settings. Through an in-depth examination of national and international regulatory issues, the program prepares graduates to assume leadership roles in the dynamic field of research administration. Courses: Leadership in Research Manag",1
c8aefd23-afe0-4df1-bfa0-3babac256951,ef121235-d2e7-4250-bbe1-9fceb6febae7,University of Calgary,URise Indigenous,,2025,2025,,,"Completed URise Indigenous, a professional development program focused on deepening understanding of First Nations, Inuit, and Métis identities, histories, worldviews, and cultures. Through guided learning and reflection, I strengthened my understanding of Indigenous ways of knowing, being, connecting, and doing, and expanded my awareness of truth and reconciliation, Indigenous–Settler relations, the impacts of the Indian Act, and systemic and anti-Indigenous racism. The program reinforced the importance of relationship-building, respect for connection to land and community, and thoughtful engagement in advancing reconciliation within institutional and professional contexts. … more","University of Calgary URise Indigenous 2025 – 2025 Completed URise Indigenous, a professional development program focused on deepening understanding of First Nations, Inuit, and Métis identities, histories, worldviews, and cultures. Through guided learning and reflection, I strengthened my understanding of Indigenous ways of knowing, being, connecting, and doing, and expanded my awareness of truth and reconciliation, Indigenous–Settler relations, the impacts of the Indian Act, and systemic and a",2
e4887fe1-0a32-46fc-88f3-1e9d3c3a7118,ef121235-d2e7-4250-bbe1-9fceb6febae7,"Cumming School of Medicine, University of Calgary",Women in Leadership,,2022,2022,,,,"Cumming School of Medicine, University of Calgary Women in Leadership 2022 – 2022",3
e43cba77-725c-48c5-87d8-2fe58e31d4b6,ef121235-d2e7-4250-bbe1-9fceb6febae7,Society of Research Administration,Research Leadership Intensive,,2020,2021,,,o Leadership Theories and Effective Communication/Emotional Intelligence o Reducing Conflict o Leading a Research Office and Team Building o Effective Delegation and Leading & Managing Change o Making Decisions/Managing Up/Using Influence and Implementing Research Strategy o Risk Assessment o Assessing Research Performance and Succession Planning … more,Society of Research Administration Research Leadership Intensive 2020 – 2021 o Leadership Theories and Effective Communication/Emotional Intelligence o Reducing Conflict o Leading a Research Office and Team Building o Effective Delegation and Leading & Managing Change o Making Decisions/Managing Up/Using Influence and Implementing Research Strategy o Risk Assessment o Assessing Research Performance and Succession Planning … more,4
e7c0bdef-63fc-4469-a305-a5e344509fec,ef121235-d2e7-4250-bbe1-9fceb6febae7,Society of Research Administrators,Proposal Development Certification,,2018,2018,,,,Society of Research Administrators Proposal Development Certification 2018 – 2018,5
d79bbbd4-249c-41e1-a5ca-1c70c2d6bc8b,ef121235-d2e7-4250-bbe1-9fceb6febae7,Association of Research Managers and Administrators,Certificate in Research Administration,,2015,2017,,,"In partnership with the Canadian Association of Research Administrators (CARA), this program is aimed at pre-management research administrators or those planning a career in research administration. Cover core components of research administration – the funding environment, ethics, integrity and governance, funding proposals, project management, financial management, and contracts and reporting. Completion of this program allows you to gain recognition for your existing skills and develop new areas of knowledge and experience. Courses: o Financial Project Management o Identifying funding Opportunities o Research Ethics, Integrity and Governance o Understanding Contracts o Higher Education Funding Environment o Costing and Pricing a Funding Proposal o Supporting the Development of a Funding Proposal o Human Resources and Research Project Management … more","Association of Research Managers and Administrators Certificate in Research Administration 2015 – 2017 In partnership with the Canadian Association of Research Administrators (CARA), this program is aimed at pre-management research administrators or those planning a career in research administration. Cover core components of research administration – the funding environment, ethics, integrity and governance, funding proposals, project management, financial management, and contracts and reporting",6
28852f31-25ed-4857-804d-8fdba0396fbc,ef121235-d2e7-4250-bbe1-9fceb6febae7,University of Calgary,"Professional, Technical, Business, and Scientific Writing",,2014,2015,,,,"University of Calgary Professional, Technical, Business, and Scientific Writing 2014 – 2015",7
a8cdda48-c1ca-4a1c-96a4-0b2b67a6d124,ef121235-d2e7-4250-bbe1-9fceb6febae7,The University of Lethbridge,"Bachelor of Arts, Anthropology",,2003,2008,,,,"The University of Lethbridge Bachelor of Arts, Anthropology 2003 – 2008",8
a89abf8b-5443-4d6e-a648-bd08314eeaa4,9f1be931-d781-410a-8383-3089dc29e004,Mount Royal University,"Bachelor of Science, Biology, Cellular and Molecular Biology",,2017,2022,,,,"Mount Royal University Bachelor of Science, Biology, Cellular and Molecular Biology 2017 – 2022 University of Calgary Certificate, Graphic Design 2023 – 2024",0
8f370669-e3dc-4252-b50b-d85509a5386e,59f1baa7-c47e-4120-aab8-90de02a38acf,University of Waterloo,"Ph.D., Remote Sensing",,2010,2014,,,"BSc & MSc, Geomatics Engineering, Computer Science, Geodesy","University of Waterloo Ph.D., Remote Sensing 2010 – 2014 China University of Geosciences BSc & MSc, Geomatics Engineering, Computer Science, Geodesy Jul 2003 – Jul 2010",0
dbfceac7-d037-4d2d-afb2-cd656229d6c3,f600f82d-b642-448e-acce-a465b810051c,Université de Moncton,"Bachelor, Social Sciences, Sociology",,1992,1997,,"AIESEC, WUSC, United Nation Simulation (Harvard University), and Student Union",,"Université de Moncton Bachelor, Social Sciences, Sociology 1992 – 1997 Activities and societies: AIESEC, WUSC, United Nation Simulation (Harvard University), and Student Union",0
20981c69-fd9d-410c-99a9-b2a30e08a2c1,f600f82d-b642-448e-acce-a465b810051c,Mount Royal University,"Post-Graduate Diploma in International Trade & CITP®|FIBP® designation, International Business/Trade/Commerce",,2001,2003,,Forum for International Trade Training (FITT),,"Mount Royal University Post-Graduate Diploma in International Trade & CITP®|FIBP® designation, International Business/Trade/Commerce 2001 – 2003 Activities and societies: Forum for International Trade Training (FITT)",1
b7caa682-23d5-4ae7-b842-e69c7860381d,f600f82d-b642-448e-acce-a465b810051c,Mount Royal University,"Executive Non-Profit Leadership , Non-Profit/Public/Organizational Management",,2012,2014,,,,"Mount Royal University Executive Non-Profit Leadership , Non-Profit/Public/Organizational Management 2012 – 2014",2
7aa9c252-c8ae-4e1d-80e3-fb0430bc01b9,f600f82d-b642-448e-acce-a465b810051c,International Partnership Brokers Association,completed Level 1 & 2 of the Accredited Partnership Broker program,,2014,2015,,,,International Partnership Brokers Association completed Level 1 & 2 of the Accredited Partnership Broker program 2014 – 2015,3
5024a8c5-e63f-4b2f-8904-72ec1a1a228e,4c0c0162-2a03-466a-81c2-14c47c0b5042,University of Oxford,Master of Business Administration - MBA,,,,,,,University of Oxford Master of Business Administration - MBA Activities and societies: Rowing with Wadham Boathouse,0
1e2419fb-c796-42c9-8ab2-d431dc07607b,4c0c0162-2a03-466a-81c2-14c47c0b5042,The University of British Columbia,"Bachelor of Arts - BA, Asian Studies/Civilization",,,,,,,"The University of British Columbia Bachelor of Arts - BA, Asian Studies/Civilization Activities and societies: Men’s Rowing Team, Olympic Distance Triathlon, AIDS Community Action Network, Film Society",1
dee5e874-da51-4b18-888d-200de3d43419,4c0c0162-2a03-466a-81c2-14c47c0b5042,"Royal Holloway, University of London",Master of Science - MS,,,,,,,"Royal Holloway, University of London Master of Science - MS 2027",2
7af59788-32cf-4308-8a3a-0b807c75483c,8f535946-b499-48c1-981b-8dc619076464,University of Calgary,"MBT, Master of Biomedical Technology",,,,,,,"University of Calgary MBT, Master of Biomedical Technology 2011 Skills: Innovation Management",0
501436ab-52a2-4880-8900-3c649ae27039,8f535946-b499-48c1-981b-8dc619076464,UBC Sauder School of Business,"Executive Education Certificates, Market research, marketing management, product management",,2013,2014,,,"Skills: Product Adoption, Value Propositions, +2 skills","UBC Sauder School of Business Executive Education Certificates, Market research, marketing management, product management 2013 – 2014 Skills: Product Adoption, Value Propositions, +2 skills",1
ded5b662-4d43-42a4-a542-0f850f61af35,8f535946-b499-48c1-981b-8dc619076464,University of Aberdeen,"B.Sc. with Honours, Bio-medical Sciences (human physiology)",,,,,,,"University of Aberdeen B.Sc. with Honours, Bio-medical Sciences (human physiology) Skills: International Education",2
62ebc322-2897-48e6-81c0-4a6573aa80c2,8f535946-b499-48c1-981b-8dc619076464,Alma Mater Studiorum – Università di Bologna,Biomedical Engineering,,,,,,,Alma Mater Studiorum – Università di Bologna Biomedical Engineering Skills: International Education,3
4a02ab66-37da-4501-9b17-bdb81e15336c,e3554ab7-4bf7-4abc-98a3-eaa265ca524e,"Memorial University, Newfoundland and Labrador",Master of Business Administration (M.B.A.),,,,,,Advanced Diploma in Leadership & Performance Coaching (with Distinction),"Memorial University, Newfoundland and Labrador Master of Business Administration (M.B.A.) Memorial University, Newfoundland and Labrador Bachelor of Commerce (co-op) Northumbria University PhD (Management) Northumbria University Advanced Diploma in Leadership & Performance Coaching (with Distinction)",0
61eb2d9f-7510-4459-b964-91ae7d098237,2ebb1f65-4f5d-4acd-92de-62d2c34e9f5f,University of Calgary,Post Doctoral Fellow,,2010,2012,,,,University of Calgary Post Doctoral Fellow 2010 – 2012 Shiga University of Medical Science,0
a5cf974c-b63a-4bba-99a5-de4fa2b2dce8,835db8ff-2a81-4470-a51f-3a9567827e6b,University of Calgary,"Doctor of Philosophy - PhD, Electrical and Computer Engineering (ECE)",,Sep 2021,Dec 2025,,,"Skills: Python (Programming Language), Quantitative Research, +17 skills","University of Calgary Doctor of Philosophy - PhD, Electrical and Computer Engineering (ECE) Sep 2021 – Dec 2025 The University of Calgary which is established in the year 1966 is one of the Top 10 Public Research Universities in Canada 🇨🇦. It is highly competitive to get admission to UCalgary since it has a very low acceptance rate of 10%. The competition for obtaining Graduate Scholarships, Funding, and Awards is, even more, tougher since the decision comes directly from the Government body of ",0
d3786db8-b0c4-46e5-bf92-947058d9960d,835db8ff-2a81-4470-a51f-3a9567827e6b,Google,Cybersecurity Professional Certification & Specialization,,Jul 2024,Aug 2024,100%,,"I have completed eight courses, developed by Google, that include hands-on and practice-based technical and theoretical assessments on cybersecurity. Below is the list of my completed courses: 1). Foundations of Cybersecurity 2). Play It Safe: Manage Security Risks 3). Connect and Protect: Networks and Network Security 4). Tools of the Trade: Linux and SQL 5). Assets, Threats, and Vulnerabilities 6). Sound the Alarm: Detection and Response 7). Automate Cybersecurity Tasks with Python 8). Put It to Work: Prepare for Cybersecurity Jobs I am competent in Python, Linux, SQL, Security Information and Event Management (SIEM) tools, and Intrusion Detection Systems (IDS). I know how to identify common cybersecurity risks, threats, and vulnerabilities and the techniques to mitigate them. … more","Google Cybersecurity Professional Certification & Specialization Jul 2024 – Aug 2024 Grade: 100% I have completed eight courses, developed by Google, that include hands-on and practice-based technical and theoretical assessments on cybersecurity. Below is the list of my completed courses: 1). Foundations of Cybersecurity 2). Play It Safe: Manage Security Risks 3). Connect and Protect: Networks and Network Security 4). Tools of the Trade: Linux and SQL 5). Assets, Threats, and Vulnerabilities 6).",1
10ffe8b0-6ea4-4809-8910-b5554e14ed1f,835db8ff-2a81-4470-a51f-3a9567827e6b,Google,Data Analytics Professional Certification & Specialization,,Jun 2024,Jul 2024,100%,,"Skills: Big Data Analytics, Bias and Credibility in Data, +15 skills","Google Data Analytics Professional Certification & Specialization Jun 2024 – Jul 2024 Grade: 100% I have earned the Google Data Analytics Professional Certificate and have completed eight courses, as follows: 1). Foundations: Data, Data, Everywhere, 2). Ask Questions to Make Data-Driven Decisions, 3). Prepare Data for Exploration, 4). Process Data from Dirty to Clean, 5). Analyze Data to Answer Questions, 6). Share Data Through the Art of Visualization, 7). Data Analysis with R Programming, 8). ",2
a97adfa4-f1e4-4ba6-b30f-7346c1bd68fe,835db8ff-2a81-4470-a51f-3a9567827e6b,Chulalongkorn University,"Master of Engineering - MEng, Electrical Engineering (EE)",,Jan 2020,Aug 2021,CGPA = 4.00,"Chulalongkorn University (CU), nicknamed Chula is a Public and Autonomous Research University in Bangkok, Thailand. The university was originally founded during King Chulalongkorn's reign as a school for training royal pages and civil servants in 1899, at the Grand Palace of Thailand. It was later established as a national university in 1917, making it the oldest institute of higher education in Thailand. Chulalongkorn University is a comprehensive and research-intensive university.","According to QS world university ranking 2019, CU is placed 191th in the World in Engineering Technology, 45th in Asia, 1st in Thailand, and 201-250 in the World Graduate Employability Ranking. Chulalongkorn University is one of the National Research Universities and supported by the Office of Nation Education Standards and Quality Assessment of Thailand. Moreover, CU is the only Thai university that is a member of the Association of Pacific Rim Universities (APRU). Vision & Mission of Telecommunication & Networking Cluster of Electrical Engineering Department of CU is to provide an excellent education for its students and enable them to fulfill their potentials, through innovative research, telecommunication industrial linkage, and international collaboration networks, for the sustainable development of Thailand and neighboring countries. … more","Chulalongkorn University Master of Engineering - MEng, Electrical Engineering (EE) Jan 2020 – Aug 2021 Grade: CGPA = 4.00 Activities and societies: Chulalongkorn University (CU), nicknamed Chula is a Public and Autonomous Research University in Bangkok, Thailand. The university was originally founded during King Chulalongkorn's reign as a school for training royal pages and civil servants in 1899, at the Grand Palace of Thailand. It was later established as a national university in 1917, making ",3
5cc92f1e-fe41-4e38-bae8-684c6d2e8f6f,835db8ff-2a81-4470-a51f-3a9567827e6b,Huawei,"Huawei Certified ICT Associate (HCIA), 5G Communications and Technologies",,2020,2020,,,"Huawei is a leading global provider of information and communications technology (ICT) infrastructure and smart devices. It operates in more than 170 countries and regions, serving more than three billion people around the world and is committed to bringing digital to every person, home, and organization for a fully connected, intelligent world. Huawei Certification is committed to providing leading talent development systems and certification standards, developing new ICT professionals in the digital era, and building a healthy ICT talent ecosystem. Huawei Certification is in line with the company's ""Platform + AI + Ecosystem"" development strategy, and its new ICT infrastructure featuring ""Cloud-Pipe-Device"" synergy. It evolves to fit with the latest trends of ICT convergence. … more","Huawei Huawei Certified ICT Associate (HCIA), 5G Communications and Technologies 2020 – 2020 Huawei is a leading global provider of information and communications technology (ICT) infrastructure and smart devices. It operates in more than 170 countries and regions, serving more than three billion people around the world and is committed to bringing digital to every person, home, and organization for a fully connected, intelligent world. Huawei Certification is committed to providing leading tale",4
cad87226-6c1c-439e-9323-273365cfd8ef,835db8ff-2a81-4470-a51f-3a9567827e6b,Wesleyan University,Python Programming: A Concise Introduction,,2020,2020,Grade Achieved: 100%,The goal of the course is to introduce students to Python Version 3.x programming using hands-on instruction. It will show how to install Python and use the Spyder IDE (Integrated Development Environment) for writing and debugging programs.,"The approach will be to present an example followed by a small exercise where the learner tries something similar to solidify a concept. At the end of each module, there will be an exercise where the student is required to write simple programs and submit them for grading. It is intended for students with little or no programming background, although students with such a background should be able to move forward at their preferred pace. … more",Wesleyan University Python Programming: A Concise Introduction 2020 – 2020 Grade: Grade Achieved: 100% Activities and societies: The goal of the course is to introduce students to Python Version 3.x programming using hands-on instruction. It will show how to install Python and use the Spyder IDE (Integrated Development Environment) for writing and debugging programs. The approach will be to present an example followed by a small exercise where the learner tries something similar to solidify a co,5
d9d2295c-4bde-4f29-a1e3-9f29e04a91d6,835db8ff-2a81-4470-a51f-3a9567827e6b,deeplearning.ai,Artificial Intelligence,,2020,2020,Grade Achieved: 100%,"The course illustrates the meaning of AI terminology, including neural networks, machine learning, deep learning, & data science. AI realistically can and can not do. How to spot opportunities to apply AI to problems in an organization. What it feels to build machine learning and data science projects. How to work with an AI team and build an AI strategy. To navigate ethical and societal discussions surrounding AI. Though this course is largely non-technical to learn the business aspects of AI.",,"deeplearning.ai Artificial Intelligence 2020 – 2020 Grade: Grade Achieved: 100% Activities and societies: The course illustrates the meaning of AI terminology, including neural networks, machine learning, deep learning, & data science. AI realistically can and can not do. How to spot opportunities to apply AI to problems in an organization. What it feels to build machine learning and data science projects. How to work with an AI team and build an AI strategy. To navigate ethical and societal dis",6
191efd25-c50b-4c0d-aab2-7241f9623707,835db8ff-2a81-4470-a51f-3a9567827e6b,Ahsanullah University of Science and Technology,"Bachelors of Science - B.Sc., Electrical and Electronic Engineering (EEE)",,Jun 2015,Aug 2019,CGPA = 3.636,,,"Ahsanullah University of Science and Technology Bachelors of Science - B.Sc., Electrical and Electronic Engineering (EEE) Jun 2015 – Aug 2019 Grade: CGPA = 3.636 Skills: Matlab",7
b1e89216-69c4-4e2d-bd0b-5a37bd69cb29,835db8ff-2a81-4470-a51f-3a9567827e6b,Maple Leaf International School,"A'levels, Physics, Chemistry, General Maths, Accounting, Further Maths",,2013,2015,"A*, A*, A*, A , A",,"2013 -2015 - Maple Leaf International School. A-Levels Physics (A*), Chemistry (A*), Mathematics (A*), Further Mathematics (A), Accounting (A). (GPA 5 00)","Maple Leaf International School A'levels, Physics, Chemistry, General Maths, Accounting, Further Maths 2013 – 2015 Grade: A*, A*, A*, A , A 2013 -2015 - Maple Leaf International School. A-Levels Physics (A*), Chemistry (A*), Mathematics (A*), Further Mathematics (A), Accounting (A). (GPA 5 00)",8
dea7c865-4644-456d-b5e6-4e0201bf9f81,835db8ff-2a81-4470-a51f-3a9567827e6b,Maple Leaf International School,"O'Level, Physics, Chemistry, Math, Pure Math, Biology, Human Biology, Bangla, Accounting, Economics, English",,2012,2013,"A*, A*, A*, A*, A*, A*, A*, A , A , B",,"2012 -2013 - Maple Leaf International School. O-Levels Physics (A*), Chemistry (A*), Mathematics (A*), Pure Mathematics (A*), Biology (A*), Human Biology (A*), Bangla (A*), Accounting (A), Economics (A), English Language (B). (GPA 5 00) … more","Maple Leaf International School O'Level, Physics, Chemistry, Math, Pure Math, Biology, Human Biology, Bangla, Accounting, Economics, English 2012 – 2013 Grade: A*, A*, A*, A*, A*, A*, A*, A , A , B 2012 -2013 - Maple Leaf International School. O-Levels Physics (A*), Chemistry (A*), Mathematics (A*), Pure Mathematics (A*), Biology (A*), Human Biology (A*), Bangla (A*), Accounting (A), Economics (A), English Language (B). (GPA 5 00) … more",9
63f847ec-9d05-4b66-aeda-f0d40eb0780f,bba2f0fd-61b9-44c9-913f-539995be1bb0,The Knowledge Society (TKS),,,Sep 2024,Jun 2026,,,"- Cell Engineering (CAR-T, stem cells, and induced pluripotent stem cells) - Bioprinting Tissues & Organs - Smart Drug Delivery Systems (e.g. microrobots, patch called Clotguard) - Synthetic Biology for Healing … more","The Knowledge Society (TKS) Sep 2024 – Jun 2026 Grade: Innovate - Cell Engineering (CAR-T, stem cells, and induced pluripotent stem cells) - Bioprinting Tissues & Organs - Smart Drug Delivery Systems (e.g. microrobots, patch called Clotguard) - Synthetic Biology for Healing … more Skills: Presentation Skills, Healthcare, +9 skills",0
fac19803-f24f-4fee-ab54-1a08fe9724ff,bba2f0fd-61b9-44c9-913f-539995be1bb0,Moonshot Pirates,Interdisciplinary Innovation in Emerging Technologies and Sustainable Solutions.,,Jul 2025,Aug 2025,Pirate,,"- Selected from a competitive global pool of applicants to join the Moonshot Pirates program. - A world-renowned innovation and entrepreneurship experience empowering young changemakers to solve global challenges. -As a participant, I collaborated with international peers to design moonshot ideas, tackled real-world problems with exponential thinking, and received mentorship from industry leaders and entrepreneurs. - The program emphasized bold thinking, creative problem-solving, and impact-driven innovation. … more","Moonshot Pirates Interdisciplinary Innovation in Emerging Technologies and Sustainable Solutions. Jul 2025 – Aug 2025 Grade: Pirate - Selected from a competitive global pool of applicants to join the Moonshot Pirates program. - A world-renowned innovation and entrepreneurship experience empowering young changemakers to solve global challenges. -As a participant, I collaborated with international peers to design moonshot ideas, tackled real-world problems with exponential thinking, and received m",1
3c62239f-31b5-493a-867a-b075d7a0852c,bba2f0fd-61b9-44c9-913f-539995be1bb0,W.H Croxford High School,,,Sep 2023,May 2027,,"Entrepreneur and Business, STEM Related Courses","Skills: Presentation Skills, Healthcare, +11 skills","W.H Croxford High School Sep 2023 – May 2027 Grade: 9-12 Activities and societies: Entrepreneur and Business, STEM Related Courses At W.H. Croxford High School, I received Honor Roll recognition in both Grade 9 and Grade 10 for maintaining an academic average above 95% for both years. I also presented at a staff meeting for my achievements and contributions. … more Skills: Presentation Skills, Healthcare, +11 skills",2
2083a99c-a844-4e5a-b14e-61850292431d,bba2f0fd-61b9-44c9-913f-539995be1bb0,W.G Murdoch High School,,,Sep 2022,Jun 2023,,Leadership,"At W.G. Murdoch School, I was recognized as Student of the Month and earned a spot on the Honor Roll for maintaining an academic average above 95%.","W.G Murdoch High School Sep 2022 – Jun 2023 Grade: 8 Activities and societies: Leadership At W.G. Murdoch School, I was recognized as Student of the Month and earned a spot on the Honor Roll for maintaining an academic average above 95%. Skills: Project Management, Leadership, +1 skill",3
4d2003ba-28ad-4085-9c18-5c48b1374ffb,9d5f0bbb-93d1-4b95-be33-efdd0d0da533,University of Calgary,"PhD, Social Work",,,,,,,"University of Calgary PhD, Social Work",0
893ce9c5-f06f-45f2-863a-209065ceed19,323fbbed-76a5-4236-be5c-8a730e2b37fd,University of New Brunswick,"Ph.D, Biomedical/Medical Engineering",,2016,2020,,,Electroencephalography; NIRS; Brain Mapping; Neuroscience; Upper extremity rehabilitation based on robotic-assisted therapy; Human biomechanical analysis using Vicon System; NeuroEngineering; Human-Machine interaction; Robot-assisted rehabilitation; Biomedical instrumentation; Development of new tools to improve rehabilitation; Machine learning; Pattern recognition; Control systems for prosthetic devices. … more,"University of New Brunswick Ph.D, Biomedical/Medical Engineering 2016 – 2020 Electroencephalography; NIRS; Brain Mapping; Neuroscience; Upper extremity rehabilitation based on robotic-assisted therapy; Human biomechanical analysis using Vicon System; NeuroEngineering; Human-Machine interaction; Robot-assisted rehabilitation; Biomedical instrumentation; Development of new tools to improve rehabilitation; Machine learning; Pattern recognition; Control systems for prosthetic devices. … more Skills:",0
d2ecab16-8d31-41fa-85d7-df2d7f470a7f,323fbbed-76a5-4236-be5c-8a730e2b37fd,Universidade Federal de Uberlândia - UFU,"Master's degree, Technology applied to prosthetic devices and assistive technology",,2013,2015,,,Support Vector Machine; Machine Learning; Integration of sensors; Electromyography; Inertial sensor; Amputee rehabilitation; Pattern recognition; … more,"Universidade Federal de Uberlândia - UFU Master's degree, Technology applied to prosthetic devices and assistive technology 2013 – 2015 Support Vector Machine; Machine Learning; Integration of sensors; Electromyography; Inertial sensor; Amputee rehabilitation; Pattern recognition; … more Skills: Applied Research, Teaching, +1 skill",1
eccf58a3-14a6-47bf-838b-89712d57297c,323fbbed-76a5-4236-be5c-8a730e2b37fd,PUC Minas,"Diploma of Education, Occupational Safety and Health Technology/Technician",,,,,,,"PUC Minas Diploma of Education, Occupational Safety and Health Technology/Technician Skills: People Management, Teaching",2
fad648a3-2bee-498a-8a87-3a6a8f490d26,323fbbed-76a5-4236-be5c-8a730e2b37fd,Universidade Federal de Uberlândia - UFU,"Bachelor of Science, Bioengineering and Biomedical Engineering",,,,,,,"Universidade Federal de Uberlândia - UFU Bachelor of Science, Bioengineering and Biomedical Engineering • Courses in Electronics; Biomedical Signal Processing involving Electroencephalography (EEG), Electromyography (EMG), Electrocardiography (ECG), and Electrooculography (EOG); Medical Imaging; Anatomy; Physiology; Biochemistry; Biomedical Instrumentation; Clinical Engineering; Forensics; Robotics; Biomechanics; and Artificial Intelligence. • Developed a portable device for diagnoses and treatm",3
bb6181f1-f271-481c-9441-3a6a13e2ed41,323fbbed-76a5-4236-be5c-8a730e2b37fd,University of New Brunswick,"Diploma of Education, University Teaching",,,,,,,"University of New Brunswick Diploma of Education, University Teaching • Most successful teaching involving strategies for engaging students: strategies that make them active and interacting with others during class.",4
f974d76c-5e01-401d-a79b-3428289aca16,79d2e96a-feb5-4c91-a1c4-b089333ae954,University of Alberta,"Master of Science - MSc, Biochemistry",,,,,,,"University of Alberta Master of Science - MSc, Biochemistry",0
beaa980d-f451-4292-991e-08600af6c46c,cc357ee5-52d2-4f98-b44d-f5006ad3650a,University of Regina,"Master of Engineering - MEng, Process system Engineering",,Sep 2018,Aug 2020,3.7,"Done relevant courses that help in gaining knowledge in the industry for automation, design, simulation, optimization, and project management.","Major Course-work: Industrial Gas Processing, Oil Refinery Processes, Economics for Engineering, Advance Mass Transfer, Engineering Project Management, Advanced topic in CO2 capture, Advanced Heat Transfer, Air Quality Management, Co-op Work Term for an 8-month length Final Project: (Apr 2020 - Aug 2020) Process Design and Simulation - CO2 capture by activated amine ( MDEA+PZ+H2O) -simulation by Aspen PLUS and optimization model for reducing Reboiler heat duty and amine circulation rate. -Designed the Aspen Plus model of CO2 capture from the cement industry. -Energy management strategies. -CO2 capture processes. -Base case scenario for the CO2 capture model using the absorption stripping column with MDEA+PZ+Water solution. -Sensitivity analysis -Design optimization model of CO2 capture for increasing CO2 capture efficiency with less amine circulation flowrate and less reboiler heat duties. … more","University of Regina Master of Engineering - MEng, Process system Engineering Sep 2018 – Aug 2020 Grade: 3.7 Activities and societies: Done relevant courses that help in gaining knowledge in the industry for automation, design, simulation, optimization, and project management. Major Course-work: Industrial Gas Processing, Oil Refinery Processes, Economics for Engineering, Advance Mass Transfer, Engineering Project Management, Advanced topic in CO2 capture, Advanced Heat Transfer, Air Quality Man",0
61d84755-c307-457c-abeb-9952c329eb3e,cc357ee5-52d2-4f98-b44d-f5006ad3650a,Dharmsinh Desai University,"Bachelor's degree, Chemical Engineering",,2013,2017,,,"Major courses: - General Chemical Technologies,Chemical Engineering Thermodynamics, Process Calculations, Fluid Flow Operations, Mechanical Operations, Mass Transfer, Heat Transfer, Chemical Reaction Technologies, Instrument and Process Control, Process Equipment Design and Drawing, Chemical Engineering Plant Design and Economics, Chemical Engineering Material and Safety, Polymer Science Engineering … more","Dharmsinh Desai University Bachelor's degree, Chemical Engineering 2013 – 2017 Major courses: - General Chemical Technologies,Chemical Engineering Thermodynamics, Process Calculations, Fluid Flow Operations, Mechanical Operations, Mass Transfer, Heat Transfer, Chemical Reaction Technologies, Instrument and Process Control, Process Equipment Design and Drawing, Chemical Engineering Plant Design and Economics, Chemical Engineering Material and Safety, Polymer Science Engineering … more Skills: Equ",1
29887960-e98d-44b0-abfb-a0d44d4638c4,cc357ee5-52d2-4f98-b44d-f5006ad3650a,Ascent School of Science,"Grade -, Higher Education Board",,2012,2013,92.80 Percentile rank in State Board,,,"Ascent School of Science Grade 11-12, Higher Education Board 2012 – 2013 Grade: 92.80 Percentile rank in State Board -Mathematics -Chemistry -Physics … more",2
fa380c44-ba4e-4473-99ee-819698abf094,cc357ee5-52d2-4f98-b44d-f5006ad3650a,"Swastik Highschool, Palanpur, Gujarat, India","Grade , State Education Board",,2011,2011,97.44 Percentile rank in State Board,,,"Swastik Highschool, Palanpur, Gujarat, India Grade 10, State Education Board 2011 – 2011 Grade: 97.44 Percentile rank in State Board - Mathematics - English - Science … more",3
652b199b-00ee-40e7-8e4e-860597a935fb,cc357ee5-52d2-4f98-b44d-f5006ad3650a,Dharmsinh Desai University,"Bachelor of Engineering, Chemical Engineering",,,,,,,"Dharmsinh Desai University Bachelor of Engineering, Chemical Engineering GPA: 3.7/4.0",4
62683d69-c1a8-40e4-bb1c-20bfec6f141b,c2a51769-ff4e-41b3-a853-1177cbf076b8,University of Mazandaran,"Ph.D , Educational psychology",,2012,2017,,,"Dissertation title: proposing a casual model for students` creativity based on individual( general self-efficacy, creative self-efficacy, intrinsic motivation and wisdom, and social variables(university climate) and its explanation in light of cultural basis of higher education … more","University of Mazandaran Ph.D , Educational psychology 2012 – 2017 Dissertation title: proposing a casual model for students` creativity based on individual( general self-efficacy, creative self-efficacy, intrinsic motivation and wisdom, and social variables(university climate) and its explanation in light of cultural basis of higher education … more",0
2f7b4a32-d745-41b9-93c5-f5ab478ebe00,c2a51769-ff4e-41b3-a853-1177cbf076b8,Allameh Tabataba'i University,"Master of Arts - MA, Educational Psychology",,Jan 2009,Feb 2011,,,,"Allameh Tabataba'i University Master of Arts - MA, Educational Psychology Jan 2009 – Feb 2011",1
28f53750-26ef-4083-b938-27def7df4940,c2a51769-ff4e-41b3-a853-1177cbf076b8,University of Mazandaran,"Bachelor's degree, EDUCATION",,Sep 2004,Sep 2008,,,,"University of Mazandaran Bachelor's degree, EDUCATION Sep 2004 – Sep 2008",2
4f22dee0-c844-45c1-8f24-905ca070e377,2fbf709e-7f3c-43b6-b7b8-e61155861101,University of Regina,"Master of Science - MSc., Computer Science",,2019,2020,,,"Skills: Software Development, Android Development, +3 skills","University of Regina Master of Science - MSc., Computer Science 2019 – 2020 Focus on software engineering and data systems Skills: Software Development, Android Development, +3 skills",0
9c17e6e9-569d-4631-a036-c08ae1562411,2fbf709e-7f3c-43b6-b7b8-e61155861101,Global Academy Of Technology,Bachelor of Engineering - BE,,2014,2018,,,Foundational training in software engineering and systems,"Global Academy Of Technology Bachelor of Engineering - BE 2014 – 2018 Foundational training in software engineering and systems Skills: Logic Design, Data Structures, +2 skills",1
9ff5a175-426f-4e8f-be5c-6bdcc0d8c9fa,740ac093-78a5-401b-b728-48dbf904faf7,University of Calgary,"Bachelor of Science - BSc (Honours), Neuroscience",,Sep 2023,May 2027,,,,"University of Calgary Bachelor of Science - BSc (Honours), Neuroscience Sep 2023 – May 2027 Westmount Charter School High School Diploma Sep 2020 – Jun 2023",0
df98f27b-86b0-483e-9e70-4f5a00b8fd37,05294035-6509-4928-8f61-52aaa10ad166,McGill University,"LL.B. B.C.L., Law",,1986,1990,,,,"McGill University LL.B. B.C.L., Law 1986 – 1990 Burnaby North San Diego State University Simon Fraser University",0
00dfd6e0-7a4f-44b3-8845-552f646a6932,58d70489-86f5-4099-bd79-7d7a2194f586,University of Calgary,"Doctor of Philosophy - PhD, Neuroscience",,Feb 2022,Present,,,"The focus of my thesis work is to better understand and treat hemodynamic instability in both human and rodent models of spinal cord injury. For my human work, I am involved with the ongoing HEMO clinical trial, which uses targeted epidural stimulation of the spinal cord to improve hemodynamic instability following spinal cord injury. This trial is the first in Canada to surgically implant epidural spinal stimulators for the use of blood pressure control. For my animal work, I am currently trying to improve hemodynamic instability in mice through the use of optogenetics. Optogenetics will allow precise activation of sympathetic preganglionic neurons responsible for blood pressure control, providing hemodynamic stability following spinal cord without activation of other sympathetic circuits (i.e. bladder). … more","University of Calgary Doctor of Philosophy - PhD, Neuroscience Feb 2022 – Present The focus of my thesis work is to better understand and treat hemodynamic instability in both human and rodent models of spinal cord injury. For my human work, I am involved with the ongoing HEMO clinical trial, which uses targeted epidural stimulation of the spinal cord to improve hemodynamic instability following spinal cord injury. This trial is the first in Canada to surgically implant epidural spinal stimulato",0
55de8ad4-4e6b-4ed5-b43f-5a88dfd573fe,58d70489-86f5-4099-bd79-7d7a2194f586,University of Calgary,"Master of Science - MSc, Clinical Neurosciences",,Jan 2020,Jan 2022,,Member of the Hotchkiss Brain Institute's Trainee Organization. Member of the University of Calgary's Graduate Student Society.,"The focus of my thesis is the use of robotics to better understand and rehabilitate arm function in stroke survivors. Specifically, I am looking at the ipsilesional arm in stroke survivors (often referred to as the ""less-affected"" arm), and how movement deficits in this arm present and change in the first 6-months following stroke. Ipsilesional deficits were previously overlooked in stroke rehabilitation, often being cited as ""insignificantly contributing"" to overall motor impairment following stroke. As a result, my work presents an exciting opportunity to provide clinicians with much needed knowledge about these deficits, and how they can be better targeted in the clinic. … more","University of Calgary Master of Science - MSc, Clinical Neurosciences Jan 2020 – Jan 2022 Activities and societies: Member of the Hotchkiss Brain Institute's Trainee Organization. Member of the University of Calgary's Graduate Student Society. The focus of my thesis is the use of robotics to better understand and rehabilitate arm function in stroke survivors. Specifically, I am looking at the ipsilesional arm in stroke survivors (often referred to as the ""less-affected"" arm), and how movement de",1
94d4506f-bc73-4e6b-8c83-b1533530b524,58d70489-86f5-4099-bd79-7d7a2194f586,University of Calgary,"Bachelor of Science - BSc (Hons), Biomechanics",,Sep 2015,Apr 2019,First-Class Honours,"Member of the University of Calgary's Kinesiology Student Society. Co-Founder & Vice-President of Finance of the School Club ""CommuniTeam"".","The focus of my undergraduate honours thesis was to help develop and validate a finite-element (FE) model of the rabbit tibia to predict surface strains during compressive loading. FE modelling provides an extremely useful method of predicting material failure under loading, bending, and twisting conditions. Rabbit tibiae were selected as the model for this project as their material properties most closely resemble that of humans. Now that this model has been validated, future applications of it include testing drugs that alter bone mineral density on rabbits and predicting bone fatigue life through FE modelling based on computed tomography scans. This will allow better predictions of how said drugs will impact a human population before implementing them in clinical trials. … more","University of Calgary Bachelor of Science - BSc (Hons), Biomechanics Sep 2015 – Apr 2019 Grade: First-Class Honours Activities and societies: Member of the University of Calgary's Kinesiology Student Society. Co-Founder & Vice-President of Finance of the School Club ""CommuniTeam"". The focus of my undergraduate honours thesis was to help develop and validate a finite-element (FE) model of the rabbit tibia to predict surface strains during compressive loading. FE modelling provides an extremely us",2
c6da26e3-627a-401f-9aa4-b056a6669429,b23b8e92-e714-4120-9e60-e12ee0aaafdd,BNUT - Babol Noshirvani University of Technology,"Master's degree, Electrical and Electronics Engineering",,Sep 2009,Feb 2012,,,"Bachelor's degree, Electrical and Electronics Engineering","BNUT - Babol Noshirvani University of Technology Master's degree, Electrical and Electronics Engineering Sep 2009 – Feb 2012 Thesis: An Intelligent Method for Control Chart Pattern Recognition Using Optimized Machin Learning Algorithms. Supervisor: Ataollah Ebrahimzadeh … more University of Mazandaran Bachelor's degree, Electrical and Electronics Engineering Sep 2004 – Jun 2008",0
152f4405-b185-4cb4-abec-cba1a2dfd1ab,e754b33f-1a31-420f-b17a-1c21838a82dd,University of Calgary,Bachelor of Health Sciences in Biomedical Sciences (Honours),,Sep 2022,Apr 2026,,,,University of Calgary Bachelor of Health Sciences in Biomedical Sciences (Honours) Sep 2022 – Apr 2026,0
e4db8a40-e782-4ebe-9c14-7c9a8a992a01,2150e7f0-9348-4733-b56a-600d219f5a78,BNUT - Babol Noshirvani University of Technology,"Master's degree, Electrical and Electronics Engineering",,Sep 2009,Feb 2012,,,"Bachelor's degree, Electrical and Electronics Engineering","BNUT - Babol Noshirvani University of Technology Master's degree, Electrical and Electronics Engineering Sep 2009 – Feb 2012 Thesis: An Intelligent Method for Control Chart Pattern Recognition Using Optimized Machin Learning Algorithms. Supervisor: Ataollah Ebrahimzadeh … more University of Mazandaran Bachelor's degree, Electrical and Electronics Engineering Sep 2004 – Jun 2008",0
95d9c425-feaf-42d0-8c9c-f30cd7d1b46c,855929b9-766b-4077-97ce-9ea170a67b85,Iran University of Science and Technology,"Master's degree, Software Engineering",,Jul 2017,May 2020,20/20,Working In Cognitive Science laboratory.,"My Master's research focused on time-series forecasting and sentiment analysis, aiming to predict dynamic changes in user opinions on social networks. This involved processing large, longitudinal datasets (over 1 year of user tweets) and applying advanced NLP techniques to analyze evolving sentiment towards a given topic. I designed and implemented a recurrent neural network (RNN) model (including LSTM and GRU architectures) to forecast opinion shifts, leveraging principles of user behavior modeling. The project demonstrated the ability to extract meaningful temporal patterns and predict future sentiment, achieving an initial prediction accuracy of 67%. This research deepened my expertise in sequential data modeling, large-scale data processing, and predictive analytics. … more","Iran University of Science and Technology Master's degree, Software Engineering Jul 2017 – May 2020 Grade: 20/20 Activities and societies: Working In Cognitive Science laboratory. My Master's research focused on time-series forecasting and sentiment analysis, aiming to predict dynamic changes in user opinions on social networks. This involved processing large, longitudinal datasets (over 1 year of user tweets) and applying advanced NLP techniques to analyze evolving sentiment towards a given top",0
7bbc106e-1d9e-46fe-8691-e5d1cb983955,b711d973-3252-49f4-a51f-d2a4eb9d300c,University of Calgary,"Master's degree, Neuroscience",,Sep 2023,Aug 2025,,"Member of the Psychedelic and Cannabinoid Therapeutics (PaCT) lab; Outreach Director for the Hotchkiss Brain Institute Trainee Organization; EDIA Coordinator for Let's Talk Science, University of Calgary;",,"University of Calgary Master's degree, Neuroscience Sep 2023 – Aug 2025 Activities and societies: Member of the Psychedelic and Cannabinoid Therapeutics (PaCT) lab; Outreach Director for the Hotchkiss Brain Institute Trainee Organization; EDIA Coordinator for Let's Talk Science, University of Calgary; Abigail (@abby_lunge) on X",0
3b03d28c-415d-4ae8-bdf6-7eead9a36971,b711d973-3252-49f4-a51f-d2a4eb9d300c,The University of Lethbridge,"Bachelor of Applied Science - BASc, Neuroscience",,Sep 2018,Aug 2022,,Student Wellness Ambassador Programming Chair,,"The University of Lethbridge Bachelor of Applied Science - BASc, Neuroscience Sep 2018 – Aug 2022 Activities and societies: Student Wellness Ambassador Programming Chair Skills: Leadership, Microsoft Excel, +3 skills",1
c1f252ee-9285-4123-85da-2fc6fdf11b3a,b1c80b61-8cab-47b2-b741-5828bd5f16f8,University of Calgary,"MD/PhD, Neuroscience",,Sep 2022,Jun 2029,,,,"University of Calgary MD/PhD, Neuroscience Sep 2022 – Jun 2029 University of Calgary Bachelor of Science - BSc (Honours), Neuroscience 2016 – 2021",0
bf581876-f177-48e7-8c25-13f87c9ca46c,e26978e5-af18-4929-be79-e444c5aad696,The University of Manchester,"Bachelor's of science (with Honours), Biotechnology",,2016,2019,2:1,Bangladesh Society- General Secretary Photography Society Peer Assisted Study Scheme Leader Manchester Leadership Award,,"The University of Manchester Bachelor's of science (with Honours), Biotechnology 2016 – 2019 Grade: 2:1 Activities and societies: Bangladesh Society- General Secretary Photography Society Peer Assisted Study Scheme Leader Manchester Leadership Award",0
3d6ab9d2-6871-4a8f-875d-5fbbce797fa9,e26978e5-af18-4929-be79-e444c5aad696,University of Calgary,"Doctor of Philosophy - PhD, Biochemistry and Molecular Biology",,Jan 2021,Present,,,,"University of Calgary Doctor of Philosophy - PhD, Biochemistry and Molecular Biology Jan 2021 – Present Skills: Conference Speaking",1
55c3b5a7-9e8e-47ae-9d4a-d159a3269abd,f1d407b4-9c1c-45dc-95f5-1500ce248150,University of Calgary,"Bachelor of Science - BSc, PSYCHOLOGY",,Sep 2025,Jun 2029,,- Arts and Science Honours Academy (ASHA) 19th Cohort - Eating Disorder Awareness UCalgary (EDAUC) Junior VP Events - Schulich Soundstage VP Events,,"University of Calgary Bachelor of Science - BSc, PSYCHOLOGY Sep 2025 – Jun 2029 Activities and societies: - Arts and Science Honours Academy (ASHA) 19th Cohort - Eating Disorder Awareness UCalgary (EDAUC) Junior VP Events - Schulich Soundstage VP Events",0
3f0b344e-aa60-4b42-ab3e-e3d77f432cb4,f1d407b4-9c1c-45dc-95f5-1500ce248150,Bishop O’Byrne High School,"High School Diploma, HIGH SCHOOL/SECONDARY DIPLOMAS AND CERTIFICATES",,Sep 2022,Jun 2025,Grades 10-12,"- Creative Writing Club (Founder, President) - Women in STEM Council (Founder, President) - Robotics Club (Head of External Relations, Fundraising Team Lead) - Peer Tutoring (Mathematics/Science Tutor)",94% average in Grade 10 (Full Honours) 90% average in Grade 11 92% average in Grade 12 Made valedictorian shortlist (top 9 students in 2025 graduating class) … more,"Bishop O’Byrne High School High School Diploma, HIGH SCHOOL/SECONDARY DIPLOMAS AND CERTIFICATES Sep 2022 – Jun 2025 Grade: Grades 10-12 Activities and societies: - Creative Writing Club (Founder, President) - Women in STEM Council (Founder, President) - Robotics Club (Head of External Relations, Fundraising Team Lead) - Peer Tutoring (Mathematics/Science Tutor) 94% average in Grade 10 (Full Honours) 90% average in Grade 11 92% average in Grade 12 Made valedictorian shortlist (top 9 students in 2",1
c9b41737-7c66-4d9d-8c31-0266b042f6c4,b1a543d6-4992-429d-9bb5-a904a8ede2af,University of Calgary,"Doctor of Philosophy - PhD, Biomedical/Medical Engineering",,May 2023,Present,,,"Bachelor of Medicine, Bachelor of Surgery, Medicine","University of Calgary Doctor of Philosophy - PhD, Biomedical/Medical Engineering May 2023 – Present Skills: Systems Neuroscience, Computational Neuroscience, +10 skills Mansoura University School of Medicine Bachelor of Medicine, Bachelor of Surgery, Medicine Sep 2014 – Mar 2022 Skills: Clinical Research, Neuroscience, +1 skill",0
c8fd5033-fbf6-4ecc-b48b-1705ecf862a4,b494b370-173c-43b3-bff1-34696fd2c960,University of Calgary,"Honours Bachelor of Science, Neuroscience",,Sep 2023,Apr 2027,,"AP Courses: Biology, Physics 1, Physics 2, World History, Literature and Composition. Science Fair, Designer Genes Club, Graduation Evening Committee Manager, French Peer-Tutor, Legacy Project, Voices Magazine, Volleyball","High School Diploma, Science Focus and AP Curriculum","University of Calgary Honours Bachelor of Science, Neuroscience Sep 2023 – Apr 2027 Webber Academy High School Diploma, Science Focus and AP Curriculum Aug 2020 – Jun 2023 Activities and societies: AP Courses: Biology, Physics 1, Physics 2, World History, Literature and Composition. Science Fair, Designer Genes Club, Graduation Evening Committee Manager, French Peer-Tutor, Legacy Project, Voices Magazine, Volleyball",0
54e15c89-a0f8-4d6c-8165-79a41d1779c7,2cb70037-13e6-419a-ba19-e50d1faf70ca,"Schulich School of Engineering, University of Calgary","Master of Science - MSc, Biomedical Engineering",,Sep 2024,Jun 2026,,,,"Schulich School of Engineering, University of Calgary Master of Science - MSc, Biomedical Engineering Sep 2024 – Jun 2026",0
501e08ae-7bfc-402d-97fb-12a240e15856,2cb70037-13e6-419a-ba19-e50d1faf70ca,University of Calgary,"Bachelor of Health Sciences - BHSc, Honours in Bioinformatics",,Sep 2020,Jun 2024,3.86/4.00,,"Skills: Scientific Experimentation, Research Skills, +8 skills","University of Calgary Bachelor of Health Sciences - BHSc, Honours in Bioinformatics Sep 2020 – Jun 2024 Grade: 3.86/4.00 Skills: Scientific Experimentation, Research Skills, +8 skills",1
a0337297-0e94-43f6-8fba-ccbf060d9043,2cb70037-13e6-419a-ba19-e50d1faf70ca,Henry Wise Wood High School,High School Diploma,,Sep 2017,Jun 2020,93,Badminton Team (2017-2020) Honors with Distinction,,"Henry Wise Wood High School High School Diploma Sep 2017 – Jun 2020 Grade: 93 Activities and societies: Badminton Team (2017-2020) Honors with Distinction Skills: Leadership, Badminton",2
f66557b5-5a75-43ea-b4a0-a69dbba11949,ae8f2298-3f48-4842-a28f-26d5b99d89da,University of Calgary,"Honors in Neuroscience, Neuroscience",,Sep 2022,Present,,,,"University of Calgary Honors in Neuroscience, Neuroscience Sep 2022 – Present",0
4e5866b3-3f8c-4419-83e8-904100606856,aa28c4c8-98d0-4768-be32-117a98568259,University of Ottawa,"Doctor of Philosophy (PhD), Biochemistry",,2003,2008,"Nominated for Governor General’s Gold medal award, Top thesis Biochemistry",,"Welcome to the Department of Biochemistry, Microbiology and Immunology","University of Ottawa Doctor of Philosophy (PhD), Biochemistry 2003 – 2008 Grade: Nominated for Governor General’s Gold medal award, Top thesis Biochemistry I received my Ph. D. in Biochemistry from the University of Ottawa where I studied under the supervision of Steffany Bennett. During my graduate studies, I held a studentship from the Ontario Mental Health foundation and studied the cytoskeletal modifications evoked by lipid second messengers in Alzheimer’s Disease. … more Welcome to the Depa",0
76584e93-5d48-4db3-bd8b-acd42d3808a9,aa28c4c8-98d0-4768-be32-117a98568259,"Memorial University, Newfoundland and Labrador","Bachelor of Science (BSc), Biochemistry (Nutrition)",,1998,2002,Honours,Biochemistry Society,"I completed my undergraduate degree at Memorial University in Newfoundland, where I conducted my honours thesis under the supervision of Sukhinder Kaur Cheema. My training focused on nutritional biochemistry and fatty acid mediated activation of transcription factors. … more","Memorial University, Newfoundland and Labrador Bachelor of Science (BSc), Biochemistry (Nutrition) 1998 – 2002 Grade: Honours Activities and societies: Biochemistry Society I completed my undergraduate degree at Memorial University in Newfoundland, where I conducted my honours thesis under the supervision of Sukhinder Kaur Cheema. My training focused on nutritional biochemistry and fatty acid mediated activation of transcription factors. … more Department of Biochemistry | Welcome",1
283cf07f-ccfd-42b6-a6b3-bf76bb297374,242792b2-cdbc-40ef-b95b-1beafbf8e438,University of Alberta,"Ph.D., Biochemistry, Physiology, Cellular/Molecular Biology",,1998,2004,,,,"University of Alberta Ph.D., Biochemistry, Physiology, Cellular/Molecular Biology 1998 – 2004 University of Calgary B.Sc., Biochemistry 1994 – 1998",0
b78bf5ae-d41b-46b9-94ce-63b4e28e3b05,6d6e37bd-f761-4b38-a0ce-3b82e49418d2,University of Calgary,"Bachelor of Science - BS, Natural Sciences in Biology and Chemistry",,Sep 2023,Apr 2027,,,"Skills: R (Programming Language), Literature Review & Scientific Reading, +12 skills","University of Calgary Bachelor of Science - BS, Natural Sciences in Biology and Chemistry Sep 2023 – Apr 2027 Skills: R (Programming Language), Literature Review & Scientific Reading, +12 skills Bishop Carroll High School High School Diploma Sep 2020 – Jun 2023",0
4c159b53-bcf2-4c6e-b52b-0c7c8548e95d,ec8553ea-f718-4279-99e4-fe45fc092ccd,University of Calgary,"Master of Science - MS, Neuroscience",,Aug 2025,Jul 2027,,,"Bachelors of Health Sciences- Biomedical Sciences, Biomedical Sciences, General","University of Calgary Master of Science - MS, Neuroscience Aug 2025 – Jul 2027 University of Calgary Bachelors of Health Sciences- Biomedical Sciences, Biomedical Sciences, General 2021 – 2025",0
29780194-606a-40c2-a9fb-e1d10cc955cd,9369f93a-9938-4cda-a0cc-10f5348f1ef4,UNSW,"Doctor of Philosophy (PhD), Medicine",,2005,2009,,,"- Awarded the 2009 PhD prize for the year’s best PhD within the School of Medical Sciences, University of New South Wales - Thesis title: Novel biological functions of Apolipoprotein-E. - Research areas: Apolipoprotein-E, Alzheimer's disease, Macrophage biology … more","UNSW Doctor of Philosophy (PhD), Medicine 2005 – 2009 - Awarded the 2009 PhD prize for the year’s best PhD within the School of Medical Sciences, University of New South Wales - Thesis title: Novel biological functions of Apolipoprotein-E. - Research areas: Apolipoprotein-E, Alzheimer's disease, Macrophage biology … more",0
a2c2301a-43f9-4c8f-9b7d-2192fe91c9b8,9369f93a-9938-4cda-a0cc-10f5348f1ef4,The Ohio State University,Spinal Cord Injury Research Training Program,,2012,2012,,,,The Ohio State University Spinal Cord Injury Research Training Program 2012 – 2012,1
fb631541-6f59-4b36-921e-a2f760f93843,9369f93a-9938-4cda-a0cc-10f5348f1ef4,University of Technology Sydney,"Bachelor of Science (B.Sc.) (Honours year), Biotechnology",,2003,2003,,,- Honours project focused on multidrug resistance in cancer - Thesis title: Peptide inhibitors of P-glycoprotein,"University of Technology Sydney Bachelor of Science (B.Sc.) (Honours year), Biotechnology 2003 – 2003 - Honours project focused on multidrug resistance in cancer - Thesis title: Peptide inhibitors of P-glycoprotein",2
9929ee9d-4e6f-4be5-a2a7-ad7406a819c3,9369f93a-9938-4cda-a0cc-10f5348f1ef4,University of Technology Sydney,"Bachelor of Science (B.Sc.), Biotechnology",,1998,2001,,,"Majors: Molecular Biology, Pharmacology and Immunology","University of Technology Sydney Bachelor of Science (B.Sc.), Biotechnology 1998 – 2001 Majors: Molecular Biology, Pharmacology and Immunology",3
64d91585-aaf0-42c6-954b-90f3bddaf7c4,d4f4df5e-5d68-4377-840e-bda400b303d8,McMaster University,"Doctor of Philosophy (Ph.D.), Biomedical Engineering",,2010,2016,,,"During this period, I investigated the use of Diffusion Tensor Imaging (DTI) to assess acute changes in muscle structure and physiology following a period of exercise. An emphasis of this project was ascertaining the quality and stability of repeated DTI measurements across a short period of time, as well as the temporal response of individual muscles following exercise of different intensities. … more","McMaster University Doctor of Philosophy (Ph.D.), Biomedical Engineering 2010 – 2016 During this period, I investigated the use of Diffusion Tensor Imaging (DTI) to assess acute changes in muscle structure and physiology following a period of exercise. An emphasis of this project was ascertaining the quality and stability of repeated DTI measurements across a short period of time, as well as the temporal response of individual muscles following exercise of different intensities. … more",0
f8ac1038-d95d-4c95-b9ea-f38ab72aa960,d4f4df5e-5d68-4377-840e-bda400b303d8,Humber College,"Music Performance, Trumpet",,2002,2004,,,,"Humber College Music Performance, Trumpet 2002 – 2004",1
cde98158-6d89-426a-992f-77c5ad9b183a,d4f4df5e-5d68-4377-840e-bda400b303d8,McMaster University,"Bachelor’s Degree, Psychology",,1992,1997,,,,"McMaster University Bachelor’s Degree, Psychology 1992 – 1997",2
41695949-afb0-46d5-9a85-96c63fa13d63,c6500b0b-7864-43d8-a930-b89d673c3749,University of Calgary,Bachelor of Health Sciences in Biomedical Sciences (Honours),,Sep 2022,Apr 2026,,,,University of Calgary Bachelor of Health Sciences in Biomedical Sciences (Honours) Sep 2022 – Apr 2026,0
aa657613-445c-4042-8e75-17f29e9b8d5d,5793b1d3-2b8e-4cbe-9935-810433e8f4e3,University of Calgary,"BHSc, Biomedical Sciences",,2022,2026,3.97,,,"University of Calgary BHSc, Biomedical Sciences 2022 – 2026 Grade: 3.97 Wetaskiwin Composite High School High School Diploma Sep 2018 – Jun 2022 Valedictorian Class of 2022",0
e3c2a5d3-cc29-4cb2-a35f-79a945f28ac9,a281f3de-f7fc-440a-b069-ba1c6f5eb35b,University of Calgary,"Bachelor's degree, Computer Science",,Sep 2021,Jun 2025,,,"Skills: Debugging, Object-Oriented Programming (OOP), +9 skills","University of Calgary Bachelor's degree, Computer Science Sep 2021 – Jun 2025 Skills: Debugging, Object-Oriented Programming (OOP), +9 skills",0
450ccfc9-793f-4801-bec8-23294a71146c,ac93a9ce-4bc9-4747-b429-b95943d220d9,University of Calgary,"Bachelor of Science - BS, Biology/Biological Sciences, General",,Sep 2023,Jun 2027,,,,"University of Calgary Bachelor of Science - BS, Biology/Biological Sciences, General Sep 2023 – Jun 2027",0
4a14b237-4e6f-4fec-84f5-ae16fd5007b1,6c01773e-ab9a-431b-9726-68e5c604d955,Amira K. Fadl,,,,,,,,Amira K. Fadl · 2nd MBBS | PhD student in Biomedical Engineering at the University of Calgary | Systems & Computational Neuroscience Connect,0
207f9b51-3bf3-4dc7-a965-6550dab5e836,6c01773e-ab9a-431b-9726-68e5c604d955,Ashley Kemp,,,,,,,,Ashley Kemp · 3rd -- Connect,1
cd076eaa-1a99-45fc-a388-ad97f8cee606,6c01773e-ab9a-431b-9726-68e5c604d955,Derya Sargin,,,,,,,,Derya Sargin · 2nd Associate professor of neuroscience Connect,2
a5986f30-b02c-4a33-a52f-4b2e8fe8ef76,6c01773e-ab9a-431b-9726-68e5c604d955,Daniela Oboh,,,,,,,,Daniela Oboh · 2nd MSc Neuroscience Candidate | Brain Canada/Heart & Stroke/ CIHR Scholar | Health Equity Advocate | National Program Coordinator @MBCC | Director @Brain-CE Connect,3
1c64c23b-8145-4559-90b3-6c560378d3f9,6c01773e-ab9a-431b-9726-68e5c604d955,Gavin Thomas,,,,,,,,Gavin Thomas · 3rd MD Student @ UCalgary Message,4
3e6ef60b-8012-4829-ad9f-7f72c3ae409c,d06308e7-14c8-480f-b2df-25998cba800b,University of Calgary,"Bachelor of Science - BS, ENGINEERING",,Sep 2024,May 2028,,,"Honours Degree with a final thesis titled ""Examination of Novel Stressors to Obtain Configural Learning in the Pond Snail Lymnaea stagnalis in the Laboratory and in the Wild""","University of Calgary Bachelor of Science - BS, ENGINEERING Sep 2024 – May 2028 University of Calgary Bachelor of Science - BS, Neuroscience 2020 – 2024 Honours Degree with a final thesis titled ""Examination of Novel Stressors to Obtain Configural Learning in the Pond Snail Lymnaea stagnalis in the Laboratory and in the Wild""",0
73960dbe-3449-462d-80c6-dafeb088eaeb,4f077cb1-7072-4a1f-916c-a8e7a0b19697,University of Calgary,"Biological Sciences (BSc), Biology/Biological Sciences, General",,Aug 2024,May 2029,,,"Skills: Academic Research, Organization and leadership skills","University of Calgary Biological Sciences (BSc), Biology/Biological Sciences, General Aug 2024 – May 2029 Skills: Academic Research, Organization and leadership skills",0
b1d54d98-cdc5-4a26-ab0f-b7054027a7e4,4f077cb1-7072-4a1f-916c-a8e7a0b19697,Keyano College,"Upgrading, High School Equivalence Certificate Program",,Sep 2023,Apr 2024,,Awards :- Dean’s list,,"Keyano College Upgrading, High School Equivalence Certificate Program Sep 2023 – Apr 2024 Activities and societies: Awards :- Dean’s list",1
fb61462c-f71a-44cb-8454-9158af94da11,4f077cb1-7072-4a1f-916c-a8e7a0b19697,"S.Thomas' College, Mount Lavinia","High School Diploma, Biology, General",,Jan 2009,Aug 2022,"Edexcel international advanced level - Chemistry, Biology, Physics.",School prefect (2021/2022) Clubs and Societies. • Association of Science and Technology - President (2021/22) • Health Club - Assistant Secretary (2021/22) • Astronomical Society - Founding member and Advisory Committee head (2022) • Junior Maths Society - Vice President (2019),"Skills: Teamwork, Strong written and verbal communication , +1 skill","S.Thomas' College, Mount Lavinia High School Diploma, Biology, General Jan 2009 – Aug 2022 Grade: Edexcel international advanced level - Chemistry, Biology, Physics. Activities and societies: School prefect (2021/2022) Clubs and Societies. • Association of Science and Technology - President (2021/22) • Health Club - Assistant Secretary (2021/22) • Astronomical Society - Founding member and Advisory Committee head (2022) • Junior Maths Society - Vice President (2019) Skills: Teamwork, Strong writ",2
00970db9-bdd8-41b2-a0f6-729cb071c162,5f89e53a-fad1-4b57-a8e0-b4627dc6d120,University of Alberta,Doctor of Medicine,,2026,2030,,,,University of Alberta Doctor of Medicine 2026 – 2030,0
676da666-c84b-4a1e-b81f-678fcd7688e7,5f89e53a-fad1-4b57-a8e0-b4627dc6d120,University of Calgary,"Master of Science - MSc, Neuroscience",,Aug 2024,Jun 2026,,,,"University of Calgary Master of Science - MSc, Neuroscience Aug 2024 – Jun 2026",1
9436b1cd-99c6-4393-b33f-118c8f135a3a,5f89e53a-fad1-4b57-a8e0-b4627dc6d120,Queen's University,"Bachelor of Science - BSc Honours, Life Sciences",,Sep 2019,May 2023,,,,"Queen's University Bachelor of Science - BSc Honours, Life Sciences Sep 2019 – May 2023",2
35d11c79-0b4d-4d91-be3a-96af305ca6da,89c4088b-73ff-4c4d-bcc1-2a2d1318a9dd,University of Calgary,"Bachelor of Science - BS, Kinesiology",,Sep 2022,Apr 2026,,,,"University of Calgary Bachelor of Science - BS, Kinesiology Sep 2022 – Apr 2026 Sir Winston Churchill High School High School Diploma",0
16759e5c-197d-4396-89de-cff6c43c88d6,664d7fa2-f7f9-4959-a948-fe144f628b7e,University of Havana,"Doctor of Philosophy - PhD, Bioinformatics; Neuroscience",,Jan 2018,Mar 2023,,,,"University of Havana Doctor of Philosophy - PhD, Bioinformatics; Neuroscience Jan 2018 – Mar 2023",0
0de7f0ed-0821-4138-bddf-fd619441ea2a,664d7fa2-f7f9-4959-a948-fe144f628b7e,University of Havana,"Master of Science - MS, Health/Medical Physics",,2017,2020,,,,"University of Havana Master of Science - MS, Health/Medical Physics 2017 – 2020",1
e188d91b-eca5-475c-90ca-d765ebeebbc7,664d7fa2-f7f9-4959-a948-fe144f628b7e,Higher Institute of Technologies and Applied Sciences,"Bachelor's degree, Nuclear Engineering",,2005,2010,,,,"Higher Institute of Technologies and Applied Sciences Bachelor's degree, Nuclear Engineering 2005 – 2010",2
fd58cc89-9004-49b0-af65-dd2895988b87,436b91e1-d4ff-43f3-b6bf-c7f564832bd2,University of Calgary,"Master of Science - MS, Biomedical/Medical Engineering",,Sep 2023,Present,,,,"University of Calgary Master of Science - MS, Biomedical/Medical Engineering Sep 2023 – Present University of Waterloo Bachelor of Science - BS, Chemical Physics 2017 – 2022",0
0ba4b7ba-2889-401d-9a3f-dab21514abc3,36d7f945-11f2-43e5-9b9c-f853e3e5773d,University of Calgary,"Bachelor of Science - BSc (Honours), Neuroscience",,2022,2026,,"- AP Exams completed: Biology, AB Calculus, Physics 1 - Achieved Honour Roll consistently throughout high school - Played rugby on the Girls Rugby Team",,"University of Calgary Bachelor of Science - BSc (Honours), Neuroscience 2022 – 2026 All Saints High School High School Diploma Sep 2019 – Jun 2022 Activities and societies: - AP Exams completed: Biology, AB Calculus, Physics 1 - Achieved Honour Roll consistently throughout high school - Played rugby on the Girls Rugby Team",0
c8b6e9fb-a93e-4d45-a61b-218f9f6b31ad,4f2f7c3a-d585-4aa1-880a-a9e136c97b8a,University of Calgary,"Master's degree, Medical Sciences Specializing in Medical Imaging",,2025,2027,,,,"University of Calgary Master's degree, Medical Sciences Specializing in Medical Imaging 2025 – 2027",0
eef65f4b-48a8-4ea2-86c8-85449b0fbd9a,4f2f7c3a-d585-4aa1-880a-a9e136c97b8a,University of Calgary,"Bachelors, Biomedical Sciences",,2021,2025,,,,"University of Calgary Bachelors, Biomedical Sciences 2021 – 2025",1
0f28eefb-7873-402c-b332-6baa9e4ee1bd,4f2f7c3a-d585-4aa1-880a-a9e136c97b8a,"St. Francis High School Calgary, Alberta",High School Diploma,,2018,2021,,,,"St. Francis High School Calgary, Alberta High School Diploma 2018 – 2021",2
ee40eb1f-0426-40d2-b20d-1c3d567061e1,1813974b-6d56-422b-9f39-0248a5ad79ab,University of Calgary,"Bachelor of Health Science (Honours), Biomedical Sciences",,Sep 2024,Apr 2028,,,,"University of Calgary Bachelor of Health Science (Honours), Biomedical Sciences Sep 2024 – Apr 2028 Westmount Charter School High School Gifted Education Diploma Sep 2021 – Jun 2024",0
e46db51d-cc1f-4152-bd50-2946d2e6a1ed,2c45aecd-fd7b-4d2f-9247-bd76d91f0b64,McGill University,"Ph.D., Neurobiology",,1993,1999,,,,"McGill University Ph.D., Neurobiology 1993 – 1999",0
5152c932-83e7-4a3e-976d-ee5e9d20e189,f88540d0-b213-4fd9-9f2e-458aabd26874,University of Calgary,"Master of Science (MSc), Neuroscience",,Jan 2026,Present,,,,"University of Calgary Master of Science (MSc), Neuroscience Jan 2026 – Present",0
aabd2c26-d104-4108-9c78-402905dd6bdc,f88540d0-b213-4fd9-9f2e-458aabd26874,University of Calgary,"Bachelor of Science Honours (BScH, First Class), Neuroscience & Minor in Nanoscience",,Sep 2016,Apr 2020,,"Neuroscience Students' Association, UofC nanoGroup, Nanoscience Class Representatives, & Art Club",• Honours thesis project: Effects of Aging on Mouse Primary Auditory Cortex Receptive Fields Analyzed Through 3D Rendering (2019-2020) – resulted in publication • Nanoscience thesis project: Synthesis of Fluorescent and Magnetic Bicontinuous Interfacially Jammed Emulsions (2018-2019) • Summer research project: Quantum Dot-Protein Interactions Through Dynamic Light Scattering Analysis (2018) … more,"University of Calgary Bachelor of Science Honours (BScH, First Class), Neuroscience & Minor in Nanoscience Sep 2016 – Apr 2020 Activities and societies: Neuroscience Students' Association, UofC nanoGroup, Nanoscience Class Representatives, & Art Club • Honours thesis project: Effects of Aging on Mouse Primary Auditory Cortex Receptive Fields Analyzed Through 3D Rendering (2019-2020) – resulted in publication • Nanoscience thesis project: Synthesis of Fluorescent and Magnetic Bicontinuous Interfa",1
4207fa22-2f36-42cc-ac0e-226a33596368,f88540d0-b213-4fd9-9f2e-458aabd26874,University of Ottawa,"Psychedelics, Drug Policy, and Consciousness Studies",,Sep 2020,Apr 2021,,,"Audited Courses: • SRS 5110 – Sacred Plant Medicines and Spirituality (University of Ottawa, Winter 2021) • SRS 5109 – Psychedelics, Politics, and Harm Reduction (University of Ottawa, Fall 2020) … more","University of Ottawa Psychedelics, Drug Policy, and Consciousness Studies Sep 2020 – Apr 2021 Audited Courses: • SRS 5110 – Sacred Plant Medicines and Spirituality (University of Ottawa, Winter 2021) • SRS 5109 – Psychedelics, Politics, and Harm Reduction (University of Ottawa, Fall 2020) … more",2
62a663ec-0e7c-4938-9f83-8cf05d29bcaa,f74db81b-4eeb-4b17-8762-32bc97ce4438,The University of Lethbridge,"Bachelor of Science - BSc, Neuroscience",,2020,2024,,,,"The University of Lethbridge Bachelor of Science - BSc, Neuroscience 2020 – 2024 Nelson Mandela High School High School Diploma Sep 2017 – Jun 2020",0
c48e94bc-8e51-43f9-bc83-bb5cefc16cee,d99f4fbc-49ae-4e26-80b5-23ae02c87015,University of Calgary,,,2019,2024,,,,University of Calgary 2019 – 2024,0
fd10a668-8d46-4270-9269-94d095eed630,3574dd3c-aeed-400f-8729-f2f4df0c4bb0,University of Calgary,"Master of Science - MSc, Biomedical Engineering",,Sep 2024,Oct 2026,"cGPA: 4.00/4.00 (A+,A+,A+,A+)",,,"University of Calgary Master of Science - MSc, Biomedical Engineering Sep 2024 – Oct 2026 Grade: cGPA: 4.00/4.00 (A+,A+,A+,A+) Specialization in Medical Imaging",0
62f55efd-6023-43d9-8757-4e1332983057,3574dd3c-aeed-400f-8729-f2f4df0c4bb0,The University of British Columbia,"Bachelor of Science - BSc, Honours in Computer Science and Minor in Mathematics",,Sep 2019,May 2024,cGPA = 90%,,"Dean's List 2022, 2023 Honours degree with a thesis on Computational Convex Analysis … more","The University of British Columbia Bachelor of Science - BSc, Honours in Computer Science and Minor in Mathematics Sep 2019 – May 2024 Grade: cGPA = 90% Dean's List 2022, 2023 Honours degree with a thesis on Computational Convex Analysis … more",1
514e0e76-5327-404b-8c6e-49fdfc3f2f29,a6e2ee49-40fe-472f-8d64-2d12f050c853,University of Calgary,"Master of Science - MS, Neuroscience",,2020,2022,,,"Skills: Cognitive Neuroscience, Clinical Neurophysiology","University of Calgary Master of Science - MS, Neuroscience 2020 – 2022 Thesis-based; project aimed at understanding the role of subgenual cingulate gyrus in emotional processing in patients struggling with depression. Skills: Cognitive Neuroscience, Clinical Neurophysiology",0
990ea598-c843-496f-967d-9b349e7588c0,a6e2ee49-40fe-472f-8d64-2d12f050c853,Mount Royal University,"Bachelor of Arts - BA with Honours, PSYCHOLOGY",,2014,2019,,,Played as a student-athlete on the MRU cougars women's volleyball team from 2014-2019 while maintaining a cumulative GPA of 3.77. Completed an Honour's thesis project involving the characterization and manipulation of locomotor behaviour in Helisoma trivolvis pond snail. … more,"Mount Royal University Bachelor of Arts - BA with Honours, PSYCHOLOGY 2014 – 2019 Played as a student-athlete on the MRU cougars women's volleyball team from 2014-2019 while maintaining a cumulative GPA of 3.77. Completed an Honour's thesis project involving the characterization and manipulation of locomotor behaviour in Helisoma trivolvis pond snail. … more",1
9ca6e225-f78a-4998-8a4c-4596012f2f30,eb4360fa-e6e2-466f-bd66-877e8d33ed95,University of Calgary,Doctor of Medicine - MD,,2017,2020,,,,University of Calgary Doctor of Medicine - MD 2017 – 2020,0
cb70aae9-9bb7-4547-a1fc-26f09cb8df59,eb4360fa-e6e2-466f-bd66-877e8d33ed95,University of Calgary,"Bachelor of Health Science - BHSc (Honours), Health Services/Allied Health/Health Sciences, General",,2013,2017,,,,"University of Calgary Bachelor of Health Science - BHSc (Honours), Health Services/Allied Health/Health Sciences, General 2013 – 2017",1
98dbf7a2-9e80-4b6e-aacd-cacacd79fb19,eb4360fa-e6e2-466f-bd66-877e8d33ed95,St Francis High School,High School/Secondary Diplomas and Certificates,,2010,2013,,,,St Francis High School High School/Secondary Diplomas and Certificates 2010 – 2013,2
72771ef9-5c35-46bd-bb30-9edaf6baa161,032babd0-2e68-4172-8d2b-fb76e2ffaf51,University of Calgary,"Doctor of Philosophy (PhD), Neuroscience",,2013,2017,,,PhD candidate in basic science research lab. Our research interests include chronic pain and opioids. Lab Website: painandpoppies.com Techniques: -Western Blotting -Cell Culture -Behavioural Assays -Calcium Imaging -Flow Cytometry -Immunohistochemistry -RT-PCR -Immunoprecipitation … more,"University of Calgary Doctor of Philosophy (PhD), Neuroscience 2013 – 2017 PhD candidate in basic science research lab. Our research interests include chronic pain and opioids. Lab Website: painandpoppies.com Techniques: -Western Blotting -Cell Culture -Behavioural Assays -Calcium Imaging -Flow Cytometry -Immunohistochemistry -RT-PCR -Immunoprecipitation … more",0
830929a8-88e7-4a60-844b-098959b56b38,032babd0-2e68-4172-8d2b-fb76e2ffaf51,University of Calgary,"Biochemistry Specialization, Neuroscience",,2012,2013,,Hotchkiss Brain Institute Trainee Organization Executive Committee,,"University of Calgary Biochemistry Specialization, Neuroscience 2012 – 2013 Activities and societies: Hotchkiss Brain Institute Trainee Organization Executive Committee",1
a5402822-2ff9-448b-b776-56be9814434e,032babd0-2e68-4172-8d2b-fb76e2ffaf51,Queen's University,"Bachelor of Science (BSc) Honours Biochemistry, Biomedical and Molecular Sciences",,2008,2012,,Biochemistry Student Council Co-Chair Academic Grievance Centre Coordinator Kingston Impact Basketball Club Head Coach Let's Talk Science Volunteer,,"Queen's University Bachelor of Science (BSc) Honours Biochemistry, Biomedical and Molecular Sciences 2008 – 2012 Activities and societies: Biochemistry Student Council Co-Chair Academic Grievance Centre Coordinator Kingston Impact Basketball Club Head Coach Let's Talk Science Volunteer",2
3c1f711d-2a37-4dfe-a91a-98140ada0aa1,032babd0-2e68-4172-8d2b-fb76e2ffaf51,Queen's University,"Bachelor of Arts (BA), French",,2008,2012,,"Biochemistry Student Council; Co-chair, Secretary, 2nd year Representative Academic Grievance Centre; Coordinator, Volunteer",,"Queen's University Bachelor of Arts (BA), French 2008 – 2012 Activities and societies: Biochemistry Student Council; Co-chair, Secretary, 2nd year Representative Academic Grievance Centre; Coordinator, Volunteer",3
19524f7d-c7d1-4a3c-8901-1ba61931db8b,032babd0-2e68-4172-8d2b-fb76e2ffaf51,St. Paul High School,Ontario Secondary School Diploma,,2002,2008,95,Peer Helper Peer Pal Reach for the Top Club,,St. Paul High School Ontario Secondary School Diploma 2002 – 2008 Grade: 95 Activities and societies: Peer Helper Peer Pal Reach for the Top Club,4
2eb4ab58-ef98-4d63-ac5b-ce98d98965e4,6d4b66dc-1227-411d-bd34-96ffd837ed5c,University of Calgary,Doctor of Medicine - MD,,Jul 2025,Jul 2028,,Martial Arts/Sparring Club - Founder & President Health Help Alberta - Volunteer Coordinator Nations Health Society - VP of Finance Exercise is Medicine - Junior Executive,,"University of Calgary Doctor of Medicine - MD Jul 2025 – Jul 2028 University of Calgary Bachelor of Health Sciences, Biomedical Sciences Sep 2021 – Apr 2025 Activities and societies: Martial Arts/Sparring Club - Founder & President Health Help Alberta - Volunteer Coordinator Nations Health Society - VP of Finance Exercise is Medicine - Junior Executive Skills: Writing, Microsoft Office",0
0e970374-fb74-4a20-bc92-a4d2844fc9f4,e7267525-c18f-41da-9bec-eb4868c93c8b,University of Calgary,"Bachelor of Health Sciences(Honors), Biomedical Sciences",,Sep 2024,Apr 2028,,,,"University of Calgary Bachelor of Health Sciences(Honors), Biomedical Sciences Sep 2024 – Apr 2028 Grandview Heights High School 2022 – 2024",0
da802979-21d4-468f-8232-bdc41399be99,70ab25bd-f4df-42c1-a09f-3bf3b020a75d,Haskayne School of Business,"Bachelor’s Degree, Business/Commerce, General",,2010,2015,3.426,Finance Lead of the Shulich Off-Road Team from 2010-2013,,"Haskayne School of Business Bachelor’s Degree, Business/Commerce, General 2010 – 2015 Grade: 3.426 Activities and societies: Finance Lead of the Shulich Off-Road Team from 2010-2013 Haskayne School of Business",0
886fc496-0db5-493f-88d0-228e704430cf,c394d1f5-c0c8-4194-abfd-2cb3833d9c9c,Mollie Clark,,,,,,,,"More profiles for you Mollie Clark · 3rd Lawyer at Harper Grey LLP Message Katie Maudsley, DID · 3rd Principal Designer at Mave Interior Design Studio Message",0
0f491b1d-e50e-4722-9ba0-5d3713137685,1e87e535-72b9-4cd1-a45b-7388a40664aa,Université des Sciences et de la Technologie 'Houari Boumediène',"Master 2 (M2), Industrial Engineering",,2010,2016,,,"Skills: Assainissement, Résolution de problèmes, +2 skills","Université des Sciences et de la Technologie 'Houari Boumediène' Master 2 (M2), Industrial Engineering 2010 – 2016 Skills: Assainissement, Résolution de problèmes, +2 skills",0
85c73106-fa7d-4b92-b5e0-590de356257f,8da88d24-84cc-470f-b23d-5df08100d0f9,University of Calgary,"Bachelor of Health Science, Biomedical Sciences, Honours",,Sep 2021,Jun 2025,First Class,,,"University of Calgary Bachelor of Health Science, Biomedical Sciences, Honours Sep 2021 – Jun 2025 Grade: First Class Brentwood College School BC Dogwood Diploma , High School Sep 2017 – Jun 2021",0
7a2c8a10-4e78-44aa-ab42-f7268707a430,29775a4f-602f-42b3-a85a-bc3b2a6e83f6,University of Calgary,,,2017,2019,,,,University of Calgary 2017 – 2019,0
20aeac8b-e877-486e-bd12-ce18523dcd69,29775a4f-602f-42b3-a85a-bc3b2a6e83f6,Behaviour Interventions Certificate of Achievement,Board Certified Behaviour Analyst Assistant,,2016,2017,,,,Behaviour Interventions Certificate of Achievement Board Certified Behaviour Analyst Assistant 2016 – 2017,1
ac9d61a6-fcd7-4eac-aef3-38be66d0a3cd,29775a4f-602f-42b3-a85a-bc3b2a6e83f6,MacEwan University,"Bachelor of Arts - BA, Psychology Honours",,2013,2017,,VP of Student Psychology Network,,"MacEwan University Bachelor of Arts - BA, Psychology Honours 2013 – 2017 Activities and societies: VP of Student Psychology Network",2
4ac64718-4148-4f86-8081-2cdd9e6c8da7,53482146-5b76-4e5d-823c-35f3903cd0fd,University of Calgary,Postdoctoral Fellow,,Mar 2023,Present,,,,University of Calgary Postdoctoral Fellow Mar 2023 – Present,0
be4fe5ad-c5d2-4bd5-9c73-63ffabbafa11,53482146-5b76-4e5d-823c-35f3903cd0fd,Washington State University,"Doctor of Philosophy - PhD, Applied Mathematics",,2018,2023,,,,"Washington State University Doctor of Philosophy - PhD, Applied Mathematics 2018 – 2023",1
d5baf9bf-e123-4599-b51d-e798c6d2531d,53482146-5b76-4e5d-823c-35f3903cd0fd,University of Washington,"Master of Science - MS, Applied Mathematics",,2016,2018,,,,"University of Washington Master of Science - MS, Applied Mathematics 2016 – 2018",2
69983946-5822-4f63-b8d6-d1ceeebe4b56,53482146-5b76-4e5d-823c-35f3903cd0fd,Carnegie Mellon University,"Bachelor of Science - BS, Mathematics",,2010,2014,,,,"Carnegie Mellon University Bachelor of Science - BS, Mathematics 2010 – 2014",3
ce4dc986-6f4c-48de-93fb-26f601472763,1b491565-a021-477c-9595-d1043ef5a2a3,University of Calgary,"Bachelor of Science - BSc, Biological Sciences",,,,,,,"University of Calgary Bachelor of Science - BSc, Biological Sciences",0
6b9ec31e-30c4-45c7-aee8-b39232d69e0c,71042bfc-1644-4fbe-9794-77144ab6423e,University of Calgary,"Bachelor of Health Sciences, Biomedical Sciences",,2022,2026,,"Student Council, Jr. High Basketball Team, Sr. High Basketball Team, Danceworks Club Member",,"University of Calgary Bachelor of Health Sciences, Biomedical Sciences 2022 – 2026 St. Martin de Porres High School High School Diploma Sep 2018 – Jun 2022 Activities and societies: Student Council, Jr. High Basketball Team, Sr. High Basketball Team, Danceworks Club Member",0
abb3c6a4-e4ca-49ca-8609-60218b607b8f,fb12dac6-f094-4555-a930-e99f428db3b3,University of Calgary,"Bachelor of Science - BS, Neuroscience",,2017,2021,,,,"University of Calgary Bachelor of Science - BS, Neuroscience 2017 – 2021 Colonel By Secondary School International Baccalaureate Diploma Programme 2013 – 2017",0
e955ba77-70c5-41d4-b853-a1b874b71aca,9285644a-db7a-4a16-8477-7b9e595e3894,University of Ottawa,Doctor of Medicine - MD,,Aug 2022,May 2026,,,,University of Ottawa Doctor of Medicine - MD Aug 2022 – May 2026,0
ba902461-c924-49d7-aad9-a8e327c6a13a,9285644a-db7a-4a16-8477-7b9e595e3894,University of Calgary,"Bachelor of Health Sciences (First Class Honours), Biomedical Sciences, Bioinformatics minor",,2018,2022,,Scholars Academy - BHSc Student-Faculty Liaison Committee (SFLC) - UC Dance Company - Medicine Alumni Advisory Council (MAAC) - BHSc Mentor and Buddy Programs - First Year Scholars - Emerging Leaders Program - Future Alumni Network,1 of 3 students awarded the Presidents Award for Excellence in Student Leadership from the graduating class of 2022,"University of Calgary Bachelor of Health Sciences (First Class Honours), Biomedical Sciences, Bioinformatics minor 2018 – 2022 Activities and societies: Scholars Academy - BHSc Student-Faculty Liaison Committee (SFLC) - UC Dance Company - Medicine Alumni Advisory Council (MAAC) - BHSc Mentor and Buddy Programs - First Year Scholars - Emerging Leaders Program - Future Alumni Network 1 of 3 students awarded the Presidents Award for Excellence in Student Leadership from the graduating class of 2022",1
6a9b6019-e907-4e64-87d3-68643b282243,9285644a-db7a-4a16-8477-7b9e595e3894,Western Canada High School,High School Diploma,,2015,2018,,Honour Society Lifetime Member - Leadership - Concert Band,,Western Canada High School High School Diploma 2015 – 2018 Activities and societies: Honour Society Lifetime Member - Leadership - Concert Band,2
af2442d0-431d-4600-9f88-9b49caa2be4a,3e4c18fc-b7cb-486a-9d04-6a469268083e,University of Calgary,"Bachelor of Science, Biochemistry",,Sep 2021,Apr 2026,,,,"University of Calgary Bachelor of Science, Biochemistry Sep 2021 – Apr 2026",0
19d70fc9-1a79-4313-930f-9aef653cb66b,df7ca7e8-682a-42fa-89b3-fbeee73d25e8,University of Calgary,"Bachelor of Science - BS, Neuroscience",,Sep 2024,Apr 2028,10-12,,,"University of Calgary Bachelor of Science - BS, Neuroscience Sep 2024 – Apr 2028 Sir winston churchill highschool High School Diploma Sep 2021 – Apr 2024 Grade: 10-12",0
f27fb37f-2d49-499b-9ad2-25f8f834bdd7,0c55fc6a-b49c-4d0f-a6b1-3df6ce1ba22c,"By clicking Agree & Join, you agree to the LinkedInUser Agreement,Privacy Policy, andCookie Policy.",Already on Linkedin? Sign in,,,,,,"By clicking Continue to join or sign in, you agree to LinkedIn’s User Agreement , Privacy Policy , and Cookie Policy .","Join LinkedIn Not you? Remove photo Email Password (6+ characters) First name Last name By clicking Agree & Join, you agree to the LinkedIn User Agreement , Privacy Policy , and Cookie Policy . Agree & Join or Already on Linkedin? Sign in Security verification Sign in Email or phone Password Show Forgot password? Sign in or By clicking Continue to join or sign in, you agree to LinkedIn’s User Agreement , Privacy Policy , and Cookie Policy . Continue with Google Continue with Google New to Linked",0
1f01c1a0-e968-4e9b-98cb-17fed41c3777,0c55fc6a-b49c-4d0f-a6b1-3df6ce1ba22c,LinkedIn,LinkedIn is better on the app,,,,,,,LinkedIn LinkedIn is better on the app Don’t have the app? Get it in the Microsoft Store. Open the app,1
9d5ed17b-16e9-4051-91f5-0edc96a2d87d,99ac6f1e-9f22-4fb8-a642-5a0b2f30cde9,"By clicking Agree & Join, you agree to the LinkedInUser Agreement,Privacy Policy, andCookie Policy.",Already on Linkedin? Sign in,,,,,,"By clicking Continue to join or sign in, you agree to LinkedIn’s User Agreement , Privacy Policy , and Cookie Policy .","Join LinkedIn Not you? Remove photo Email Password (6+ characters) First name Last name By clicking Agree & Join, you agree to the LinkedIn User Agreement , Privacy Policy , and Cookie Policy . Agree & Join or Already on Linkedin? Sign in Security verification Sign in Email or phone Password Show Forgot password? Sign in or By clicking Continue to join or sign in, you agree to LinkedIn’s User Agreement , Privacy Policy , and Cookie Policy . Continue with Google Continue with Google New to Linked",0
b1846d6a-d200-4c20-8459-966ee848022a,99ac6f1e-9f22-4fb8-a642-5a0b2f30cde9,LinkedIn,LinkedIn is better on the app,,,,,,,LinkedIn LinkedIn is better on the app Don’t have the app? Get it in the Microsoft Store. Open the app,1
e5aa7144-e839-454c-9ef7-c85c18de4e69,8d15a9c9-ea5b-4fe2-8743-27c605b6dc09,"By clicking Agree & Join, you agree to the LinkedInUser Agreement,Privacy Policy, andCookie Policy.",Already on Linkedin? Sign in,,,,,,"By clicking Continue to join or sign in, you agree to LinkedIn’s User Agreement , Privacy Policy , and Cookie Policy .","Join LinkedIn Not you? Remove photo Email Password (6+ characters) First name Last name By clicking Agree & Join, you agree to the LinkedIn User Agreement , Privacy Policy , and Cookie Policy . Agree & Join or Already on Linkedin? Sign in Security verification Sign in Email or phone Password Show Forgot password? Sign in or By clicking Continue to join or sign in, you agree to LinkedIn’s User Agreement , Privacy Policy , and Cookie Policy . Continue with Google Continue with Google New to Linked",0
c1b52e7d-4f76-4b78-b76a-8c1d2a56c75f,8d15a9c9-ea5b-4fe2-8743-27c605b6dc09,LinkedIn,LinkedIn is better on the app,,,,,,,LinkedIn LinkedIn is better on the app Don’t have the app? Get it in the Microsoft Store. Open the app,1
0ca475d8-7de5-4e83-b58a-b27a81e66328,f3ee300b-ec37-4ac4-87ee-9a94b661ef73,"By clicking Agree & Join, you agree to the LinkedInUser Agreement,Privacy Policy, andCookie Policy.",Already on Linkedin? Sign in,,,,,,"By clicking Continue to join or sign in, you agree to LinkedIn’s User Agreement , Privacy Policy , and Cookie Policy .","Join LinkedIn Not you? Remove photo Email Password (6+ characters) First name Last name By clicking Agree & Join, you agree to the LinkedIn User Agreement , Privacy Policy , and Cookie Policy . Agree & Join or Already on Linkedin? Sign in Security verification Sign in Email or phone Password Show Forgot password? Sign in or By clicking Continue to join or sign in, you agree to LinkedIn’s User Agreement , Privacy Policy , and Cookie Policy . Continue with Google Continue with Google New to Linked",0
e8d599c3-1a9b-466f-9d3d-ee894b1ab781,f3ee300b-ec37-4ac4-87ee-9a94b661ef73,LinkedIn,LinkedIn is better on the app,,,,,,,LinkedIn LinkedIn is better on the app Don’t have the app? Get it in the Microsoft Store. Open the app,1
fac7b9b0-ebc0-4fd7-8c36-66cd0b660925,190a08f9-88f4-4012-9fc4-ece4520f2abd,"By clicking Agree & Join, you agree to the LinkedInUser Agreement,Privacy Policy, andCookie Policy.",Already on Linkedin? Sign in,,,,,,"By clicking Continue to join or sign in, you agree to LinkedIn’s User Agreement , Privacy Policy , and Cookie Policy .","Join LinkedIn Not you? Remove photo Email Password (6+ characters) First name Last name By clicking Agree & Join, you agree to the LinkedIn User Agreement , Privacy Policy , and Cookie Policy . Agree & Join or Already on Linkedin? Sign in Security verification Sign in Email or phone Password Show Forgot password? Sign in or By clicking Continue to join or sign in, you agree to LinkedIn’s User Agreement , Privacy Policy , and Cookie Policy . Continue with Google Continue with Google New to Linked",0
6db61586-8be9-4035-93eb-6b27ead4659f,190a08f9-88f4-4012-9fc4-ece4520f2abd,LinkedIn,LinkedIn is better on the app,,,,,,,LinkedIn LinkedIn is better on the app Don’t have the app? Get it in the Microsoft Store. Open the app,1
8ab8c481-b889-4f6b-8dd1-554395cd74a2,d844e17e-27c2-4090-afc3-83b144b5fb6b,"By clicking Agree & Join, you agree to the LinkedInUser Agreement,Privacy Policy, andCookie Policy.",Already on Linkedin? Sign in,,,,,,"By clicking Continue to join or sign in, you agree to LinkedIn’s User Agreement , Privacy Policy , and Cookie Policy .","Join LinkedIn Not you? Remove photo Email Password (6+ characters) First name Last name By clicking Agree & Join, you agree to the LinkedIn User Agreement , Privacy Policy , and Cookie Policy . Agree & Join or Already on Linkedin? Sign in Security verification Sign in Email or phone Password Show Forgot password? Sign in or By clicking Continue to join or sign in, you agree to LinkedIn’s User Agreement , Privacy Policy , and Cookie Policy . Continue with Google Continue with Google New to Linked",0
9ca240ca-b130-4488-9a74-2b5c07826234,d844e17e-27c2-4090-afc3-83b144b5fb6b,LinkedIn,LinkedIn is better on the app,,,,,,,LinkedIn LinkedIn is better on the app Don’t have the app? Get it in the Microsoft Store. Open the app,1
7f9ffe9f-0928-47c5-83e8-1a3d4b0f524f,d80227f3-e38e-4429-8eca-5bacb8847e66,"By clicking Agree & Join, you agree to the LinkedInUser Agreement,Privacy Policy, andCookie Policy.",Already on Linkedin? Sign in,,,,,,"By clicking Continue to join or sign in, you agree to LinkedIn’s User Agreement , Privacy Policy , and Cookie Policy .","Join LinkedIn Not you? Remove photo Email Password (6+ characters) First name Last name By clicking Agree & Join, you agree to the LinkedIn User Agreement , Privacy Policy , and Cookie Policy . Agree & Join or Already on Linkedin? Sign in Security verification Sign in Email or phone Password Show Forgot password? Sign in or By clicking Continue to join or sign in, you agree to LinkedIn’s User Agreement , Privacy Policy , and Cookie Policy . Continue with Google Continue with Google New to Linked",0
baacc029-d516-4511-bb95-1637c98302f5,d80227f3-e38e-4429-8eca-5bacb8847e66,LinkedIn,LinkedIn is better on the app,,,,,,,LinkedIn LinkedIn is better on the app Don’t have the app? Get it in the Microsoft Store. Open the app,1
6c348afe-7f86-488b-a119-5e4e993dd40c,3e17f5c7-36fa-4b0f-b077-fdc2a41a4411,"By clicking Agree & Join, you agree to the LinkedInUser Agreement,Privacy Policy, andCookie Policy.",Already on Linkedin? Sign in,,,,,,"By clicking Continue to join or sign in, you agree to LinkedIn’s User Agreement , Privacy Policy , and Cookie Policy .","Join LinkedIn Not you? Remove photo Email Password (6+ characters) First name Last name By clicking Agree & Join, you agree to the LinkedIn User Agreement , Privacy Policy , and Cookie Policy . Agree & Join or Already on Linkedin? Sign in Security verification Sign in Email or phone Password Show Forgot password? Sign in or By clicking Continue to join or sign in, you agree to LinkedIn’s User Agreement , Privacy Policy , and Cookie Policy . Continue with Google Continue with Google New to Linked",0
a007f529-fb7c-489e-b342-87cec5609202,3e17f5c7-36fa-4b0f-b077-fdc2a41a4411,LinkedIn,LinkedIn is better on the app,,,,,,,LinkedIn LinkedIn is better on the app Don’t have the app? Get it in the Microsoft Store. Open the app,1
