keyword_id,profile_id,raw_keyword,source_section,source_weight
6836b72d-5af5-4a3d-8a4a-4cccb30cfd13,639a2e46-1f1b-4d39-bf3e-786c15609979,R (Programming Language),skills,1.0
7ad464ac-11db-4057-86e6-5155c3be0a6d,639a2e46-1f1b-4d39-bf3e-786c15609979,Microsurgery,skills,1.0
6ce18569-c589-4da3-895e-32f3675192ed,639a2e46-1f1b-4d39-bf3e-786c15609979,Chemogenetics,skills,1.0
e2de2301-c7f2-48bd-bfa6-7f8c3fa85fa8,639a2e46-1f1b-4d39-bf3e-786c15609979,Optogenetics,skills,1.0
90ec242d-b69f-4c3e-9801-1cd40d7a9f56,639a2e46-1f1b-4d39-bf3e-786c15609979,Mouse Models,skills,1.0
7b053cfb-2dfd-46d4-b2ec-87dcf8784356,639a2e46-1f1b-4d39-bf3e-786c15609979,Writing,skills,1.0
f92141ac-6e53-49c4-b919-2da3da13f8d1,639a2e46-1f1b-4d39-bf3e-786c15609979,Manuscript,skills,1.0
1fea1039-12e4-4b83-b45e-ef4b9d3ffa54,639a2e46-1f1b-4d39-bf3e-786c15609979,Editing,skills,1.0
1121651f-cf07-4a92-99df-7256fa2ea998,639a2e46-1f1b-4d39-bf3e-786c15609979,Computer Literacy,skills,1.0
a8e713dd-2a79-468a-8822-3b978c7250a3,639a2e46-1f1b-4d39-bf3e-786c15609979,Academic Editing,skills,1.0
1b694643-f05e-4816-89f8-8af4b9a2fdb0,639a2e46-1f1b-4d39-bf3e-786c15609979,Mechanical fatigue of whole rabbit-tibiae under combined compression-torsional loading is better explained by strained volume than peak strain magnitude,publications,0.9
9446e787-a7f1-464b-9c6f-08b76fc92283,639a2e46-1f1b-4d39-bf3e-786c15609979,Finite-element modelling to predict the fatigue life of rabbit tibiae subject to compression-torsional loading,publications,0.9
a748ca9e-cbaf-4e9a-bba4-7b7ae7a6f304,639a2e46-1f1b-4d39-bf3e-786c15609979,"The focus of my thesis work is to better understand and treat cardiovascular dysfunction following spinal cord injury through the use of epidural spinal stimulation. Individuals living with spinal cord injury are at a four-fold greater risk of developing cardiovascular disease than uninjured individuals, so developing and testing a therapeutic for this condition is of the utmost importance to improve health outcomes in this population",experience,0.5
b1993e2d-fa77-47cf-bd16-3326e959e024,639a2e46-1f1b-4d39-bf3e-786c15609979,"As a member of the Affiliate Management Committee, I am responsible for ensuring that there is a clear vision for Special Olympics Calgary that is founded in championing the health and social benefits afforded to Calgarians with an intellectual disability through the Special Olympics programs offered",experience,0.5
7c8d4a68-701f-4cd8-af13-988d85055432,639a2e46-1f1b-4d39-bf3e-786c15609979,"As Social Director for the HBITO, I was responsible for organizing and running the social events of the HBITO. The aim of these events was to bring together trainees from the HBI of all all levels (MSc, PhD, and Post-Doctoral Fellows) in an informal setting to get to know one another and foster a better sense of community",experience,0.5
950f63f7-31d1-4846-b91f-103fb1a6d2da,639a2e46-1f1b-4d39-bf3e-786c15609979,"Line cook for JOEY Crowfoot. Responsibilities included preparing and cooking meals for customers, maintaining kitchen cleanliness, and training new cooks to the kitchen. After starting out as an appetizers cook, I was promoted to an entrée cook after only 4 shifts on the job",experience,0.5
df276a72-0f36-458f-a42a-bcbf00b84a76,b033cf86-58d8-4d70-b0e1-26881c3adb66,Locus coeruleus microcircuitry processes periaqueductal gray inputs into distinct outputs for regulation of pain and anxiety,publications,0.9
480e78b3-9c9d-4c8c-b996-9a44cd21671b,b033cf86-58d8-4d70-b0e1-26881c3adb66,Pannexin-1 channel inhibition alleviates opioid withdrawal by modulating locus coeruleus to spinal cord circuitry,publications,0.9
3f9f0c28-e799-4acb-b812-1c3f6069bb85,b033cf86-58d8-4d70-b0e1-26881c3adb66,Expression of GAD2 in excitatory neurons projecting from the ventrolateral periaqueductal gray to the locus coeruleus,publications,0.9
e5710f2a-dcb9-4fa3-b0cb-a8c8927de103,b033cf86-58d8-4d70-b0e1-26881c3adb66,Differential regulation of Cav3.2 and Cav2.2 calcium channels by CB1 receptors and cannabidiol,publications,0.9
bd35f3a8-cb02-4995-82d9-4e609ae52a22,b033cf86-58d8-4d70-b0e1-26881c3adb66,Central and peripheral contributions of T-type calcium channels in pain,publications,0.9
586c68d9-b861-478e-baee-08901d7692a0,b033cf86-58d8-4d70-b0e1-26881c3adb66,"The T-type calcium channel antagonist, Z944, reduces spinal excitability and pain hypersensitivity",publications,0.9
85cc3f52-9eae-4548-abd7-41bdf2e66a73,b033cf86-58d8-4d70-b0e1-26881c3adb66,Chapter 17 - Changing Pain - Opioids and Pain,publications,0.9
19f7afe2-cba2-43f5-b037-5b6ae3907c95,b033cf86-58d8-4d70-b0e1-26881c3adb66,Insights into spinal dorsal horn circuit function and dysfunction using optical approaches,publications,0.9
c2a5d31b-0859-4bb0-b16d-1e782c0a4653,b033cf86-58d8-4d70-b0e1-26881c3adb66,Intracellular calcium responses encode action potential firing in spinal cord lamina I neurons,publications,0.9
35b99fcc-b77b-4852-a187-4efc2ceaffcf,b033cf86-58d8-4d70-b0e1-26881c3adb66,VIP cortical conductors set the tone for chronic pain,publications,0.9
f503d189-f7e3-41b8-9bb5-43ffc0374e21,efdbc8f3-283f-4d55-8d4a-cf4403e08152,Circadian Rhythms,skills,1.0
4becca31-7eaf-4abc-8ce7-042fbb9e0a20,efdbc8f3-283f-4d55-8d4a-cf4403e08152,Student Trainee at University of Calgary,skills,1.0
baa1202a-6968-4c35-a17e-2d661f191b78,efdbc8f3-283f-4d55-8d4a-cf4403e08152,"Agonists for glutamate, acetylcholine, and orexin cause non-photic phase shifts when applied to the intergeniculate leaflet",publications,0.9
afa3b599-94b7-49e6-b3a5-4b82cb83f3f5,ffc02b17-87bd-41f4-ab71-db6024e7dc40,Professor with a demonstrated history of leadership in the higher education,about,0.8
1453eb87-97d0-4825-ad36-0ad60ce2da0c,ffc02b17-87bd-41f4-ab71-db6024e7dc40,Skilled in MR Imaging,about,0.8
804b8add-6ebc-4949-9da4-137db086f630,ffc02b17-87bd-41f4-ab71-db6024e7dc40,Clinical Research,about,0.8
bd34116c-a4bb-47b1-8bd5-857a5e1ed9d9,ffc02b17-87bd-41f4-ab71-db6024e7dc40,Biomedical Engineering,about,0.8
aab0fd76-ef89-45c1-9d70-c5e21da715b3,ffc02b17-87bd-41f4-ab71-db6024e7dc40,Medical Physics,about,0.8
6e57b021-97ce-4474-a630-227af1a58b58,ffc02b17-87bd-41f4-ab71-db6024e7dc40,and Science,about,0.8
febdffd1-de8f-4126-a4d0-3e625dfaedcf,ffc02b17-87bd-41f4-ab71-db6024e7dc40,Professional with a Doctor of Philosophy (PhD) in Medical Biophysics from Western University,about,0.8
3dd04ba9-a30a-445c-b597-122c7bda8ff4,f51d9950-317d-4686-bb1b-d74cfed898dc,I am a Biomedical Engineering PhD candidate at the University of Calgary specializing in machine learning applications for fMRI data analysis,about,0.8
289a3c70-4b6f-4b6f-8ff5-17779f9b22ef,f51d9950-317d-4686-bb1b-d74cfed898dc,My research involves estimating physiological fluctuations such as respiratory and heart rate variability directly from imaging data,about,0.8
7fef165a-a62c-4bf3-8060-3538ae6c9da4,f51d9950-317d-4686-bb1b-d74cfed898dc,leveraging CNNs and large datasets like the Human Connectome Project,about,0.8
e5bf904e-3c69-477a-b897-f6ddb5968104,f51d9950-317d-4686-bb1b-d74cfed898dc,Passionate about innovative solutions in biomedical imaging,about,0.8
8fe98cfd-b84d-4e87-80d6-c5e629550e92,f51d9950-317d-4686-bb1b-d74cfed898dc,I aim to advance non-invasive physiological measurement techniques for both clinical and research applications,about,0.8
32c13b8b-ff3f-450b-a9d6-db4fc56e1cab,f51d9950-317d-4686-bb1b-d74cfed898dc,For a full list of my publications,about,0.8
6f7f5ab6-6018-4401-a76b-d487ab621f98,f51d9950-317d-4686-bb1b-d74cfed898dc,please visit my Google Scholar profile,about,0.8
55780b68-1624-4e4c-82e4-e7db4c59a4c6,f51d9950-317d-4686-bb1b-d74cfed898dc,https,about,0.8
eb5dd0d1-796f-451e-99c8-029ca040501d,f51d9950-317d-4686-bb1b-d74cfed898dc,//scholar,about,0.8
6ae172b7-77a2-4380-b72e-283b12eeb695,f51d9950-317d-4686-bb1b-d74cfed898dc,google,about,0.8
2df21256-1c2e-44ee-9633-a5b2eb1fa866,f51d9950-317d-4686-bb1b-d74cfed898dc,ca/citations,about,0.8
b8a415c2-c76c-4860-b497-5088c12b1650,f51d9950-317d-4686-bb1b-d74cfed898dc,hl=en&user=VQZ39nkAAAAJ,about,0.8
2046c7e5-4a7e-4f98-8713-2f764b152772,f51d9950-317d-4686-bb1b-d74cfed898dc,Machine Learning-based Estimation of Respiratory Fluctuations in a Healthy Adult Population using resting state BOLD fMRI and Head Motion Parameters,publications,0.9
01074441-1845-47c3-b74f-19ef846c82c3,f51d9950-317d-4686-bb1b-d74cfed898dc,Image Translation for Estimating Two‐Dimensional Axial Amyloid‐Beta PET From Structural MRI,publications,0.9
3b3368d0-f20e-4832-83d6-f8d8f4302194,f51d9950-317d-4686-bb1b-d74cfed898dc,Limitations Of the Derived Respiratory Variation Measurements Used in Functional Magnetic Resonance Imaging,publications,0.9
4b121403-7c70-44d2-b3c5-f65168fd954e,f51d9950-317d-4686-bb1b-d74cfed898dc,Direct Machine Learning Reconstruction of Respiratory Variation Waveforms from Resting State fMRI Data in a Pediatric Population,publications,0.9
fb82d798-dcab-4fcb-aa05-13c9a11cca39,f51d9950-317d-4686-bb1b-d74cfed898dc,An intelligent system based on optimized ANFIS and association rules for power transformer fault diagnosis,publications,0.9
1f1f5079-7888-4d86-8e1f-98fb60feea5f,f51d9950-317d-4686-bb1b-d74cfed898dc,Control chart pattern recognition using RBF neural network with new training algorithm and practical features,publications,0.9
57cb59fe-5427-4d1b-bd67-d4e4c51c0150,778f461f-2111-46bb-9a89-f85ae4e0bc64,As a Software Developer & Data Scientist specializing in health tech,about,0.8
03111e33-df23-45f1-bf2c-e029c633f985,778f461f-2111-46bb-9a89-f85ae4e0bc64,I build scalable,about,0.8
91589634-fef6-45ed-ac5f-f69146cc6f4b,778f461f-2111-46bb-9a89-f85ae4e0bc64,production-grade software that seamlessly integrates advanced AI and machine learning capabilities into clinical workflows,about,0.8
4bce9fdf-80e0-4be6-8a24-8bbc95d33eca,778f461f-2111-46bb-9a89-f85ae4e0bc64,Currently developing robust software systems at the University of Calgary,about,0.8
3c7d828b-4d22-4cc5-bec0-daf9cc489978,778f461f-2111-46bb-9a89-f85ae4e0bc64,my expertise lies at the intersection of full-stack software architecture and applied AI,about,0.8
213b5e09-a80c-4482-aa96-919e1ab72d4b,778f461f-2111-46bb-9a89-f85ae4e0bc64,I focus on transforming complex clinical datasets and Electronic Health Records (EHR) into reliable,about,0.8
7d7cb1d3-b0aa-4613-b3a8-b749e0e275b6,778f461f-2111-46bb-9a89-f85ae4e0bc64,high-performance applications that improve patient outcomes,about,0.8
ea2285ce-9b9d-4fe6-bd20-8647fb343693,778f461f-2111-46bb-9a89-f85ae4e0bc64,Key Highlights & Expertise,about,0.8
dd83cf75-6825-48a1-87f0-97a03348ecdf,778f461f-2111-46bb-9a89-f85ae4e0bc64,AI-Applied Software Engineering,about,0.8
22f8ba5d-a665-4539-a0f7-d1b12d17799a,778f461f-2111-46bb-9a89-f85ae4e0bc64,Architected an end-to-end clinical risk prediction application,about,0.8
d628a7e6-4ac5-4abf-b3ec-f925d5180c37,778f461f-2111-46bb-9a89-f85ae4e0bc64,integrating fine-tuned Transformer models (Bio-BERT/ClinicalBERT) via PyTorch directly into secure,about,0.8
f8f4f20b-6c2a-48fd-96c9-b4612a68da58,778f461f-2111-46bb-9a89-f85ae4e0bc64,cloud-native software microservices,about,0.8
6c40c020-adc5-4995-be49-991b91963f8a,778f461f-2111-46bb-9a89-f85ae4e0bc64,Cloud Architecture & MLOps,about,0.8
cb340bb9-11ae-48a5-b8e9-71580f34bcab,778f461f-2111-46bb-9a89-f85ae4e0bc64,Experienced in designing scalable backend infrastructure on AWS (ECS,about,0.8
5fc158e9-008a-4081-b14f-ac35f9cea427,778f461f-2111-46bb-9a89-f85ae4e0bc64,EKS,about,0.8
fd4af40c-1e59-4db2-856a-e71a0872f9d0,778f461f-2111-46bb-9a89-f85ae4e0bc64,SageMaker) using Docker and robust CI/CD pipelines to ensure efficient,about,0.8
f8cafbd2-5e33-4794-b4f0-5e4b4b2e60ad,778f461f-2111-46bb-9a89-f85ae4e0bc64,low-latency model inference in production,about,0.8
ba273e09-8417-4451-a4bd-fac5d81d7951,778f461f-2111-46bb-9a89-f85ae4e0bc64,I hold a Master's in Software Engineering,about,0.8
b3bf9c51-082f-4637-992d-4dec7bf9d5e5,778f461f-2111-46bb-9a89-f85ae4e0bc64,providing me with a deep foundation in algorithm design,about,0.8
9c5c10ce-63ef-49ce-9add-7eef3369ece2,778f461f-2111-46bb-9a89-f85ae4e0bc64,object-oriented programming,about,0.8
591c7000-f1c0-4f9e-932b-70ffd43aa931,778f461f-2111-46bb-9a89-f85ae4e0bc64,and scalable systems,about,0.8
734626d4-5f62-4a10-bfda-91711eeaa62f,778f461f-2111-46bb-9a89-f85ae4e0bc64,I am passionate about modern software craftsmanship,about,0.8
559dc77b-a96a-4263-935a-473600c67184,778f461f-2111-46bb-9a89-f85ae4e0bc64,currently expanding my focus into building robust deployment pipelines for clinical LLMs and implementing Explainable AI (XAI) frameworks within software user interfaces,about,0.8
46393c49-ba36-44d8-9d8a-4b8f6066947f,778f461f-2111-46bb-9a89-f85ae4e0bc64,Always open to connecting with fellow engineers,about,0.8
413d42f2-0f30-4a13-bc52-aaa6d687562a,778f461f-2111-46bb-9a89-f85ae4e0bc64,architects,about,0.8
60831228-71b1-4ca3-8ab2-7d8004e0a64a,778f461f-2111-46bb-9a89-f85ae4e0bc64,and innovators building the future of health tech,about,0.8
fe3d4771-cb0d-47c2-9c43-9609240985cc,dab82746-9cd9-450f-95b5-7798ea6d8adc,Homework Help,skills,1.0
4e63274f-7d7b-476e-abba-0b383d036d7d,dab82746-9cd9-450f-95b5-7798ea6d8adc,One-on-one Instruction,skills,1.0
15c9f337-0671-492b-a542-4e4b6a589e48,dab82746-9cd9-450f-95b5-7798ea6d8adc,Individualized Instruction,skills,1.0
5f63bc93-69f9-4271-b819-c4cc638398da,dab82746-9cd9-450f-95b5-7798ea6d8adc,Autism Spectrum Disorders,skills,1.0
078f502b-e918-4c52-915b-b5fa0d495364,dab82746-9cd9-450f-95b5-7798ea6d8adc,Public Outreach,skills,1.0
9be5ed59-804e-4226-8959-eadc266f6521,dab82746-9cd9-450f-95b5-7798ea6d8adc,Corporate Outreach,skills,1.0
85854c2a-2b9f-4429-ba64-13570b376ed7,dab82746-9cd9-450f-95b5-7798ea6d8adc,Community Outreach,skills,1.0
c1739262-d861-471b-b367-f55325d8dd91,dab82746-9cd9-450f-95b5-7798ea6d8adc,Social Outreach,skills,1.0
2f0fea6e-099e-4a7c-b270-280b3aa48071,dab82746-9cd9-450f-95b5-7798ea6d8adc,Online Content Creation,skills,1.0
7d5e9bb1-b29d-48bf-83ec-3282520d37ac,dab82746-9cd9-450f-95b5-7798ea6d8adc,I am a doctoral student in the Psychedelic and Cannabinoid Therapeutics lab at the University of Calgary,about,0.8
66f50aa0-fed2-42a4-83d4-8a717c200e66,dab82746-9cd9-450f-95b5-7798ea6d8adc,I have a special interest in neuropharmacology and the development of novel therapeutics for psychiatric disorders,about,0.8
f04c4502-a128-4cca-9281-b4c2a1ffd297,dab82746-9cd9-450f-95b5-7798ea6d8adc,My current work largely focuses on the psychophysiological impacts of childhood maltreatment,about,0.8
426bd017-8475-4fa9-b395-042e3bab4ad4,dab82746-9cd9-450f-95b5-7798ea6d8adc,particularly concerning the endocannabinoid system and social information processing,about,0.8
483825ed-45f0-46bf-b61a-7cbe82d7091b,dab82746-9cd9-450f-95b5-7798ea6d8adc,I am eager to connect and collaborate in science,about,0.8
a53616ff-074f-4fc6-a69a-417fe89eef1a,dab82746-9cd9-450f-95b5-7798ea6d8adc,advocacy,about,0.8
d4e72893-c3e2-4463-92b7-30b285fb3ff8,dab82746-9cd9-450f-95b5-7798ea6d8adc,or on the trails 🥾,about,0.8
1c0de890-d244-48f3-9c2e-3243fa5d9940,dab82746-9cd9-450f-95b5-7798ea6d8adc,Individual and additive effects of childhood maltreatment and substance use disorder histories on baseline and stress-induced changes in peripheral stress biomarkers,publications,0.9
ca7d2571-cdcf-44f0-84e0-832e6f07f09d,dab82746-9cd9-450f-95b5-7798ea6d8adc,Endocannabinoids and the neurobiology of emotional states,publications,0.9
e943bad1-95a7-4fc2-a63b-5c7970462b8c,dab82746-9cd9-450f-95b5-7798ea6d8adc,"Endocannabinoids play a crucial role in regulating the stress response, influencing both the initiation and resolution of stress-related processes in the brain. This discovery has been greatly advanced by the development of pharmacological tools, particularly fatty acid amide hydrolase (FAAH) and monoacylglycerol lipase (MAGL) inhibitors, which have been pivotal in uncovering the endocannabinoid (eCB) system's role in stress regulation. The success of these inhibitors in animal models of stress and emotion has led to the development of clinical therapies targeting eCB enzymes. FAAH inhibitors have demonstrated potential for enhancing fear extinction in healthy humans, offering hope for posttraumatic stress disorder (PTSD) treatment, though clinical trials in PTSD have yet to provide clear therapeutic evidence. In social anxiety disorder (SAD), FAAH inhibitors have shown potential for symptom reduction, but further research is needed. These findings emphasize the growing understanding of eCBs in regulating the stress response and the promise of eCB-based therapies for stress-related disorders. … more",publications,0.9
6c2c73a6-82f5-4434-8b52-0649a837916c,dab82746-9cd9-450f-95b5-7798ea6d8adc,Endocannabinoid Contributions to Psychiatric Risk,publications,0.9
1ce0d0c5-961f-4f4b-875c-dfdbadee1e6d,dab82746-9cd9-450f-95b5-7798ea6d8adc,"This chapter examines the role of the endocannabinoid (eCB) system in psychiatric disorders, including anxiety, depression, eating disorders, post-traumatic stress disorder, substance use disorders, autism spectrum disorder, and schizophrenia. We pay specific attention to the eCB system's role in regulating stress, fear, emotional processing, metabolism, and synaptic plasticity. 10.1007/978-3-031-87990-6_15 … more",publications,0.9
b45841cc-ade0-4641-ba7b-a18763722434,dab82746-9cd9-450f-95b5-7798ea6d8adc,"Endocannabinoid contributions to the perception of socially relevant, affective touch in humans",publications,0.9
f051a067-ce5c-46fd-b9c7-2cfc0f6b2063,0c2aa172-9ee3-4815-a8e8-940f4c2e9e09,Indigenous Education,skills,1.0
d335d999-8978-460f-ae50-c45b99ac4536,0c2aa172-9ee3-4815-a8e8-940f4c2e9e09,Mental Health,skills,1.0
20bee154-2cbc-420f-9a7a-7183cde9c4f9,0c2aa172-9ee3-4815-a8e8-940f4c2e9e09,Digital Learning,skills,1.0
6fbcf810-6a46-45e8-b177-127139efb486,0c2aa172-9ee3-4815-a8e8-940f4c2e9e09,Traditional Knowledge,skills,1.0
61d98744-b26f-4756-b2dd-f2a08f90e5e0,0c2aa172-9ee3-4815-a8e8-940f4c2e9e09,Neurology,skills,1.0
110b65ce-e192-4e09-a0b6-c70fab361a07,0c2aa172-9ee3-4815-a8e8-940f4c2e9e09,Public Health,skills,1.0
da41c5c9-9781-4d96-9894-44030f6bfb1a,0c2aa172-9ee3-4815-a8e8-940f4c2e9e09,Climate Change Science,skills,1.0
afb7f4f7-4ee3-44b4-a0ba-4c303467dada,0c2aa172-9ee3-4815-a8e8-940f4c2e9e09,Climate Change Impacts,skills,1.0
2a05f2b1-a446-4205-bd47-0a2af70eb262,0c2aa172-9ee3-4815-a8e8-940f4c2e9e09,Climate Change Risk Analysis,skills,1.0
be909dc9-5f4d-4321-bcb4-b17031c28a3c,0c2aa172-9ee3-4815-a8e8-940f4c2e9e09,Health Equity,skills,1.0
d2d0fb27-7d48-4c2b-b2a8-cc23a9f654b4,0c2aa172-9ee3-4815-a8e8-940f4c2e9e09,MSc Neuroscience researcher and Co-Executive Director of the Brain Climate Equity Collaborative,about,0.8
bbaf6892-6f6d-4068-ab5e-e597205f54f8,0c2aa172-9ee3-4815-a8e8-940f4c2e9e09,working at the intersection of neurological health,about,0.8
9d499116-eb61-4f02-a389-1111f5f6b459,0c2aa172-9ee3-4815-a8e8-940f4c2e9e09,climate justice,about,0.8
66d19add-c1db-41e3-ba92-3cebe69082b7,0c2aa172-9ee3-4815-a8e8-940f4c2e9e09,and health equity,about,0.8
ed40efc3-f0da-4f1d-9211-90496749fa91,0c2aa172-9ee3-4815-a8e8-940f4c2e9e09,My work focuses on translating research into real-world impact,about,0.8
385ae1e4-6f6b-40fc-8d23-075d13ed152d,0c2aa172-9ee3-4815-a8e8-940f4c2e9e09,advancing climate-resilient approaches to neurological health,about,0.8
cd342892-d8eb-47e9-8b46-177626900c18,0c2aa172-9ee3-4815-a8e8-940f4c2e9e09,and building initiatives that center community and inclusion,about,0.8
59ebd874-144e-43d1-b71b-34700fb64afc,0c2aa172-9ee3-4815-a8e8-940f4c2e9e09,"Co-founded and lead Canada's first national organization at the intersection of brain health, climate justice, and health equity. Built from the ground up while completing a graduate degree in neuroscience, Brain-CE Collab now operates a 40+ fellow network, a 10-person expert board, and 15+ active research and advocacy projects spanning local, national, and international partnerships in 45 countries. Responsible for organizational strategy, fundraising, research leadership, partnership development, fellow recruitment and mentorship, and public communications. Our founding article was republished in 17+ outlets. We've secured multiple competitive grants, hosted nationally streamed events, and are conducting research",experience,0.5
fa475f5f-b55b-4412-b35a-59eade5ddbf9,0c2aa172-9ee3-4815-a8e8-940f4c2e9e09,"Served as a member of the Equity, Diversity, Inclusion & Accessibility (EDI&A) Committee at the University of Calgary. • Advised on developing guidance for opportunities, enhancing transparency for candidates. • Collaborated to define core EDIA principles, fostering a respectful culture in clinical neuroscience. • Supported the creation of a centralized resource hub for integrating EDIA principles into research practices",experience,0.5
29986e9c-90a8-4579-93a1-03a3739b1571,0c2aa172-9ee3-4815-a8e8-940f4c2e9e09,"Acted as an advocate for HBI faculty, aligning their interests with inclusive departmental strategies. • Collaborated with leadership to integrate EDIA best practices across the institute. • Provided expertise to ensure strategic alignment with broader institutional goals, fostering a culture of inclusivity",experience,0.5
3b362a15-7cfd-4cdf-a9c5-ec1dcfd897f0,0c2aa172-9ee3-4815-a8e8-940f4c2e9e09,Managed and contributed to multidisciplinary research projects utilizing cutting-edge neurotechnology. • Ensured timely and high-quality project deliverables through rigorous planning and execution. • Collaborated with diverse teams to integrate innovative solutions in neuroscience research,experience,0.5
6ded0375-0599-4ed2-8376-24bbdaefcd82,0c2aa172-9ee3-4815-a8e8-940f4c2e9e09,"Coordinated inclusive events such as mentorship programs, Tea Talks, and Journal Club for diverse trainee groups. • Promoted multicultural and neurodivergent support initiatives to foster a respectful and inclusive community. • Collaborated with fellow subcommittee members to enhance engagement and participation in diversity initiatives at Hotchkiss Brain Institute",experience,0.5
aa59ab3c-8ebc-4712-9a62-79390fb06702,0c2aa172-9ee3-4815-a8e8-940f4c2e9e09,"Collaborated with a creative studio and art collective to merge visual storytelling with community advocacy. • Curated 10+ exhibitions showcasing over 50 original works, raising $10K+ for local nonprofits. • Engaged a diverse audience through narrative-driven art that challenges conventional perspectives. • Exhibited work at notable venues, including: Calgary Public Library — Women’s Health Symposium Glenbow Museum — Sacred Weft Showcase Foothills Medical Centre — Cycles of Renewal Okotoks Art Gallery — Cycles of Renewal",experience,0.5
c6e3f052-fda5-40e9-9847-d6cacfe247da,0c2aa172-9ee3-4815-a8e8-940f4c2e9e09,"Start-up Leadership, Start-up Ventures and +3 skills",experience,0.5
c8e7d820-7a0f-4f7d-8abd-ff222c1d24c0,0c2aa172-9ee3-4815-a8e8-940f4c2e9e09,"Founded and led an innovative educational platform, Brainwave, focusing on personalized learning through AI-driven tutoring. • Designed AI-integrated learning frameworks for over 10 students, achieving a 40% improvement in academic performance. • Developed and licensed customized curricula for educational institutions, scaling the platform's impact across diverse learning environments. • Successfully sold the company to a for-profit educational organization, expanding its reach across North America",experience,0.5
80175759-111e-4bd2-8a3d-0b1bc0552ef2,0c2aa172-9ee3-4815-a8e8-940f4c2e9e09,"Curriculum Development, Indigenous Education and +7 skills",experience,0.5
3281dea2-492b-47bb-9553-a31bb3a1afd5,0c2aa172-9ee3-4815-a8e8-940f4c2e9e09,"Co-led a marathon team in Canada’s longest-running event, successfully raising over $1.5K for a youth advocacy centre. • Organized logistics and fundraising initiatives to enhance community awareness and support for youth advocacy. • Collaborated with local stakeholders to foster engagement and participation in the event",experience,0.5
2087eaac-d2bd-40c1-a97b-9bee5111751a,0c2aa172-9ee3-4815-a8e8-940f4c2e9e09,"Developed original artwork that captured the essence of the Society for Autism Support and Services' mission. • Delivered high-quality pieces within tight deadlines, ensuring stakeholder satisfaction. • Collaborated closely with team members to align artistic vision with organizational values",experience,0.5
1d7b3d3a-e444-4fff-8949-7ef859100c8e,0c2aa172-9ee3-4815-a8e8-940f4c2e9e09,"Delivered direct therapy to preschool-aged children in various settings, including homes and schools. • Conducted multidisciplinary assessments to tailor interventions for each child's unique needs. • Coordinated family-centered interventions to foster development and support families",experience,0.5
9aa927c8-50dc-4067-b140-3b5a8425aa6a,f67d4ef6-7478-48a3-b662-e95c80bb7185,Program Management,skills,1.0
fcb29cb0-5bdc-487e-8426-9d0d228e8c77,f67d4ef6-7478-48a3-b662-e95c80bb7185,Stakeholder Management,skills,1.0
59518d0f-f441-446b-b5f2-dfccb91265fb,f67d4ef6-7478-48a3-b662-e95c80bb7185,Atlassian Suite,skills,1.0
a2812307-283c-4516-9d67-a64ba03d7132,f67d4ef6-7478-48a3-b662-e95c80bb7185,Leadership,skills,1.0
58f825b5-4622-494b-9fec-db1bb5059e01,f67d4ef6-7478-48a3-b662-e95c80bb7185,Problem Solving,skills,1.0
431ebb84-a97c-4feb-b240-efd013c80a0e,f67d4ef6-7478-48a3-b662-e95c80bb7185,Managing Meetings,skills,1.0
852e0b00-9a84-4fae-a703-7067b2527ab1,f67d4ef6-7478-48a3-b662-e95c80bb7185,Critical Thinking,skills,1.0
e67cf7d6-f19e-4c46-8c0a-a6d023228f5c,f67d4ef6-7478-48a3-b662-e95c80bb7185,Project Management,skills,1.0
275f528d-fbd9-4320-8119-14c77b093351,f67d4ef6-7478-48a3-b662-e95c80bb7185,Communication,skills,1.0
82a1f79c-f230-469b-90fc-9df0cde16602,f67d4ef6-7478-48a3-b662-e95c80bb7185,I am a Project Management Professional (PMP) who is passionate about applying strategic thinking,about,0.8
b2806c3f-58b7-45b6-b761-ea48948e37c8,f67d4ef6-7478-48a3-b662-e95c80bb7185,creativity,about,0.8
874cd3e7-ad85-4538-9103-7fc202e807e7,f67d4ef6-7478-48a3-b662-e95c80bb7185,and change management concepts to achieve positive impact,about,0.8
60ae2403-8fc2-4747-804e-6401c5fb71e9,f67d4ef6-7478-48a3-b662-e95c80bb7185,I have experience in project and program management,about,0.8
c0130a2d-cf15-4e8b-88a2-12c919b0b8b3,f67d4ef6-7478-48a3-b662-e95c80bb7185,leading a team,about,0.8
0f7af689-8803-4ad1-ad10-647c2065b484,f67d4ef6-7478-48a3-b662-e95c80bb7185,and managing day-to-day operations of multiple,about,0.8
c7363397-3775-4e1b-a7ef-f55a50fd48db,f67d4ef6-7478-48a3-b662-e95c80bb7185,complex projects to align strategic objectives with operational effectiveness,about,0.8
b99f1ba2-3be6-4062-ba9f-e5c2a410cae8,f67d4ef6-7478-48a3-b662-e95c80bb7185,I am continually seeking challenge and growth as a leader in roles where I can translate vision to tangible action and purposeful outcomes,about,0.8
35179918-520a-41ee-9862-6bbcaf8be2f4,f67d4ef6-7478-48a3-b662-e95c80bb7185,Top skills Problem Solving • Interpersonal Skills • Critical Thinking • Leadership • Program Management,about,0.8
248d368c-7b08-446f-8c0f-c0fb21077db3,f67d4ef6-7478-48a3-b662-e95c80bb7185,Chronic glucocorticoid management in neuromuscular disease: A survey of neuromuscular neurologists,publications,0.9
1c93b3af-debb-4e1b-a19f-3a9b7f9e9b28,f67d4ef6-7478-48a3-b662-e95c80bb7185,"Lora Stepanian, Ruple S. Laughlin, Corey Bacher, Aaron Izenberg, Victoria Hodgkinson, Adrienna Dyck, Ari Breiner, Charles D. Kassardijan",publications,0.9
a4bf8431-484f-4edf-82be-22680d6b9799,f67d4ef6-7478-48a3-b662-e95c80bb7185,The Brain in Motion II Study: Study Protocol for a Randomized Controlled Trial of an Aerobic Exercise Intervention for Older Adults at Increased Risk of Dementia,publications,0.9
282fbf4c-ffd1-439e-a384-2119ad68b7d3,f67d4ef6-7478-48a3-b662-e95c80bb7185,"Renata L. Kruger, Cameron M. Clark, Adrienna M. Dyck, Todd J. Anderson, Fiona Clement, Patrick J. Hanly et al",publications,0.9
a650f06f-92d2-4643-8253-e8c5f7eaebdc,f67d4ef6-7478-48a3-b662-e95c80bb7185,"Effect of Acute, Subacute and Repeated Exposure to High Altitude (5050m) on Psychomotor Vigilance",publications,0.9
b9ee7672-a957-4b05-b4d1-b873c81ec041,f67d4ef6-7478-48a3-b662-e95c80bb7185,"Matiram Pun, Sara E. Hartman, Michael Furian, Adrienna M. Dyck, Lara Muralt, Mona Lichtblau, Patrick R. Bader, Jean M. Rawling, Silvia Ulrich, Konrad E. Bloch & Marc J. Poulin",publications,0.9
821d8bf8-cd18-42e8-8d3a-87f9879c606a,f67d4ef6-7478-48a3-b662-e95c80bb7185,"Overseeing coordination of work across multiple, complex programs, in alignment with strategic goals across all programs",experience,0.5
d1e13c8d-0a77-4f33-a5fa-83c2c7419f60,f67d4ef6-7478-48a3-b662-e95c80bb7185,"monitoring project progress and risks. · Team management: directing day-to-day work, leading meetings, interviewing, hiring, and evaluating performance. · Financial management, including developing project budgets, approving expenses, financial oversight and monitoring. · Liaising with stakeholders and funders to build and maintain positive relations and facilitate alignment on project plans and funding agreements. · Developing and implementing processes and metrics to improve operational effectiveness and knowledge management",experience,0.5
b35cabf7-19a9-415c-a212-72adddeca420,f67d4ef6-7478-48a3-b662-e95c80bb7185,Designed and delivered fun and engaging Boot Camp and weights classes in-person and virtually • Provided individualized modifications and exercise correction for adults of all fitness levels,experience,0.5
7427f5d1-40bd-4bd2-9251-4bd5e71f7e80,f67d4ef6-7478-48a3-b662-e95c80bb7185,"Brain in Motion (BIM) II Study, Laboratory of Human Cerebrovascular Physiology • Coordinated study team and day-to-day research operations • Managed regular communication with study participants • Organized a multi-site exercise intervention and trained and supervised exercise trainers • Assisted with ethics amendments, meetings, and stakeholder communications",experience,0.5
4a732af0-c905-402a-93d1-2586a3e7b4e8,f67d4ef6-7478-48a3-b662-e95c80bb7185,"Brain in Motion (BIM) II Study, Laboratory of Human Cerebrovascular Physiology • Coached older adults on safe exercise participation • Organized and maintained exercise program protocols and equipment • Collected and entered study data",experience,0.5
cee43638-176b-49c7-b082-4913ba6a180a,f67d4ef6-7478-48a3-b662-e95c80bb7185,"Conducted exercise testing, researched and revised protocols for upcoming studies",experience,0.5
7868f633-1d54-45f0-bd93-1028b25824ab,f67d4ef6-7478-48a3-b662-e95c80bb7185,"One-on-one exercise instruction and Functional Electrical Stimulation (FES) set-ups for clients with spinal cord injuries, multiple sclerosis, and other neurological conditions",experience,0.5
abe91f22-55d8-4cf6-bb2b-5e465140e7fd,f67d4ef6-7478-48a3-b662-e95c80bb7185,Small-group and one-on-one exercise training for women of varying ages and abilities,experience,0.5
f67ba282-1f79-4d08-a236-2276502b6c83,f67d4ef6-7478-48a3-b662-e95c80bb7185,Supervised and mentored instructors and new staff • Managed registration and provided customer service • Lifeguarding duties and swimming & lifesaving instruction,experience,0.5
e990d9d2-29cf-48b8-88fb-a846631e99d5,d2be4191-c62c-489d-9963-e8fdc0fb71bd,Cell Biology,skills,1.0
fe71fa83-e1ba-4882-a722-3fcf674b0b2d,d2be4191-c62c-489d-9963-e8fdc0fb71bd,Brain Slice Electrophysiology,skills,1.0
dd5afaac-6f57-4435-8ba1-030129959cc9,d2be4191-c62c-489d-9963-e8fdc0fb71bd,Pharmacology,skills,1.0
406d28b2-660b-4d46-9293-8d75a77c34d8,d2be4191-c62c-489d-9963-e8fdc0fb71bd,Two-photon Microscopy,skills,1.0
93557633-b6ae-4950-bd5a-60d332aa1dab,d2be4191-c62c-489d-9963-e8fdc0fb71bd,Acute Brain Slices,skills,1.0
20b5f26e-0fd6-40c9-80cd-0a72cf8f4cce,d2be4191-c62c-489d-9963-e8fdc0fb71bd,Live Cell Imaging,skills,1.0
cd3e9a26-abe9-4195-a287-01fbd4767ce4,d2be4191-c62c-489d-9963-e8fdc0fb71bd,RNAseq Analysis,skills,1.0
ead6e2b0-a203-4265-9a9f-156d5e70476c,d2be4191-c62c-489d-9963-e8fdc0fb71bd,Laboratory Skills,skills,1.0
00e8b385-5263-4d82-83b1-54240a03e782,d2be4191-c62c-489d-9963-e8fdc0fb71bd,Single-Cell Analysis,skills,1.0
ba157f81-7eb5-40dc-a5f6-48eb64220320,d2be4191-c62c-489d-9963-e8fdc0fb71bd,Bioinformatics,skills,1.0
1a89af93-0a24-4351-aa64-44ebb3181ee0,d2be4191-c62c-489d-9963-e8fdc0fb71bd,I am a student-researcher interested in astrocytes,about,0.8
2d499dcf-ea74-4c11-adbc-3623489840de,d2be4191-c62c-489d-9963-e8fdc0fb71bd,neuromodulation,about,0.8
eacf4e08-9a8b-41cc-9ba4-ccad79c21444,d2be4191-c62c-489d-9963-e8fdc0fb71bd,synaptic plasticity,about,0.8
2995923f-d939-49bc-8c3e-c2d2f294ae83,d2be4191-c62c-489d-9963-e8fdc0fb71bd,and neurovascular coupling,about,0.8
a12dafbe-d7ad-49f3-8965-9fa2407e4ec5,d2be4191-c62c-489d-9963-e8fdc0fb71bd,Top skills Cell Biology • Two-photon Microscopy • Brain Slice Electrophysiology,about,0.8
ffaae2c2-cac9-43ee-98fa-3ab7a2de36a2,d2be4191-c62c-489d-9963-e8fdc0fb71bd,Designed a pilot study with the aim of enhancing speech perception in telemedicine,experience,0.5
0a05cfea-40d0-4cac-ba1c-cdb4a4d26aa9,12c2a5ab-4efc-4485-8621-5a08e597a132,I am the Open Science Coordinator at the Hotchkiss Brain Institute,about,0.8
5354f38c-aa3b-4eb8-b6d8-b32803f4acef,12c2a5ab-4efc-4485-8621-5a08e597a132,where I work to advance open science practices that make research more transparent,about,0.8
91aa1c31-e31b-4396-93d7-20a7a6afa029,12c2a5ab-4efc-4485-8621-5a08e597a132,accessible,about,0.8
1ffe01ee-efa8-4e8d-a370-0a6c2f171233,12c2a5ab-4efc-4485-8621-5a08e597a132,and collaborative,about,0.8
2df44e1a-5e87-404b-9c8b-319e8cf29cc4,12c2a5ab-4efc-4485-8621-5a08e597a132,In parallel,about,0.8
5eb2b3b3-4549-4604-ae70-78428a46a7ce,12c2a5ab-4efc-4485-8621-5a08e597a132,I work as a Research Coordinator in the Pediatric Onset of Neuromotor Impairments Lab,about,0.8
6e2a7378-9fb7-48cc-aa31-9f0cbafc9909,12c2a5ab-4efc-4485-8621-5a08e597a132,where I coordinate projects focused on motion capture for children with mobility challenges and robotic walking interventions,about,0.8
89e71fc5-19f6-42c8-aea3-066ce2437e54,12c2a5ab-4efc-4485-8621-5a08e597a132,My work bridges research coordination,about,0.8
2738a56b-0f22-495f-9ac3-6b7b443e60f5,12c2a5ab-4efc-4485-8621-5a08e597a132,open science,about,0.8
5644b956-6dfc-4a45-9e38-f5d0806057d5,12c2a5ab-4efc-4485-8621-5a08e597a132,and knowledge translation with a central goal,about,0.8
e4b16605-c291-4588-8431-a712a0e3a5c5,12c2a5ab-4efc-4485-8621-5a08e597a132,ensuring that scientific discoveries are not only rigorous but also accessible to researchers,about,0.8
6e09183a-d27b-40ec-af31-05ca671af9c4,12c2a5ab-4efc-4485-8621-5a08e597a132,clinicians,about,0.8
d8d16d65-e27a-4431-8602-07cb3140baf5,12c2a5ab-4efc-4485-8621-5a08e597a132,and the broader public,about,0.8
16c3ca82-cc6a-40c7-a4f4-3dee955ea873,12c2a5ab-4efc-4485-8621-5a08e597a132,I believe that all science should be open and understandable,about,0.8
616822de-1b5a-405d-9605-3ca011857043,12c2a5ab-4efc-4485-8621-5a08e597a132,empowering patients,about,0.8
0cca95e6-a237-4d7c-8ab8-429c223e0263,12c2a5ab-4efc-4485-8621-5a08e597a132,families,about,0.8
73d7725d-3f06-4fc7-8316-d71ca0ca66ee,12c2a5ab-4efc-4485-8621-5a08e597a132,and communities to benefit directly from research progress,about,0.8
1650a661-ab0b-4ac7-8cad-6a1a1f16dade,12c2a5ab-4efc-4485-8621-5a08e597a132,I am particularly interested in the intersection of neuroscience,about,0.8
58c8b290-e885-4056-ace2-28e1afc97767,12c2a5ab-4efc-4485-8621-5a08e597a132,pediatric rehabilitation,about,0.8
5d7cd8cf-f81c-438b-a5fd-518f102e9db6,12c2a5ab-4efc-4485-8621-5a08e597a132,and open science policy,about,0.8
c809243a-42d2-46a9-808c-43f23e06df66,12c2a5ab-4efc-4485-8621-5a08e597a132,and I am committed to building collaborative frameworks that accelerate discovery while fostering trust and inclusivity in research,about,0.8
68d1f594-699f-41d7-a90a-a7c686d1ffd1,12c2a5ab-4efc-4485-8621-5a08e597a132,"Research Assistant- Department of Clinical Neuroscience, Cumming School of Medicine Better Mobility Lab - leading a team of undergraduate students, writing ethics and grant applications, conducting randomized clinical trial Pediatric Onset Neuromotor Impairment Lab - building an open science database, assisting in data collection and management, leading limits of stability outcome measures",experience,0.5
bec0cac0-dcff-4af6-a021-7ad76165419f,12c2a5ab-4efc-4485-8621-5a08e597a132,General care and maintenance of dogs,experience,0.5
34a0342e-3855-490a-92e4-4e6356448ebf,12c2a5ab-4efc-4485-8621-5a08e597a132,"including but not limited to cleaning and sterilization of kennels, brushing and bathing, feeding, walking and exercising",experience,0.5
2448dfcb-8641-4849-b8d9-ebbd4537f14c,12c2a5ab-4efc-4485-8621-5a08e597a132,"Writing book chapters focussed on natural sciences, social sciences, and history to teach and inspire continued learning",experience,0.5
6288b8c6-6d75-466d-aa4d-b9a581b60502,12c2a5ab-4efc-4485-8621-5a08e597a132,"Researching and writing grants to gain funding opportunities for Odihi to create, promote, and facilitate their programs that enable young Black women to excel in all aspects of their life",experience,0.5
a5d644c1-350d-4ea0-9cd3-99227e7b95f4,12c2a5ab-4efc-4485-8621-5a08e597a132,"Communicating with on-ice officials, coaches, parents, and medical professionals to ensure that athletic injuries were properly taken care of and to assist athletes in quick and proper healing as well as following return to play guidelines and helping athletes to prevent future injuries. Worked with midget AA boys as well as midget elite females",experience,0.5
b481d979-ca2b-4ba1-9553-f9c1fafe8603,2dbbabc5-fbe2-4ec4-8d94-ac9b4c4cddbd,I am an experienced administrative professional with over 10 years of expertise in office administration,about,0.8
60795db6-d147-4767-89c0-6fbd6c58006b,2dbbabc5-fbe2-4ec4-8d94-ac9b4c4cddbd,program management,about,0.8
92abbd14-7a1c-481e-8223-db3b2ca1a899,2dbbabc5-fbe2-4ec4-8d94-ac9b4c4cddbd,client engagement,about,0.8
9b8c89f6-38cf-4c9c-b236-b18212a8bab8,2dbbabc5-fbe2-4ec4-8d94-ac9b4c4cddbd,and stakeholder relations in both academic and non-profit settings,about,0.8
fcc430fc-3257-464a-8e19-6ef61fd04e88,2dbbabc5-fbe2-4ec4-8d94-ac9b4c4cddbd,I specialize in providing executive-level support,about,0.8
0627ea0c-d920-48a8-b773-abb5e2678ff7,2dbbabc5-fbe2-4ec4-8d94-ac9b4c4cddbd,managing complex schedules,about,0.8
fcac223e-8f2b-444b-8e79-3ea8060a9e83,2dbbabc5-fbe2-4ec4-8d94-ac9b4c4cddbd,and coordinating travel and logistics with precision and efficiency,about,0.8
5c9f636e-4b4b-4d24-a771-85d07aa41b2c,2dbbabc5-fbe2-4ec4-8d94-ac9b4c4cddbd,Throughout my career,about,0.8
3e18186b-3a2d-4b36-a5df-c706f3c5cce4,2dbbabc5-fbe2-4ec4-8d94-ac9b4c4cddbd,I have demonstrated a strong ability to streamline operations by modernizing outdated processes,about,0.8
10605c96-e0bc-47a7-93a9-a2054d7a8e16,2dbbabc5-fbe2-4ec4-8d94-ac9b4c4cddbd,implementing efficient systems,about,0.8
40309c6a-ea41-443d-803f-b864da184ca6,2dbbabc5-fbe2-4ec4-8d94-ac9b4c4cddbd,and leveraging technology tools like Slack,about,0.8
beee4547-1038-4780-9064-bb1c538e7c92,2dbbabc5-fbe2-4ec4-8d94-ac9b4c4cddbd,Mac,about,0.8
d53d4688-d354-4feb-91a9-4352ef2da320,2dbbabc5-fbe2-4ec4-8d94-ac9b4c4cddbd,Asana,about,0.8
bab320dc-011c-4d29-809d-f4268c9f2cac,2dbbabc5-fbe2-4ec4-8d94-ac9b4c4cddbd,Microsoft Office and Google Suite to enhance communication and productivity,about,0.8
f3842081-bf48-4e4a-8ec0-0cd6b81fe16f,2dbbabc5-fbe2-4ec4-8d94-ac9b4c4cddbd,My attention to detail,about,0.8
04b735df-8d7e-4633-975c-4ad331788b8e,2dbbabc5-fbe2-4ec4-8d94-ac9b4c4cddbd,organizational skills,about,0.8
289f89fa-06ae-418a-a704-06908bcf90d0,2dbbabc5-fbe2-4ec4-8d94-ac9b4c4cddbd,and dedication to meeting deadlines have consistently driven results and contributed to operational success,about,0.8
51284fc2-3a4b-49b1-a37c-4e6dccc1ee2c,2dbbabc5-fbe2-4ec4-8d94-ac9b4c4cddbd,I take pride in building positive relationships,about,0.8
f1923c65-00f6-4ceb-ba7b-bbbbd539e0c3,2dbbabc5-fbe2-4ec4-8d94-ac9b4c4cddbd,supporting strategic initiatives,about,0.8
0f10e0de-8b8f-409d-80fb-44de9c774182,2dbbabc5-fbe2-4ec4-8d94-ac9b4c4cddbd,and ensuring seamless operations that empower teams to achieve their goals,about,0.8
df203c5b-8676-4a84-aca7-f5517b4aa0b1,2dbbabc5-fbe2-4ec4-8d94-ac9b4c4cddbd,Whether it's organizing tasks,about,0.8
f4b0b0eb-79da-4347-90a5-df8c04c69350,2dbbabc5-fbe2-4ec4-8d94-ac9b4c4cddbd,preparing briefing materials,about,0.8
8da29ee9-4b2e-444d-89bf-ab55c0fc8869,2dbbabc5-fbe2-4ec4-8d94-ac9b4c4cddbd,or developing standardized processes,about,0.8
fb3f9387-accc-466f-9868-f33e82e8a9d4,2dbbabc5-fbe2-4ec4-8d94-ac9b4c4cddbd,I bring a proactive and solutions-oriented mindset to every challenge,about,0.8
11f28499-e175-4203-b415-f07035a97699,2dbbabc5-fbe2-4ec4-8d94-ac9b4c4cddbd,"Scheduling and Meetings o Manage and prioritize schedules for the Director, Deputy Director, and Senior Managers, resolving conflicts promptly. o Book meetings using sound judgment, accommodating participant availability for in-person or remote formats. o Ensure the Director is fully prepared for meetings by organizing and providing necessary materials. • Travel Coordination o Arrange travel for the Institute Director and Senior Managers. o Plan and manage travel, accommodations, and itineraries for guest speakers, visiting scientists, and recruitment candidates. • Event Logistics o Provide support for events such as Research Day, Kolb Lecture, Townhalls, and Seminars. o Coordinate travel, accommodations, venue bookings, attendee registration, communications, and catering for events. • Team Support o Assist the Brain & Mental Health teams by scheduling meetings, supporting event planning, and facilitating research objectives. o Act as a liaison for inter-departmental communications within the Cumming School of Medicine, Alberta Health Services, external partners, and research institutes. • RHISE Program o Serve as the contact person for RHISE applicants, providing guidance and assisting with application adjudication. • Business Operations o Support the Senior Manager, Business Operations, with budgeting and financial reporting. o Assist with purchase orders, P-Card and T&E card transactions. o Manage internal UCalgary accounting functions, including project creation, extensions, reporting, journal entries, and project close-outs. o Reconcile corporate credit card transactions and process accounts payable, including internal transfers and supplier payments",experience,0.5
8c196a0c-8020-4c23-9d42-2fd6a50ba7f5,2dbbabc5-fbe2-4ec4-8d94-ac9b4c4cddbd,"Provide comprehensive administrative support to HBI Directors, Senior Managers, and Coordinators for operational activities, including education portfolio operations, communications, and event management. •Minute key internal meetings, including monthly executive meetings. •Support program-specific projects and assist in compiling, transcribing, and preparing research proposals, meeting materials, and project documentation. •Coordinate and facilitate the planning and logistics for faculty visits, recruitment candidates, and visiting scientists. •Manage executive schedules, resolving conflicts and prioritizing high-priority tasks and events. •Oversee logistics for high-profile events such as Research Day, Kolb Lecture, Computational Neuroscience Research Day and other significant engagements. •Arrange domestic and international travel for researchers and visiting scientists, ensuring seamless execution. •Assist with financial administration, including invoice processing, budget tracking, reconciliation, and project management. •Serve as a key liaison between senior faculty and external stakeholders, handling confidential communications with discretion. •Proficient in Microsoft Office (Word, Excel, PowerPoint, Outlook) and Adobe, ensuring effective and efficient task execution",experience,0.5
b04bab97-692f-4585-91fd-34d0f57bff80,13797022-096e-490a-831c-1b09206cf6f5,Event Management,skills,1.0
bf0c7bb8-4a69-4438-bdbb-d9135f57c2fb,13797022-096e-490a-831c-1b09206cf6f5,Budgeting,skills,1.0
e6e32a84-3969-499a-aec2-d9b6e9e709e1,13797022-096e-490a-831c-1b09206cf6f5,Budget Management,skills,1.0
cf631cf9-a6bb-4122-b44e-ece39ff58256,13797022-096e-490a-831c-1b09206cf6f5,Grant Writing,skills,1.0
304f2193-f26b-4089-9ef7-ad4225afbb41,13797022-096e-490a-831c-1b09206cf6f5,Fundraising,skills,1.0
5ba82653-facc-4e3a-a29d-8ebc75ccaf04,13797022-096e-490a-831c-1b09206cf6f5,Teamwork,skills,1.0
9c260592-4ed3-424d-b470-642576eb1117,13797022-096e-490a-831c-1b09206cf6f5,Leadership Development,skills,1.0
cae97ade-0eef-4bca-8cd0-28ccb897a796,13797022-096e-490a-831c-1b09206cf6f5,Educational Leadership,skills,1.0
b2995d6d-d45c-4bde-aca7-86b8c30d55c7,13797022-096e-490a-831c-1b09206cf6f5,Clinical Research,skills,1.0
9e1b1e7c-d7c6-407b-b089-e35abe4e3c4f,13797022-096e-490a-831c-1b09206cf6f5,Medical Genetics,skills,1.0
94e847b1-2d59-49d1-a6e7-4de04aafa2ca,13797022-096e-490a-831c-1b09206cf6f5,Inspired graduate student with excellent work ethic and communication,about,0.8
c722d11d-8a34-4625-bb14-e0c7ead37329,13797022-096e-490a-831c-1b09206cf6f5,Interested in in vitro and in vivo disease modelling with a focus on mitochondrial disease,about,0.8
12bde9dc-68d7-4e16-ac99-7d8b09dafa3c,13797022-096e-490a-831c-1b09206cf6f5,Relevant scientific writing,about,0.8
59f14220-f0c0-46a6-bbd8-f39e52e89a0c,13797022-096e-490a-831c-1b09206cf6f5,Drug repurposing screen identifies an HRI activating compound that promotes adaptive mitochondrial remodeling in MFN2-deficient cells,publications,0.9
74b98fc2-e22a-42c1-9aa8-5a113e650857,13797022-096e-490a-831c-1b09206cf6f5,The MFN2 Q367H variant reveals a novel pathomechanism connected to mtDNA-mediated inflammation,publications,0.9
1df1b35a-ed60-4055-8fa4-8d17c084eae8,13797022-096e-490a-831c-1b09206cf6f5,Pharmacological activation of integrated stress response kinases inhibits pathological mitochondrial fragmentation,publications,0.9
a2cf4776-8762-4b69-8de8-4a465fc9394e,13797022-096e-490a-831c-1b09206cf6f5,"In this work, we show pharmacological activation of the Integrated Stress Response using small molecules promotes adaptive mitochondrial elongation. This proves to be a therapeutic tool for patient derived cells from a patient with CMT2a, harboring MFN2 D414V mutation. … more",publications,0.9
ddbf89d5-b3b9-4723-a81b-726daf7c4e4e,13797022-096e-490a-831c-1b09206cf6f5,Valosin-Containing Protein (VCP): A Review of Its Diverse Molecular Functions and Clinical Phenotypes,publications,0.9
94f6c951-4e78-4519-92ef-f02670427b59,13797022-096e-490a-831c-1b09206cf6f5,"Characterization of a novel variant in the HR1 domain of MFN2 in a patient with ataxia, optic atrophy and sensorineural hearing loss",publications,0.9
c67ed490-6ccd-4c9a-a3c8-475c3073d36b,13797022-096e-490a-831c-1b09206cf6f5,The Role of Impaired Mitochondrial Dynamics in MFN2-Mediated Pathology,publications,0.9
4aee3ede-46d2-4d02-a937-c5aa6cdc32aa,13797022-096e-490a-831c-1b09206cf6f5,A review looking at the function of MFN2 in regulating mito-ER contacts and pathological consequences of failure to do so,publications,0.9
5b290a44-5be0-4198-a434-8f94ba1239d2,afede334-d3bd-4233-860a-c2ebeed96bef,Project Oversight,skills,1.0
6d525bb0-969a-4cfa-bca9-4e2ae321e5e3,afede334-d3bd-4233-860a-c2ebeed96bef,Leadership Development,skills,1.0
ddaac87e-aa1d-42a2-9564-da7e6c33154b,afede334-d3bd-4233-860a-c2ebeed96bef,Medical Research,skills,1.0
0185cfb3-81ec-4173-b262-adfb87ac9ba6,afede334-d3bd-4233-860a-c2ebeed96bef,Patient Education,skills,1.0
3a859efb-9db7-4050-9b49-a81267c24bd9,afede334-d3bd-4233-860a-c2ebeed96bef,Clinical Trials,skills,1.0
90e9d988-2fe0-41d5-a018-ca9380b5d92f,afede334-d3bd-4233-860a-c2ebeed96bef,Leadership,skills,1.0
b4b790d0-71b6-4123-a43e-ea31dab0a4b7,afede334-d3bd-4233-860a-c2ebeed96bef,Research,skills,1.0
a2d54858-13be-4ce1-a5b0-35f83822ff44,afede334-d3bd-4233-860a-c2ebeed96bef,First Aid,skills,1.0
ab7348b6-91ad-4b6c-91f8-511080ee723d,afede334-d3bd-4233-860a-c2ebeed96bef,Swim Instruction,skills,1.0
5381702d-6c91-4ae4-ae61-c198bc85b9d0,afede334-d3bd-4233-860a-c2ebeed96bef,Lifeguarding,skills,1.0
b06af0c7-9602-475d-8424-733a5d24e1c7,afede334-d3bd-4233-860a-c2ebeed96bef,Effects of perioperative remote ischemic conditioning on postoperative delirium and cognitive outcomes: a systematic review and meta-analysis of randomized controlled trials,publications,0.9
fce30c5b-e0b0-40dc-91e3-27b565eb41a7,afede334-d3bd-4233-860a-c2ebeed96bef,Brain Atrophy and White Matter Changes Grading Agreement on NCCT and MRI in Ischemic Stroke,publications,0.9
aba7b278-627f-498a-8cb0-eb0e2c8bfd87,afede334-d3bd-4233-860a-c2ebeed96bef,"Cerebral Amyloid Angiopathy Imaging Markers, Radiological Boston Criteria, and Thrombolysis Outcomes in Ischemic Stroke",publications,0.9
e9bf668d-528f-47bd-a37a-b408cb9a009f,afede334-d3bd-4233-860a-c2ebeed96bef,Remote Ischemic Conditioning for the Acute Treatment of Ischemic and Hemorrhagic Stroke: A Systematic Review and Meta-Analysis,publications,0.9
58170acb-0437-484f-88e1-f90c80323562,afede334-d3bd-4233-860a-c2ebeed96bef,Association of Cerebral Amyloid Angiopathy Neuroimaging Markers and Boston Criteria with the Safety and Efficacy of Thrombolysis in Patients with Acute Ischemic Stroke: Results from the AcT Trial,publications,0.9
c949352f-ef44-465d-aa3a-29676088b83c,afede334-d3bd-4233-860a-c2ebeed96bef,Brain Frailty and Functional Outcomes After Thrombolysis for Acute Ischemic Stroke,publications,0.9
791ba881-b5fa-4949-81de-901ac0ab93ef,afede334-d3bd-4233-860a-c2ebeed96bef,Evaluating the Usability of a Remote Ischemic Conditioning Device for Pre-Hospital Stroke Management: Insights from Paramedic Simulations,publications,0.9
f33ef54e-36cb-4e84-8a01-e0f76507ffe7,afede334-d3bd-4233-860a-c2ebeed96bef,Usability Testing of a Novel Remote Ischemic Conditioning System for Pre-hospital Stroke Care,publications,0.9
75d241df-33a8-48ec-b226-f90f757e6cf9,afede334-d3bd-4233-860a-c2ebeed96bef,Comparing the Montreal Cognitive Assessment (MoCA) and Rowland Universal Dementia Assessment Scale (RUDAS) for the detection of dementia,publications,0.9
7da18294-c18d-4863-9391-f217431132ed,afede334-d3bd-4233-860a-c2ebeed96bef,Association of Montreal Cognitive Assessment (MoCA) and Rowland Universal Dementia Assessment Scale (RUDAS) Cognitive Testing Profiles with Cortical Atrophy and White Matter Disease,publications,0.9
9446887e-7714-44ae-a4dc-5681ea177597,afede334-d3bd-4233-860a-c2ebeed96bef,"Entertaining residents (assisting in active games, entertaining, going on walks and outings, and having conversations). Interacting with dementia residents and ensuring they feel comfortable and secure",experience,0.5
35a302c4-bf46-4ed2-bca5-8d8073b0f1be,56a1930b-86d2-43fd-8ba5-cf49dddd7b32,Creativity and Innovation,skills,1.0
c57d0100-469a-4a14-b4d9-01e65c5b1e1b,56a1930b-86d2-43fd-8ba5-cf49dddd7b32,Problem Solving,skills,1.0
be69fbf8-40cc-4691-abfe-baf2d03583bf,56a1930b-86d2-43fd-8ba5-cf49dddd7b32,Entrepreneurial Thinking,skills,1.0
799509bd-4388-4832-b42a-622c55497546,56a1930b-86d2-43fd-8ba5-cf49dddd7b32,Research Design,skills,1.0
d3326677-036e-4544-953d-9a3c64a4e067,56a1930b-86d2-43fd-8ba5-cf49dddd7b32,Online Content Creation,skills,1.0
36809536-193a-44a4-aed7-1d1ab099f06d,56a1930b-86d2-43fd-8ba5-cf49dddd7b32,Networking,skills,1.0
810fdab1-87b2-42c7-b268-af58cebe2bdf,56a1930b-86d2-43fd-8ba5-cf49dddd7b32,Canva,skills,1.0
f128fe06-992a-4414-b26d-604a2e0bb01b,56a1930b-86d2-43fd-8ba5-cf49dddd7b32,Creative Writing,skills,1.0
5e81129e-6e80-4b81-b2d8-292d215aab9c,56a1930b-86d2-43fd-8ba5-cf49dddd7b32,Leadership,skills,1.0
d494beaf-cb55-43b9-973d-6133fd1924c7,56a1930b-86d2-43fd-8ba5-cf49dddd7b32,Time Management,skills,1.0
0bc8f7d6-79e8-4500-9e83-9afb8e48e892,56a1930b-86d2-43fd-8ba5-cf49dddd7b32,I am a first year psychology student at the University of Calgary,about,0.8
299d6920-cc7d-4477-974f-0d6b8989bf31,56a1930b-86d2-43fd-8ba5-cf49dddd7b32,I could say a lot in this bio — but the description with the greatest potency in the least amount of words is this,about,0.8
522b44bc-0ebe-4427-b8c3-a5b8927c5e9a,56a1930b-86d2-43fd-8ba5-cf49dddd7b32,asking stupid questions has served me well,about,0.8
73ca1bfc-ce7a-4938-bf58-69bc9e01a967,56a1930b-86d2-43fd-8ba5-cf49dddd7b32,I love learning,about,0.8
675c1324-2b23-41ca-9a30-5497c7de7dad,56a1930b-86d2-43fd-8ba5-cf49dddd7b32,whenever I can,about,0.8
af781876-b231-4561-bb33-421e33b369ff,56a1930b-86d2-43fd-8ba5-cf49dddd7b32,everything I do reflects that,about,0.8
7acefa34-d48f-4ef9-b3bd-8887f5953a4d,56a1930b-86d2-43fd-8ba5-cf49dddd7b32,Top skills Leadership • Academic Research,about,0.8
710b8f16-121e-4ff7-b694-1a63f9a14c21,15ad71bb-f4ee-402d-914a-2d6c0575e053,"Sleep tight, beat right: Does nucleus of the solitary tract circadian rhythmicity influence blood pressure and sleep regulation?",publications,0.9
9cb1f277-194f-43a7-bb3a-3b3ca09aec72,15ad71bb-f4ee-402d-914a-2d6c0575e053,"Worked as a part of the team at the Arrieta Lab assisting in projects and coordinating tasks critical to day-to-day operations of the lab, such as preparing and assisting with experiments, calibrating and maintaining instruments, and preparing supplies for clinical studies. Also assisted in preparation for the Alberta BLOOM Study",experience,0.5
64c0ca26-7159-483f-9605-26f56decfe13,132edda5-7e0f-4faf-9db7-4dcf646f9565,Government Advocacy,skills,1.0
2bbcc456-cdfd-409e-b4dd-3450ad9d41cb,132edda5-7e0f-4faf-9db7-4dcf646f9565,Policy Analysis,skills,1.0
bee03e45-2b52-4bc8-9fad-ca208dd5c964,132edda5-7e0f-4faf-9db7-4dcf646f9565,Program Evaluation,skills,1.0
699168d3-f813-4fd6-ae58-95ad2a182b61,132edda5-7e0f-4faf-9db7-4dcf646f9565,Program Development,skills,1.0
38887b31-1183-4685-a3dd-07501b6d49f9,132edda5-7e0f-4faf-9db7-4dcf646f9565,Public Policy,skills,1.0
19db75f9-f327-4db0-8db3-62775032a7fe,132edda5-7e0f-4faf-9db7-4dcf646f9565,Public Health,skills,1.0
5fe5221c-f30d-4394-86c6-0b2a312291d2,132edda5-7e0f-4faf-9db7-4dcf646f9565,Strategic Planning,skills,1.0
a12ed936-53a0-4bbb-bbba-c273a1a4d825,132edda5-7e0f-4faf-9db7-4dcf646f9565,Program Management,skills,1.0
228099c0-6791-4ff3-b94b-a1b09a3fa215,132edda5-7e0f-4faf-9db7-4dcf646f9565,Research,skills,1.0
3cfe697e-a602-40bc-bff2-1d19b54ce4cb,132edda5-7e0f-4faf-9db7-4dcf646f9565,Grant Writing,skills,1.0
75712a01-1cd0-433e-861e-0fa48b0379b0,f54adf97-7d5c-49c7-b1ac-dd3d5d9effa7,Researcher in biomedical engineering with high quality publications and a strong background in knowledge translation,about,0.8
4f7e8430-1dae-4468-a777-42ca6e2e71d0,f54adf97-7d5c-49c7-b1ac-dd3d5d9effa7,Expert in advanced micro/nano manufacturing technologies for biomedical micro-systems,about,0.8
1247684d-2363-424c-b5ef-04519e657944,f54adf97-7d5c-49c7-b1ac-dd3d5d9effa7,with a range of teaching and supervisory experience,about,0.8
eeb686e6-f5a6-43c0-b8be-5e745782f6f9,f54adf97-7d5c-49c7-b1ac-dd3d5d9effa7,Over 10 years of collaborative interdisciplinary research advancing healthcare solutions,about,0.8
1db4dbaa-476c-458a-ab59-f7fcfc95e619,f54adf97-7d5c-49c7-b1ac-dd3d5d9effa7,Excellent communication and leadership skills in cross-faculty team environments,about,0.8
e6edaddf-8399-480d-b5db-a6db460b76c3,f54adf97-7d5c-49c7-b1ac-dd3d5d9effa7,Director of the cleanroom facility at the University of Calgary,about,0.8
4463e2eb-60a2-4542-91cf-9e702fa08352,f54adf97-7d5c-49c7-b1ac-dd3d5d9effa7,providing services to five faculties and local businesses,about,0.8
ae51d702-ea84-4d3f-8d3b-3df01c5244c0,f54adf97-7d5c-49c7-b1ac-dd3d5d9effa7,Specialties,about,0.8
eed4e9cf-009e-424e-a2e8-2ee51f30fa1a,f54adf97-7d5c-49c7-b1ac-dd3d5d9effa7,microfluidics,about,0.8
0244d6e2-c80e-43b2-9b41-f436d45c9e25,f54adf97-7d5c-49c7-b1ac-dd3d5d9effa7,electrokinetics,about,0.8
97b39272-f3d1-45bb-834e-f792a472a1bd,f54adf97-7d5c-49c7-b1ac-dd3d5d9effa7,Lab on a chip,about,0.8
47f649fb-a604-4919-861e-d6308e8f5b72,f54adf97-7d5c-49c7-b1ac-dd3d5d9effa7,micro/nanosystems fabrication and integration,about,0.8
2843aede-425a-4e30-b965-1cabe98da258,f54adf97-7d5c-49c7-b1ac-dd3d5d9effa7,MEMS,about,0.8
04f30aed-a6b4-4914-a82e-fb3989e5a809,f54adf97-7d5c-49c7-b1ac-dd3d5d9effa7,bioMEMS,about,0.8
d7bb3bc0-939a-4e3a-9ee1-b97575434985,f54adf97-7d5c-49c7-b1ac-dd3d5d9effa7,hybrid biomedical micro-devices,about,0.8
8efbbb3b-95db-48d1-88c1-e41808fc37ae,f54adf97-7d5c-49c7-b1ac-dd3d5d9effa7,microneedles,about,0.8
13913e1a-b1ad-4c23-bedb-a14ae5daee3e,f54adf97-7d5c-49c7-b1ac-dd3d5d9effa7,micro-arrays,about,0.8
493273af-9619-44a1-a24b-4f32575dd7eb,f54adf97-7d5c-49c7-b1ac-dd3d5d9effa7,brain machine interfaces,about,0.8
47adeb17-fcaf-4e41-9df4-f9d114eecff2,f54adf97-7d5c-49c7-b1ac-dd3d5d9effa7,neural interfaces,about,0.8
80d60f32-df55-427b-9bb6-e88538552380,f54adf97-7d5c-49c7-b1ac-dd3d5d9effa7,nerve regeneration,about,0.8
7cba9724-7fe7-458e-84bb-58cfd9219af9,f54adf97-7d5c-49c7-b1ac-dd3d5d9effa7,product development,about,0.8
554be27e-242a-4533-a235-a9fdb5c358f0,f54adf97-7d5c-49c7-b1ac-dd3d5d9effa7,mass production implementation,about,0.8
e2a547dc-afab-4f9d-bad6-a7435c9f3942,f54adf97-7d5c-49c7-b1ac-dd3d5d9effa7,technology commercialization,about,0.8
22c404e9-f2aa-483a-b92e-1094a6d8a09c,f54adf97-7d5c-49c7-b1ac-dd3d5d9effa7,Accelerating Neurite Outgrowth Through Electric Field Manipulation,publications,0.9
1cd47e28-572e-4500-a20e-1e4f14557b3b,f54adf97-7d5c-49c7-b1ac-dd3d5d9effa7,Using electrical cues to induce regeneration: neuronal growth guidance using a novel MEA,publications,0.9
ec3fdede-4778-45a4-b25b-a316de054233,f54adf97-7d5c-49c7-b1ac-dd3d5d9effa7,Improving Neuron Stimulation Efficiency by Altering Electrode Geometry,publications,0.9
cb8b0a18-ab22-49ad-9a03-6b72660f47a3,f54adf97-7d5c-49c7-b1ac-dd3d5d9effa7,Stimulation of neurons using new microelectrode array design,publications,0.9
48eca5b5-0c76-40c5-b248-da19b1a8ae09,f54adf97-7d5c-49c7-b1ac-dd3d5d9effa7,Find my Publications on Google Scholar,publications,0.9
94559ead-9108-46c6-9bd6-c94dd1363e73,f54adf97-7d5c-49c7-b1ac-dd3d5d9effa7,Find my publications on Research Gate,publications,0.9
96a2780a-311d-4ef9-b161-259507105e93,f54adf97-7d5c-49c7-b1ac-dd3d5d9effa7,"Research into micro/nano technology, microfluidics, lab-on-a-chip, and electrokinetics Collaborate with the Faculty of Medicine on brain-machine interfaces. Director, Microsystems Hub, University of Calgary micro/nano fabrication cleanroom facility. Teaching. Supervising and co-supervising graduate students in the Schulich School of Engineering and the Biomedical Engineering Program. Courses taught and currently teaching listed at http://contacts.ucalgary.ca/info/enel/profiles/168-42873/courses",experience,0.5
c50a2ecc-9aa2-4306-b042-18edfce6aceb,f54adf97-7d5c-49c7-b1ac-dd3d5d9effa7,"Supervising and co-supervising graduate students in the Schulich School of Engineering. Approved Biomedical Engineering Program Graduate Supervisor. Research into micro/nano technology, microfluidics, lab-on-a-chip, and electrokinetics. Collaborate with the Faculty of Medicine on brain-chip interfaces. Manager of the Microsystems Hub",experience,0.5
b9f83a2d-ee84-46d3-b2a8-5fbcfaabcdc9,f54adf97-7d5c-49c7-b1ac-dd3d5d9effa7,"Managing the University of Calgary's micro/nano fabrication cleanroom facility equipment, user access, maintenance and operation, support and funding. Writing operational protocols and running training courses",experience,0.5
dd856ccb-18b1-4e1e-b0c3-bdd1fcad4672,f54adf97-7d5c-49c7-b1ac-dd3d5d9effa7,"I was the co-founder of Neuraura Biotech, a spin out company based on my collaborative research into brain machine interfaces. I was CTO to Dec 2022 and then CSO to May 2023",experience,0.5
80d3760f-c96d-408a-85b5-20b422356c6c,3fa1944d-4ac9-43ec-bb6c-8661fb188dbd,Collaborative Work,skills,1.0
2b2aca66-8b51-4c75-90ba-cb078567a428,3fa1944d-4ac9-43ec-bb6c-8661fb188dbd,Organization Skills,skills,1.0
de097fe0-5c67-46a8-ae2e-a59fc400c1dc,3fa1944d-4ac9-43ec-bb6c-8661fb188dbd,Time Management,skills,1.0
cbc7e4b9-6b7a-4b25-a036-892abe914571,3fa1944d-4ac9-43ec-bb6c-8661fb188dbd,Event Planning,skills,1.0
30fca97f-74db-4660-93fb-36bd84b06c15,3fa1944d-4ac9-43ec-bb6c-8661fb188dbd,Customer Satisfaction,skills,1.0
22be8874-faef-4bb8-a34a-112f472cee34,3fa1944d-4ac9-43ec-bb6c-8661fb188dbd,Customer Support,skills,1.0
5d090348-ff2c-4769-a179-32960faa721c,3fa1944d-4ac9-43ec-bb6c-8661fb188dbd,Team Leadership,skills,1.0
082d81c9-6601-4926-af05-93332773021e,3fa1944d-4ac9-43ec-bb6c-8661fb188dbd,Team Motivation,skills,1.0
7e213b99-b647-470a-b596-423f8c49e76e,3fa1944d-4ac9-43ec-bb6c-8661fb188dbd,Problem Solving,skills,1.0
5eae3b6c-71ac-43d0-b44e-866cec252c19,3fa1944d-4ac9-43ec-bb6c-8661fb188dbd,Collaborative Problem Solving,skills,1.0
4a170337-bb60-4177-97ba-6f77889154ee,3fa1944d-4ac9-43ec-bb6c-8661fb188dbd,"As social co-director, I was responsible for holding student-centered events to promote positive relationships between graduate trainees in the HBI",experience,0.5
df23d1b7-a708-4c88-862c-8cb686d91004,3fa1944d-4ac9-43ec-bb6c-8661fb188dbd,"Customer Service, Customer Satisfaction and +6 skills",experience,0.5
4cb62dde-1ae3-4720-85fa-887303b56da6,b99bf52f-dedb-4bdb-827c-ec326d849d0e,Trained as a medical doctor and now pursuing a PhD degree in biomedical engineering,about,0.8
c77236e2-e415-46fe-82a4-df08bdea8072,b99bf52f-dedb-4bdb-827c-ec326d849d0e,As a physician-scientist in training,about,0.8
b06347c9-8e90-462b-896d-223d04504fc0,b99bf52f-dedb-4bdb-827c-ec326d849d0e,I am bridging the bench and bedside through fundamental neuroscience and engineering,about,0.8
a75c2c72-0300-4aab-bba0-d56f2de58d7b,b99bf52f-dedb-4bdb-827c-ec326d849d0e,My research sits at the intersection of systems neuroscience and computational modeling,about,0.8
f1ff8251-0fb5-4d69-8ae1-530b5a4c700a,b99bf52f-dedb-4bdb-827c-ec326d849d0e,interrogating fundamental mechanisms of brain function,about,0.8
bea0cd10-48ab-4d3f-91cd-f8c022451262,b99bf52f-dedb-4bdb-827c-ec326d849d0e,My long-term focus is translating this work toward clinical impact,about,0.8
4e70add3-6f9f-4d85-bc9c-eb220ba5fd22,b99bf52f-dedb-4bdb-827c-ec326d849d0e,particularly through neuromodulation and brain stimulation therapies for neurological diseases,about,0.8
76039b3c-dc25-4f16-bcae-3ba43399efde,b99bf52f-dedb-4bdb-827c-ec326d849d0e,I am also a digital artist and science communicator passionate about scientific visual storytelling - because decoding the brain and making that knowledge accessible are two sides of the same drive,about,0.8
7c668290-dc4a-4690-b2cb-f26914a98b88,f9d35219-08ea-4a5d-81e8-95a859aabe3f,Project Management,skills,1.0
7fb3cabc-956f-4806-9f92-42591ed888ae,f9d35219-08ea-4a5d-81e8-95a859aabe3f,Strategic Partnerships,skills,1.0
1e0e348b-d973-4999-be0f-28afcb580445,f9d35219-08ea-4a5d-81e8-95a859aabe3f,Organizational Leadership,skills,1.0
7946e55b-cf55-4484-a6b2-da6126bec2bc,f9d35219-08ea-4a5d-81e8-95a859aabe3f,Event Management,skills,1.0
abe25494-3b00-4a93-8dbc-19ddd1e5cc9e,f9d35219-08ea-4a5d-81e8-95a859aabe3f,Partnership Development,skills,1.0
aeee030c-b0e2-4087-8ec7-a2a7d145b599,f9d35219-08ea-4a5d-81e8-95a859aabe3f,Community Engagement,skills,1.0
b4839d3c-1923-473f-a549-c631b5d232d3,f9d35219-08ea-4a5d-81e8-95a859aabe3f,Stakeholder Relations,skills,1.0
be26297d-09f5-4b8b-abfe-1d422f5ac610,f9d35219-08ea-4a5d-81e8-95a859aabe3f,Event Coordination,skills,1.0
82b3f317-43e5-4b0f-8700-6c72a7412066,f9d35219-08ea-4a5d-81e8-95a859aabe3f,Program Management,skills,1.0
1b7a8c09-c175-4643-a02a-bfd6f9ad01c1,f9d35219-08ea-4a5d-81e8-95a859aabe3f,Clinical Skills,skills,1.0
99ff45b9-400e-47d7-aa04-ebef8c17f497,f9d35219-08ea-4a5d-81e8-95a859aabe3f,I’m a Program Manager specializing in community engagement,about,0.8
8f22f9fb-aba7-4327-823b-2faf3affd4a5,f9d35219-08ea-4a5d-81e8-95a859aabe3f,and large-scale events that create meaningful impact,about,0.8
e6339f4e-4f2d-4737-944d-83055cd5d2eb,f9d35219-08ea-4a5d-81e8-95a859aabe3f,At the Hotchkiss Brain Institute,about,0.8
b2c960e3-5fa1-47b7-80ae-f037c01f98c2,f9d35219-08ea-4a5d-81e8-95a859aabe3f,I lead complex projects and high-profile initiatives that connect communities,about,0.8
673266f7-c3db-442d-bc0b-09f04b35c809,f9d35219-08ea-4a5d-81e8-95a859aabe3f,partners,about,0.8
b4c8f2b0-4f16-4099-a473-9aa1b24f1d9d,f9d35219-08ea-4a5d-81e8-95a859aabe3f,and stakeholders to advance brain and mental health research,about,0.8
6643ff2d-f886-4a41-9bab-e4514965aaa2,f9d35219-08ea-4a5d-81e8-95a859aabe3f,With a background in business management and health science,about,0.8
6abf2ae8-dfaa-49dc-bf9a-75672e85f018,f9d35219-08ea-4a5d-81e8-95a859aabe3f,I bring a strategic,about,0.8
598f50dd-0cad-416e-972f-b7256a8a7215,f9d35219-08ea-4a5d-81e8-95a859aabe3f,organized,about,0.8
981a0905-220c-41dc-b8a2-49d17d85f708,f9d35219-08ea-4a5d-81e8-95a859aabe3f,and people-centered approach to leadership,about,0.8
25427227-3cd5-4480-bc51-0d27b59c5dae,f9d35219-08ea-4a5d-81e8-95a859aabe3f,I thrive on building strong relationships,about,0.8
344f9752-432f-4a92-b571-8f52623e9cd1,f9d35219-08ea-4a5d-81e8-95a859aabe3f,leading impactful events,about,0.8
76221e5a-a279-42b7-9955-a0c5eaa9ae8e,f9d35219-08ea-4a5d-81e8-95a859aabe3f,and creating collaborative environments that drive engagement and measurable outcomes,about,0.8
229b06e9-6ce6-4f2c-8256-fabec69c9aa6,f9d35219-08ea-4a5d-81e8-95a859aabe3f,Beyond my professional role,about,0.8
3599718a-482c-4869-ae7e-2621861af2fe,f9d35219-08ea-4a5d-81e8-95a859aabe3f,I’m committed to community leadership through my volunteer work with Gems for Gems,about,0.8
2e3ef21f-0c29-4e48-8a3b-445491020b83,f9d35219-08ea-4a5d-81e8-95a859aabe3f,including serving as Co-Chair of The Gems Cup,about,0.8
cd6d700f-951d-4db4-9bfa-aa341315de0b,f9d35219-08ea-4a5d-81e8-95a859aabe3f,a signature fundraising event supporting survivors of domestic abuse in Calgary and beyond,about,0.8
0cb7cd5a-94f1-4f3a-bdcd-65fb6be84693,f9d35219-08ea-4a5d-81e8-95a859aabe3f,I’m motivated by purpose-driven work,about,0.8
f6a8c5e8-7e7f-4ea3-a960-b904a61b6f97,f9d35219-08ea-4a5d-81e8-95a859aabe3f,and opportunities to build stronger,about,0.8
9f8640ae-9a65-4f46-91c4-aed6f08a48ab,f9d35219-08ea-4a5d-81e8-95a859aabe3f,healthier communities,about,0.8
5192dcb9-9607-4c63-be2a-c8c94bf3d9c5,f9d35219-08ea-4a5d-81e8-95a859aabe3f,Top skills Problem Solving • Leadership • Event Management • Organization Skills • Critical Thinking,about,0.8
157ffa2c-65c8-4c26-9b2d-928ca4b8a320,f9d35219-08ea-4a5d-81e8-95a859aabe3f,Assessing Metrics of Heart Rate Variability to Measure Cardiac Sympathetic and Parasympathetic Tone – Does the Math Miss a Beat?,publications,0.9
7a7d0838-3868-4cb3-9f27-cda3c03dd115,f9d35219-08ea-4a5d-81e8-95a859aabe3f,Executing outstanding patient care alongside family physicians in a clinical setting,experience,0.5
b15b1ba7-6cef-4afa-884f-a28f8349cc75,f9d35219-08ea-4a5d-81e8-95a859aabe3f,"managing routine screening protocols and patient follow up appointments in a large-scale clinic of over 24,000+ patients. • Working in a collaborative & team lead setting. • Upholding strict privacy regulations and personal health data. • Skillful use of electronic medical records (EMR). • Facilitating patient services on a multi-line phone system. • Coordinating patient care along side physicians and health care professionals",experience,0.5
2a3ea86a-cebe-4387-9c4b-5a25c12aa654,f9d35219-08ea-4a5d-81e8-95a859aabe3f,"Muller Farms Ltd. is a 6,200-acre agriculture corporation. It is a fast-paced, hands-on work environment dependent on critical thinking skills during extended work hours and demanding physical conditions. • Orchestrated crop production and oversaw farm maintenance. • Physical labour. • Operation of large and small scale equipment. • Executing efficient and precise seeding operation according to specific plant requirements",experience,0.5
c65aa8b5-e1d6-402e-8ea5-caaaed164868,b09e11c3-3662-43d4-be74-d01aa75f830e,Emocodes,skills,1.0
fe57f9cf-e987-4b4b-b274-76b873c58fc6,b09e11c3-3662-43d4-be74-d01aa75f830e,MNE Python (for EEG processing and analysis),skills,1.0
f23ddfc4-2907-440b-ba83-807cc462177c,b09e11c3-3662-43d4-be74-d01aa75f830e,Pandas (Software),skills,1.0
a8094b0a-74bd-4ccd-93fd-686797a6345c,b09e11c3-3662-43d4-be74-d01aa75f830e,Python (Programming Language),skills,1.0
34d66d66-8359-4493-948e-c38240d18332,b09e11c3-3662-43d4-be74-d01aa75f830e,Clinical Research,skills,1.0
0d9c2215-bf54-41d2-8438-525f2897c20d,b09e11c3-3662-43d4-be74-d01aa75f830e,R (Programming Language),skills,1.0
89014076-5ae7-4028-b046-6d765b5ce28c,b09e11c3-3662-43d4-be74-d01aa75f830e,Data Entry,skills,1.0
8b1bbf14-0173-47cf-b92b-6beb0b8065eb,b09e11c3-3662-43d4-be74-d01aa75f830e,MRI,skills,1.0
f2bcdec6-085c-403c-8b35-1461778159f8,b09e11c3-3662-43d4-be74-d01aa75f830e,EEG,skills,1.0
60835f13-acec-44ff-a695-d00fd85e5196,b09e11c3-3662-43d4-be74-d01aa75f830e,Computer Science,skills,1.0
23ffb922-82e7-49f6-be5b-935b8afefc3e,b09e11c3-3662-43d4-be74-d01aa75f830e,I am currently an incoming fourth year student at the University of Calgary working towards an Honours Bachelor of Science degree in Neuroscience,about,0.8
a605ab0b-c082-4109-98a5-1d7f9c9b9c84,b09e11c3-3662-43d4-be74-d01aa75f830e,I am passionate about everything science-related (especially the brain) and always strive to improve the world even in little ways,about,0.8
71714848-f849-44a5-a63c-c468e374a9a8,b09e11c3-3662-43d4-be74-d01aa75f830e,Over the summer of 2023,about,0.8
16228f77-69a0-4929-bb40-dc0f7d05e9ff,b09e11c3-3662-43d4-be74-d01aa75f830e,I volunteered at numerous locations primarily to work with and give back to children in my local community,about,0.8
4a491c6c-5717-40a8-9d42-07ea8dd7ba24,b09e11c3-3662-43d4-be74-d01aa75f830e,Currently,about,0.8
6f892603-d2eb-4497-a2b3-96c6d33834b7,b09e11c3-3662-43d4-be74-d01aa75f830e,I am working as a student researcher at the Alberta Children's Hospital under Dr,about,0.8
92f22bf2-5407-405d-9ba2-7efa3f9c3a99,b09e11c3-3662-43d4-be74-d01aa75f830e,Signe Bray to determine how preterm birth impacts the brain's development and increases the potential for neurodevelopmental disorders,about,0.8
a7ddc6ae-bc0a-4923-b1b3-a7c09825d519,63786a31-72e1-4fab-a6ce-cf85ad72db2f,Analytical Skills,skills,1.0
c77c95e5-0949-42e5-819b-cfb524c091b2,63786a31-72e1-4fab-a6ce-cf85ad72db2f,Research Collaboration,skills,1.0
cedc1731-aa1f-4ba5-8cf8-71d0710df051,63786a31-72e1-4fab-a6ce-cf85ad72db2f,Research Skills,skills,1.0
31dbf8f6-34b5-4e07-a6f0-edac9cb40f3f,63786a31-72e1-4fab-a6ce-cf85ad72db2f,Problem Solving,skills,1.0
7e4baf72-e761-4a8e-bd6a-b088538c48e8,63786a31-72e1-4fab-a6ce-cf85ad72db2f,Statistical Data Analysis,skills,1.0
1848179b-bce0-46d8-bfad-ff2ef8cdc762,63786a31-72e1-4fab-a6ce-cf85ad72db2f,Scientific Experimentation,skills,1.0
04dbefe5-bf05-4b85-bf4e-16536a6b9c21,63786a31-72e1-4fab-a6ce-cf85ad72db2f,Leadership,skills,1.0
0fdcea9f-d070-41ea-8147-ba92792b892f,63786a31-72e1-4fab-a6ce-cf85ad72db2f,Communication,skills,1.0
1ac38b80-fd72-4d77-9962-925438be0bce,63786a31-72e1-4fab-a6ce-cf85ad72db2f,Tutoring,skills,1.0
7657cdf5-7346-410a-9213-2376f3151949,63786a31-72e1-4fab-a6ce-cf85ad72db2f,TensorFlow,skills,1.0
aa2ee180-4a74-481a-b23a-99248de43928,aabd2af1-3e36-47c2-9dd4-64ae2244aced,Academic Research,skills,1.0
11459b81-8c25-4a0f-a16d-d79d9e60d339,aabd2af1-3e36-47c2-9dd4-64ae2244aced,Medical Research,skills,1.0
2a54f1c6-0f73-4fae-b5e1-7f0854bacdc9,aabd2af1-3e36-47c2-9dd4-64ae2244aced,Data Analysis,skills,1.0
0a59c8c0-a8dd-4cc8-95d7-a27652d88d76,aabd2af1-3e36-47c2-9dd4-64ae2244aced,Computational Neuroscience,skills,1.0
f04c75de-c5ec-474f-b456-422db4830f61,aabd2af1-3e36-47c2-9dd4-64ae2244aced,Behavioral Neuroscience,skills,1.0
80dad8eb-ef59-4b0f-b52b-f6780049f9d8,aabd2af1-3e36-47c2-9dd4-64ae2244aced,Analytical Skills,skills,1.0
970115ad-4934-4222-870c-44b70d8b5584,aabd2af1-3e36-47c2-9dd4-64ae2244aced,English,skills,1.0
6242e980-25ac-4f43-b727-447c9f0a7658,aabd2af1-3e36-47c2-9dd4-64ae2244aced,Research Skills,skills,1.0
3c9eade6-a99d-4966-8cd4-4ae1b6688165,aabd2af1-3e36-47c2-9dd4-64ae2244aced,Communication,skills,1.0
0dfe7289-d3bf-474d-89bc-45f33c52780d,aabd2af1-3e36-47c2-9dd4-64ae2244aced,An undergraduate Neuroscience student interested in experimental/clinical Neuroscience,about,0.8
5bf301fe-1964-4f62-962a-4791c2cc3095,aabd2af1-3e36-47c2-9dd4-64ae2244aced,Seeking to expand my understanding,about,0.8
c5b18aab-bd65-4b91-82ac-34306ada5aa7,aabd2af1-3e36-47c2-9dd4-64ae2244aced,experience,about,0.8
f131e8c4-842e-4e43-9243-8e85a9fa2fbe,aabd2af1-3e36-47c2-9dd4-64ae2244aced,and learn from innovative research while pursuing my academic and career goals in neuroscience,about,0.8
a4c4ea70-9959-480b-ba84-50f5a93e1863,b2e463f1-fa7c-4f6f-890d-0cd5676599a8,Digital Twin Cities: Simulating Aging Outcomes By Modifying Social Determinants of Health,publications,0.9
f3b6d37c-c40f-4ff6-bbdf-906d2781dadf,b2e463f1-fa7c-4f6f-890d-0cd5676599a8,"This includes our published paper and an accompanying explanatory video for “Digital Twin Cities: Simulating Aging Outcomes by Modifying Social Determinants of Health”, submitted to the STEM Fellowship IUBDC program",publications,0.9
89dabb20-5421-4e63-96dc-b5c160e4714f,61d6dada-0d7d-4b02-8c05-7dc3816c9a49,Western Blotting,skills,1.0
a43e2a7b-54b1-49b9-88ec-26f290683a1e,61d6dada-0d7d-4b02-8c05-7dc3816c9a49,Dosing and Drug Administration,skills,1.0
2fa8c342-c797-43c9-9e8b-8320c13284ce,61d6dada-0d7d-4b02-8c05-7dc3816c9a49,Mouse Handling,skills,1.0
636498cf-327b-48f5-add2-c7273e6cc0e1,61d6dada-0d7d-4b02-8c05-7dc3816c9a49,Scientific Research,skills,1.0
282edcfc-9a8f-47f6-9d46-b3d2552234ea,61d6dada-0d7d-4b02-8c05-7dc3816c9a49,Mathematics Education,skills,1.0
8eb3896d-1777-495a-852d-e35fc53338dd,61d6dada-0d7d-4b02-8c05-7dc3816c9a49,Curriculum Development,skills,1.0
defb0a29-88b2-4fdf-9601-c65a681c663c,61d6dada-0d7d-4b02-8c05-7dc3816c9a49,Teaching,skills,1.0
e49d3705-3cb4-44b7-a3cd-2bba4669dc3b,61d6dada-0d7d-4b02-8c05-7dc3816c9a49,Mentoring,skills,1.0
a8e526a8-0601-4e83-90f5-62ae270e758e,61d6dada-0d7d-4b02-8c05-7dc3816c9a49,Customer Service,skills,1.0
9de53824-5ed1-4028-84f0-27ea5ac75e29,61d6dada-0d7d-4b02-8c05-7dc3816c9a49,Administrative support,skills,1.0
5162dfb2-3eb5-49da-ac4a-b784c13e54c4,61d6dada-0d7d-4b02-8c05-7dc3816c9a49,"Researcher in Dr. Ning Cheng’s lab through MDSC 528, investigating ERK pathway activation through Western blot analysis in Fragile X mouse models to better understand its link to autism spectrum disorder",experience,0.5
61927436-9edc-444b-8e6f-39f45f2a7881,61d6dada-0d7d-4b02-8c05-7dc3816c9a49,Provided one-on-one math tutoring to students across a range of levels. Developed personalized lesson plans to target key learning gaps and promote long-term success,experience,0.5
b603ec37-0c4f-4d51-9665-a25f9110f672,61d6dada-0d7d-4b02-8c05-7dc3816c9a49,"Tutored students from middle school to high school. Focused on confidence, clarity, and personalized learning plans. Highlights: - Supported students weekly with customized learning plans and tracked academic progress using Excel - Used tools such as Zoom, Google Jamboard, and whiteboards to facilitate interactive sessions - Maintained organized lesson notes, progress records to ensure consistent and structured support - Developed strong relationships with students and families, leading to referrals and return clients - Improved student performance by up to 30% in classes based on test scores and parent feedback",experience,0.5
c2f67d46-6033-4582-8610-8cdbd5514fa3,61d6dada-0d7d-4b02-8c05-7dc3816c9a49,"Provided operational and administrative support for client accounts across Canada in a fast-paced remote environment. Focused on clear communication, efficient resolution, and consistently meeting performance goals. Highlights: - Handled 50+ service inquiries per day, resolving billing/technical issues while maintaining a 100% satisfaction score throughout the role -Worked closely with operation managers to support sales targets and contribute to team-wide performance KPIs - Processed account updates, service requests, and escalations using Salesforce and internal CRM tools (including V21 and Maestro) -Managed timelines and followed through on resolutions by coordinating with internal departments - Used Microsoft Office Suite, Teams, and Zoom for documentation, reporting, and team collaboration - Frequently exceeded sales benchmarks and helped improve overall client experience through disposition rates and follow-up",experience,0.5
d25167cd-a6ad-4b5d-a673-316c69012b9c,abb97cd8-36de-4c7d-ab17-23817efe1904,Artificial Intelligence (AI),skills,1.0
01552475-4753-4121-a631-cdeeb3853de6,abb97cd8-36de-4c7d-ab17-23817efe1904,Manuscript Development,skills,1.0
70f0ed1d-071d-44fd-9e42-9e50d9bb90c8,abb97cd8-36de-4c7d-ab17-23817efe1904,Conference Services,skills,1.0
5c141d1e-344f-4dc5-9fb6-e4b28e6c78bb,abb97cd8-36de-4c7d-ab17-23817efe1904,Customer Relationship Management (CRM),skills,1.0
f6169eff-77c1-4f26-8e8a-3fca4ea062ba,abb97cd8-36de-4c7d-ab17-23817efe1904,Statistical Data Analysis,skills,1.0
7de5523a-8bf7-4eec-8be6-b254a0524203,abb97cd8-36de-4c7d-ab17-23817efe1904,Community Outreach,skills,1.0
a0429e87-a835-4283-9f6c-3d3cba9142a5,abb97cd8-36de-4c7d-ab17-23817efe1904,Peer Support,skills,1.0
ee70ea86-bb46-41bc-8fa8-7f78cf3d74b0,abb97cd8-36de-4c7d-ab17-23817efe1904,Peer Mentoring,skills,1.0
8cb576ea-55c3-4185-a2ef-2b7d3447f582,abb97cd8-36de-4c7d-ab17-23817efe1904,Community Engagement,skills,1.0
350c6aa5-3bb6-47ef-b702-e0c58a84d96a,abb97cd8-36de-4c7d-ab17-23817efe1904,Suicide Prevention,skills,1.0
321d1b22-86f1-49ee-bc9b-8c79b6d18bed,abb97cd8-36de-4c7d-ab17-23817efe1904,"Supporting the Conference and Events Team in delivering seamless on-campus experiences through administrative coordination and interdepartmental collaboration. My responsibilities include preparing and sending professional communications, managing booking logistics, assisting with event setup, and compiling reports to ensure smooth event execution. This role allows me to work closely with various university departments while maintaining a high standard of professionalism, organization, and client-facing communication",experience,0.5
e5c2ab9d-8008-4fa3-8656-e79c287d9acc,abb97cd8-36de-4c7d-ab17-23817efe1904,"Supported 50+ residents, fostering inclusivity and providing university resource guidance. - Led event planning, promotional content creation, and community engagement via social media. - Managed policy enforcement, emergency response, and on-call duties. - Developed skills in conflict resolution, leadership, and compliance",experience,0.5
bf40afaa-70cf-4ccf-80e6-b5c0279459ac,abb97cd8-36de-4c7d-ab17-23817efe1904,Supported the Residence Experience Team over the Summer as a Community Advisor,experience,0.5
a6720993-3a0d-4d93-bdf7-ec59b0c861d0,abb97cd8-36de-4c7d-ab17-23817efe1904,"Served as a dynamic salesperson, consistently exceeding weekly sales targets. - Provided exceptional customer service to an average of 50 customers daily, achieving a 95% customer satisfaction rate. - Recognized as the ""Most Thankful Person"" twice, among coworkers for fostering a supportive team environment and demonstrating gratitude for collaboration",experience,0.5
b69d393a-da06-410b-8ac3-0af377795375,243b2072-1c3f-41c3-8d48-e9cbf31365dc,Specialties,about,0.8
c0c85db1-14d2-4c30-852a-266383f1f34f,243b2072-1c3f-41c3-8d48-e9cbf31365dc,Graphic design,about,0.8
0fd4740d-f989-4a43-8f13-b98f5847e3a7,243b2072-1c3f-41c3-8d48-e9cbf31365dc,SharePoint,about,0.8
d76479f0-537f-4dce-8cb6-5d8c8be661c1,243b2072-1c3f-41c3-8d48-e9cbf31365dc,Adobe Flash,about,0.8
d09f1574-7aef-41f4-9aed-cb76ad97067c,243b2072-1c3f-41c3-8d48-e9cbf31365dc,Adobe Illustrator,about,0.8
50f00f23-9d79-4d9b-aaf4-3beb4801a534,243b2072-1c3f-41c3-8d48-e9cbf31365dc,Adobe Photoshop,about,0.8
a4de3dfb-e266-4fce-bc51-a84945c9521b,243b2072-1c3f-41c3-8d48-e9cbf31365dc,Adobe InDesign,about,0.8
b84d84ba-1eb4-41a0-b909-af21bd7bcf74,243b2072-1c3f-41c3-8d48-e9cbf31365dc,Administration,about,0.8
94253387-b7bc-405f-8700-58def4d1a8a9,243b2072-1c3f-41c3-8d48-e9cbf31365dc,Research,about,0.8
414a1a86-293b-4be1-b48a-739db86cadd7,243b2072-1c3f-41c3-8d48-e9cbf31365dc,Reception,about,0.8
1913e491-91e4-42f1-85b4-c0d6208cf8f2,243b2072-1c3f-41c3-8d48-e9cbf31365dc,Data entry,about,0.8
0f2bdfed-6ec1-42b4-920b-cd5a46e19cfc,243b2072-1c3f-41c3-8d48-e9cbf31365dc,Customer Service,about,0.8
59c1c18a-a20f-466a-ae47-07cd94953d8a,243b2072-1c3f-41c3-8d48-e9cbf31365dc,Microsoft Word,about,0.8
e62bbd4a-58aa-4400-bf69-0db72272ef27,243b2072-1c3f-41c3-8d48-e9cbf31365dc,PowerPoint,about,0.8
828ca404-813a-4030-bfdd-a3273e0dd5a9,243b2072-1c3f-41c3-8d48-e9cbf31365dc,Excel,about,0.8
d3890f8d-2a9b-4bd2-ac59-f8058a7a6ed0,243b2072-1c3f-41c3-8d48-e9cbf31365dc,Outlook,about,0.8
72b3ce04-b1ca-477b-8f5c-d6553564b922,243b2072-1c3f-41c3-8d48-e9cbf31365dc,"Animated Flash courses for clients including SAIT, Husky, Golder and BHP Billiton. • Designed course content to be both visually appealing and informative. • Obtained advance skills in Adobe Flash within two weeks despite having no previous program experience. • Excelled at both leadership and content creation leading to an early promotion. • Created and deployed courses dealing with both technical and compliance related content. • Successfully managed multiple projects and time lines within the project management tool Attask. • Led teams consisting of up to five members, ensuring a high quality product was produced and delivered to the client. • Consistently met both internal and external deadlines",experience,0.5
9fbac5fb-4a6c-4f0f-ba9b-c509b7bffbd0,243b2072-1c3f-41c3-8d48-e9cbf31365dc,"Worked in a fast paced and detail heavy environment, consistently met deadlines and ensured proper transfer procedures were met. • Successfully coordinated and processed the transfer of securities for clients and corporations. • Interacted closely with clients answering questions and providing support in regards to the transfer process. • Accurately entered data into specialized securities software",experience,0.5
a35ad500-dad7-4f51-8096-7db62a275e0a,243b2072-1c3f-41c3-8d48-e9cbf31365dc,"Data entry and coding of donations received • Researched constitution information/current demographics • Handled confidential materials • Maintained a keen eye for accuracy, and handled a fast paced environment",experience,0.5
e87e4cca-1d09-4cf1-8646-4b4c653a8235,2bd57a38-f080-4c1e-923a-7b67106ab828,RESEARCH FOCUS The Ryan Lab strives to answer fundamental questions in neuroscience,about,0.8
32195b2e-6d54-494a-af31-5fcaa5790cb9,2bd57a38-f080-4c1e-923a-7b67106ab828,develop new tools for collaborative investigation into the mechanisms underlying neurological disorders and train scientists in the areas of molecular neuroscience and stem cell biology,about,0.8
3a39d092-4fd4-4db2-8287-66f8cb47f51f,2bd57a38-f080-4c1e-923a-7b67106ab828,We currently utilize stem cell and animal based models of Parkinson's Disease (PD) to study how protein aggregation impact on neuronal function in human disease,about,0.8
eca0413b-b69f-47b2-8e43-7ad965c53a43,d116db6e-1346-4137-bfb9-698b05b2816a,Highly motivated research scientist with experience in both academic and industrial research settings,about,0.8
2a486ed0-7ff9-450f-af55-21fa7588f033,d116db6e-1346-4137-bfb9-698b05b2816a,A goal-oriented individual that has consistently thrived in multiple diverse research environments,about,0.8
afc015bb-2f21-4382-9def-1bea21de0bbd,d116db6e-1346-4137-bfb9-698b05b2816a,A proven track record of productivity that has consistently achieved objectives including rapid development of assays from concept through validation and has published 16 (8 first author) peer reviewed articles,about,0.8
557efdd2-1554-4110-8767-75470d78909d,d116db6e-1346-4137-bfb9-698b05b2816a,Strong work ethic either independently or as part of a team,about,0.8
43497f4c-2482-403f-9c81-b8b84cb0e055,d116db6e-1346-4137-bfb9-698b05b2816a,enjoys challenges and has a demonstrated creative capacity to overcome technical hurdles,about,0.8
c30fa7b5-3793-4834-8d34-cfceaf173233,d116db6e-1346-4137-bfb9-698b05b2816a,A consistent,about,0.8
20b6e32c-96c8-41ae-868e-88ae0ec0721e,d116db6e-1346-4137-bfb9-698b05b2816a,talented performer that is a valuable addition to a research intensive organization,about,0.8
d7d4324d-7d03-403d-ad67-4346cc27cfbe,d116db6e-1346-4137-bfb9-698b05b2816a,Mutation of Trp29 of human equilibrative nucleoside transporter 1 alters affinity for coronary vasodilator drugs and nucleoside selectivity,publications,0.9
ae7a2993-5ca4-4953-bcc0-3a2372146585,d116db6e-1346-4137-bfb9-698b05b2816a,K+ -dependent Na+/Ca2+ exchangers: key contributors to Ca2+ signaling,publications,0.9
c8a53979-42ca-422c-96f5-000645a07ce3,d116db6e-1346-4137-bfb9-698b05b2816a,"Residues 334 and 338 in transmembrane segment 8 of human equilibrative nucleoside transporter 1 are important determinants of inhibitor sensitivity, protein folding, and catalytic turnover",publications,0.9
8b758685-ec4e-4632-bb0c-17c33785a345,d116db6e-1346-4137-bfb9-698b05b2816a,"Analysis of Ion Interactions with the K+ -dependent Na+/Ca2+ Exchangers NCKX2, NCKX3, and NCKX4: identification of Thr-551 as a key residue in defining the apparent K(+) affinity of NCKX2",publications,0.9
2fb5289e-d00d-4772-90c8-7c82ad1b1956,d116db6e-1346-4137-bfb9-698b05b2816a,Residue 33 of human equilibrative nucleoside transporter 2 is a functionally important component of both the dipyridamole and nucleoside binding sites,publications,0.9
ba9a034f-0587-4c06-b691-b15d3b536113,d116db6e-1346-4137-bfb9-698b05b2816a,Identification and mutational analysis of amino acid residues involved in dipyridamole interactions with human and Caenorhabditis elegans equilibrative nucleoside transporters,publications,0.9
a19a788a-6fd7-4bfa-b176-97eff1348e8d,d116db6e-1346-4137-bfb9-698b05b2816a,Mutation of residue 33 of human equilibrative nucleoside transporters 1 and 2 alters sensitivity to inhibition of transport by dilazep and dipyridamole,publications,0.9
6424b568-66af-4859-8fd5-3b5b3693bf79,92b379c6-3c0a-4620-a98b-6b023aa0806f,I am a Doctoral Researcher in the field of Neuroscience at the Hotchkiss Brain Institute,about,0.8
0f9b5163-9b1d-4566-8fa0-7fb071df8799,92b379c6-3c0a-4620-a98b-6b023aa0806f,with nearly a decade of experience in Behavioural Neuroscience and Neuropsychopharmacology,about,0.8
2394f844-b168-4f96-b328-a85263f278b2,92b379c6-3c0a-4620-a98b-6b023aa0806f,I hold both a BSc,about,0.8
a9fd70c9-51e7-4687-9014-ff41d716e43c,92b379c6-3c0a-4620-a98b-6b023aa0806f,and MSc,about,0.8
db375a68-56ac-4927-96a5-883aef7fdf4b,92b379c6-3c0a-4620-a98b-6b023aa0806f,in Biomedical Science (Neuroscience Specialization) with broader training in addiction,about,0.8
d4d18cc9-d2c9-41c8-9415-cbf2854c0c26,92b379c6-3c0a-4620-a98b-6b023aa0806f,stress,about,0.8
ba71c2a0-61a7-46d7-80ef-b0e4efd72de3,92b379c6-3c0a-4620-a98b-6b023aa0806f,and mood-related disorders,about,0.8
a20252c1-3015-4b92-acb7-c940042b3da7,92b379c6-3c0a-4620-a98b-6b023aa0806f,My work spans both preclinical and clinical research,about,0.8
712c4977-fde7-48ea-b411-93651538848e,92b379c6-3c0a-4620-a98b-6b023aa0806f,focusing on the neural mechanisms that shape eating behaviours,about,0.8
6c6f166a-af4e-4048-bca5-8139faf43d62,92b379c6-3c0a-4620-a98b-6b023aa0806f,I currently study how diet induces alterations in brain circuitry that influences decision-making leading to the persistence of maladaptive habits,about,0.8
71472b15-4103-4d34-a1df-fbe17109380a,92b379c6-3c0a-4620-a98b-6b023aa0806f,with a particular focus on the role of astrocytes,about,0.8
910143db-1a7a-4667-8cc5-3af6f6cd0dbb,92b379c6-3c0a-4620-a98b-6b023aa0806f,My research aims to advance a more brain-based understanding of obesity and eating disorders to better inform treatment and intervention strategies,about,0.8
35571709-446f-4604-88db-fdee7a054dd2,92b379c6-3c0a-4620-a98b-6b023aa0806f,My time as a researcher has allowed me to lead and contribute to complex research initiatives spanning experimental design,about,0.8
b6a4e0b6-241d-49bf-87c9-d652abc888f0,92b379c6-3c0a-4620-a98b-6b023aa0806f,data analysis,about,0.8
52b44d8b-d442-417a-91cc-1383b57b6ee0,92b379c6-3c0a-4620-a98b-6b023aa0806f,and scientific communication,about,0.8
1bc64282-7267-4a94-92de-bee3c8f1b2ab,92b379c6-3c0a-4620-a98b-6b023aa0806f,resulting in peer-reviewed publications and competitive funding,about,0.8
052c5d91-c6e7-4ae3-b901-f6bf09a95a26,92b379c6-3c0a-4620-a98b-6b023aa0806f,I am particularly skilled at translating complex science into clear,about,0.8
ad7bf569-92d5-46f7-99e4-b032e4de5ee1,92b379c6-3c0a-4620-a98b-6b023aa0806f,accessible knowledge for diverse audiences,about,0.8
1b66b0ca-9025-43b8-8275-1a7e37971347,92b379c6-3c0a-4620-a98b-6b023aa0806f,bridging the gap between research and real-world application,about,0.8
6da2a2d0-4866-4f33-acb7-f2de383f3b62,92b379c6-3c0a-4620-a98b-6b023aa0806f,"The Relationship Between Cannabis, Cognition, and Schizophrenia: It’s Complicated",publications,0.9
b80999d0-838c-4acd-9d36-c0e10eeaea10,92b379c6-3c0a-4620-a98b-6b023aa0806f,Alcohol and Vapourized Nicotine Co-Exposure During Adolescence Contribute Differentially to Sex-Specific Behavioural Effects in Adulthood,publications,0.9
3ec45971-8259-42c5-a2a7-554298c114e2,1d2f3d61-4015-4a66-a140-bf98f283d695,Collaborative Problem Solving,skills,1.0
9ba6b0d1-1f72-4e4e-b0da-ed5441a23e23,1d2f3d61-4015-4a66-a140-bf98f283d695,constructive dialogue,skills,1.0
2151b452-6330-4bc6-8794-7fbb705bf407,1d2f3d61-4015-4a66-a140-bf98f283d695,R (Programming Language),skills,1.0
7c5ca602-1675-4ae7-b36d-2b594490d633,1d2f3d61-4015-4a66-a140-bf98f283d695,Laboratory Skills,skills,1.0
a1489ae1-a3e7-44d0-b1da-2039f6f58782,1d2f3d61-4015-4a66-a140-bf98f283d695,Science Communication,skills,1.0
bb2d1b0d-88e5-4b9c-a446-9811c0d2728d,1d2f3d61-4015-4a66-a140-bf98f283d695,Data Extraction,skills,1.0
f47f2b89-1b1e-465f-bdc7-771d0bbe262b,1d2f3d61-4015-4a66-a140-bf98f283d695,Collaborative Teamwork,skills,1.0
9aa72c04-d920-419a-9084-eb49655397b2,1d2f3d61-4015-4a66-a140-bf98f283d695,Research Design & Experimental Planning,skills,1.0
976f36b4-7ceb-4084-b86e-481a641be634,1d2f3d61-4015-4a66-a140-bf98f283d695,Microsoft Excel,skills,1.0
e13551b6-8ddf-416e-8c95-623539cb7138,1d2f3d61-4015-4a66-a140-bf98f283d695,Literature Review & Scientific Reading,skills,1.0
db30c107-e0db-4f40-bbf8-30a1349ef639,d93bf6ad-efae-4411-9708-bdff1c9fe891,Technical Reports,skills,1.0
e2195fc8-87b9-4a58-bbce-2a9e2d48bfe5,d93bf6ad-efae-4411-9708-bdff1c9fe891,Polymerase Chain Reaction (PCR),skills,1.0
4d0aacd3-27c4-4268-ab2a-da5970f3dbc8,d93bf6ad-efae-4411-9708-bdff1c9fe891,Mammalian Cell Culture,skills,1.0
f1a291cc-dde8-4513-84c0-c1cf9ad7c8fe,d93bf6ad-efae-4411-9708-bdff1c9fe891,Cryopreservation,skills,1.0
460a24a9-17a3-4a5c-813b-81265cc17481,d93bf6ad-efae-4411-9708-bdff1c9fe891,Cell Culture,skills,1.0
332a587a-885a-4d5c-a462-087b826ec4d0,d93bf6ad-efae-4411-9708-bdff1c9fe891,MALDI-TOF mass spectrometry,skills,1.0
37681184-a75e-4347-bb5a-95cdf665230d,d93bf6ad-efae-4411-9708-bdff1c9fe891,Western Blotting,skills,1.0
6b1d3095-fc4f-44ba-a147-8489db069225,d93bf6ad-efae-4411-9708-bdff1c9fe891,Immunocytochemistry,skills,1.0
33420159-1364-4c82-ba19-67f2e1ed82fc,d93bf6ad-efae-4411-9708-bdff1c9fe891,IBM SPSS Statistics,skills,1.0
a567354d-a9bd-4ba7-9008-1bf95c9d7723,d93bf6ad-efae-4411-9708-bdff1c9fe891,GraphPad Prism,skills,1.0
5e8399be-b979-41fb-a622-9cde965207b7,d93bf6ad-efae-4411-9708-bdff1c9fe891,"Currently establishing a model that aims to restore the damaged neural circuitry of a rat ex vivo model of ischemic stroke, through the use of neuron transplantation, neural activity measurement and optogenetics. • Techniques include: organotypic hippocampal (HPC) slice culture, embryonic cortical neuron culture, multi-electrode array (MEA) recording, immunocytochemistry, western blotting, and viral transduction",experience,0.5
6e3e64d8-25c0-42db-b86b-550d3c7eed05,d93bf6ad-efae-4411-9708-bdff1c9fe891,"Summer Project Placement: •Attempted to develop a high-throughput microscopic screening tool for the SARS-COV-2 virus using a database of small molecule drugs. •Developed proficiency in cell culture techniques for human embryonic kidney (HEK-293T) cells, and cortical neurons. •Experience with handling live virus, including lentiviral vectors for SARS-COV-2. •Developed positive and negative controls to optimize the high-throughput screening tool through various experiments to induce autophagy in HEK-293T cells",experience,0.5
7c8c4d56-e87c-418d-8bb5-35522d46d7b5,d93bf6ad-efae-4411-9708-bdff1c9fe891,"Residence leader responsible for the management of 65 students in the residence community. Themed program planning, facilitating meetings, conducting rounds of the residence, and responding to students’ concerns and needs",experience,0.5
0f71139d-6d52-4e64-9437-c83fb226762c,d93bf6ad-efae-4411-9708-bdff1c9fe891,"Member of a team providing comprehensive diagnostic bacteriology services to the OVC Health Sciences Centre, practicing veterinarians, researchers, and industry across Canada. •Isolated and identified various bacterial organisms via the use of MALDI-TOF Mass Spectrometry technology. •Proficient in the use of advanced laboratory equipment including incubators, isoplaters and anaerobic chambers and techniques such as ELISA for Clostridium bacteria, inoculating agar plates, slopes and media, pipette use, serial dilution and staining slides for analysis (Gram, MAF). •Clinical, Hatchery and Mastitis specimen preparation for culture. •Performed data logging through Microsoft (Excel, Word) and Laboratory Information Management System (LIMS) Labvantage6 software. •Effectively assisted clients with inquiries and coordinated between departments, when necessary, in a timely manner",experience,0.5
241f9269-85d4-4ea7-97b0-9561a8543004,28009f57-6b6a-4100-9a98-3408978540af,Tanguay is a psychiatrist who completed two fellowships,about,0.8
0fb17a79-cce9-49f8-a9bf-f1b5ced4ded4,28009f57-6b6a-4100-9a98-3408978540af,Addiction and Pain,about,0.8
196cb3dd-1344-4f4d-a23a-5c10d86caf89,28009f57-6b6a-4100-9a98-3408978540af,He is a clinical assistant professor at the University of Calgary,about,0.8
7aef9a17-1629-4b31-bc28-8d4540b6fb9e,28009f57-6b6a-4100-9a98-3408978540af,He is the Senior Medical Lead for Addiction Services with Recovery Alberta leading the largest addiction health authority in Canada,about,0.8
1ab65902-16a9-4972-8746-cc8696e95b25,28009f57-6b6a-4100-9a98-3408978540af,He is also the Senior Medical Lead for Compassionate Intervention with Recovery Alberta,about,0.8
a73d3035-deaf-4be9-8bb1-fe92447b6229,28009f57-6b6a-4100-9a98-3408978540af,Tanguay is member of the Calgary Police Commission,about,0.8
65fa600d-ec02-45a2-a6c0-4c48dd40ffac,28009f57-6b6a-4100-9a98-3408978540af,Canada’s second largest municipal police service with an annual budget of ~$600 million,about,0.8
b03d385f-88f7-4354-a449-187737f7ffe3,28009f57-6b6a-4100-9a98-3408978540af,He is a member of the Alberta Criminal Code Review Board,about,0.8
6445b333-6d32-4777-aabd-61ec04c6bd6c,28009f57-6b6a-4100-9a98-3408978540af,He is the Co-Chair of the Western Canadian Addiction Forum (WCAF) and director and Chair of the Canadian Addiction Counsel,about,0.8
d859c5b5-5a8e-4d61-a4ea-aa673343769b,28009f57-6b6a-4100-9a98-3408978540af,He is a founder and Director of the Canadian Academy of Addiction Psychiatry (CAAP),about,0.8
53b56b90-701b-4d20-bd49-3856b5882f2d,28009f57-6b6a-4100-9a98-3408978540af,Tanguay has been heavily involved in health policy including helping to lead the Alberta Psychedelic Legislative Committee and the Alberta Safe Supply Legislative Committee,about,0.8
8cd1990b-449e-41e8-bb58-2ed18b105867,28009f57-6b6a-4100-9a98-3408978540af,He was a member of the Alberta Recovery Expert Advisory Panel directly advising the Alberta Minister of Addiction and Mental Health,about,0.8
c17dbc20-682d-432f-aa0a-5b57423cb24e,28009f57-6b6a-4100-9a98-3408978540af,He was a member of the Public Health Emergencies Governance Review Panel for the Government of Alberta and was a member of the Supervised Consumption Review Committee,about,0.8
8f1f4f82-db8c-47ff-a7ea-0106536b3f94,28009f57-6b6a-4100-9a98-3408978540af,He is a former director of the Canadian Society of Addiction Medicine,about,0.8
86cc9d46-52a0-4800-835b-a36fd6b1be61,28009f57-6b6a-4100-9a98-3408978540af,Tanguay has been recognized for his work and is the 2021 Royal College recipient of the Early Career Leadership Award,about,0.8
15351897-d9a2-44ad-b8ee-44906553df67,28009f57-6b6a-4100-9a98-3408978540af,was inducted into the University of Lethbridge Alumni Honour Society,about,0.8
2b83cc9d-6271-4943-9a10-f0735a77e685,28009f57-6b6a-4100-9a98-3408978540af,and is a recipient of the Queen Elizabeth II Platinum Jubilee Medal and the King Charles III Coronation Medal,about,0.8
88660f63-0568-496e-aa16-2c6f7e5af60d,28009f57-6b6a-4100-9a98-3408978540af,plenary,about,0.8
7076fb72-e568-4a20-958f-27f07e759493,28009f57-6b6a-4100-9a98-3408978540af,and keynote lectures on three continents speaking on policy,about,0.8
02b6618b-2825-404b-aa84-cccad437a474,28009f57-6b6a-4100-9a98-3408978540af,addiction,about,0.8
d4dcdc6b-37cd-4a9b-a976-475835e6ac62,28009f57-6b6a-4100-9a98-3408978540af,pain,about,0.8
cbcf5a13-6e1e-40b3-9cc0-4e9f417c1125,28009f57-6b6a-4100-9a98-3408978540af,podcasts,about,0.8
b61a1b9d-60a5-459f-80e7-d16bd591f56c,28009f57-6b6a-4100-9a98-3408978540af,and rounds,about,0.8
752febf1-0f8e-479d-8b9c-5ab123e88e74,28009f57-6b6a-4100-9a98-3408978540af,He has received almost $10Million in operational and research grants from a variety of institutions,about,0.8
60865558-3adf-4da9-88df-4dd8b6c3264d,28009f57-6b6a-4100-9a98-3408978540af,Academically,about,0.8
61fa2af1-7908-41ca-8b89-629a64805ce7,28009f57-6b6a-4100-9a98-3408978540af,he has published over 35 peer-reviewed papers and he is involved in research in trauma,about,0.8
fd0c8c2a-fc64-4e8d-8103-2112ef9e27b7,28009f57-6b6a-4100-9a98-3408978540af,chronic pain,about,0.8
2ebddd11-0e20-4057-b5da-b1f2f2e133ec,28009f57-6b6a-4100-9a98-3408978540af,opioids,about,0.8
f61e930e-72ae-4167-8328-fa8a52f849bc,28009f57-6b6a-4100-9a98-3408978540af,cannabis,about,0.8
f2611118-4fd2-4613-9e97-5f98284c68d4,28009f57-6b6a-4100-9a98-3408978540af,and psychedelics and is a member of the Hotchkiss Brain Institute and the Mathison Centre for Mental Health Research & Education at the University of Calgary,about,0.8
16bdebd0-868b-405a-ba51-17ebbe3b6846,28009f57-6b6a-4100-9a98-3408978540af,Top skills Leadership • Strategic Leadership • Board of Directors,about,0.8
bc8a8661-bada-4cb6-bb6b-c8e74eefa261,28009f57-6b6a-4100-9a98-3408978540af,"Board Governance, Strategic Leadership and +1 skill",experience,0.5
3c45fa21-30de-4b57-83a1-e671cad91a78,2c9beb01-eb2c-4e00-b3b8-888aad09b85b,I am currently involved in research at the Hotchkiss Brain Institute,about,0.8
9b2cd4e8-b2f8-4622-82ea-e06b2f3e5f12,2c9beb01-eb2c-4e00-b3b8-888aad09b85b,studying seizures and seizure-related phenomenon,about,0.8
822851c6-9083-4fda-8f0b-0eaf20177e0f,2c9beb01-eb2c-4e00-b3b8-888aad09b85b,I am interested glia and signalling,about,0.8
e0bf7f51-73f1-4a6c-a4a3-e642a3dbdcd2,2c9beb01-eb2c-4e00-b3b8-888aad09b85b,neuropharmacology,about,0.8
fc40def4-1432-4908-b887-547475fc0d4b,2c9beb01-eb2c-4e00-b3b8-888aad09b85b,and disorders such as epilepsy,about,0.8
97988a61-7067-47ce-a4d6-7b3682f71589,2c9beb01-eb2c-4e00-b3b8-888aad09b85b,stroke,about,0.8
b20f709a-6b7e-4e5e-b8bf-d2cf4c18aa08,2c9beb01-eb2c-4e00-b3b8-888aad09b85b,and concussion,about,0.8
8bb07b57-b471-4dfa-b24e-1be2edef2d63,2c9beb01-eb2c-4e00-b3b8-888aad09b85b,When Two Wrongs Make a Right: The Effect of Acute and Chronic Binge Drinking on Traumatic Brain Injury Outcomes in Young Adult Female Rats,publications,0.9
95cc29db-0251-4c10-9122-d14719f5cce3,41601368-5883-4c8c-acc3-410a620df99c,Precision Medicine,skills,1.0
fd4ec88a-0421-4a05-8f1e-c43547fb4b23,41601368-5883-4c8c-acc3-410a620df99c,Entrepreneurship,skills,1.0
b91b6b33-9293-4528-98fc-527de9ea3977,41601368-5883-4c8c-acc3-410a620df99c,Prescription,skills,1.0
2308f5ab-f4aa-4138-9e59-5349fb4776b2,41601368-5883-4c8c-acc3-410a620df99c,Referrals,skills,1.0
e1fb4d44-256c-4d2a-8768-5d04f3bc18e2,41601368-5883-4c8c-acc3-410a620df99c,Electronic Medical Record (EMR),skills,1.0
f70e0860-8193-47ee-8dbf-9121c5d035ed,41601368-5883-4c8c-acc3-410a620df99c,Virtual Teams,skills,1.0
433af435-7f7a-441c-8113-df5e412d4cc0,41601368-5883-4c8c-acc3-410a620df99c,Health Education,skills,1.0
0793c707-c7ed-42f2-b04d-acc0b794b90d,41601368-5883-4c8c-acc3-410a620df99c,Longevity,skills,1.0
59911e25-0ac4-4741-abb2-679557396f30,41601368-5883-4c8c-acc3-410a620df99c,Voluntary Sector,skills,1.0
a831457d-7690-4b96-9dcc-ec4e17980105,41601368-5883-4c8c-acc3-410a620df99c,Patient Experience,skills,1.0
11f729cc-b93a-466b-8a58-c3e1d8495adb,41601368-5883-4c8c-acc3-410a620df99c,I am a Medical Doctor with experience across primary care,about,0.8
f5a62a97-c4fc-4f45-baa7-ffc10ebc7af7,41601368-5883-4c8c-acc3-410a620df99c,emergency care,about,0.8
0787fd6d-3dec-4603-b5ef-6c3fa878d326,41601368-5883-4c8c-acc3-410a620df99c,inpatient medicine,about,0.8
a649ed4c-79d1-4e2e-a97c-6f76cd212d43,41601368-5883-4c8c-acc3-410a620df99c,surgical outpatient care,about,0.8
d00fb7a8-4ac0-4dfe-9f88-d975fd4a5364,41601368-5883-4c8c-acc3-410a620df99c,and hospital-based clinical practice,about,0.8
12bdd30c-f64d-4f71-852d-8fa45cafb583,41601368-5883-4c8c-acc3-410a620df99c,I have worked as a General Practitioner providing comprehensive patient care,about,0.8
fa11a4ee-d38e-438f-ad8a-9fde10a1f711,41601368-5883-4c8c-acc3-410a620df99c,managing acute and chronic medical conditions,about,0.8
e4f22415-fc1e-4544-8e81-26709fda4d4b,41601368-5883-4c8c-acc3-410a620df99c,coordinating admissions and discharges,about,0.8
235670eb-d246-4221-9558-0a7babfd94a5,41601368-5883-4c8c-acc3-410a620df99c,participating in multidisciplinary care,about,0.8
0b48c40f-c067-4986-baae-2c2d171806fa,41601368-5883-4c8c-acc3-410a620df99c,and supporting continuity of care in both outpatient and inpatient settings,about,0.8
ad6fa34e-524d-438a-ae87-b7b9d9cb98b8,41601368-5883-4c8c-acc3-410a620df99c,My clinical experience also includes surgical outpatient services,about,0.8
89ff6df9-966e-473e-a4fc-2e34459fb3b9,41601368-5883-4c8c-acc3-410a620df99c,emergency stabilization,about,0.8
60bed5b0-3566-4c13-bf3e-f07abbad87ed,41601368-5883-4c8c-acc3-410a620df99c,minor procedures,about,0.8
91f2be7c-5457-4771-a6e7-9f25f382b433,41601368-5883-4c8c-acc3-410a620df99c,and telemedicine consultation,about,0.8
f68bf0d3-8c06-4d6e-846b-dbad9c8b9f63,41601368-5883-4c8c-acc3-410a620df99c,alongside active involvement in teaching health science & medical students and coordinating clinical attachments,about,0.8
90979c11-35ec-461a-8d19-e1845836a4fc,41601368-5883-4c8c-acc3-410a620df99c,I am currently completing a Master’s in Precision Health (Precision Medicine specialization) at the University of Calgary,about,0.8
8517d2f7-34c6-446c-af5d-9457a92fcc70,41601368-5883-4c8c-acc3-410a620df99c,I have worked as a Research Associate working in clinical research and healthcare innovation across nutrition,about,0.8
bad0c23c-7fe1-4da2-a359-e4afa6280cb1,41601368-5883-4c8c-acc3-410a620df99c,trauma,about,0.8
900c0584-2a95-469a-ae29-2aae7b9ded7d,41601368-5883-4c8c-acc3-410a620df99c,oncology,about,0.8
3dc81200-b76d-4b18-8b16-1225b615eb21,41601368-5883-4c8c-acc3-410a620df99c,translational medicine,about,0.8
c807a423-e6c2-4668-a689-e7b3a48ffe83,41601368-5883-4c8c-acc3-410a620df99c,and real-world evidence,about,0.8
433d18c6-38d7-434e-a487-5cb474a6b511,41601368-5883-4c8c-acc3-410a620df99c,and supported healthcare investment screening & due diligence,about,0.8
bacafd1d-1083-4cbd-893f-e1d6a2f7934c,41601368-5883-4c8c-acc3-410a620df99c,I hold the Licentiate of the Medical Council of Canada,about,0.8
0f600684-9795-4852-a4f4-f0b156bac0fe,41601368-5883-4c8c-acc3-410a620df99c,and I am transitioning into Canadian Clinical practice @NLHS starting with a role comparable to a senior resident physician,about,0.8
08255bd2-d049-4101-8e96-43be64436a1e,41601368-5883-4c8c-acc3-410a620df99c,while preparing for the Practice Ready Assessment (PRA) in Canada,about,0.8
21155e03-4d3b-49fb-a389-c6539a0bf829,41601368-5883-4c8c-acc3-410a620df99c,"Primary Care, Good Clinical Practice (GCP) and +7 skills",experience,0.5
0882ebb4-4e93-48c7-87c9-43eee0388559,41601368-5883-4c8c-acc3-410a620df99c,General Practitioner at Hiwot Fana Comprehensive Specialized Hospital,experience,0.5
35c217b3-2c56-4f27-8270-fd825d32fcfb,41601368-5883-4c8c-acc3-410a620df99c,"Clinical Skills, Good Clinical Practice (GCP) and +14 skills",experience,0.5
218251e1-531a-46e8-8336-97f7e76e9492,1f1f4f23-4334-4f7d-8036-fa26d1c08d07,Hands-on Research,skills,1.0
0265e1cd-4e91-4837-bed8-99d745e6be93,1f1f4f23-4334-4f7d-8036-fa26d1c08d07,Initiative,skills,1.0
a0f4755a-f558-43cf-b4ee-178f2815d0d6,1f1f4f23-4334-4f7d-8036-fa26d1c08d07,Data Analysis,skills,1.0
b2ffca58-60fd-4537-a3e5-d1ba8b4ecdca,1f1f4f23-4334-4f7d-8036-fa26d1c08d07,Teamwork,skills,1.0
483744c1-c5ff-498c-a20e-ad5c00cd211c,1f1f4f23-4334-4f7d-8036-fa26d1c08d07,Social Media Marketing,skills,1.0
df26623e-64b6-4040-816d-d8b4fa6bc996,1f1f4f23-4334-4f7d-8036-fa26d1c08d07,Project Management,skills,1.0
64c4f489-2ac8-4dd3-bc63-da0d7c68a67f,1f1f4f23-4334-4f7d-8036-fa26d1c08d07,Social Research,skills,1.0
b43ee0b7-9542-4247-a5f7-d95b84d6d0c5,1f1f4f23-4334-4f7d-8036-fa26d1c08d07,Patient Experience,skills,1.0
f558cc89-160c-41f3-9518-cb2ccf59bebb,1f1f4f23-4334-4f7d-8036-fa26d1c08d07,Research Skills,skills,1.0
d6aeaf30-9c41-4751-b31a-43a9b513ce0c,1f1f4f23-4334-4f7d-8036-fa26d1c08d07,Organizational Leadership,skills,1.0
bdb05919-e101-465f-8002-f56d00c75283,1f1f4f23-4334-4f7d-8036-fa26d1c08d07,"Supervised 9+ facilitators in Calgary and Edmonton in workshop training and organizing for 150+ attendees. Tailored workshop delivery using culturally responsive facilitation, plain English, and visual-based learning strategies, increasing participant comprehension and engagement across immigrant communities",experience,0.5
0e9b1122-d4f8-4c50-932e-a8f63d10bfee,1f1f4f23-4334-4f7d-8036-fa26d1c08d07,"A Student Union club dedicated to research, mentorship, networking and professional development opportunities",experience,0.5
9e0c545c-92fe-4685-99c4-310c79f3b382,2e1e9717-70fc-455a-b655-4c0ed3c40f34,Glutamatergic synaptic integration of locomotion speed via septoentorhinal projections,publications,0.9
0801ca2d-1d6f-441c-8759-ead930ae388d,2e1e9717-70fc-455a-b655-4c0ed3c40f34,Mouse model of CADASIL reveals novel insights into Notch3 function in adult hippocampal neurogenesis,publications,0.9
5d4e2f75-c1a5-4ddd-8bd2-0971292ae824,2e1e9717-70fc-455a-b655-4c0ed3c40f34,Systemic administration of epothilone B promotes axon regeneration after spinal cord injury,publications,0.9
278991af-4331-4c6c-a05c-9e3920f85e7d,2e1e9717-70fc-455a-b655-4c0ed3c40f34,Deletion of Abca7 increases cerebral amyloid-β accumulation in the J20 mouse model of Alzheimer’s disease,publications,0.9
54be2983-51c4-49bb-9ef9-6c99967fe672,2e1e9717-70fc-455a-b655-4c0ed3c40f34,Leucine-rich repeat kinase 2 and alternative splicing in Parkinson's disease,publications,0.9
10236b9d-be54-46f3-a6f3-0883ce872edb,2e1e9717-70fc-455a-b655-4c0ed3c40f34,Isoform-specific proteolysis of apolipoprotein-E in the brain,publications,0.9
d6e1b198-ddc7-4456-88ab-b2a752aa52b2,2e1e9717-70fc-455a-b655-4c0ed3c40f34,Apolipoprotein-E forms dimers in human frontal cortex and hippocampus,publications,0.9
3f13220f-8e21-4802-b71e-d6f5b5e5ae0e,2e1e9717-70fc-455a-b655-4c0ed3c40f34,Apolipoproteins in the brain – implications for neurological and psychiatric disorders,publications,0.9
5f2781c4-1a72-4b49-a115-db894efc3578,2e1e9717-70fc-455a-b655-4c0ed3c40f34,Increased ATP-binding cassette transporter A1 expression in Alzheimer's disease hippocampal neurons,publications,0.9
080310c3-c237-419e-b129-011ce23ee728,2e1e9717-70fc-455a-b655-4c0ed3c40f34,Analysis of apolipoprotein E nuclear localization using green fluorescent protein and biotinylation approaches,publications,0.9
b33e6914-99f7-425e-96b7-74b054037c3c,f1565080-485a-41b8-99a6-6149fd9227fb,I am interested in Magnetic Resonance Imaging (MRI) technology,about,0.8
590e41e5-c20f-40b5-b35d-4a599e1f2dd4,f1565080-485a-41b8-99a6-6149fd9227fb,both new and legacy,about,0.8
ecea4c9b-ca06-4316-bf34-c5822227e8cf,f1565080-485a-41b8-99a6-6149fd9227fb,as well as emerging methods of analysis,about,0.8
efda9849-e3fe-48c8-9827-fb338ef4c437,f1565080-485a-41b8-99a6-6149fd9227fb,I enjoy communicating these advances from developers to end users,about,0.8
d9a890b1-fbe5-49be-b761-9fa2dd6025a0,f1565080-485a-41b8-99a6-6149fd9227fb,whether research,about,0.8
00a84475-ba7f-47ea-b5eb-3918f9496191,f1565080-485a-41b8-99a6-6149fd9227fb,clinical,about,0.8
a2626378-9d47-4840-ba39-c04de60bf00e,f1565080-485a-41b8-99a6-6149fd9227fb,or client,about,0.8
11267f62-a55e-4218-8ece-2e3260afbe5b,f1565080-485a-41b8-99a6-6149fd9227fb,My journey within the umbrella field of MRI has taught me about the physics,about,0.8
f59b42da-e453-46e5-8cd3-3212beb7c3c1,f1565080-485a-41b8-99a6-6149fd9227fb,hardware,about,0.8
ab360b76-0e95-4982-ad1a-cd7ff4a734f7,f1565080-485a-41b8-99a6-6149fd9227fb,and data processing required in modern image analysis,about,0.8
d7fe2a11-5d84-40c7-af94-5d4dfffcea93,f1565080-485a-41b8-99a6-6149fd9227fb,as well as medical pathology throughout the human body throughout the life span,about,0.8
9d4d621f-0803-4351-90c5-4ae3439a4203,8d5b5273-e5dd-4481-b206-93b7e7983e66,Teaching,skills,1.0
ec9386f6-3435-4408-b6f0-19a46c8426f2,8d5b5273-e5dd-4481-b206-93b7e7983e66,Leadership,skills,1.0
aa1ea7cf-9292-4340-8182-146e804c63ac,8d5b5273-e5dd-4481-b206-93b7e7983e66,Research Skills,skills,1.0
7a5e067c-7433-4396-b83b-120aab9cf22e,03db3f72-1adc-4d08-bdde-9864a58cb2a6,C (Programming Language),skills,1.0
ec8cda42-8ac9-4b95-a091-9e12aab4aa71,03db3f72-1adc-4d08-bdde-9864a58cb2a6,Image Processing,skills,1.0
74002f72-793f-424e-9398-29dfcb36a330,03db3f72-1adc-4d08-bdde-9864a58cb2a6,Computer Hardware Troubleshooting,skills,1.0
b3ff0284-b37c-43ce-8060-e1b54742423c,03db3f72-1adc-4d08-bdde-9864a58cb2a6,Software Development,skills,1.0
16e8dc7b-925c-4b69-8f56-63de3d96f8e9,03db3f72-1adc-4d08-bdde-9864a58cb2a6,Calibration,skills,1.0
088a07b9-2a53-4fb1-bddf-2a7d7e8db1b7,03db3f72-1adc-4d08-bdde-9864a58cb2a6,Printed Circuit Board (PCB) Design,skills,1.0
90e8eafc-36af-420f-b956-5b3bc6d24baf,03db3f72-1adc-4d08-bdde-9864a58cb2a6,Pattern Recognition,skills,1.0
62616b35-059d-4bce-9bb9-b211948b2b4f,03db3f72-1adc-4d08-bdde-9864a58cb2a6,ECG Interpretation,skills,1.0
d06f03bf-e877-422f-bb6b-01e73cc5d803,03db3f72-1adc-4d08-bdde-9864a58cb2a6,Matlab,skills,1.0
9cdfd1b8-3c08-4986-a4f6-14e462e44479,03db3f72-1adc-4d08-bdde-9864a58cb2a6,Deep Learning,skills,1.0
525d1354-e602-44b2-bb19-92f32eb044bb,03db3f72-1adc-4d08-bdde-9864a58cb2a6,machine learning,about,0.8
1b1e6023-521e-4305-903d-fc6bbc7edc04,03db3f72-1adc-4d08-bdde-9864a58cb2a6,and data analysis,about,0.8
a4897a15-0ebc-4889-9cc1-71766de6389e,03db3f72-1adc-4d08-bdde-9864a58cb2a6,I am proficient in MATLAB,about,0.8
2fb7ce46-0b6f-40c6-b2ba-60f154f91215,03db3f72-1adc-4d08-bdde-9864a58cb2a6,Python,about,0.8
e34cf73d-7b12-4e76-a684-3109d59827bc,03db3f72-1adc-4d08-bdde-9864a58cb2a6,and C/C++,about,0.8
03982162-11c3-43ed-8c5d-aa568ddae1ec,03db3f72-1adc-4d08-bdde-9864a58cb2a6,with strong expertise in statistical analysis,about,0.8
3339e011-a2d7-41bd-a14c-82fd0e55a2bd,03db3f72-1adc-4d08-bdde-9864a58cb2a6,mathematical modelling,about,0.8
a3cea5a1-d0ca-45aa-9562-1fec9ea7706a,03db3f72-1adc-4d08-bdde-9864a58cb2a6,and deep learning,about,0.8
dd05e6e5-2be6-4790-9bc5-bca903384c58,03db3f72-1adc-4d08-bdde-9864a58cb2a6,My research focuses on estimating and correcting motion during MRI acquisition using EEG signals,about,0.8
80e62d19-1aca-41f2-9843-54a8bc7586aa,03db3f72-1adc-4d08-bdde-9864a58cb2a6,with applications in EEG–fMRI analysis,about,0.8
10403df0-0b63-4570-98fe-eb699bac05be,03db3f72-1adc-4d08-bdde-9864a58cb2a6,I build data pipelines,about,0.8
c82d9a0c-2a45-4181-ad87-08cda97b56ae,03db3f72-1adc-4d08-bdde-9864a58cb2a6,develop ML algorithms,about,0.8
070d0da8-2079-4809-aac9-afa701fda5b3,03db3f72-1adc-4d08-bdde-9864a58cb2a6,and design tools for EEG and MRI analysis,about,0.8
7e818175-f6cc-48a4-a26b-20377bfff80a,03db3f72-1adc-4d08-bdde-9864a58cb2a6,contributing to feature extraction,about,0.8
60442256-9b3b-4040-a587-dd4523b2e1b0,03db3f72-1adc-4d08-bdde-9864a58cb2a6,visualization,about,0.8
ed64984c-3ce3-4c9d-9290-0debac66b994,03db3f72-1adc-4d08-bdde-9864a58cb2a6,and hardware–software integration,about,0.8
3c36756d-ac41-4448-836b-5bd4db4ed58b,03db3f72-1adc-4d08-bdde-9864a58cb2a6,I am passionate about creating intelligent computational tools to improve clinical neuroimaging workflows,about,0.8
24ea6c2e-b698-4eb0-95f2-d4be2f61d097,03db3f72-1adc-4d08-bdde-9864a58cb2a6,enhance data quality,about,0.8
2528536b-1462-45bf-a5fd-5f3178995f7a,03db3f72-1adc-4d08-bdde-9864a58cb2a6,and advance research-driven medical technologies,about,0.8
15d18e73-77ab-4457-84d1-682d83c30e6a,03db3f72-1adc-4d08-bdde-9864a58cb2a6,ENGG 225 - Fundamentals of Electrical Circuits and Machines,experience,0.5
6139859d-13d4-4090-b3c8-b53118c4527f,03db3f72-1adc-4d08-bdde-9864a58cb2a6,"Computer Hardware Troubleshooting, Software Development and +2 skills",experience,0.5
140f1990-2ca8-4ea4-98ea-ad79b5a0cd45,65d6a6cf-d455-43a7-924b-1d1b25bb37d1,Advertising,skills,1.0
6ebe0c98-c8e9-4a49-a8af-8fa2a92e8e05,65d6a6cf-d455-43a7-924b-1d1b25bb37d1,Leadership,skills,1.0
b19ce95a-2c8a-46b1-9e65-4488e7059343,65d6a6cf-d455-43a7-924b-1d1b25bb37d1,Communication,skills,1.0
61fd7f68-0c3e-4cb2-a65b-26f95cc978e4,65d6a6cf-d455-43a7-924b-1d1b25bb37d1,Clinical Research,skills,1.0
f6f9f686-3b21-41e5-adf9-951c43d68862,65d6a6cf-d455-43a7-924b-1d1b25bb37d1,Writing,skills,1.0
16139eee-5089-4353-9e2e-8012eb7bd4f9,65d6a6cf-d455-43a7-924b-1d1b25bb37d1,Team Leadership,skills,1.0
d1ebacff-05cc-4d5a-91dc-7ca7d3f25d42,65d6a6cf-d455-43a7-924b-1d1b25bb37d1,Project Management,skills,1.0
cfb52205-c804-4f82-978b-45045b06f0ae,65d6a6cf-d455-43a7-924b-1d1b25bb37d1,Neuroscience,skills,1.0
e7361bd8-473a-4fc9-a8df-e4209a0a8f2c,f67871d0-cfe5-445d-bc2a-67b84dda39f2,Reprogramming,skills,1.0
5d5f02a8-0f31-4308-be05-51d6508befdc,f67871d0-cfe5-445d-bc2a-67b84dda39f2,Neurodegeneration,skills,1.0
a488ca29-d6be-48f8-98e8-1b9bcd7aa800,f67871d0-cfe5-445d-bc2a-67b84dda39f2,Stem Cells,skills,1.0
94fe8dbc-0190-49e6-8b22-8d6afd93b07d,f67871d0-cfe5-445d-bc2a-67b84dda39f2,Organoids,skills,1.0
2ecdd6e7-aa0e-4b96-b92c-da8f22aba4f7,f67871d0-cfe5-445d-bc2a-67b84dda39f2,Biomedical Research,skills,1.0
502896bc-0d4f-4ab8-a889-3676a89a62f6,f67871d0-cfe5-445d-bc2a-67b84dda39f2,Experimental Research,skills,1.0
d9f45022-83cd-40dc-8e7b-e2da80b6447a,f67871d0-cfe5-445d-bc2a-67b84dda39f2,Regenerative Medicine,skills,1.0
2ed94f31-5b92-47d7-916e-fdd6734191bb,f67871d0-cfe5-445d-bc2a-67b84dda39f2,Forskning,skills,1.0
ebcffb61-6d75-482b-ae58-99ec1d2546eb,f67871d0-cfe5-445d-bc2a-67b84dda39f2,Microsoft Office,skills,1.0
1c15acaf-f8fc-4137-abbc-8c2fc7cfe4c7,f67871d0-cfe5-445d-bc2a-67b84dda39f2,Microsoft Excel,skills,1.0
8f6e65d1-dbc7-4ed4-b108-daefe5a8c09f,d3ee9809-6941-472e-83c1-7060e904c8e6,Laboratory Skills,skills,1.0
c6988fb5-4f48-4c46-a38c-caebb9f59658,d3ee9809-6941-472e-83c1-7060e904c8e6,Data Analysis,skills,1.0
5609c817-7b5e-4f0e-b0aa-8c7cd6cdc668,d3ee9809-6941-472e-83c1-7060e904c8e6,Animal Handling,skills,1.0
2aba04c1-d77a-4225-98cd-ad63e33b2aa8,d3ee9809-6941-472e-83c1-7060e904c8e6,Leadership,skills,1.0
59c6906d-bf09-4469-93a9-6d7aebe4c2fa,d3ee9809-6941-472e-83c1-7060e904c8e6,Chemistry,skills,1.0
15bf36cc-4b6e-4dae-ae3e-a099aa5fa3a2,d3ee9809-6941-472e-83c1-7060e904c8e6,Organizational Development,skills,1.0
0a651a0c-2ac2-4040-9e0c-8735b3f1ea13,d3ee9809-6941-472e-83c1-7060e904c8e6,Database Administration,skills,1.0
c6b93e93-e27e-4ee9-9d10-4e736ccaaec7,d3ee9809-6941-472e-83c1-7060e904c8e6,Interdisciplinary Research,skills,1.0
68486173-0658-4674-a57a-ffa22827e455,d3ee9809-6941-472e-83c1-7060e904c8e6,Customer Service,skills,1.0
02c3651d-f6b8-4a90-a90b-1c9542c1c6a6,d3ee9809-6941-472e-83c1-7060e904c8e6,Interpersonal Communication,skills,1.0
03745240-0561-4252-9df8-2788dbc4b748,d3ee9809-6941-472e-83c1-7060e904c8e6,As a Biological Sciences student at the University of Calgary,about,0.8
3d94f9f3-3cba-456b-92cd-1be08627c96b,d3ee9809-6941-472e-83c1-7060e904c8e6,I'm driven to explore gene-based therapy for neurological diseases through an honours thesis,about,0.8
71102f9b-aac5-4fb3-abb1-23c300b750e0,d3ee9809-6941-472e-83c1-7060e904c8e6,This aligns with my goal of specializing in neurology in medical school,about,0.8
adb4c148-3e6d-464b-9a59-2073c71bd924,d3ee9809-6941-472e-83c1-7060e904c8e6,Volunteering at Alberta Foothills Medical Centre has deepened my understanding of patient care,about,0.8
9ccd5c33-af97-44bb-af02-f6a2e1d7f3e1,d3ee9809-6941-472e-83c1-7060e904c8e6,while my involvement with Calgary Outlink has ignited a passion for activism,about,0.8
151503cb-abe8-4e9a-8920-d7fa4ae3c893,d3ee9809-6941-472e-83c1-7060e904c8e6,Through my undergrad,about,0.8
3f1217e3-9410-4481-b92d-4caddd40a0e3,d3ee9809-6941-472e-83c1-7060e904c8e6,sharing findings with smaller research-based classes,about,0.8
b477c83a-a344-4b4c-9e26-a3a9d200dc4f,d3ee9809-6941-472e-83c1-7060e904c8e6,In essence,about,0.8
14b4f1c3-f108-45d7-bd98-5254a69d9cb0,d3ee9809-6941-472e-83c1-7060e904c8e6,I bring a blend of scientific rigour,about,0.8
7772b6d5-c1d4-4b53-b3f8-3048bce963c6,d3ee9809-6941-472e-83c1-7060e904c8e6,empathy,about,0.8
3a5c91bc-3bef-4142-bbc0-54d1996e0fe3,d3ee9809-6941-472e-83c1-7060e904c8e6,and communication skills to my academic and extracurricular pursuits,about,0.8
fe71a0be-a25f-4ed0-9ca3-e537a756eff7,d3ee9809-6941-472e-83c1-7060e904c8e6,Conducted research on epileptogenesis using rat models. Inferred data significance through statistics and interpreted the results. Completed animal handling and surgery training at the Foothills Health Sciences Centre,experience,0.5
41df523f-2515-4d7c-811b-3d1d8eecabd1,d3ee9809-6941-472e-83c1-7060e904c8e6,"Facilitated collaborative study sessions to reinforce course material and enhance peer learning. Developed and implemented customized session plans, aligning with course content and student needs. Maintained professional communication with faculty and peers to ensure effective program delivery. Applied effective questioning and facilitation techniques to foster independent critical thinking among students",experience,0.5
13e23f50-b552-4ffa-af9b-ed3bb11b948f,d3ee9809-6941-472e-83c1-7060e904c8e6,"SSHRC- Principal Investigator: Dr. Paul Stortz, Department of Communication, Media, and Film, University of Calgary, AB. “English-Canadian University Student Hazing, Initiations, and Bullying as Performative Ritual, 1880-1960.” Social Science and Humanities Research Council of Canada (SSHRC) Insight Grant",experience,0.5
25f72f72-605b-4bfa-8aae-62c566378df1,d3ee9809-6941-472e-83c1-7060e904c8e6,"Interpersonal Communication, Administration and +1 skill",experience,0.5
70179e89-16ce-4966-bd89-c20619553c27,d3ee9809-6941-472e-83c1-7060e904c8e6,"Maintained an orderly flow of guests from the reception area to the dining room and informed customers of wait time. Reviewed and periodically updated the seating chart to reflect open and occupied seating. Escorted guests to tables, provided menus and discussed daily specials",experience,0.5
40ed930b-85e8-4db9-908e-e0b810028f11,d3ee9809-6941-472e-83c1-7060e904c8e6,"Point of Sale (POS) Systems, Interpersonal Communication and +2 skills",experience,0.5
02c7de5c-d0db-4053-a058-00137d33e915,d3ee9809-6941-472e-83c1-7060e904c8e6,"Interpersonal Communication, Refrigerated Containers and +1 skill",experience,0.5
47bd19b8-3a04-4b6e-9e5f-2d03e023378d,78215c93-f205-4d9e-a8f8-a873f47ed90b,Policy Development,skills,1.0
bf54494f-ec4c-4dfe-bcf4-ba712aa3c33a,78215c93-f205-4d9e-a8f8-a873f47ed90b,Leadership,skills,1.0
2fa42d19-56ee-40cb-b767-520c94e658b0,78215c93-f205-4d9e-a8f8-a873f47ed90b,Strategic Planning,skills,1.0
38a63586-4258-4df3-9611-de518811e8a9,78215c93-f205-4d9e-a8f8-a873f47ed90b,Cross-sector Collaboration,skills,1.0
b524b778-64ac-406c-9b71-aa2f320b9b94,78215c93-f205-4d9e-a8f8-a873f47ed90b,Prompt Engineering,skills,1.0
be342435-218d-43cb-98b7-38305a0822bd,78215c93-f205-4d9e-a8f8-a873f47ed90b,JavaScript,skills,1.0
c2b12f48-63a3-4c5f-a7e3-f6c78d5eaaec,78215c93-f205-4d9e-a8f8-a873f47ed90b,Project Management,skills,1.0
1caebce5-4bce-48a9-888c-d99d775a7528,78215c93-f205-4d9e-a8f8-a873f47ed90b,Python (Programming Language),skills,1.0
b0cee30b-76ec-42ad-90f9-1d6e7c468780,78215c93-f205-4d9e-a8f8-a873f47ed90b,Team Leadership,skills,1.0
38e610a3-4b8b-4618-bccc-6d583b4ba7d1,78215c93-f205-4d9e-a8f8-a873f47ed90b,Clinical Research,skills,1.0
3ad1b568-585a-48ab-b477-f5e0c8f10ccc,78215c93-f205-4d9e-a8f8-a873f47ed90b,"JavaScript, Python (Programming Language) and +5 skills",experience,0.5
47d3c4b6-947f-4c00-b8eb-a521f5fe3a54,78215c93-f205-4d9e-a8f8-a873f47ed90b,"Consulting with City of Calgary leadership to assess the impact of Equity, Diversity, Inclusion and Belonging (EDIB) programs and identify opportunities for improvement. Leading an independent project to standardize how EDIB progress is measured across the organization. Conducting qualitative and quantitative research to support evidence-based strategies that advance EDIB in municipal services. Developing tools and resources that promote inclusive practices across city operations",experience,0.5
3c08add6-f17e-44ca-a158-234e4e2ea448,998b39b1-e74a-4198-b6eb-9618bc7d0250,Written Communication,skills,1.0
a2b7af66-6b71-42bd-89ba-c4d9eb3a90ef,998b39b1-e74a-4198-b6eb-9618bc7d0250,Debugging,skills,1.0
f02211bf-be51-4c49-a786-4f3e5eadadac,998b39b1-e74a-4198-b6eb-9618bc7d0250,Database Management System (DBMS),skills,1.0
41e0c00f-a8de-4ff5-a84e-e49f2907b5fe,998b39b1-e74a-4198-b6eb-9618bc7d0250,Algorithms,skills,1.0
b08f5fd8-139c-4211-bda6-8c0e63bf90f2,998b39b1-e74a-4198-b6eb-9618bc7d0250,React.js,skills,1.0
56ba1177-97a7-43c6-a9c1-8f1190c8779b,998b39b1-e74a-4198-b6eb-9618bc7d0250,Programming,skills,1.0
0ab6a789-6942-4e73-bc9e-7c813424ccfb,998b39b1-e74a-4198-b6eb-9618bc7d0250,Object Oriented Design,skills,1.0
171c68b0-f9a1-4d62-9bfd-7a2333ea72f0,998b39b1-e74a-4198-b6eb-9618bc7d0250,C++,skills,1.0
f03eb1ad-f082-4613-8a82-18eb3d5fe7bd,998b39b1-e74a-4198-b6eb-9618bc7d0250,Pandas (Software),skills,1.0
d74849a3-df05-4379-9725-642dee327c98,998b39b1-e74a-4198-b6eb-9618bc7d0250,NumPy,skills,1.0
c6365b30-dca2-4b1f-9ca3-a4188c46331a,6da8654b-0024-4612-b1bc-7bb110709506,Community Outreach,skills,1.0
12653407-ac03-430a-a7c0-5a87c8dd66f1,6da8654b-0024-4612-b1bc-7bb110709506,Educational Outreach,skills,1.0
a6c7f2af-723f-4ffc-8d78-479afc2a8ae6,6da8654b-0024-4612-b1bc-7bb110709506,Event Planning,skills,1.0
ed1bd35c-fb89-4c6e-bfea-dad1b9edab3d,6da8654b-0024-4612-b1bc-7bb110709506,Data Analysis,skills,1.0
4d323c5b-cf6c-485b-9c4a-ea5882140f9e,6da8654b-0024-4612-b1bc-7bb110709506,Analytical Skills,skills,1.0
3da679cf-ca97-4974-92e2-f19b67195d3b,6da8654b-0024-4612-b1bc-7bb110709506,Adobe Photoshop,skills,1.0
18b6dfc7-8a5c-4d0e-be79-2d1a26697a40,6da8654b-0024-4612-b1bc-7bb110709506,Research Skills,skills,1.0
5946a39b-97f0-48b9-ab94-1991d6d6ac1d,6da8654b-0024-4612-b1bc-7bb110709506,Communication,skills,1.0
201fce82-0d97-408f-a6c4-ee0561a0d50c,87d34558-e6f5-49d9-a78f-32e3e073159d,I graduated with the Governor General's Silver medal from my honours degree in Neuroscience from the University of Calgary and am an MD student at the University of British Columbia,about,0.8
8b782c64-939a-4d6e-a5e0-815be7598e7e,87d34558-e6f5-49d9-a78f-32e3e073159d,I am passionate about health advocacy and reducing the barriers to healthcare,about,0.8
45376ba5-9963-4962-9605-5dc03841643f,87d34558-e6f5-49d9-a78f-32e3e073159d,I am a strong advocate for the destigmatization of mental health and providing mental health resources,about,0.8
697e1d3a-8317-472d-961c-6c88f723fd5f,87d34558-e6f5-49d9-a78f-32e3e073159d,particularly to marginalized communities,about,0.8
565ce395-ee0f-4ac5-a6aa-8388b99db3a4,87d34558-e6f5-49d9-a78f-32e3e073159d,I am also interested in dementia care and geriatric medicine,about,0.8
57e13857-fbc3-498a-a90f-8fc48943bdfb,87d34558-e6f5-49d9-a78f-32e3e073159d,As such,about,0.8
234e19b2-7f31-4a7c-a34f-a14b5c775001,87d34558-e6f5-49d9-a78f-32e3e073159d,I have been conducting research on dementia markers at the University of Calgary and have contributed several first-author publications to the field,about,0.8
ed8d1ef3-609a-4b1d-9c25-37a9a657dd9c,87d34558-e6f5-49d9-a78f-32e3e073159d,The cross-sectional associations between enlarged perivascular spaces and mild behavioral impairment in dementia-free older adults,publications,0.9
73af5cc6-dff2-4548-b310-bba935aa6e0a,87d34558-e6f5-49d9-a78f-32e3e073159d,First Author Original Publication,publications,0.9
ba4a989b-6214-4c73-9fc1-a76f695badb6,87d34558-e6f5-49d9-a78f-32e3e073159d,Early life factors and dementia risk: A study of adverse childhood experiences and later-life cognition and behaviour,publications,0.9
1851fb23-7aa7-4223-85b9-01b38060ad0b,87d34558-e6f5-49d9-a78f-32e3e073159d,First Author Original Research Publication,publications,0.9
824352e0-1e6a-4740-9823-db85f7f42a00,87d34558-e6f5-49d9-a78f-32e3e073159d,The effect of study partner characteristics on the reporting of neuropsychiatric symptoms across the neurocognitive spectrum,publications,0.9
c5870760-cafd-42e3-be23-6d9c928b4946,87d34558-e6f5-49d9-a78f-32e3e073159d,Co-First Author Original Research Publication,publications,0.9
32beddb6-e70b-4b68-8e06-a831d8113c7d,87d34558-e6f5-49d9-a78f-32e3e073159d,The mind and motion: exploring the interplay between physical activity and Mild Behavioral Impairment in dementia-free older adults,publications,0.9
e0f0fef9-cc27-4308-834c-2d2bf1ae6a43,87d34558-e6f5-49d9-a78f-32e3e073159d,"Longitudinal Associations Between Mild Behavioral Impairment, Sleep Disturbance, and Progression to Dementia",publications,0.9
67eab8aa-bd7c-4a43-a44c-1bc2913819dc,87d34558-e6f5-49d9-a78f-32e3e073159d,First Author International Conference Abstract,publications,0.9
e284a842-d421-42ae-8900-f521ae4c0885,87d34558-e6f5-49d9-a78f-32e3e073159d,Sex prevalence in mild behavioral impairment: a systematic review and meta-analysis,publications,0.9
b5ad2c6f-98d2-46b5-928d-832eb56c0846,87d34558-e6f5-49d9-a78f-32e3e073159d,The effect of study partner characteristics on the reporting of neuropsychiatric symptoms in older adults with and without dementia,publications,0.9
b045f45d-5724-45f1-8700-b03e5f089e5f,87d34558-e6f5-49d9-a78f-32e3e073159d,Co-First Author International Conference Abstract,publications,0.9
522b6ca2-5f99-47b2-b79c-35b0a7743657,87d34558-e6f5-49d9-a78f-32e3e073159d,Sex Differences in the Prevalence of Mild Behavioral Impairment: a Systematic Review and Meta-Analysis,publications,0.9
9d06c3d5-19bc-4d77-ab55-43633a263c2a,936e433c-09e4-4e0b-b0d0-de933d948e33,The Hotchkiss Brain Institute Trainee Organization (HBITO) is an organization of postdoctoral and graduate students supervised by members of the HBI,about,0.8
5a48634b-f135-4d56-90ad-59b72f468dc6,936e433c-09e4-4e0b-b0d0-de933d948e33,The HBITO aims to facilitate and foster stronger interactions between trainees while shaping their educational environment,about,0.8
ff631cdc-56e0-4027-830f-c774ad955f92,936e433c-09e4-4e0b-b0d0-de933d948e33,We accomplish these goals by hosting world-renowned speakers,about,0.8
0e4df2d4-554b-4970-90ed-a724f18b6f80,936e433c-09e4-4e0b-b0d0-de933d948e33,organizing events to celebrate the achievements of HBI trainees,about,0.8
283eb5fe-dbd4-4a33-a754-f77757cfe91f,936e433c-09e4-4e0b-b0d0-de933d948e33,and playing an active role in the education of our community,about,0.8
635f510b-21bb-40f3-b7d4-ab25e3697582,e4e3d159-9893-4ce6-b0a6-5a93f49d9089,Bachelor of Health Sciences student at the University of Calgary,about,0.8
6c0d6ba0-01f4-46b2-8b40-3b511dc23a5c,e4e3d159-9893-4ce6-b0a6-5a93f49d9089,Passionate about making a meaningful impact through health innovation and advocacy,about,0.8
08f742a8-e022-46a4-97bc-43474de92ee2,e4e3d159-9893-4ce6-b0a6-5a93f49d9089,Multiciliated ependymal cells: an update on biology and pathology in the adult brain,publications,0.9
abf42329-56d7-45b1-8a1f-e07df2f9daeb,eff7362f-ecb5-4dbd-9b26-5d81967320a0,Enteric tuft cells coordinate timely expulsion of the tapeworm Hymenolepis diminuta from the murine host by coordinating local but not systemic immunity,publications,0.9
861bf781-2ba1-451c-b573-24bcb7ab49d0,eff7362f-ecb5-4dbd-9b26-5d81967320a0,"Contributed to research on the role of enteric tuft cells in the immune response. Assisted in data collection, analysis, and interpretation, closely collaborating with a multidisciplinary team. … more",publications,0.9
ba88c65e-8ae2-4a44-a56c-b5b9d0497f6e,eff7362f-ecb5-4dbd-9b26-5d81967320a0,Assist in international clinical research projects focusing on community and behavioral health. Support data management and analysis for ongoing longitudinal studies on community health improvements,experience,0.5
4548d1c7-b042-4d2c-9102-f2dd45df6b92,eff7362f-ecb5-4dbd-9b26-5d81967320a0,Researched genetic predictors of Alzheimer’s Disease and brain health in patients following a Transient Ischemic Attack. Managed a longitudinal study using five years of clinical data to track how genetics and lifestyle factors influence cognitive decline. Performed laboratory genotyping and data analysis using techniques such as PCR and multiple linear regression. Synthesized neuroimaging and clinical results to defend findings to thesis committee,experience,0.5
b6724cf2-a356-40b9-8f20-619976db8e0d,eff7362f-ecb5-4dbd-9b26-5d81967320a0,"Trained in advanced vocal technique and musical literacy. Performed in professional collaborations with the Calgary Philharmonic Orchestra, Alberta Ballet, and toured internationally on competitive stages across Europe and North America",experience,0.5
36ca9e5f-35d7-4a01-b9b8-12045cf81acc,eff7362f-ecb5-4dbd-9b26-5d81967320a0,"Performed diagnostic pre-tests for ophthalmic patients, operating equipment in a skillful and safe manner to accurately collect and record patient data. Guided patients through each step of the testing process to ensure comfort and understanding",experience,0.5
ba4735b7-d7a6-495b-a05e-3939877ba188,030f8cde-f2ae-4824-8f5b-98102638bf51,Leading Discussions,skills,1.0
4fb24320-9887-4155-ae92-5e47968167ee,030f8cde-f2ae-4824-8f5b-98102638bf51,Teamwork,skills,1.0
76cd4798-c9d8-4387-86b9-99451c2eb66a,030f8cde-f2ae-4824-8f5b-98102638bf51,Customer Service,skills,1.0
085cd98f-cc22-47e0-a299-63e1e83b600f,030f8cde-f2ae-4824-8f5b-98102638bf51,Communication,skills,1.0
a8308202-ab9d-457a-baf0-267fdd006db1,030f8cde-f2ae-4824-8f5b-98102638bf51,Organizational Skills,skills,1.0
a9de0c2e-e5ac-4b8a-84a4-18105aba681e,030f8cde-f2ae-4824-8f5b-98102638bf51,Time Management,skills,1.0
227621fe-b3ba-4f65-96cd-926e2d3a762a,030f8cde-f2ae-4824-8f5b-98102638bf51,Conflict Resolution,skills,1.0
23288a47-7a2a-4ff3-958b-a53201ecd949,030f8cde-f2ae-4824-8f5b-98102638bf51,Organizational Leadership,skills,1.0
022fe369-324b-4376-86f4-624d8102b8db,030f8cde-f2ae-4824-8f5b-98102638bf51,Child Advocacy,skills,1.0
d0e70d7d-7b65-4234-bdfe-9df600e59353,030f8cde-f2ae-4824-8f5b-98102638bf51,Community Outreach,skills,1.0
7cc62ed2-ed63-4934-ab1e-1ffc2b98dbaf,030f8cde-f2ae-4824-8f5b-98102638bf51,Passionate about child health and wellness Top skills Working with Children • Problem Solving • Collaborative Leadership • Initiative • Teamwork,about,0.8
a40185fb-875a-406c-bb9d-ad28cf334994,030f8cde-f2ae-4824-8f5b-98102638bf51,Research Student in the BrainKids Lab under Dr. Kara Murias I am interested in learning about the use of non-invasive brain stimulation as a treatment for neurodevelopmental and mental health disorders in kids. I’m currently analyzing Diffusion Weighted Imaging MRI scans in kids with and without ADHD,experience,0.5
7cf06c6b-ccc5-4515-94df-31dfebaf1f82,030f8cde-f2ae-4824-8f5b-98102638bf51,The Children's Care Collective works directly with the Alberta Children's Hospital Foundation to further their aims of fundraising and advocacy for pediatric healthcare,experience,0.5
1048b820-e61b-4feb-815b-9a651f8757e2,648fb3a2-6350-4425-a06b-0f365af47a02,ArcGIS Products,skills,1.0
780e8c02-40b6-4732-84e9-b7bad19eae7b,648fb3a2-6350-4425-a06b-0f365af47a02,Statistics,skills,1.0
db5831a8-ffa0-4341-886a-b038aa6a9374,648fb3a2-6350-4425-a06b-0f365af47a02,Research Skills,skills,1.0
ef4fb45d-1db1-477c-92cc-e7d8a60e5d96,648fb3a2-6350-4425-a06b-0f365af47a02,Field Work,skills,1.0
c140ea25-65bb-4e52-87af-57485b49f145,35907a16-9410-45ac-92ed-2912d1bc44e5,Research Support,skills,1.0
becda5d2-9039-43da-8bed-6786affa3ec3,35907a16-9410-45ac-92ed-2912d1bc44e5,Academic Research,skills,1.0
264b448d-8c3a-4624-8b69-2f4891c22827,35907a16-9410-45ac-92ed-2912d1bc44e5,Microsoft Office,skills,1.0
476169de-c950-4b0d-898a-b64f3d3f91cb,35907a16-9410-45ac-92ed-2912d1bc44e5,Teamwork,skills,1.0
2c42b425-db93-43a6-b15a-0407e317c1a7,35907a16-9410-45ac-92ed-2912d1bc44e5,Attention to detail and ability to work accurately,skills,1.0
33e0509e-ae4a-462b-8d1d-5306903fd78e,35907a16-9410-45ac-92ed-2912d1bc44e5,Organization and leadership skills,skills,1.0
fe063d47-505f-441b-bad8-12b895edccad,35907a16-9410-45ac-92ed-2912d1bc44e5,Strong written and verbal communication,skills,1.0
e6be5d9d-266c-4150-bb2a-6f71cc82e19d,665c216d-2be7-44fb-93f3-ebb348312ccf,Relationship Building,skills,1.0
53ab852b-9770-41dc-bee3-95b5525304ad,665c216d-2be7-44fb-93f3-ebb348312ccf,Coordinating Meetings,skills,1.0
837a261a-fddf-4d82-98a1-0fbc17e1efea,665c216d-2be7-44fb-93f3-ebb348312ccf,Public Policy,skills,1.0
7d647aa5-c69d-40bc-bcf6-9e9363da2b69,665c216d-2be7-44fb-93f3-ebb348312ccf,Political Science,skills,1.0
7451a21d-6d40-47fa-a1fb-6adc20f682e9,665c216d-2be7-44fb-93f3-ebb348312ccf,Strategic Communications,skills,1.0
ae9c9cbb-bda4-4ab3-8f6a-018d3b1aef4d,665c216d-2be7-44fb-93f3-ebb348312ccf,Strategy,skills,1.0
7209a8ed-6a45-4fac-90d0-f35432328468,665c216d-2be7-44fb-93f3-ebb348312ccf,Press Releases,skills,1.0
b1f88c41-df81-4598-8e0c-56b668926c31,665c216d-2be7-44fb-93f3-ebb348312ccf,Political Risk Analysis,skills,1.0
14cf37d7-3ae8-469a-a95a-e1ad7f394dc9,665c216d-2be7-44fb-93f3-ebb348312ccf,Policy Planning,skills,1.0
01ed6108-fc8a-433d-a221-10f0832a670b,be905b1e-163c-4cd9-b36b-a1bdd45d8abe,Microscopy,skills,1.0
a46f3667-71ed-409d-bb09-4c666bc2ee0b,be905b1e-163c-4cd9-b36b-a1bdd45d8abe,Confocal Microscopy,skills,1.0
f02e8579-ebb7-4312-888b-22cf45512901,be905b1e-163c-4cd9-b36b-a1bdd45d8abe,Histochemistry,skills,1.0
36a540bb-a600-483e-8829-9fa1faffeda9,be905b1e-163c-4cd9-b36b-a1bdd45d8abe,Immunofluorescence,skills,1.0
b5ffafb7-0e1c-46b7-93a7-dc561472091a,be905b1e-163c-4cd9-b36b-a1bdd45d8abe,Research,skills,1.0
2c449b02-cd32-4053-9fe8-cc3df0c4f120,be905b1e-163c-4cd9-b36b-a1bdd45d8abe,Flight Dispatch,skills,1.0
553625d1-04ae-4fcd-b23d-5d83f20bbacc,be905b1e-163c-4cd9-b36b-a1bdd45d8abe,Airlines,skills,1.0
7eeb769f-4951-4bb7-92f3-c2ac66a3270f,be905b1e-163c-4cd9-b36b-a1bdd45d8abe,Aviation,skills,1.0
f7e46a0e-e8ca-4410-9c66-4422f789b0f0,be905b1e-163c-4cd9-b36b-a1bdd45d8abe,Commercial Aviation,skills,1.0
f3b7fc79-dda5-4a52-b11e-7849b7f4067c,be905b1e-163c-4cd9-b36b-a1bdd45d8abe,Single Cell Sequencing,skills,1.0
2f2b674e-e953-4658-93fa-f7ea3a77ad53,be905b1e-163c-4cd9-b36b-a1bdd45d8abe,As a PhD Candidate in Neuroscience,about,0.8
48299345-2bc0-4844-a603-b0a458ef2380,be905b1e-163c-4cd9-b36b-a1bdd45d8abe,I study glia and their role in retinal regeneration using a variety of computer programming and wet lab techniques,about,0.8
c50af5d9-c326-4fe0-867d-2e265b265acc,be905b1e-163c-4cd9-b36b-a1bdd45d8abe,As I prepare to finish my PhD in 2026,about,0.8
48800b47-a761-407a-a6cb-b77881e5833c,be905b1e-163c-4cd9-b36b-a1bdd45d8abe,I am keeping an open mind about career opportunities in industry or medicine,about,0.8
44830bef-6c0c-40f2-93ca-f25e03adaebd,be905b1e-163c-4cd9-b36b-a1bdd45d8abe,Transport Canada certified flight dispatcher for Air North,experience,0.5
df5aae17-180a-4574-993e-b5251c4ae3e5,be905b1e-163c-4cd9-b36b-a1bdd45d8abe,Neuroscience Concentration Directed study in the field of Adult Neurogenesis,experience,0.5
ea744843-1d4b-4ab7-b6f9-a9848c9136f0,8113edcb-7d34-4b96-ab2b-49f9e96ef448,Teaching,skills,1.0
d65f7bc0-d57b-41b6-ad1b-ee48ad0f4214,8113edcb-7d34-4b96-ab2b-49f9e96ef448,Higher Education,skills,1.0
4abef71c-5254-465c-a989-20a68f6ebf99,8113edcb-7d34-4b96-ab2b-49f9e96ef448,Mental Health,skills,1.0
241dd5fb-9335-4ee1-82fa-3f1a463d3b66,8113edcb-7d34-4b96-ab2b-49f9e96ef448,Psychology,skills,1.0
ec537011-4cbb-4570-8111-c9528911db90,8113edcb-7d34-4b96-ab2b-49f9e96ef448,Program Development,skills,1.0
61237d65-93ac-4fe5-9acc-117024cdb2a5,8113edcb-7d34-4b96-ab2b-49f9e96ef448,Strategic Planning,skills,1.0
ed7112fe-336c-4bf1-aaeb-53e61bb76bb6,8113edcb-7d34-4b96-ab2b-49f9e96ef448,Nonprofits,skills,1.0
abc6b517-328e-4bbc-bad4-898e255db813,8113edcb-7d34-4b96-ab2b-49f9e96ef448,Team Building,skills,1.0
5eb6cb12-dcc7-4987-907c-969fa452fb85,8113edcb-7d34-4b96-ab2b-49f9e96ef448,Public Speaking,skills,1.0
fde28059-2850-4b51-9218-d875f8a4cb27,8113edcb-7d34-4b96-ab2b-49f9e96ef448,Adolescents,skills,1.0
e5dfc2fa-ced3-49b3-9832-fe7497a51d55,8113edcb-7d34-4b96-ab2b-49f9e96ef448,Certified in the Neurosequential Model of Therapeutics (2012),experience,0.5
069df06f-0448-48bc-a3a2-8d43b649c9e4,8113edcb-7d34-4b96-ab2b-49f9e96ef448,"Positions included: Senior Psychologist at Secure Treatment, Psychologist at Cottage 1, Program Director at TRACC and Preadolescent Treatment Program",experience,0.5
8dc92d4b-8381-4e90-964c-2dd2aec50ce8,debe2b0f-74ba-4793-a0b1-8a7747df712d,A systematic review of preclinical and clinical transcranial ultrasound neuromodulation and opportunities for functional connectomics,publications,0.9
bb28497c-f681-4063-9f27-beb24691f6c7,debe2b0f-74ba-4793-a0b1-8a7747df712d,Ultrasound and neuroinflammation: immune modulation via the heat shock response,publications,0.9
cc143945-9a3f-4fd0-9b5c-a8f711a51d71,debe2b0f-74ba-4793-a0b1-8a7747df712d,Size and pressure dependent activity of lipid coated bubbles and finite element simulation of the propagation of focused ultrasound through bubbly media,publications,0.9
4a2cb734-42f2-4ddd-bd36-eb29c64d8d1c,debe2b0f-74ba-4793-a0b1-8a7747df712d,In vivo high-speed microscopy of microbubbles in the chorioallantoic membrane model,publications,0.9
645b9c23-0cff-45af-82d1-421b371e93ff,debe2b0f-74ba-4793-a0b1-8a7747df712d,Simultaneous intravital imaging and cavitation monitoring of antivascular focused ultrasound in tumor microvasculature using monodisperse low boiling point nanodroplets,publications,0.9
1c693537-9dd5-4db6-b1e3-997e3c2a6995,debe2b0f-74ba-4793-a0b1-8a7747df712d,Quantitative pharmacokinetics reveal impact of lipid composition on microbubble and nanoprogeny shell fate,publications,0.9
66266412-0096-4a55-a51d-be3f399a8c61,debe2b0f-74ba-4793-a0b1-8a7747df712d,Biaxial ultrasound driving technique for small animal blood-brain barrier opening,publications,0.9
b42d4d0b-be84-4fb9-8825-75135bf93fb4,debe2b0f-74ba-4793-a0b1-8a7747df712d,Intravital imaging and cavitation monitoring of antivascular ultrasound in tumor microvasculature,publications,0.9
c1d464c1-99ae-401d-8288-d465cea3b886,debe2b0f-74ba-4793-a0b1-8a7747df712d,High-Frequency Array-Based Nanobubble Nonlinear Imaging in a Phantom and In Vivo,publications,0.9
9d3e425b-b786-48fe-8573-a27950b4efc4,debe2b0f-74ba-4793-a0b1-8a7747df712d,Neutrophil Recruitment and Leukocyte Response Following Focused Ultrasound and Microbubble Mediated Blood-Brain Barrier Treatments,publications,0.9
5fea2c6e-e267-4427-b076-9f19977bf634,debe2b0f-74ba-4793-a0b1-8a7747df712d,Developed backend software in MATLAB for a mobile-based screening platform for carotid stenosis -Established quality control specifications and conducted early-stage validation studies with healthy control subjects,experience,0.5
5312a8ae-fb7f-415c-b0dc-b2851beacf51,debe2b0f-74ba-4793-a0b1-8a7747df712d,"Mentored and tutored 9 engineering students (years 1-3) one-on-one in calculus, physics, chemistry, and graphics -Created practice problem sets and study guides tailored to individual student needs",experience,0.5
4b742cfe-9eb9-481e-b4f9-27d4772ccfba,ffb6f5ee-f522-4676-9d97-adc0167b07c5,Team Leadership,skills,1.0
cc95adc6-0a20-42b6-825a-8b271f067ece,ffb6f5ee-f522-4676-9d97-adc0167b07c5,Management,skills,1.0
1d37fe5a-a752-45de-a373-cf4cc8f6de58,ffb6f5ee-f522-4676-9d97-adc0167b07c5,Clinical Services,skills,1.0
afce6746-dc9c-44b1-8eae-d755844a47a9,ffb6f5ee-f522-4676-9d97-adc0167b07c5,Clinical Support,skills,1.0
a627beff-2167-4734-9797-cdc2cf4b4ab9,ffb6f5ee-f522-4676-9d97-adc0167b07c5,Customer Service,skills,1.0
1a2c7a52-3173-40f9-94af-5d667570e866,ffb6f5ee-f522-4676-9d97-adc0167b07c5,Communication,skills,1.0
cc04b51f-c8e1-4121-8350-56c90994f921,e08e3686-313b-4b16-a632-07ecfb926907,Behavioural testing of animal models,skills,1.0
6cc953de-5697-4f08-a9a4-eff0ecd8c0a0,e08e3686-313b-4b16-a632-07ecfb926907,Swim Instruction (All Levels),skills,1.0
30b4fc13-63e5-47c1-9a2e-3cb1c75e7cd8,e08e3686-313b-4b16-a632-07ecfb926907,First Aid Training,skills,1.0
344587d3-828a-4200-909b-a942b9b5a641,e08e3686-313b-4b16-a632-07ecfb926907,Cardiopulmonary Resuscitation (CPR),skills,1.0
9faf9713-1dfa-4618-bb4c-21bfe8112c4d,e08e3686-313b-4b16-a632-07ecfb926907,Youth Coaching,skills,1.0
afe7d58b-f57b-4fd9-ab00-ec29d89be3b7,e08e3686-313b-4b16-a632-07ecfb926907,Risk Assessment,skills,1.0
c37c5a04-0651-423a-ae09-1f58f2e1367e,e08e3686-313b-4b16-a632-07ecfb926907,Team Building,skills,1.0
b68a4f31-16ab-4685-9500-45fbcd32f652,e08e3686-313b-4b16-a632-07ecfb926907,Athlete Motivation,skills,1.0
86b8cbf7-b1fa-46e3-a3c2-d5a986a19135,e08e3686-313b-4b16-a632-07ecfb926907,Immunohistochemisty,skills,1.0
ece5c679-cad0-4756-913d-04ea58097200,e08e3686-313b-4b16-a632-07ecfb926907,Confocal Microscopy,skills,1.0
8eccb800-7e5b-43c5-b02e-a6a151be805b,e08e3686-313b-4b16-a632-07ecfb926907,Hi my name is Matthew Komori,about,0.8
ab27fb51-d26f-4a68-addb-1fff86b32058,e08e3686-313b-4b16-a632-07ecfb926907,I am a third year Kinesiology BSc student at the University of Calgary,about,0.8
7e1d8655-7148-41b6-8519-9f7adc6937a5,e08e3686-313b-4b16-a632-07ecfb926907,I find the human body so fascinating and integrative and I have always had a passion for sports,about,0.8
b998478b-71c1-4950-93d5-0b42aab7971c,e08e3686-313b-4b16-a632-07ecfb926907,Specifically,about,0.8
446d776d-f529-4f28-b44e-f5852b43e43e,e08e3686-313b-4b16-a632-07ecfb926907,I played competitive volleyball,about,0.8
d415439d-6b04-4822-8b56-1912e756874a,e08e3686-313b-4b16-a632-07ecfb926907,winning many provincial titles and one national championship,about,0.8
9f4e0f45-1ac2-42bb-9632-4ac11f5af4f6,e08e3686-313b-4b16-a632-07ecfb926907,Now,about,0.8
2d5bf81b-d0dd-4144-9dbe-5f5c8f478fba,e08e3686-313b-4b16-a632-07ecfb926907,I’m currently the head coach for a volleyball club in Calgary,about,0.8
4790df5f-f0fb-44c7-b5a2-49231e81ef32,e08e3686-313b-4b16-a632-07ecfb926907,owned by one of my former coaches,about,0.8
d4709024-52ab-4d7f-bcad-7b94ce2fe6ea,e08e3686-313b-4b16-a632-07ecfb926907,Coaching has been incredibly rewarding—I love working with kids and seeing them learn,about,0.8
6b486b99-7003-4c54-ba89-94b34c37fae6,e08e3686-313b-4b16-a632-07ecfb926907,grow,about,0.8
6841e5b2-1c80-4a62-8468-6209b92570fb,e08e3686-313b-4b16-a632-07ecfb926907,and have fun through sport,about,0.8
91847263-5823-401c-a4ad-f98293c2c54f,e08e3686-313b-4b16-a632-07ecfb926907,In addition to volleyball,about,0.8
722f624f-ed1d-4550-b3ff-d71c86eb8f90,e08e3686-313b-4b16-a632-07ecfb926907,I also teach swimming and work as a lifeguard at a local pool,about,0.8
94a0043b-0450-4e68-b9af-5869bff9d61f,e08e3686-313b-4b16-a632-07ecfb926907,Whether on the court or in the water,about,0.8
ba8dd256-c449-4149-8101-1845ae8eb372,e08e3686-313b-4b16-a632-07ecfb926907,I’ve had the pleasure of helping many groups of kids develop their skills,about,0.8
697ac804-08a0-4330-8ef0-e20155db9cb2,e08e3686-313b-4b16-a632-07ecfb926907,build friendships,about,0.8
92026e2e-475e-4111-a3ff-c1672675031e,e08e3686-313b-4b16-a632-07ecfb926907,and create lasting memories,about,0.8
581488a7-10b5-4a72-9215-ca0c99bf8057,e08e3686-313b-4b16-a632-07ecfb926907,There’s nothing more fulfilling than watching them progress and enjoy the process along the way,about,0.8
d2f6a28a-e981-4186-bf20-875ce8585bcf,e08e3686-313b-4b16-a632-07ecfb926907,In addition to this,about,0.8
3fa1714b-beba-4217-81b5-ea960b4eee4b,e08e3686-313b-4b16-a632-07ecfb926907,I am also an undergraduate research student with hands-on experience in the neuroscience field,about,0.8
80392b47-b051-47b8-a0b1-8f34debcdb92,e08e3686-313b-4b16-a632-07ecfb926907,including behavioral testing,about,0.8
bb8b51cc-9fce-4d1f-a29b-183c92f3eb56,e08e3686-313b-4b16-a632-07ecfb926907,molecular techniques,about,0.8
02e5982c-cef6-4ff1-a896-241f7fba7647,e08e3686-313b-4b16-a632-07ecfb926907,and imaging analysis,about,0.8
c6653ff6-087e-426f-919b-343a0246421e,e08e3686-313b-4b16-a632-07ecfb926907,At the Hotchkiss Brain Institute,about,0.8
e4824df7-3a77-4d0b-89f1-aed7aa823fd6,e08e3686-313b-4b16-a632-07ecfb926907,my recent work focused on investigating how astrocytes influence stress-related behaviors using viral gene delivery,about,0.8
1bca7282-2c05-4a87-b362-8f23c7f5fe2d,e08e3686-313b-4b16-a632-07ecfb926907,immunohistochemistry,about,0.8
abbc71de-51e7-463e-af7b-7a721f5b4df9,e08e3686-313b-4b16-a632-07ecfb926907,and confocal microscopy,about,0.8
ecd3174e-af0c-4dde-a5b1-c446918f6539,e08e3686-313b-4b16-a632-07ecfb926907,Through this,about,0.8
b7058895-2d4a-4b0a-a0b5-21031b82a9bd,e08e3686-313b-4b16-a632-07ecfb926907,I developed strong skills in experimental design,about,0.8
49733098-5449-4b26-91db-b3f537e7f084,e08e3686-313b-4b16-a632-07ecfb926907,data interpretation,about,0.8
94620174-7339-4e24-a46f-b6fcbe39025a,e08e3686-313b-4b16-a632-07ecfb926907,and troubleshooting complex lab protocols,about,0.8
5eeea6ad-b684-45cd-bc24-8fe2cfe4a2b2,e08e3686-313b-4b16-a632-07ecfb926907,I’m passionate about understanding brain function at the cellular level and translating that knowledge into meaningful insights about mental health and neurobiology,about,0.8
0dd6ab44-d591-48d3-9339-3305df217933,e08e3686-313b-4b16-a632-07ecfb926907,I’m always eager to collaborate,about,0.8
85bc5a5f-3bde-401c-aef6-25c83a2fb3a0,e08e3686-313b-4b16-a632-07ecfb926907,learn,about,0.8
aef37c57-50e5-40a4-8c60-24f384ab1c7b,e08e3686-313b-4b16-a632-07ecfb926907,and apply science in innovative ways so don’t be afraid to reach out,about,0.8
fcef9ab2-1885-48de-a24a-d9a92fca119e,c482b87a-e1fb-469c-bc13-0fe781d721cb,MRI,skills,1.0
98ba71c4-d4d9-4d14-a70c-3b3f9ed05a23,c482b87a-e1fb-469c-bc13-0fe781d721cb,Parkinson's Disease,skills,1.0
053e2919-d565-4a6d-92a8-d946346d65af,c482b87a-e1fb-469c-bc13-0fe781d721cb,MATLAB,skills,1.0
3f9ba708-889f-40ac-a28f-e198d52bb11c,c482b87a-e1fb-469c-bc13-0fe781d721cb,Cognitive Neuroscience,skills,1.0
403c746d-b92b-44a1-9fc5-299036c3fe35,c482b87a-e1fb-469c-bc13-0fe781d721cb,Neuroscience,skills,1.0
f8af284c-bda1-484a-ae0d-fe8063059228,c482b87a-e1fb-469c-bc13-0fe781d721cb,Physics,skills,1.0
78f9792b-ef64-44ac-a6d2-5c6990172fff,c482b87a-e1fb-469c-bc13-0fe781d721cb,Teaching,skills,1.0
cdb2959e-f8da-4921-95c7-c7f3d45d19be,c482b87a-e1fb-469c-bc13-0fe781d721cb,Epilepsy,skills,1.0
1c17a3f8-c4f6-4d72-a63d-c0be408e1213,c482b87a-e1fb-469c-bc13-0fe781d721cb,Neuroimaging,skills,1.0
f61c38e6-2093-4fc5-bd0c-acf147528bda,c482b87a-e1fb-469c-bc13-0fe781d721cb,Python (Programming Language),skills,1.0
eb9c7539-0b2b-4a21-8edc-dcc9a1698d2f,c482b87a-e1fb-469c-bc13-0fe781d721cb,Deep learning in neuroimaging of epilepsy,publications,0.9
b0552cda-1d4f-45fa-9126-c255c68fa0e0,c482b87a-e1fb-469c-bc13-0fe781d721cb,A Novel Noninvasive Approach Based on SPECT and EEG for the Location of the Epileptogenic Zone in Pharmacoresistant Non-Lesional Epilepsy,publications,0.9
0a201b04-be45-4dfc-b802-6d0300c7245d,c482b87a-e1fb-469c-bc13-0fe781d721cb,What We Know About the Brain Structure–Function Relationship,publications,0.9
b405f70a-477f-48e0-b873-e08572dcd3b3,46f9fd7a-681a-433b-9b1b-b1b97419df7f,"Calgary Comprehensive Epilepsy Program, Department of Clinical Neurosciences",experience,0.5
8ab3e727-7b91-4492-9ce8-505bb01553d5,46f9fd7a-681a-433b-9b1b-b1b97419df7f,"The Neurology® Resident and Fellow Section is trainee-run: a team of residents and fellows has responsibility for writing, reviewing, editing, and publishing articles of interest to trainees. The group also has responsibility for initiating and developing other unique projects, including podcasts, other electronic communications, a website, and new subsection ideas",experience,0.5
6b06527c-b2cc-4b3c-875a-641eafb41f1e,46f9fd7a-681a-433b-9b1b-b1b97419df7f,"Child & Adolescent Psychiatry Fellowship Program. Module II, Didactic Unit 2: ""The Neurological Diagnosis of the Child: Neurological Basis of Child Psychiatry.""",experience,0.5
db7fce0e-0f73-4c5b-90c2-da462dda2084,46f9fd7a-681a-433b-9b1b-b1b97419df7f,"Guest Lecturer in Neuroanatomy (Anatomy of the Autonomic Nervous System, 2018), Vascular Neurology (Vasculitis, 2019), and Neuro-Infectious Diseases (Meningeal Tuberculosis, 2019). Neurocampus is an initiative of the National Institute of Neurology (Mexico) and the Open University and Distance Education Center (CUAED), National Autonomous University of Mexico (UNAM). Website: https://neurocampus.cuaed.unam.mx/",experience,0.5
3e43a495-1757-4058-8c97-0c264abaf119,46f9fd7a-681a-433b-9b1b-b1b97419df7f,"""The National Institute of Neurology and Neurosurgery was initially conceived as an institution where the three main divisions of clinical neurosciences would coexist with equal academic pre-eminence: neurology, neurosurgery, and psychiatry. [...] In the academic field, the National Institute of Neurology and Neurosurgery is the largest training center for specialists in Latin America. In its 40 years, it has graduated almost 1000 specialists in the neurological sciences and more than 250 MSc and PhD researchers"" (Handb Clin Neurol. 2010",experience,0.5
1c1be519-2554-4373-b777-1f94b8bdc9a9,46f9fd7a-681a-433b-9b1b-b1b97419df7f,"Epilepsy Program & Analytical Neurophysiology (ANPHY) Lab (Supervisor: Prof. Birgit Frauscher, MD, PD), Montreal Neurological Institute and Hospital, McGill University Health Centre: https://mcgill.ca/frauscher-lab/. Canadian Department Visit Program, World Federation of Neurology (WFN), Montreal Neurological Institute (MNI) and Canadian Neurological Society (CNS). The purpose of this observership was to experience the Canadian neurological system in an international environment, meet new colleagues and foster future cooperation",experience,0.5
e386ff62-e036-4190-a3de-73f1c3058fae,46f9fd7a-681a-433b-9b1b-b1b97419df7f,"Certification course: ""Sistematización de Conocimientos Médicos para Aspirantes a Residencias Médicas (Intensivo)"" (Systematization of Medical Knowledge for Applicants to Medical Residencies [Intensive Course Program]). School of Medicine, UNAM, and Mexican Academy of Surgery",experience,0.5
02a0f50e-5f55-4528-9db4-c23b9a668117,46f9fd7a-681a-433b-9b1b-b1b97419df7f,"The Sistema Nacional de Investigadores (National Researchers System) or SNI is a governmental agency established in Mexico in 1984, to promote both the quantity and quality of research. It is a subsidiary of the National Council on Science and Technology (Consejo Nacional de Ciencia y Tecnología, CONACYT). Institutional Affiliation: Clinical Laboratory of Neurodegenerative Diseases (Head: Prof. Teresa Corona, MD, MSc), National Institute of Neurology and Neurosurgery, Mexico City",experience,0.5
f28ef1cc-d56a-439e-b4d1-b96612646ae7,25fa0ffc-7dff-42ae-b791-0fc9a8a27e41,Hello,about,0.8
43afb0c3-921e-4a21-b489-31ad39cc7ff3,25fa0ffc-7dff-42ae-b791-0fc9a8a27e41,My name is CreeAnn,about,0.8
b8b0f61a-b387-449a-bcd2-8b3b5413aeaf,25fa0ffc-7dff-42ae-b791-0fc9a8a27e41,and I am a curious,about,0.8
2581b6e4-5b98-4ac1-8f56-e5e0018c9594,25fa0ffc-7dff-42ae-b791-0fc9a8a27e41,passionate,about,0.8
399b6ba8-ab4c-464d-b16a-6ad093ed7502,25fa0ffc-7dff-42ae-b791-0fc9a8a27e41,and motivated student at the University of Calgary,about,0.8
7da5f93e-33c1-4cb1-9ad8-6d5af098bdf3,25fa0ffc-7dff-42ae-b791-0fc9a8a27e41,I am passionate about finding solutions and answers to advance the field of neuroscience,about,0.8
fd2729de-3811-4f5f-bf49-b26d22eff5ee,25fa0ffc-7dff-42ae-b791-0fc9a8a27e41,stroke,about,0.8
bcd40f85-9495-4edb-9589-94e7edcbced0,25fa0ffc-7dff-42ae-b791-0fc9a8a27e41,and geriatric health,about,0.8
ae5ea888-6a9f-4d77-95ed-2ad707e6ef72,5fdef858-27ef-4a49-b205-6c34de4d5bac,Later-life cognitive and behavioral changes in older adults with Long COVID,publications,0.9
fe4d17b4-b041-4350-a136-d48398be28ec,5fdef858-27ef-4a49-b205-6c34de4d5bac,Effect of COVID-19 Attributable Social Impact on Older Adults in Relation to Mild Behavioral Impairment Symptom Severity,publications,0.9
62a4909b-33d7-4660-93db-53fdf19a39c4,5fdef858-27ef-4a49-b205-6c34de4d5bac,"Supporting the arrival and transition of two sponsored refugee students at the University of Calgary annually through the World University Service of Canada, providing direct assistance in academics, financial stability, self-reliance, social integration, and health and wellbeing to ensure their successful adaptation and growth",experience,0.5
8107a42d-cafd-4f0a-8bee-93c36d09cd39,3ffdeca2-9b8b-40c9-aff0-dc5d23dcb88d,Clinical Data Management,skills,1.0
3372adcf-74af-4c38-9180-a03dea247735,3ffdeca2-9b8b-40c9-aff0-dc5d23dcb88d,Electronic Data Capture (EDC),skills,1.0
4197e310-6dfa-4f17-b8ef-4dfa5073d140,3ffdeca2-9b8b-40c9-aff0-dc5d23dcb88d,Leadership,skills,1.0
f056dd3b-5544-4818-9785-c3f699b182c6,3ffdeca2-9b8b-40c9-aff0-dc5d23dcb88d,Classroom Management,skills,1.0
baae59a5-9a67-41b0-bcdc-530367f29495,3ffdeca2-9b8b-40c9-aff0-dc5d23dcb88d,Strategic Planning,skills,1.0
d078605f-951b-4ac1-a736-700ed8679da9,3ffdeca2-9b8b-40c9-aff0-dc5d23dcb88d,Problem Solving,skills,1.0
2870cf5a-f62d-4e7a-927d-2a38326779e5,3ffdeca2-9b8b-40c9-aff0-dc5d23dcb88d,Research Skills,skills,1.0
2eb01564-b3bc-4fce-8d03-71e29106e3f7,3ffdeca2-9b8b-40c9-aff0-dc5d23dcb88d,Scientific Writing,skills,1.0
041103c0-6e91-43bd-a7e0-320ba535f9e4,3ffdeca2-9b8b-40c9-aff0-dc5d23dcb88d,Teaching,skills,1.0
8244012a-37e5-454e-89ae-0178577501a9,3ffdeca2-9b8b-40c9-aff0-dc5d23dcb88d,Communication,skills,1.0
dc554ffe-7925-4467-82b1-65604e787e84,cdc07aa4-1687-4320-a32e-6583764daa56,I am an MD/Ph,about,0.8
c06db80e-1811-4267-ab7c-3c177d9d1c8a,cdc07aa4-1687-4320-a32e-6583764daa56,candidate interested in brain-computer interfacing and neuro-prosthetics for their potential in supporting amputee rehabilitation,about,0.8
05f3b4d2-4fc3-4e04-a911-d520a5cf0fcb,cdc07aa4-1687-4320-a32e-6583764daa56,At the University of Calgary,about,0.8
6057caf8-9eee-4a90-b095-181622745676,cdc07aa4-1687-4320-a32e-6583764daa56,I am grateful to be developing neuron-chip interfacing systems that enable targeted drug delivery into the brain,about,0.8
4d9f1130-e47c-45df-96e9-5540761e4191,cdc07aa4-1687-4320-a32e-6583764daa56,In my undergraduate,about,0.8
cf5462b6-13b7-4990-9772-660929cb9197,cdc07aa4-1687-4320-a32e-6583764daa56,I was fortunate to be involved in uncovering drug mechanisms and investigating novel strategies to overcome surgical barriers through robotics,about,0.8
d989e60c-3ca8-4735-8783-a575ec27806e,cdc07aa4-1687-4320-a32e-6583764daa56,I enjoy solving complex scientific puzzles and my main goal is to learn the skills needed to develop and deploy brain-computer interfaces and neuro-prosthetics for amputees in a sustainable and accessible manner,about,0.8
949a388e-43fd-4697-8991-d7b5cf3a5746,cdc07aa4-1687-4320-a32e-6583764daa56,In my spare time,about,0.8
c05b62e3-c2da-4ae7-99f8-3845033d7d16,cdc07aa4-1687-4320-a32e-6583764daa56,I love hiking,about,0.8
c374dfab-af57-490b-8d49-5e20c9ccfa86,cdc07aa4-1687-4320-a32e-6583764daa56,tennis,about,0.8
a0b3488f-05cb-402f-a880-8aa1b4cf89f5,cdc07aa4-1687-4320-a32e-6583764daa56,and photography,about,0.8
9bc71fc9-f8b9-4f12-8d13-808b3f0715f7,cdc07aa4-1687-4320-a32e-6583764daa56,Dexmedetomidine Pre-Treatment of Neonatal Rats Prevents Sevoflurane-Induced Deficits in Learning and Memory in the Adult Animals,publications,0.9
ca13201b-450b-45c6-891d-54f6bca4be8c,cdc07aa4-1687-4320-a32e-6583764daa56,Selective Menin Deletion in the Hippocampal CA1 Region Leads to Disruption of Contextual Memory in the MEN1 Conditional Knockout Mouse: Behavioral Restoration and Gain of Function following the Reintroduction of MEN1 Gene,publications,0.9
79131441-db41-4e98-a66d-8b42e4a868f0,cdc07aa4-1687-4320-a32e-6583764daa56,"Dexmedetomidine does not compromise neuronal viability, synaptic connectivity, learning and memory in a rodent model",publications,0.9
c3aad293-187b-4a67-8dac-978e2f72b61b,cdc07aa4-1687-4320-a32e-6583764daa56,"A synthetic peptide rescues rat cortical neurons from anesthetic-induced cell death, perturbation of growth and synaptic assembly",publications,0.9
bf425806-2945-4442-afdb-13de5b1a89b5,cdc07aa4-1687-4320-a32e-6583764daa56,The antidepressant sertraline reduces synaptic transmission efficacy and synaptogenesis between identified Lymnaea neurons,publications,0.9
70b72fbb-665a-453c-97cb-9a44c559f51a,cdc07aa4-1687-4320-a32e-6583764daa56,Impact of open surface area of multi-well microelectrode array on mammalian brain cells recording efficiency,publications,0.9
9707000c-e82d-4150-9bef-acc197b85ab7,cdc07aa4-1687-4320-a32e-6583764daa56,Anesthetics: from modes of action to unconsciousness and neurotoxicity,publications,0.9
afd2bb0f-9c55-4aa0-be6b-f4debf181985,cdc07aa4-1687-4320-a32e-6583764daa56,Mechanisms of anesthetic action and neurotoxicity: lessons from molluscs,publications,0.9
d4cae81b-dbd6-4af4-8695-866b2ffc6658,cdc07aa4-1687-4320-a32e-6583764daa56,"Tutored peers and younger students in mathematics, physics, chemistry, and English from high school to undergraduate levels. In doing so, I helped them develop the skills to solve problems independently and confidently understand the concepts they are studying",experience,0.5
d3638016-d2a1-4075-9906-4d379b78736f,cdc07aa4-1687-4320-a32e-6583764daa56,Created thin sections from excavated rock samples for industrial study of oil deposits • Isolated fossils and prepared thin sections,experience,0.5
46107083-7d09-4dbc-9939-d30dc4acae76,f30dfe97-2e8c-4e6c-9ec3-c1b1fa245f3c,"Age-related changes in neuronal receptive fields of primary auditory cortex in frequency, amplitude, and temporal domains",publications,0.9
77dcaa2b-4c9f-4ec3-ac84-a583605ff10b,f30dfe97-2e8c-4e6c-9ec3-c1b1fa245f3c,"Aging populations often experience difficulties hearing. This phenomenon, known as age-related hearing loss, is associated with decreases in hearing sensitivity and pathophysiological changes in the central auditory system, including the primary auditory cortex (AI). To better understand changes in the central auditory system, this study is designed to compare the receptive fields of AI neurons of young and old C57 mice in frequency, amplitude, and temporal domains by using random-delivery (various interval) of multi-frequency gamma-shaped tone pips and a novel data processing approach known as the intensity-stacked spectrotemporal receptive field (iSTRF). Our data suggests that age-related hearing loss has relatively less impact on auditory information processing when sounds fall into the optimal frequency and amplitude ranges of given AI neurons. … more",publications,0.9
2b4381b2-7e2f-4d95-bf81-79b5a8e0ec76,413e38f3-fde4-41ab-86d9-0bf48f4c5eec,Clinical Study Management,skills,1.0
a914be47-2480-49ed-9163-9b8e9c4fe779,413e38f3-fde4-41ab-86d9-0bf48f4c5eec,"Laboratory Skills (Pipetting, Titrating, Streaking & Straining)",skills,1.0
748360f6-4b0b-45a7-93ff-7d93be587fae,413e38f3-fde4-41ab-86d9-0bf48f4c5eec,"Programing Software (Python, C++, HTML, Java)",skills,1.0
a98bf2bb-a117-4a90-9781-eb1f93965b39,413e38f3-fde4-41ab-86d9-0bf48f4c5eec,"Microsoft Office (Excel, Word, PowerPoint, Outlook, OneNote)",skills,1.0
a21fb082-1149-47da-b0ce-5cd935dccb81,31734037-6b81-4bc5-b485-650f05e4fe91,Skills,skills,1.0
192dd240-ac40-4193-9507-d645bdb7622a,31734037-6b81-4bc5-b485-650f05e4fe91,Academic Research,skills,1.0
19688adf-1fcd-403a-9e23-dc9ee9c03c3f,31734037-6b81-4bc5-b485-650f05e4fe91,and school-based contexts,about,0.8
9a82e5ea-e589-4abb-aecf-4e8f941d9dd0,31734037-6b81-4bc5-b485-650f05e4fe91,I have training in both qualitative and quantitative research methods,about,0.8
35551f5d-3c5e-461b-87ee-72627bc037f9,31734037-6b81-4bc5-b485-650f05e4fe91,with quantitative work focused on cannabis use and mental health,about,0.8
b8a56b06-798b-4386-b91d-b9251480bea8,31734037-6b81-4bc5-b485-650f05e4fe91,including a sole-authored publication in this area,about,0.8
16e52b8b-43a3-400e-bf6e-fbec70ef1162,31734037-6b81-4bc5-b485-650f05e4fe91,My background includes research assistantships,about,0.8
cd453913-decd-4505-bc97-74d5db5ac12f,31734037-6b81-4bc5-b485-650f05e4fe91,counselling and volunteer roles that support high-risk youth,about,0.8
6bd68914-d92f-4e64-a453-a98e65b2cb68,31734037-6b81-4bc5-b485-650f05e4fe91,I have developed strong skills in interviewing,about,0.8
a5c3f832-ace8-4861-8a26-55f2a68de26e,31734037-6b81-4bc5-b485-650f05e4fe91,survey design,about,0.8
5eb0920d-af32-4405-b899-0f781fcbb2a0,31734037-6b81-4bc5-b485-650f05e4fe91,statistical analysis,about,0.8
ff740d27-297d-42b7-bd03-2bdfb87fb9b9,31734037-6b81-4bc5-b485-650f05e4fe91,thematic analysis,about,0.8
a8ec33fc-2ff1-4a58-9c95-46febf884301,31734037-6b81-4bc5-b485-650f05e4fe91,academic writing,about,0.8
08cfd9b4-4aff-4e50-bfb0-7117c3061d78,31734037-6b81-4bc5-b485-650f05e4fe91,and collaborative project work with faculty and peers,about,0.8
cebc5798-4df7-4586-96c3-da9c98a58c1b,31734037-6b81-4bc5-b485-650f05e4fe91,and my work is currently focused on grief-literacy initiatives aimed at improving support for students,about,0.8
9df9a832-33ef-4d89-a817-968775463cdb,31734037-6b81-4bc5-b485-650f05e4fe91,I am an advocate for men's mental health,about,0.8
ae317f45-859d-46b7-bba3-9551875be6b1,31734037-6b81-4bc5-b485-650f05e4fe91,and my current focus is on supporting mental health in adolescent boys,about,0.8
45088afe-b75e-464d-91f1-25ba829e5cf7,abfaa604-a017-4d5e-9aec-ecb586b0ddd4,Operations Management,skills,1.0
1301ed92-1057-4838-a229-45a3ceb13ce3,abfaa604-a017-4d5e-9aec-ecb586b0ddd4,Business Development,skills,1.0
17246f43-8109-4128-888f-b14a26a86fb5,abfaa604-a017-4d5e-9aec-ecb586b0ddd4,Collaborative Work,skills,1.0
3c14e455-752c-4d9a-93da-89cdee3c662d,abfaa604-a017-4d5e-9aec-ecb586b0ddd4,Research Design,skills,1.0
89a178bb-d481-4d46-9d91-93cc8668107f,abfaa604-a017-4d5e-9aec-ecb586b0ddd4,Animal Handling,skills,1.0
7de6ac19-a9f4-40f3-9563-382e4419251e,abfaa604-a017-4d5e-9aec-ecb586b0ddd4,Tenacious Work Ethic,skills,1.0
8a3cf519-9a3b-4ec8-a024-703875fdec07,abfaa604-a017-4d5e-9aec-ecb586b0ddd4,Laboratory Techniques,skills,1.0
1336a5de-bde5-4acf-8908-00d77519d4fd,abfaa604-a017-4d5e-9aec-ecb586b0ddd4,Public Speaking,skills,1.0
d8419b98-92fa-417f-a9ae-730e170f8faa,abfaa604-a017-4d5e-9aec-ecb586b0ddd4,Teamwork,skills,1.0
f4e83bf1-2937-45b3-b98b-3a448cbb96f2,abfaa604-a017-4d5e-9aec-ecb586b0ddd4,Communication,skills,1.0
3b61ab7d-39f8-4ca1-a37e-0dda436ce8c3,abfaa604-a017-4d5e-9aec-ecb586b0ddd4,As a dedicated neuroscience student with a deep passion for understanding the brain's complexities,about,0.8
e30ce009-b847-41c4-a603-d56e7e2f9cc3,abfaa604-a017-4d5e-9aec-ecb586b0ddd4,I am eager to leverage my academic background and hands-on research experience to contribute to advancements in pharmacology,about,0.8
b49aa7fd-7d4e-47b8-b1bb-00019547fa4c,abfaa604-a017-4d5e-9aec-ecb586b0ddd4,My studies have equipped me with a solid foundation in neurobiology,about,0.8
f4c78793-66a8-4f6c-b5aa-816ec241de8b,abfaa604-a017-4d5e-9aec-ecb586b0ddd4,cognitive processes,about,0.8
6123ab67-3719-4d9a-9619-e5e4faa00a29,abfaa604-a017-4d5e-9aec-ecb586b0ddd4,and experimental techniques,about,0.8
d5442787-c9d6-4512-83da-f5e9eb729c47,abfaa604-a017-4d5e-9aec-ecb586b0ddd4,while my involvement in research projects has honed my laboratory skills and techniques,about,0.8
2e78f09f-6bff-4ab1-9b63-edbb3addd5a1,abfaa604-a017-4d5e-9aec-ecb586b0ddd4,My work experience has taught me teamwork skills,about,0.8
5c8e11d2-6a4e-4c49-b558-a3f11464bae5,abfaa604-a017-4d5e-9aec-ecb586b0ddd4,problem solving and dedication,about,0.8
afdfa041-57d6-4fa8-bcca-debaca0ef5eb,abfaa604-a017-4d5e-9aec-ecb586b0ddd4,With a keen interest in the intersection of neuroscience and pharmacology,about,0.8
098d4ec6-ff19-4ca9-930f-2834618e3648,abfaa604-a017-4d5e-9aec-ecb586b0ddd4,I am enthusiastic about exploring opportunities to collaborate with professionals and organizations committed to developing innovative therapeutic solutions,about,0.8
6d069392-2121-44ba-bb6a-64871029d2b2,abfaa604-a017-4d5e-9aec-ecb586b0ddd4,I am particularly interested in how pharmacological interventions can impact neurological and psychiatric conditions such as mental health disorders and addiction,about,0.8
8c6a2a92-a586-46f5-b068-1eb814e43aab,abfaa604-a017-4d5e-9aec-ecb586b0ddd4,and I am driven to contribute to impactful research and development in this field,about,0.8
45e0b6b4-922e-44d4-b6c6-1677c8395d14,abfaa604-a017-4d5e-9aec-ecb586b0ddd4,I am seeking to connect with industry experts,about,0.8
f16c230a-07c7-43b0-acb0-9d757f8c6907,abfaa604-a017-4d5e-9aec-ecb586b0ddd4,researchers,about,0.8
88f9bda4-584b-4a4a-bf41-e576d1b8045b,abfaa604-a017-4d5e-9aec-ecb586b0ddd4,and professionals who share my passion for neuroscience and pharmacology,about,0.8
4ff8d0be-81b2-4242-bf45-95f9761ed5b0,abfaa604-a017-4d5e-9aec-ecb586b0ddd4,Let’s connect to discuss potential collaborations,about,0.8
8060d2d6-5bf3-46af-af4a-73de7eefd510,abfaa604-a017-4d5e-9aec-ecb586b0ddd4,research opportunities,about,0.8
81cb0496-9c31-4392-ae97-6ad70223e298,abfaa604-a017-4d5e-9aec-ecb586b0ddd4,and the latest advancements in the field,about,0.8
ca2e0d5f-6200-40a4-be2c-e9fafeb30598,abfaa604-a017-4d5e-9aec-ecb586b0ddd4,Thanks very much for taking the time to read my profile,about,0.8
589d771b-4fff-4e67-8943-0588ca760a34,abfaa604-a017-4d5e-9aec-ecb586b0ddd4,and have a great rest of your day,about,0.8
31ab36dc-ac52-4f9b-95e3-841f48ba7f0d,abfaa604-a017-4d5e-9aec-ecb586b0ddd4,"At Home, I complete bookkeeping tasks such as transaction review, profit and loss, and budgeting. I also work alongside the operations team to provide analysis for business development and optimization",experience,0.5
11ae2d83-3b36-4d12-b3f8-7f4a673f0ad7,abfaa604-a017-4d5e-9aec-ecb586b0ddd4,"This summer, I am conducting research in the Borgland Lab at the Hotchkiss Brain Institute, focusing on the neural mechanisms underlying the salience of food and addiction, with additional interests in cannabis-related research. I assist with behavioral experiments in mice, data analysis, and a variety of laboratory techniques, working closely with a team of neuroscientists. The skills and insights I gain during this studentship will directly support my honours thesis, which I will complete with the Borgland Lab during the upcoming academic year",experience,0.5
f26d8c75-5311-4d39-b86a-5b3b0eb54d38,04c0502c-e2fa-4de1-b7e4-1e471df6d292,Financial Analysis,skills,1.0
fe9b9846-2881-4a51-8cbf-a5dc27554d81,04c0502c-e2fa-4de1-b7e4-1e471df6d292,Teamwork,skills,1.0
bc195838-a540-44ba-92c2-98b1a029a420,04c0502c-e2fa-4de1-b7e4-1e471df6d292,Interpersonal Communication,skills,1.0
b159c1a6-a36c-4653-b78a-983839c7fc5d,04c0502c-e2fa-4de1-b7e4-1e471df6d292,Problem Solving,skills,1.0
e653276f-3aed-4b62-ad24-1ad889df760b,04c0502c-e2fa-4de1-b7e4-1e471df6d292,Analytical Skills,skills,1.0
e0c606eb-131e-44b7-a7ad-323f02f9942f,04c0502c-e2fa-4de1-b7e4-1e471df6d292,Communication,skills,1.0
5b9447fd-9139-43f8-acb3-a5f4f06a17b8,04c0502c-e2fa-4de1-b7e4-1e471df6d292,Easily Adaptable,skills,1.0
7f678497-256d-4272-a9e2-27a8d67e321d,04c0502c-e2fa-4de1-b7e4-1e471df6d292,Teaching,skills,1.0
eb0055b2-39d8-43c2-bde3-a96090971e01,04c0502c-e2fa-4de1-b7e4-1e471df6d292,Networking,skills,1.0
f8b74afc-c287-4324-9cea-275e01b60a00,04c0502c-e2fa-4de1-b7e4-1e471df6d292,Team Leadership,skills,1.0
696dfdab-b049-4ccd-a1f1-c47c87a89be8,04c0502c-e2fa-4de1-b7e4-1e471df6d292,Providing personalized academic support in mathematics and science to K-12 students of varied skill levels - Developing lesson plans and strategies to address student's academic needs and enhance understanding and test performance - Communicating with students and parents to provide feedback to encourage improvement - Applying problem-solving skills to address individual learning needs to help students grasp challenging concepts,experience,0.5
2e3541b4-5f0c-4c3a-88e0-a412f64367ec,227f9d77-1bcf-487a-82db-0b1b7e563d80,Global Health,skills,1.0
927a9515-dca4-4285-8ccc-d3cd0b25c4b5,227f9d77-1bcf-487a-82db-0b1b7e563d80,Healthcare Team Collaboration,skills,1.0
d6e29846-14cb-4eb3-bc39-cbfb1b57cbe7,227f9d77-1bcf-487a-82db-0b1b7e563d80,Patient Safety,skills,1.0
dff78c7e-22a4-4d9a-ad7c-a96a0ed7b4c1,227f9d77-1bcf-487a-82db-0b1b7e563d80,Medical Education,skills,1.0
0ea2909b-5fbf-4b47-bbf2-c664080a6964,227f9d77-1bcf-487a-82db-0b1b7e563d80,Computed Tomography (CT) Imaging,skills,1.0
676a771d-30c1-4632-91af-99f7313ab7a3,227f9d77-1bcf-487a-82db-0b1b7e563d80,Radiology,skills,1.0
489371d7-4309-4eb4-a7e3-d04527405ce2,227f9d77-1bcf-487a-82db-0b1b7e563d80,Primary Care,skills,1.0
65aa4879-2d8f-4cdc-b66f-8794280c3bbf,227f9d77-1bcf-487a-82db-0b1b7e563d80,Ethiopia-trained Radiologist with experience in clinical radiology and patient-centered care,about,0.8
af27cfe7-5af3-4de0-b7d0-d0e7b5181927,227f9d77-1bcf-487a-82db-0b1b7e563d80,A collaborative team player who thrives in multidisciplinary healthcare environments,about,0.8
15e779a2-4b88-4619-8435-dba4a6102b9d,227f9d77-1bcf-487a-82db-0b1b7e563d80,working closely with diverse professionals to support accurate diagnosis and optimal patient outcomes,about,0.8
5b3c3afe-5e44-46ca-9ae4-6a8674beaf6a,227f9d77-1bcf-487a-82db-0b1b7e563d80,I have a strong interest in research focused on advancing diagnostic accuracy and healthcare innovation,about,0.8
c2ba691f-e10c-459f-86ff-5116e58b2f6f,227f9d77-1bcf-487a-82db-0b1b7e563d80,and I actively volunteer in roles supporting patient navigation and community care,about,0.8
ac5b5298-09bc-47d1-bfcf-17d760160a02,227f9d77-1bcf-487a-82db-0b1b7e563d80,Breaking Bad News in Ultrasound,publications,0.9
47c65f88-48cd-41c3-bd96-26099019502f,227f9d77-1bcf-487a-82db-0b1b7e563d80,"Sonographic Estimation of Normal Palatine Tonsil Size in Under 18 Year Olds Who Visited a Tertiary Teaching Hospital in Addis Ababa, Ethiopia",publications,0.9
14bf85f3-570a-47d6-8a11-c5bff37edc56,227f9d77-1bcf-487a-82db-0b1b7e563d80,"Patterns of Idiopathic Interstitial Pneumonia and Their Correlation With Spirometry Findings: A Study at Tikur Anbessa Specialized Hospital, Addis Ababa, Ethiopia",publications,0.9
d2d92f48-ee5f-4095-827a-ddc390450db1,227f9d77-1bcf-487a-82db-0b1b7e563d80,Fibrodysplasia ossificans progressiva: Two case reports✩,publications,0.9
30d114a0-a565-4c2a-aaf3-5febe4c559fc,227f9d77-1bcf-487a-82db-0b1b7e563d80,Unusual Configuration of a Giant Trans-Spatial Pancreatic Pseudocyst with Spontaneous Shrinkage: A Rare Case Report,publications,0.9
87d7f329-cc60-4ceb-82d8-edc4aeb0764d,2c2e0c9d-4d45-42e1-a0a2-1d47225a64a5,"Hello, my name is Ravi",about,0.8
72c98e52-9256-4d95-b031-07f515ac2513,2c2e0c9d-4d45-42e1-a0a2-1d47225a64a5,📚 Current MSc student in biomedical engineering with a specialization in medical imaging 📖 BSc (Hons,about,0.8
b4ff8a65-7241-45a5-b763-3b321fbfd0ba,2c2e0c9d-4d45-42e1-a0a2-1d47225a64a5,) graduate with a major in computer science and minor in mathematics (+Premed) 📙 Honours thesis in Computational Convex Analysis 📘 Two-time Faculty of Medicine Summer Student Research Program (FoM SSRP) awardee,about,0.8
730eaa5d-0797-4468-a8a5-7723e8cf6124,2c2e0c9d-4d45-42e1-a0a2-1d47225a64a5,Owerko Graduate Scholarship awardee 2025,about,0.8
027bb1ef-b2eb-4ea2-8f5a-fa9e6cffefb9,2c2e0c9d-4d45-42e1-a0a2-1d47225a64a5,I enjoy applying mathematics and computer science to real world scenarios,about,0.8
6f597bae-e9d5-4a4f-98dc-67d129491095,2c2e0c9d-4d45-42e1-a0a2-1d47225a64a5,My current research interest is in biomedical engineering,about,0.8
49f29b32-1c4b-4a0a-ad68-ec69632620ed,2c2e0c9d-4d45-42e1-a0a2-1d47225a64a5,Conference - A synthetic data‑based evaluation framework for global and voxelwise biological brain age prediction methods,publications,0.9
7b20aa92-0247-4f9c-a17c-1bb7240d386e,2c2e0c9d-4d45-42e1-a0a2-1d47225a64a5,An evaluation framework that may be used to benchmark machine learning-based biological brain age prediction methods using synthetic data,publications,0.9
c184abbd-4c46-4ff2-ba66-dc20f72d7ce4,2c2e0c9d-4d45-42e1-a0a2-1d47225a64a5,Conference - Radiomics-ResNet Fusion Models for Improved Mammogram Abnormality Identification,publications,0.9
2c66b020-1680-40fd-af1f-ec1ad96a55ab,2c2e0c9d-4d45-42e1-a0a2-1d47225a64a5,An extension of 'A Radiomics-Based Breast Cancer Detection Model' with additional radiomics features and a late-fusion radiomics+ResNet method,publications,0.9
d9f8e8b3-8f39-43d6-be4a-79d22049328d,2c2e0c9d-4d45-42e1-a0a2-1d47225a64a5,Conference - A Radiomics-Based Breast Cancer Detection Model,publications,0.9
edddb7fd-5113-4fde-8f78-2b15ea09d0be,2c2e0c9d-4d45-42e1-a0a2-1d47225a64a5,Radiomics pipeline for early breast cancer screening that is accurate and computationally-inexpensive,publications,0.9
9832645e-1b6a-4948-b3c6-420520fd5c2b,2c2e0c9d-4d45-42e1-a0a2-1d47225a64a5,Undergraduate Thesis - A New Data Structure to Compute the Conjugate of Bivariate Piecewise Linear-Quadratic Functions,publications,0.9
a971e4c6-975c-4ae8-a805-9435405db61e,5113b5b0-63d8-40cf-ae2e-561c3cd83dff,I am interested in building pedictive models for serious mental illnesses like schizophrenia,about,0.8
a36bf862-c46d-47d1-b72e-0ad9c2974843,5113b5b0-63d8-40cf-ae2e-561c3cd83dff,bipolar disorder,about,0.8
e069147a-3ec4-4ec9-a360-090bdb7e4e14,5113b5b0-63d8-40cf-ae2e-561c3cd83dff,and MDD,about,0.8
d8d88d33-c2cb-40b6-b6a4-b899e371e90e,465607d0-7eec-4fc1-9e85-f3ba7630de87,Cognitive Neuroscience,skills,1.0
23cb81bf-852c-423a-8864-1e2df0463f3e,465607d0-7eec-4fc1-9e85-f3ba7630de87,Academic Research,skills,1.0
b3b6a601-a02f-4a0c-9db3-c49a5307a064,465607d0-7eec-4fc1-9e85-f3ba7630de87,Electrophysiology,skills,1.0
7833a73e-f6ee-4e90-9654-cdd05f04a32d,465607d0-7eec-4fc1-9e85-f3ba7630de87,Movement Disorders,skills,1.0
c585bc42-9051-4ce8-ac2d-a28f883f8657,465607d0-7eec-4fc1-9e85-f3ba7630de87,Recruiting,skills,1.0
90cd279d-4e23-45dc-b989-248cac43e4ca,465607d0-7eec-4fc1-9e85-f3ba7630de87,Transcranial Magnetic Stimulation,skills,1.0
1d3a0575-f82d-4bf9-932b-d04955ee3485,465607d0-7eec-4fc1-9e85-f3ba7630de87,Computational Neuroscience,skills,1.0
cd66790f-4316-457c-873d-b6f99cb225e9,465607d0-7eec-4fc1-9e85-f3ba7630de87,Transcribing,skills,1.0
f3e05045-37a7-4c2d-bffc-fc8c8248b4ea,465607d0-7eec-4fc1-9e85-f3ba7630de87,MATLAB,skills,1.0
15581c86-12e1-454d-bc7e-60c10e3bed9d,465607d0-7eec-4fc1-9e85-f3ba7630de87,Statistics,skills,1.0
ac509cc7-d4f2-4abf-b26e-e6eebcc39299,465607d0-7eec-4fc1-9e85-f3ba7630de87,Recent graduate from the MSc Neuroscience program at the University of Calgary and former student-athlete at Mount Royal University,about,0.8
27accac7-729b-4b4d-afee-240fc05b45fc,465607d0-7eec-4fc1-9e85-f3ba7630de87,Passionate about the brain and it's impact on human behaviour,about,0.8
313ec297-a99e-4085-a941-7308006c4b96,e84862f3-28fc-48c4-bcef-3cee7d9ee6b1,I have a background in cellular and molecular biology,about,0.8
6be71f5f-e92a-4f3a-b94f-8c4d33861a4a,e84862f3-28fc-48c4-bcef-3cee7d9ee6b1,minoring in chemistry,about,0.8
6d4e5aad-94ec-4627-8180-0fad74e1a660,e84862f3-28fc-48c4-bcef-3cee7d9ee6b1,I have pursued numerous research projects involving plant biology,about,0.8
19b81bb6-73f5-4893-9a92-805017f83105,e84862f3-28fc-48c4-bcef-3cee7d9ee6b1,cell biology and molecular genetics during my undergrad,about,0.8
f4145283-50dc-40da-a6e4-3a33fedf05cf,e84862f3-28fc-48c4-bcef-3cee7d9ee6b1,I am currently a masters student at the Hotchkiss Brain Institute analyzing the underlying causes of chronic pain,about,0.8
b55caae8-f6b5-4858-bb1e-ea886aa235e8,e84862f3-28fc-48c4-bcef-3cee7d9ee6b1,I plan to pursue an MD/PhD after gaining substantial experience in both health care and laboratory settings,about,0.8
0877ac57-a3b1-4800-8af7-518112355344,e84862f3-28fc-48c4-bcef-3cee7d9ee6b1,"Server, shift leader, trainer for Milestones Restaurant and Bar",experience,0.5
af3b61fb-d1fc-4186-8046-c0a41343036d,e84862f3-28fc-48c4-bcef-3cee7d9ee6b1,"Expediting the delivery of food from the kitchen to tables, training new staff and organizing/leading the kitchen as a team",experience,0.5
3407d994-7826-47c8-aa31-94a620defd88,2639593a-850c-4dcb-be8b-e338bccf7a2f,Alzheimer's Disease,skills,1.0
eab6905b-e2bd-4761-b477-768366206d2a,2639593a-850c-4dcb-be8b-e338bccf7a2f,Bioelectronics,skills,1.0
e9f53b42-4157-42a9-a259-9754e2b72df4,2639593a-850c-4dcb-be8b-e338bccf7a2f,Electromyography (EMG),skills,1.0
914b9540-17da-43e0-b2af-a1341ef624c4,2639593a-850c-4dcb-be8b-e338bccf7a2f,Electrocardiography (EKG),skills,1.0
d73b3871-b85d-44c9-9d21-7c8eb4611e3e,2639593a-850c-4dcb-be8b-e338bccf7a2f,PyTorch,skills,1.0
cb2c6fe2-697a-47e1-8fdc-bb4383e7992f,2639593a-850c-4dcb-be8b-e338bccf7a2f,Computer Vision,skills,1.0
37f2995f-ad9c-4b75-bcea-f0c266244593,2639593a-850c-4dcb-be8b-e338bccf7a2f,Deep Neural Networks (DNN),skills,1.0
f2c6d454-e814-4b5e-8615-0e89a870bd6c,2639593a-850c-4dcb-be8b-e338bccf7a2f,Parkinson's Disease,skills,1.0
22917d7d-671a-4b69-b886-b648fe3b6e00,2639593a-850c-4dcb-be8b-e338bccf7a2f,Neural Networks,skills,1.0
5fc15e4b-6a88-4b6c-a2d3-620527b955f3,2639593a-850c-4dcb-be8b-e338bccf7a2f,My name is Pouya,about,0.8
fd941ccf-afdb-4a17-883a-1c049141291e,2639593a-850c-4dcb-be8b-e338bccf7a2f,and I am currently pursuing an MSc in Biomedical Engineering with a specialization in computational neuroscience at the University of Calgary,about,0.8
f696900b-ffef-439c-89c3-08fe3fa398f1,2639593a-850c-4dcb-be8b-e338bccf7a2f,I completed my BSc in Biomedical Engineering and Computer Science simultaneously at Amirkabir University of Technology (Tehran Polytechnic),about,0.8
4cb69595-6815-4fff-bae5-2ef81d8eefcd,2639593a-850c-4dcb-be8b-e338bccf7a2f,Alongside my studies,about,0.8
4c87f5bb-f0d9-4da4-86df-aedf103d533d,2639593a-850c-4dcb-be8b-e338bccf7a2f,I have also been interested in volleyball,about,0.8
aa6a73bc-a916-4c3c-9c35-35b76b95656e,2639593a-850c-4dcb-be8b-e338bccf7a2f,movies,about,0.8
f4c64325-939d-46b1-82bf-3941217af838,2639593a-850c-4dcb-be8b-e338bccf7a2f,music,about,0.8
9745c408-2518-4f8e-b981-d6043bc3a68f,2639593a-850c-4dcb-be8b-e338bccf7a2f,and books,about,0.8
2341d3d9-0971-4764-979e-4d4e9b1b4064,2639593a-850c-4dcb-be8b-e338bccf7a2f,I am passionate about the field of AI,about,0.8
14abe0a1-3b73-4102-b893-2231ae6e7a3c,2639593a-850c-4dcb-be8b-e338bccf7a2f,specifically machine learning,about,0.8
5b38bc41-7230-4f30-81bf-35e06a81c7b6,2639593a-850c-4dcb-be8b-e338bccf7a2f,deep learning,about,0.8
e5632ad1-8885-4157-913c-77f7d308902b,2639593a-850c-4dcb-be8b-e338bccf7a2f,deep neural networks,about,0.8
941472c4-4a09-4bf6-b247-93467704c0a4,2639593a-850c-4dcb-be8b-e338bccf7a2f,and the application of AI-based models in healthcare,about,0.8
c2283bfb-61c3-4252-b8f5-90aa7f6e720c,2639593a-850c-4dcb-be8b-e338bccf7a2f,especially in computational and cognitive neuroscience,about,0.8
30bba03d-251a-4cdb-b0a4-75920376dc8f,2639593a-850c-4dcb-be8b-e338bccf7a2f,My research interest is focused on neurodegenerative diseases and the use of fMRI and EEG alongside deep neural networks,about,0.8
04599520-c7d1-408c-a81f-c939af6a63d2,2639593a-850c-4dcb-be8b-e338bccf7a2f,My interest in this field stems from the potential to improve people's lives through innovative technology,about,0.8
0ccc7b4b-d460-4e78-bbd1-ff9032059177,2639593a-850c-4dcb-be8b-e338bccf7a2f,Top skills Python (Programming Language) • C (Programming Language) • Mathematics • Microsoft Excel • Communication,about,0.8
677d1e4c-4178-4592-af15-620b8df08bf8,2639593a-850c-4dcb-be8b-e338bccf7a2f,Lab: Computational Neurophysics Lab PI: Dr. Roberto C. Sotero Institution: Hotchkiss Brain Institute University: University of Calgary,experience,0.5
c499807a-e13c-4838-b564-e37e3e535edb,2639593a-850c-4dcb-be8b-e338bccf7a2f,"Gait and Motion Analysis lab Supervisor(s): Dr. Mostafa Rostami, Sadegh Madadi Project(s): 1- Parkinson’s disease classification using EEG and a hybrid EEGNet–LSTM architecture 2- Next-Generation Transformer-Based EEG Modeling for Parkinson’s Disease Detection Using Resting-State Data",experience,0.5
71f339f2-b25e-4e21-b5a3-085b3e0e6033,2639593a-850c-4dcb-be8b-e338bccf7a2f,Neural and Cognitive Systems Engineering Lab Supervisor: Dr. Golnaz Baghdadi Project(s): 1- Neural Network-Based Seizure Epilepsy Prediction and Detection. 2-Dynamic Connectivity Graph Attention Transformer for Multi-Task EEG Classification,experience,0.5
f9945428-c053-4b9e-965f-9fbdaa070325,2639593a-850c-4dcb-be8b-e338bccf7a2f,Course: Medical Physics Supervisor: Dr. Malikeh Nabaei,experience,0.5
4a568485-d1fd-4013-b7a1-829caeb362fe,2639593a-850c-4dcb-be8b-e338bccf7a2f,Course: Biostatistics and probabilities Supervisor: Dr. Mehrdad Saviz,experience,0.5
e97a9b4a-93d0-498c-ad6d-00fb3e7b0ac4,2639593a-850c-4dcb-be8b-e338bccf7a2f,Course: Signal processing and Systems Supervisor: Dr. Amir Khakpour,experience,0.5
5dfbaf53-2ccf-49b7-b2f7-da4e94c95dad,2639593a-850c-4dcb-be8b-e338bccf7a2f,Course: General Mathematics Supervisor: Dr. Mehdi Rostami,experience,0.5
d0d4a725-aada-4982-8658-d3eb71b6dd51,2639593a-850c-4dcb-be8b-e338bccf7a2f,Course: General Mathematics II Supervisor: Dr. Sara Saeidi Madani,experience,0.5
cac9ea84-ea7f-4fdb-be99-7fc505fd79dd,2639593a-850c-4dcb-be8b-e338bccf7a2f,Developing Predictive Models for Reading Behavior and Cognitive Responses through Deep Learning Integration of EEG and Eye-Tracking Data,experience,0.5
ece0b29c-eca6-47fb-8763-4d851640f6f0,2639593a-850c-4dcb-be8b-e338bccf7a2f,Project: Designing an extension for sleep data and annotations based on BIDS (Brain Imaging Data Structure),experience,0.5
0287fe9f-2842-42f7-82cd-17a3816d4a6c,2a2307e2-2c74-413f-9558-05450144be6f,Society for AI Literacy (SAIL) - Promoting Ethical and Responsible AI Use,experience,0.5
9478d7cd-fc5e-490c-a53d-78859e6fffa7,2a2307e2-2c74-413f-9558-05450144be6f,Society for AI Literacy,experience,0.5
06542b00-ea1a-4181-81b7-73443de087d2,2a2307e2-2c74-413f-9558-05450144be6f,Dr. Bin Hu's innovative programs for Parkinson's (CSM),experience,0.5
0fa83b51-9231-48cc-9cae-6e0aeac7e10d,2a2307e2-2c74-413f-9558-05450144be6f,"Supervisor: Dr. Sean Dukelow, Neuro Robot Lab Project: ""Exploring Visuospatial Neglect in Stroke Survivors: A VR-Based Dual-tasking Study""",experience,0.5
48fc1ba3-37de-4806-ac8e-092222e4c067,38acbe79-6c1d-44bb-9a7e-30d7a3ce2efc,EEG,skills,1.0
7a8b4c12-79e8-418c-acb5-be48f4539ba4,38acbe79-6c1d-44bb-9a7e-30d7a3ce2efc,MATLAB,skills,1.0
42658f2e-c8c8-4ead-89f3-1ea273495cc3,38acbe79-6c1d-44bb-9a7e-30d7a3ce2efc,Jane App,skills,1.0
b74b0ec3-ba7f-403e-8260-ca1dea0cbdcb,38acbe79-6c1d-44bb-9a7e-30d7a3ce2efc,Qualtrics,skills,1.0
8c5772c6-6907-4b16-b908-b50615f931d1,38acbe79-6c1d-44bb-9a7e-30d7a3ce2efc,Python (Programming Language),skills,1.0
0e23b524-cf15-4679-ac9e-9dee67133211,38acbe79-6c1d-44bb-9a7e-30d7a3ce2efc,Data Analysis,skills,1.0
bc21ff01-3524-4187-9693-ab493d2a2e6a,38acbe79-6c1d-44bb-9a7e-30d7a3ce2efc,Wet Labs,skills,1.0
6e3c390a-8150-4218-b3f2-343a9f899603,38acbe79-6c1d-44bb-9a7e-30d7a3ce2efc,REDCap,skills,1.0
a29f04e9-d460-4bb3-b412-df07b399288d,38acbe79-6c1d-44bb-9a7e-30d7a3ce2efc,Microsoft Office,skills,1.0
81dff6ba-00e3-441c-89bf-42a5d1b9326d,38acbe79-6c1d-44bb-9a7e-30d7a3ce2efc,Clinical Research,skills,1.0
f4fcb8f3-b2da-4ff8-aa96-24280284f83a,38acbe79-6c1d-44bb-9a7e-30d7a3ce2efc,"Creative Problem Solving, Mathematics Education and +9 skills",experience,0.5
859a3c41-8b3c-469f-ad2c-9919df752daa,fce74dfc-f532-4650-8832-fc0e0a4485fb,I am an MD/PhD Student at the University of Calgary,about,0.8
13bc56f8-11f7-4be6-b76e-e8b7d2e290f7,fce74dfc-f532-4650-8832-fc0e0a4485fb,I completed my PhD in Neuroscience at the University of Calgary where I studied the cellular mechanisms of opioids,about,0.8
1a74d605-4436-4e51-82f9-113e372f647d,fce74dfc-f532-4650-8832-fc0e0a4485fb,I am enrolled in the Leaders in Medicine joint MD/PhD program and now completing the MD portion of my training,about,0.8
fc6365cf-0ccc-49ba-8e4c-b1031a7e2417,fce74dfc-f532-4650-8832-fc0e0a4485fb,I am originally from Ottawa,about,0.8
bce67bd6-2505-4c5c-9db5-8d5ddaea61c7,fce74dfc-f532-4650-8832-fc0e0a4485fb,Ontario and completed an undergraduate degree in Biochemistry at Queen's University in Kingston,about,0.8
5dd9b95b-ce86-4fa2-a33d-a508f89e3862,fce74dfc-f532-4650-8832-fc0e0a4485fb,I have been working towards a career in Medicine for many years and I hope to specialize in either Pediatrics or in Neurology,about,0.8
829ba164-0fbb-489a-b6dd-0e45183f016b,fce74dfc-f532-4650-8832-fc0e0a4485fb,I hope to be able to pursue both clinical practice and research in the future,about,0.8
36729674-3941-4e97-a056-1b02d8a65f3b,fce74dfc-f532-4650-8832-fc0e0a4485fb,I am very interested in expanding my experiences both within research and medicine and in other areas as I work towards my future career,about,0.8
09d82529-a00e-42e6-b4cb-0769525de857,fce74dfc-f532-4650-8832-fc0e0a4485fb,Blocking microglial pannexin-1 channels alleviates morphine withdrawal in rodents,publications,0.9
7a757cbb-5e32-4ae4-85d7-d7c5469dd465,fce74dfc-f532-4650-8832-fc0e0a4485fb,Modulatory and plastic effects of kinins on spinal cord networks,publications,0.9
715da013-26e2-4645-9171-f96d38d3d6cc,fce74dfc-f532-4650-8832-fc0e0a4485fb,"Toll-like receptor 4 mutant and null mice retain morphine-induced tolerance, hyperalgesia, and physical dependence",publications,0.9
d71e2a1b-6e9e-4eeb-99a7-2beebcd197f4,485a2419-bb01-4142-868a-e70aa0b15adb,Teamwork,skills,1.0
dd7e6ab6-b645-4bbb-a498-faa3176fb0cd,485a2419-bb01-4142-868a-e70aa0b15adb,Sports Management,skills,1.0
b9c9e7c1-5d13-46b3-b5e0-228a6d8c08ed,485a2419-bb01-4142-868a-e70aa0b15adb,Data Analysis,skills,1.0
b4c2cf6d-9b39-4a04-bbd7-aa4dfa91bde3,485a2419-bb01-4142-868a-e70aa0b15adb,Laboratory Techniques,skills,1.0
ce34d23c-9579-4abb-bba9-0289d03d2edc,485a2419-bb01-4142-868a-e70aa0b15adb,Collaborative Work,skills,1.0
313c7040-e94e-4904-aeb3-137d06a7f386,485a2419-bb01-4142-868a-e70aa0b15adb,Administration,skills,1.0
d240a924-fed3-491f-97c8-9c559f7099ee,485a2419-bb01-4142-868a-e70aa0b15adb,Volunteer Management,skills,1.0
4bcb90d1-07f9-4800-915b-4a3b6913706e,485a2419-bb01-4142-868a-e70aa0b15adb,Customer Service,skills,1.0
59d3c134-3c0e-49d7-88b7-c94085259a54,485a2419-bb01-4142-868a-e70aa0b15adb,Sales,skills,1.0
40834e6d-cfc9-4ebc-9016-962d9bc832d0,485a2419-bb01-4142-868a-e70aa0b15adb,"Working in the Lohman Lab at the Hotchkiss Brain Institute this summer, my focus was on a project investigating the potential of applying Remote Ischemic Conditioning (RIC) to rodent models of repeated mild Traumatic Brain Injury (rmTBI) as a therapeutic treatment. I worked closely with other members of the lab to prepare tissue samples, perform immunohistochemistry staining, image samples and analyze data",experience,0.5
699ac936-c0c2-45ea-ad23-5081618b4f50,8be8ad99-b886-468d-9896-5bc9b32d2f71,* Eight years of neurophysiology research experience in academia that included studying ion channels in in-vitro brain experiments and thereby relating ion-channel functioning to animal physiology and behavior,about,0.8
281dcbbe-a3bc-487c-b743-b521da29e10e,8be8ad99-b886-468d-9896-5bc9b32d2f71,* More than ten years of pre-clinical drug discovery research experience in a multinational pharmaceutical R&D that included planning and execution of screen designing,about,0.8
84cab808-aaac-495a-9daa-585c6b09e943,8be8ad99-b886-468d-9896-5bc9b32d2f71,hit identification and hit to lead optimization in a variety of drug discovery projects,about,0.8
d8cf8283-ff66-4ef9-afce-33a407b829aa,8be8ad99-b886-468d-9896-5bc9b32d2f71,* Education background in neuroscience (PhD),about,0.8
67677a97-5612-4aa8-a358-22bbfbea54fe,8be8ad99-b886-468d-9896-5bc9b32d2f71,pharmacy (UG),about,0.8
ea15ffc2-2907-4f46-af2c-8755b75e857e,8be8ad99-b886-468d-9896-5bc9b32d2f71,clinical research (PG),about,0.8
9fc12df8-0c39-4485-ab57-2e44537b10e5,8be8ad99-b886-468d-9896-5bc9b32d2f71,* Demonstrated expertise in quality management,about,0.8
6ff0f0a2-0cd8-4355-8872-cf2406177ae1,8be8ad99-b886-468d-9896-5bc9b32d2f71,designing,about,0.8
a91989e5-0427-4eb2-8862-e4cb299bdab8,8be8ad99-b886-468d-9896-5bc9b32d2f71,performing,about,0.8
f3abf874-07b9-49b0-9a85-66ab7bd7d9ae,8be8ad99-b886-468d-9896-5bc9b32d2f71,analysing,about,0.8
54034d44-194c-4924-8a06-f08e3d59a883,8be8ad99-b886-468d-9896-5bc9b32d2f71,interpreting,about,0.8
5c571729-bc71-4596-ac56-855e3ba4f972,8be8ad99-b886-468d-9896-5bc9b32d2f71,* Proficient in organizational skills,about,0.8
4a4bcaed-8cd0-48b3-847a-8fcb9a8f4717,8be8ad99-b886-468d-9896-5bc9b32d2f71,initiating new research activities,about,0.8
781f4772-67da-458e-848e-c9e6007e8a07,8be8ad99-b886-468d-9896-5bc9b32d2f71,handling complex projects in multiple scientific domains and working in collaborative team environment with an ability to contribute expertise and follow leadership directives at appropriate times,about,0.8
636f8e75-f051-43f4-9419-0314cfe365c8,8be8ad99-b886-468d-9896-5bc9b32d2f71,* Technical expertise in Electrophysiology,about,0.8
5ffb836f-a917-46a8-b5b1-bc74df360cfe,8be8ad99-b886-468d-9896-5bc9b32d2f71,Immunocytochemistry,about,0.8
f2162b11-524b-4436-b2c8-dc39287c24eb,8be8ad99-b886-468d-9896-5bc9b32d2f71,Isometric force transducer recordings * Computer proficiency in Microsoft office & statistical software like GraphPad Prism,about,0.8
b4b83d2c-77f3-41d0-8ca1-3169df8312ac,8be8ad99-b886-468d-9896-5bc9b32d2f71,* Authored many research publications,about,0.8
69ee7300-357c-4b53-b8cb-82e063ca04e7,8be8ad99-b886-468d-9896-5bc9b32d2f71,Osmotic activation of a Ca dependent phospholipase C pathway that regulates TRPV1- mediated currents in rat supraoptic neurons,publications,0.9
6de86aff-904b-494a-965d-0e63f2ac6696,8be8ad99-b886-468d-9896-5bc9b32d2f71,Na+-activated K+ channels in rat supraoptic neurons,publications,0.9
0b5a44ec-d5a4-49c5-9a12-147c6c775d1c,8be8ad99-b886-468d-9896-5bc9b32d2f71,Osmotic activation of phospholipase C triggers structural adaptation in osmosensitive rat supraoptic neurons,publications,0.9
82afbaf8-3a72-409b-bb3a-5bc12b7d7adb,8be8ad99-b886-468d-9896-5bc9b32d2f71,The Ca2+ channel β2 subunit is selectively targeted to the axon terminals of supraoptic neurons,publications,0.9
71645cb5-f33c-4950-aec4-725d67cd2191,8be8ad99-b886-468d-9896-5bc9b32d2f71,"Objective: Genotypic profiling of knockout mice Key deliverables: Design, perform and anlayse molecular biology experiments to ensure proper breeding of knockout mice Major technique used: PCR, Western Blot",experience,0.5
682b8ccb-44d9-4bfd-8a10-c6d30b44ae1b,a15a3687-bd20-46c5-91aa-ceabe7296098,Academic Research,skills,1.0
eb11f780-bc23-454e-86a2-0eff87af6682,a15a3687-bd20-46c5-91aa-ceabe7296098,Contemporary Dance,skills,1.0
caeb8958-03df-433e-9e63-cf65dcbffca0,a15a3687-bd20-46c5-91aa-ceabe7296098,Currently pursuing dual Bachelor's degrees in Natural Sciences (Biology and Chemistry) and Education at the University of Calgary,about,0.8
fcd3e189-3843-47bf-9386-80c5853375ba,a15a3687-bd20-46c5-91aa-ceabe7296098,while contributing as a Research Assistant at both the Hotchkiss Brain Institute and the McCaig Institute for Bone and Joint Health,about,0.8
e17335f5-0253-4181-a1f1-c66e17414c1e,a15a3687-bd20-46c5-91aa-ceabe7296098,Skilled in academic research and contemporary dance,about,0.8
326e36d6-6525-4cc0-b9bc-061e507ce4ec,a15a3687-bd20-46c5-91aa-ceabe7296098,with a strong foundation in interdisciplinary studies and ethical research practices,about,0.8
c4745903-23f4-4cd2-a088-ff45d754bacc,a15a3687-bd20-46c5-91aa-ceabe7296098,Recognized with multiple academic honors,about,0.8
77611174-40eb-4489-88f1-e3075ac19805,a15a3687-bd20-46c5-91aa-ceabe7296098,including the Jason Lang Scholarship and placement on the Dean's List,about,0.8
f41c7f7c-ad90-4dca-ada7-c7972cfbd2a7,a15a3687-bd20-46c5-91aa-ceabe7296098,Adept at balancing academic rigor with professional roles,about,0.8
3e9ba39b-f7de-47e4-b3f4-8610ca6e104d,a15a3687-bd20-46c5-91aa-ceabe7296098,including a dance instructor position at North Calgary Dance Centre and responsibilities at Calgary Climbing Centre Rocky Mountain,about,0.8
47094eb6-6e89-439a-8fa6-d33f13d14478,a15a3687-bd20-46c5-91aa-ceabe7296098,"Performed as a featured dancer in company Error 404's production entitled ""Wattar"", a film production set to premiere at the Wild Dog Film Festival 2025. Collaborated closely with choreographers/directors (Mario Lemvar and Zaria Rajha), videographers and fellow performers to create visually compelling dance sequences that advanced the film’s narrative. Contributed to the creative process through intensive rehearsals and on-set adaptability, demonstrating professionalism, precision, and expressive performance skills in a cinematic context",experience,0.5
40197c50-36fb-4e67-9eaf-a7cf98d5cbff,a15a3687-bd20-46c5-91aa-ceabe7296098,"Performed as part of a professional ensemble in a live production, showcasing advanced technique, precision, and expressive artistry. Demonstrated strong commitment through intensive rehearsals, collaboration with choreographers and fellow dancers, and adaptability to dynamic staging requirements. Engaged audiences through powerful storytelling and performance presence, contributing to a successful, well-reviewed show entitled, In Motion Three",experience,0.5
4213e778-dad5-4bd2-9b58-c880847a328d,7fedd5a7-fdd5-4e8b-b956-2783b161a1d8,Research Skills,skills,1.0
ae9d5459-525a-4dd3-965b-e8138e68035e,7fedd5a7-fdd5-4e8b-b956-2783b161a1d8,Communication,skills,1.0
3d21cfb5-bfc5-45f1-a351-2ed5ba59c063,7fedd5a7-fdd5-4e8b-b956-2783b161a1d8,Team Leadership,skills,1.0
5397434f-c955-45d3-af14-387606ad3059,7fedd5a7-fdd5-4e8b-b956-2783b161a1d8,Laboratory Techniques,skills,1.0
584febe0-fd1e-4fb8-bc30-d751b6deb6fd,7fedd5a7-fdd5-4e8b-b956-2783b161a1d8,Powerlifting,skills,1.0
967cc83e-8634-4a18-bd4b-55227b8ab3ec,7fedd5a7-fdd5-4e8b-b956-2783b161a1d8,Chandan is a student with a diverse range of interests and a strong passion for leadership,about,0.8
6f2365e7-5048-4c44-b44c-7182e4cb1e5b,7fedd5a7-fdd5-4e8b-b956-2783b161a1d8,community engagement,about,0.8
878df0ea-b437-4a76-b8eb-926e729fb91a,7fedd5a7-fdd5-4e8b-b956-2783b161a1d8,and personal development,about,0.8
fceb4c67-3dde-4347-ae58-1fdfb83dcb78,7fedd5a7-fdd5-4e8b-b956-2783b161a1d8,His experiences and involvement in various organizations and initiatives showcase their dedication,about,0.8
1b5241bc-6bc1-4819-9bc0-45e25cb07296,7fedd5a7-fdd5-4e8b-b956-2783b161a1d8,organizational skills,about,0.8
469ca2e6-dde0-4069-9d3f-bd14e520d09b,7fedd5a7-fdd5-4e8b-b956-2783b161a1d8,and ability to make a positive impact,about,0.8
335dd008-0353-47c6-8066-8b98e1c401b3,7fedd5a7-fdd5-4e8b-b956-2783b161a1d8,From Cause to Treatment: A Comprehensive Overview of Dyslipidemia,publications,0.9
9f04a1a8-d92a-4bc9-b9cf-014580447f6d,7fedd5a7-fdd5-4e8b-b956-2783b161a1d8,"This paper explores the roles of lipids—LDL, HDL, and triglycerides—in health and disease, emphasizing their contribution to atherosclerosis and cardiovascular risk. It also examines the causes, effects, and management strategies for dyslipidemia, highlighting both lifestyle interventions and pharmacological treatments used to improve lipid profiles and reduce disease progression. … more",publications,0.9
56f0e7af-0db9-4b3f-89d6-f111c7404ca7,3304a215-893f-4362-b84d-4bb61a7ab080,Master's student in Community Health Sciences,about,0.8
ce8411ef-fa0f-4c16-a88b-381436f82440,3304a215-893f-4362-b84d-4bb61a7ab080,specializing in Epidemiology,about,0.8
fa75e757-39ee-4c73-a5a2-df1941524696,3304a215-893f-4362-b84d-4bb61a7ab080,at the University of Calgary,about,0.8
4f96a22d-cfda-494b-b6ba-7aa3275316c0,3304a215-893f-4362-b84d-4bb61a7ab080,Thesis research examines the potential protective association between vaccination and stroke occurrence,about,0.8
7c30d1eb-99a2-4828-bdb4-29a9494f4179,3304a215-893f-4362-b84d-4bb61a7ab080,with a focus on understanding implications for public health treatments and stroke prevention,about,0.8
22837482-794e-4e37-94d4-f43db7c72a99,3304a215-893f-4362-b84d-4bb61a7ab080,Currently working as a Research Coordinator for the Stroke Clinical Trials Group & Calgary Stroke Program at the University of Calgary,about,0.8
25e69945-2728-44a0-9992-ab5329424c5a,3304a215-893f-4362-b84d-4bb61a7ab080,supporting data quality control,about,0.8
c4e5273c-4260-4eb7-b57d-fbf8e7ae528a,3304a215-893f-4362-b84d-4bb61a7ab080,management of electronic Trial Master Files,about,0.8
205f4324-d087-48a0-ade9-01925315960a,3304a215-893f-4362-b84d-4bb61a7ab080,and large clinical trial management,about,0.8
c5b9199b-95e7-474e-afa1-cef9b981f97e,47e45df1-9de2-486e-bbc3-0dc6b8be0511,"Taught ice hockey and skating classes to children aged 2 to 15 at both beginner and advanced levels - Lead Instructor — managed summer camp groups of up to 40 participants, supervised other instructors, planned daily activities",experience,0.5
ee7ca487-165d-4862-b720-213b0158a650,47e45df1-9de2-486e-bbc3-0dc6b8be0511,Clarinetist - Band awarded several Excellence Awards at the Alberta International Band Festival (AIBF),experience,0.5
1b3946e4-82d7-4d50-b9f2-93e369730bfa,47e45df1-9de2-486e-bbc3-0dc6b8be0511,"Played from U13 to U18 in tier 1 and AA teams - Recipient of Ken & Beryl Memorial Spirit Award in 2018-2019 season, given to one player from U9 to U15 for exemplary sportsmanship and enthusiasm",experience,0.5
dd1ce2b6-9059-4e83-a36b-503db598d99d,d029dce6-a864-4662-9d89-1be8d56154d0,Skills,skills,1.0
ab02d06d-d923-405e-9d5a-c031d5c15780,d029dce6-a864-4662-9d89-1be8d56154d0,Research Skills,skills,1.0
565dccb4-9f62-46c8-ae43-f3c803892bab,d029dce6-a864-4662-9d89-1be8d56154d0,"This summer I will be volunteering as a undergraduate research assistant in the Philips lab. “The research in the Phillips Lab integrates physiology and neuroscience to understand cardiovascular function. Currently, the laboratory has two primary foci: the first is to understand the mechanisms underlying neurovascular regulation in the human brain",experience,0.5
531511a8-432a-4493-a71b-31589b7c84f0,d029dce6-a864-4662-9d89-1be8d56154d0,"the second is to develop a neurostimulation therapy for treating autonomic dysfunction.""",experience,0.5
3947e763-4a03-4f39-8055-eb3b69388168,1df5cab2-bab9-4d61-9a35-7ba6fae495d7,Why am I seeing this ad?,publications,0.9
fe3d3e72-b15c-4b37-9782-0f7bbd908cfd,1df5cab2-bab9-4d61-9a35-7ba6fae495d7,I don’t want to see this ad in my feed,publications,0.9
52eb0e6e-d765-498b-9f38-2f341c631b99,9b9bd15c-aeea-43f7-806f-5066d2b9995a,Satisfaction client,skills,1.0
2b2fe8b8-d74f-4832-a9ef-f501b8ddc46c,9b9bd15c-aeea-43f7-806f-5066d2b9995a,Connaissances en informatique,skills,1.0
90063011-84a9-4924-86d5-64c2f69eb23c,9b9bd15c-aeea-43f7-806f-5066d2b9995a,Administration,skills,1.0
b0e85d31-3a20-4820-a9dd-566cf9b6af51,9b9bd15c-aeea-43f7-806f-5066d2b9995a,Business-to-Business (BtoB),skills,1.0
f055a250-e774-4a36-8258-d5730ba7325c,9b9bd15c-aeea-43f7-806f-5066d2b9995a,Français,skills,1.0
ac32a352-ec7f-4933-8593-106fa8a6d7af,9b9bd15c-aeea-43f7-806f-5066d2b9995a,Adaptation,skills,1.0
8cda39b4-2130-4a2a-925a-076e47843bc3,9b9bd15c-aeea-43f7-806f-5066d2b9995a,Marketing,skills,1.0
cade3f97-f62e-4508-9d5c-a50685495f79,9b9bd15c-aeea-43f7-806f-5066d2b9995a,Gastro-entérologie,skills,1.0
8de4610e-5f07-4d08-9c3e-e149dfd5ba00,9b9bd15c-aeea-43f7-806f-5066d2b9995a,Développement de relations,skills,1.0
7f89b6a4-3410-44eb-acd6-ffc3537a61c3,9b9bd15c-aeea-43f7-806f-5066d2b9995a,Conseil en vente,skills,1.0
814c8b90-5565-4897-8b2a-c3fd50c9a951,9b9bd15c-aeea-43f7-806f-5066d2b9995a,Enseignate de technique d'expression et chargée du cours méthodologie de rredactio,about,0.8
edc274a4-e728-461a-85b1-2568d702543a,49763fcc-eef0-4d5c-b7b6-e50306059e11,University Teaching,skills,1.0
cbd3faba-69c5-4079-a829-2bc789e006bf,49763fcc-eef0-4d5c-b7b6-e50306059e11,Teaching Assistant at Carleton University,skills,1.0
6625ab65-f2a1-4c98-afde-966d9c8b0dfa,49763fcc-eef0-4d5c-b7b6-e50306059e11,"Hazardous Cannabis Use Among University Students: Understanding Differences in Modes, Patterns and Motivations Related to Use",publications,0.9
f87368d7-bfb1-40b5-bef2-7b0e175b7472,49763fcc-eef0-4d5c-b7b6-e50306059e11,Mental health and coping among graduate students during the COVID-19 pandemic: a gender-based analysis,publications,0.9
de89bb39-e841-4706-965d-f9a4ea7d2c83,49763fcc-eef0-4d5c-b7b6-e50306059e11,Psychedelic-assisted therapies for substance use disorders: Evidence from clinical trials,publications,0.9
0f1efc84-256f-4530-bafd-bc172675d2d3,49763fcc-eef0-4d5c-b7b6-e50306059e11,"The Intersection of Psychedelics and Stress: Possible Mechanisms, Therapeutic Potential, and Clinical Applications",publications,0.9
e97effcd-083b-43c4-9685-8dbc3c89fb07,49763fcc-eef0-4d5c-b7b6-e50306059e11,The impact of acute stress on endocannabinoids in healthy humans,publications,0.9
0864f87b-0b4b-4ac3-8d03-ad4038e8f868,49763fcc-eef0-4d5c-b7b6-e50306059e11,"Academic Publishing, Time Management and +30 skills",experience,0.5
052bd435-7527-4b16-9428-d4b788dbf29d,62fa7380-8183-42fe-a930-117c70326e50,Western Blotting,skills,1.0
8cd6f3ef-eaec-40d9-b781-ac8b9ed16d59,62fa7380-8183-42fe-a930-117c70326e50,Real-Time Polymerase Chain Reaction (qPCR),skills,1.0
dcf0c64e-2d24-47c4-ba99-cd5b4d13e133,62fa7380-8183-42fe-a930-117c70326e50,ELISA,skills,1.0
b178ca2f-1a56-497a-9d83-43d75a6f8ebc,62fa7380-8183-42fe-a930-117c70326e50,Luciferase Assay,skills,1.0
36a37b7a-1909-4d65-b4e6-258ea5933b73,62fa7380-8183-42fe-a930-117c70326e50,Data Analysis,skills,1.0
62df3b09-aeea-40ba-8609-958844f5d186,d19c6c74-136b-4169-96fd-c0084355a505,"Designing The Experiments • Designing and Fabrication of Custom‑made Epidural Electrode • Neuropathic Pain Models in Rats • Conducting Laminectomy Surgery and Implanting Electrode • Conducting Behavioral VonFrey Test Using a Custom-made Electronic VonFrey • Developing a LabView Interface for Delivering Various Customizable Spinal Cord Stimulation (SCS) Patterns • Contributed to Designing a Chronic ECoG Electrode and Experimental Setup for Monkeys, and Assisted with Training and Recording Hand Kinematics using a Motion Capture System. • Assisted in Experimental Setup Design, Surgical Procedures, Chronic and Acute Electrode Implantation, in vivo Electrophysiological Recordings, and Stimulation in Laboratory Animals",experience,0.5
1d54b1d5-a18a-4547-b5cf-b5681722511d,c5df7826-3ecd-4e54-8161-bbf569301079,Multimodal and spectral degradation effects on speech and emotion recognition in adult listeners,publications,0.9
cd7d6f10-9dcd-47f6-a194-e506825d2191,c5df7826-3ecd-4e54-8161-bbf569301079,Externalizing problems in children and youth with multiple early risks,publications,0.9
fc4cb252-fd78-4565-b049-30f27a558870,c5df7826-3ecd-4e54-8161-bbf569301079,CPA Developmental Section Elinor Ames Award,publications,0.9
0bc6d6ef-ae73-4c08-a82b-7530bd768680,c5df7826-3ecd-4e54-8161-bbf569301079,Verbal mands in adult autism,publications,0.9
ec3996c2-6e3d-4696-99c3-a5a1111ff692,1d700dd9-938f-4cad-b67b-c643c0c6aa67,Postdoctoral Fellow at the University of Calgary,about,0.8
591d114e-44b2-4f1e-8169-d4b026c7e7c0,1d700dd9-938f-4cad-b67b-c643c0c6aa67,Hotchkiss Brain Institute in the Medical Image Processing and Machine Learning Lab,about,0.8
b166a444-902f-4b9e-8165-2e9bf7b20bfe,1d700dd9-938f-4cad-b67b-c643c0c6aa67,Citizen and Canadian Permanent Resident,about,0.8
f8d04cad-5b78-4325-bc05-4f8ff12ca9e8,1d700dd9-938f-4cad-b67b-c643c0c6aa67,Top skills Applied Mathematics • Deep Learning • Medical AI,about,0.8
d1eba314-7982-4a2d-b569-e4b7663ed3de,b7ca6cfe-e71a-439b-a674-b3410e093e16,"Advancing Climate-Resilient Brain Health: An Equity-Centred, Implementation Science Framework (Abstract)",publications,0.9
ba063736-a8c4-4dc8-bcf4-ab5378ee122d,b7ca6cfe-e71a-439b-a674-b3410e093e16,"Background: Climate change is an urgent public health challenge with emerging evidence linking climate-related events (such as wildfire smoke, heatwaves, and air pollution) to neurological impacts. These effects disproportionately burden equity-deserving populations, including Indigenous communities, persons with disabilities, and rural or underserved groups. Despite these risks, climate-neurology intersections remain largely unaddressed within health research and policy frameworks. Objective: The Brain Climate Equity Collaborative (Brain-CE Collab), a Canadian non-profit, aims to embed evidence on climate-related neurological impacts into policy, practice, and health systems planning using an equity-driven, implementation science framework. Methods: Brain-CE Collab operates across four pillars: 1. Generate Evidence: Systematic reviews and data synthesis on neurological risks from climate events. 2. Raise Awareness: Public-facing infographics, clinician handouts, and digital resources for rapid knowledge mobilization. 3. Drive Systemic Change: Policy briefs and advocacy in collaboration with municipal, national, and international stakeholders, including the WHO ATACH network and Columbia’s Global NeuroClimate Working Group. 4. Foster Innovation: Student-led and community-informed solutions that strengthen resilience among at-risk populations. Results & Impact: Brain-CE Collab has launched a national systematic review, initiated pilot projects with Indigenous and municipal partners, and is co-developing knowledge translation products to inform real-time decision-making. By centering equity, this framework connects research to action, driving sustainable, climate-resilient brain health strategies. … more",publications,0.9
a7d97549-973f-4b27-adae-8b7d4e847f9f,b7ca6cfe-e71a-439b-a674-b3410e093e16,Evaluating the role of adult hippocampal neurogenesis as a modulator of perineuronal nets in early life stress induced depression (Abstract),publications,0.9
687c1064-fc91-45de-8a13-59e0260e17a6,b7ca6cfe-e71a-439b-a674-b3410e093e16,FASTMAP: Open-Source Flexible Atlas Segmentation Tool for Multi-Area Processing of Biological Images,publications,0.9
efd60c56-dde8-4ce1-8fed-39848c73becf,b7ca6cfe-e71a-439b-a674-b3410e093e16,"To better understand complex systems, such as the brain, studying the interactions between multiple brain regions is imperative. Such experiments often require delineation of multiple brain regions on microscopic images based on preexisting brain atlases. Experiments examining the relationships of multiple regions across the brain have traditionally relied on manual plotting of regions. This process is very intensive and becomes untenable with a large number of regions of interest (ROIs). To reduce the amount of time required to process multi-region datasets, several tools for atlas registration have been developed",publications,0.9
d337ebf4-c0ab-4967-9e78-49d250a5b5d7,b7ca6cfe-e71a-439b-a674-b3410e093e16,"however, these tools are often inflexible to tissue type, only supportive of a limited number of atlases and orientation, require considerable computational expertise, or are only compatible with certain types of microscopy. To address the need for a simple yet extensible atlas registration tool, we have developed FASTMAP, a Flexible Atlas Segmentation Tool for Multi-Area Processing. We demonstrate its ability to register images efficiently and flexibly to custom mouse brain atlas plates, to detect differences in the regional numbers of labels of interest, and to conduct densitometry analyses. This open-source and user-friendly tool will facilitate the atlas registration of diverse tissue types, unconventional atlas organizations, and a variety of tissue preparations. … more",publications,0.9
5cb7580c-1ca3-4470-8fe9-4f423d73448b,b7ca6cfe-e71a-439b-a674-b3410e093e16,FASTMAP: An open-source flexible atlas segmentation tool for multi-area processing of biological images (Abstract),publications,0.9
7d0830af-aec3-4158-9730-a21518f6b7e8,b7ca6cfe-e71a-439b-a674-b3410e093e16,"Many biological systems have structure-function relationships as a fundamental principle. Studying the interactions between different brain regions is critical to better understand the brain. Examining these interactions requires a distinction between many brain regions in microscopic histological images. Traditionally, experimenters examine these interactions by manually charting regions based on pre-existing brain atlases. Some tools have made attempts to optimize this process, but these tools cannot accommodate diverse tissue types, tissue preparation or atlas orientations. In addition, fully automated tools often struggle to accurately register tissue when faced with common fixation or histology related artifacts such as tissue shrinkage and deformation or uneven background fluorescence. To address this, we developed FASTMAP, a flexible atlas segmentation tool for multi-area processing. To demonstrate FASTMAP flexibility, custom atlas plates delineating brain regions of interest were generated on the image analysis program, ImageJ, and applied to coronal, sagittal and horizontal mice brain tissue sections. Additionally, FASTMAP was used to map brain-wide c-fos expression during the recall of contextually conditioned memory to demonstrate atlas registration flexibility. FASTMAP meets the need for a flexible, easy use, efficient tool to investigate scientific questions using whole-tissue imaging. … more",publications,0.9
73839c1a-ccd9-4b0f-93fa-8f462cb36d5a,b7ca6cfe-e71a-439b-a674-b3410e093e16,Modulation of memory reoganization by adult neurogenesis (Abstract),publications,0.9
d1c961e4-ab2d-4d7d-8821-9edbdc4de650,997a851c-ca3e-4456-92a0-d5ec84cdffc1,Team Management,skills,1.0
a9091a6b-9184-4360-8ea6-ad062f0f5394,997a851c-ca3e-4456-92a0-d5ec84cdffc1,Team Coordination,skills,1.0
f2ddb7e5-e5f5-4ae1-991e-d39bf85cd255,997a851c-ca3e-4456-92a0-d5ec84cdffc1,Project Management,skills,1.0
c6d066ec-34fa-4eaa-8049-bbe4ee2b5ed5,997a851c-ca3e-4456-92a0-d5ec84cdffc1,Team Leadership,skills,1.0
9ddf58fc-0046-40e5-a0c3-3a84669d73c6,997a851c-ca3e-4456-92a0-d5ec84cdffc1,Clinical Research,skills,1.0
d5980fcf-15fd-4617-9459-c91077475fc3,997a851c-ca3e-4456-92a0-d5ec84cdffc1,Proposal Writing,skills,1.0
c5b37f7b-23c9-437d-9c31-550748115f8e,997a851c-ca3e-4456-92a0-d5ec84cdffc1,Report Writing,skills,1.0
87a7e6c7-3565-4368-8573-27b8e78f5e53,997a851c-ca3e-4456-92a0-d5ec84cdffc1,Research Skills,skills,1.0
adc12c4a-cd81-4ad3-8d9c-19e1bfb5cd75,997a851c-ca3e-4456-92a0-d5ec84cdffc1,"Managed the day-to-day operations of OpenDH, coordinating logistics, overseeing project timelines, and executing activities efficiently. Collaborated with other leaders to streamline processes, manage resources, and identify areas for improvement, ensuring seamless research operations",experience,0.5
5bd3f4f3-96f6-4026-834d-b85360bd829e,997a851c-ca3e-4456-92a0-d5ec84cdffc1,"Orchestrating operations planning, organizing and execution at multiple scales across Canada for the Society for AI Literacy, a non-profit organization dedicated to democratizing AI understanding and fostering a culture of AI literacy",experience,0.5
9cde0a17-6f92-4525-8059-548cada9fcd5,67131b7a-94c9-4634-a781-207a798c7e7f,"Raynaud’s Phenomenon Uncovered: Symptoms, Genetics, and Heart Implications",publications,0.9
7b506827-e66e-4db3-a902-ca5688946340,67131b7a-94c9-4634-a781-207a798c7e7f,EVALUATING THE PREDICTIVE VALIDITY AND DISCRIMINATORY POWER OF CLINICAL RISK SCORES FOR RECURRENT CEREBROVASCULAR EVENTS USING ROUTINELY COLLECTED STROKE AND TIA PATIENT DATA,publications,0.9
0e28f58d-bc4f-4b3c-a9f1-762ae866b649,67131b7a-94c9-4634-a781-207a798c7e7f,Breaking Down Cancer: From Diagnosis to Treatment,publications,0.9
f738f1ed-76f6-4cc2-8391-b98deb6ca83b,dce0c0b3-d012-4fec-abec-6efb8df69963,On the Role of Epigenetic Modifications of HPA Axis in Post Traumatic Stress Disorder (PTSD) and Resilience,publications,0.9
5792e79d-280d-4d18-af5d-8400491b7657,dce0c0b3-d012-4fec-abec-6efb8df69963,267. Clinical and Functional Efficacy of Long-Term Subcallosal Cingulate Deep Brain Stimulation for Treatment-Resistant Depression,publications,0.9
a0bb0471-6d39-4841-84ed-6023bad58dfe,dce0c0b3-d012-4fec-abec-6efb8df69963,Accelerated sequential bilateral theta-burst stimulation in major depression: an open trial,publications,0.9
5f381cbd-d2c3-452b-9332-f625d484fd25,dce0c0b3-d012-4fec-abec-6efb8df69963,Scoping review: barriers to primary care access experienced by immigrants and refugees in English-speaking countries,publications,0.9
32a9d397-8155-42b5-a562-690abb63e26c,d23db97e-46c1-4abe-9ce3-82d4fd8cf228,Neuroimmunology,skills,1.0
fccacf73-5595-4980-abbf-a81c1a36c349,d23db97e-46c1-4abe-9ce3-82d4fd8cf228,Biochemistry,skills,1.0
3a554688-77e8-4e1c-9fff-d45e10a85a45,d23db97e-46c1-4abe-9ce3-82d4fd8cf228,Project Coordination,skills,1.0
5d9679e9-8ccd-4602-9d1c-1b183eb942e8,d23db97e-46c1-4abe-9ce3-82d4fd8cf228,Event Planning,skills,1.0
c79bd12a-2131-4ac6-8c64-8e22ea930707,d23db97e-46c1-4abe-9ce3-82d4fd8cf228,Fire Safety,skills,1.0
9e24c946-4a51-40a2-8e9b-8cfe7a3fa312,d23db97e-46c1-4abe-9ce3-82d4fd8cf228,Working with Physicians,skills,1.0
b8c2385f-f0b7-4e62-87da-d0437a12ff1e,d23db97e-46c1-4abe-9ce3-82d4fd8cf228,Communication Ethics,skills,1.0
b8f77309-8835-41d5-b00b-b58a2a144265,d23db97e-46c1-4abe-9ce3-82d4fd8cf228,Personal Protective Equipment (PPE),skills,1.0
917ddc9b-ac27-4d38-b6c5-bb825adbb78f,d23db97e-46c1-4abe-9ce3-82d4fd8cf228,Pediatrics,skills,1.0
df8c5403-b942-435c-b2ae-bd5b43ac5e8d,d23db97e-46c1-4abe-9ce3-82d4fd8cf228,"For the past seven years, I have officiated minor hockey games in Cochrane and the surrounding communities. This means working effectively with other officials and being able to communicate with players and coaching staff. This job requires quick decision-making, concise communication, and the ability to act under pressure to make the best choices so that the game is safe and fair for all parties. My decision-making, work ethic, communication, teamwork, and leadership have been tested and honed through this position",experience,0.5
cc9667ce-2c11-419a-9562-13c1471594ce,d23db97e-46c1-4abe-9ce3-82d4fd8cf228,"During the summer of 2023, I worked as a landscaper and a manual laborer for TJK Property Maintenance. This entails mowing and trimming lawns, weeding garden beds, edging, and doing other landscaping and maintenance tasks. This job has further reinforced my work ethic, physical ability, and ability to endure long, hot, and grueling days of work",experience,0.5
24d6b620-8295-40b2-ade3-6bef02b0b680,d23db97e-46c1-4abe-9ce3-82d4fd8cf228,"I worked in customer service in both the outside lumber yard and inside the store at my local Home Hardware. My main job was manual labor, helping customers move heavy materials like wood and stone into their vehicles. I also stocked the store and was in charge of cleaning both the outside and inside. I helped direct customers and communicate with other employees to aid the customers as much as possible. This experience honed my communication skills, perseverance, and work ethic",experience,0.5
b40e57f1-dcf1-4800-9589-be0bd78be79c,dc0db8a0-1774-44e4-bf1e-a04ea1c722c1,"Effects of prenatal THC vapor exposure on body weight, glucose metabolism, and feeding behaviors in chow and high-fat diet fed rats",publications,0.9
8fdde397-8fcd-43d6-afb0-39f0048bb6e5,df6cc404-4b74-4055-ab48-e3d1530e133b,Project Management,skills,1.0
760a9035-890a-4347-a06d-14d18e9bc97b,df6cc404-4b74-4055-ab48-e3d1530e133b,Digital Media,skills,1.0
e5cd2f64-f313-452e-839b-5c4c9769a4d3,df6cc404-4b74-4055-ab48-e3d1530e133b,Advertising,skills,1.0
11ba79da-7b2d-4064-90c2-7c75b673645f,df6cc404-4b74-4055-ab48-e3d1530e133b,Corporate Communications,skills,1.0
67c766f0-6c32-415d-851f-e13337613243,df6cc404-4b74-4055-ab48-e3d1530e133b,External Communications,skills,1.0
f07e03d4-67a2-4e61-a478-9122b5b86cd0,df6cc404-4b74-4055-ab48-e3d1530e133b,Public Engagement,skills,1.0
ed29fed4-0342-4bc8-b369-feec99e296d8,df6cc404-4b74-4055-ab48-e3d1530e133b,MailChimp,skills,1.0
ab5b0265-e1f4-4de0-955c-63faa3f66b71,df6cc404-4b74-4055-ab48-e3d1530e133b,Writing,skills,1.0
03a2fc55-c440-4ca6-ba71-ac7aef3b1436,df6cc404-4b74-4055-ab48-e3d1530e133b,Sales,skills,1.0
e761a96e-529c-4642-aaca-711728e8405a,df6cc404-4b74-4055-ab48-e3d1530e133b,Canva,skills,1.0
cdfb0d7f-42bd-4cc0-b4d8-80a2a3a8656c,df6cc404-4b74-4055-ab48-e3d1530e133b,I am a versatile professional communicator with a skill set in writing,about,0.8
37615dcc-c0e2-4b2a-9ec4-a0fe66ff9981,df6cc404-4b74-4055-ab48-e3d1530e133b,editing,about,0.8
3b5fd591-86af-4686-8f97-7cf5170f148f,df6cc404-4b74-4055-ab48-e3d1530e133b,photography,about,0.8
17eb6ff7-413e-41af-bbb0-99d5c16d259a,df6cc404-4b74-4055-ab48-e3d1530e133b,social media and website management,about,0.8
5f09a689-64e9-4a6a-a647-0bd29c6f2f56,df6cc404-4b74-4055-ab48-e3d1530e133b,brand oversight,about,0.8
02d1bdd3-ff8a-46fb-8240-20ed05096906,df6cc404-4b74-4055-ab48-e3d1530e133b,and a commitment to Diversity,about,0.8
2b33589c-d996-4128-be92-93724d5ccf2d,df6cc404-4b74-4055-ab48-e3d1530e133b,Equity,about,0.8
b3a94272-123e-4054-827e-9cee1970ab27,df6cc404-4b74-4055-ab48-e3d1530e133b,and Inclusion,about,0.8
730b7cce-b83c-4a60-9462-90099d19d17e,df6cc404-4b74-4055-ab48-e3d1530e133b,My work encompasses,about,0.8
e406acac-8376-49be-a9b5-d7054203016b,df6cc404-4b74-4055-ab48-e3d1530e133b,Experience with WordPress WCM,about,0.8
4be5c0b8-3238-49ee-8434-fa54b723daa2,df6cc404-4b74-4055-ab48-e3d1530e133b,Google Analytics,about,0.8
28de7f69-c330-49b6-99f1-79c40ea797df,df6cc404-4b74-4055-ab48-e3d1530e133b,Adobe Creative Suite,about,0.8
58d9c2c9-5080-4366-bd8b-efa15ee588fd,df6cc404-4b74-4055-ab48-e3d1530e133b,Hootsuite,about,0.8
bd0bfbed-844a-4ef2-ad63-2ef3804e5fd4,df6cc404-4b74-4055-ab48-e3d1530e133b,Developing effective communications approaches using data-driven insights,about,0.8
069a3caa-566a-43d4-89a0-a40e9eb09573,df6cc404-4b74-4055-ab48-e3d1530e133b,Crafting compelling content including SEO-optimized blogs and articles,about,0.8
45354ed2-1ced-496c-9c16-f9a84611e03c,df6cc404-4b74-4055-ab48-e3d1530e133b,Writing copy for web pages and social media channels,about,0.8
87c72989-2c89-4f5f-932f-a57979446e20,df6cc404-4b74-4055-ab48-e3d1530e133b,conducting audits for social media,about,0.8
d8302a56-271b-45bc-a2df-5dd98c96b939,df6cc404-4b74-4055-ab48-e3d1530e133b,brand identity,about,0.8
6bd5b323-b3d0-41c1-a732-5d424f3f28b3,df6cc404-4b74-4055-ab48-e3d1530e133b,and websites,about,0.8
0c41548f-4b3f-48b3-bb5b-af01033785e0,df6cc404-4b74-4055-ab48-e3d1530e133b,My diverse professional background has equipped me with a robust work ethic and an understanding of various stakeholder groups,about,0.8
bdc3be6f-6a34-422a-946d-dec807cbd4d2,df6cc404-4b74-4055-ab48-e3d1530e133b,Colleagues have described my working style as collaborative,about,0.8
365220eb-f800-46e9-9854-65dd69ea792a,df6cc404-4b74-4055-ab48-e3d1530e133b,proactive,about,0.8
cc97b838-ecda-45d0-b502-0e44d282025d,df6cc404-4b74-4055-ab48-e3d1530e133b,and down-to-earth,about,0.8
fe5cad40-61b6-4129-ab4e-5dac95a9f2a3,df6cc404-4b74-4055-ab48-e3d1530e133b,which underscores my commitment to delivering impactful results,about,0.8
66ba5526-3c76-4339-904b-c945d6ae5d8c,df6cc404-4b74-4055-ab48-e3d1530e133b,"○ Planned, executed and improved annual communications campaigns and activities ○ Collaborated with teams on timelines, budget, and risk management for projects ○ Created engaging content for print, digital platforms, and the City’s weekly newsletter ○ Developed communications and marketing plans to support key corporate objectives, ○ Coordinated press releases, ad buying for print and digital media ○ Analyzed data from surveys, social media, web analytics, and campaign reports",experience,0.5
d7694e48-fab9-4c91-95f6-c1db6d914b24,df6cc404-4b74-4055-ab48-e3d1530e133b,As the Corporate Communications Intern my role and responsibilities included: ○ Ownership of the corporate social media calendar,experience,0.5
60e2b7e4-da2f-4d77-b5ca-708ecdd40e63,df6cc404-4b74-4055-ab48-e3d1530e133b,"strategizing content for LinkedIn and Twitter channels ○ Collaborated with internal and external teams for communications initiatives and projects ○ Web Content Management ○ Monitored social media accounts, tracked social media analytics ○ Supported the company's intranet engagement score by assisting with article writing and video production for internal audiences",experience,0.5
a11bc577-21af-45ca-b789-975316287d1d,df6cc404-4b74-4055-ab48-e3d1530e133b,"As a Community Manager, this position required exceptional customer service skills as well as the ability to use sound judgement. To be successful in this role, I had to work independently and in a team environment. The role included administrative tasks and other responsibilities: ○ Data entry ○ Customer Relationship Management, customer onboarding ○ Directing and managing calls, emails and requests ○ Invoicing/billing ○ Supply ordering and vendor management",experience,0.5
53c47765-0405-463b-bf04-b56803319c0c,df6cc404-4b74-4055-ab48-e3d1530e133b,"This temporary position as Marketing Coordinator involved managing an online and social media campaign for the organization's annual yoga retreat event, which for 2021 was held virtually. I contributed to raising engagement and brand awareness of the centre with Instagram and Facebook. Tasks and responsibilities included: ○ Crafting social media posts to inform and market the event to relevant audiences ○ Updating webpages as necessary using WordPress ○ Newsletter marketing and event follow-up survey using MailChimp ○ Creation of a short-term communications plan",experience,0.5
e600b539-79b0-4eef-9dc7-fbd4ef08f5fc,df6cc404-4b74-4055-ab48-e3d1530e133b,"As a Sales Specialist, my position involved a high level of customer service and collaboration as a team. I developed and utilized effective sales practices to identify and educate prospective customers while supporting existing clients with information and assistance about Smile Direct Club's products. Other responsibilities included: ○ Supply ordering ○ Data entry and documentation ○ Using KPI's to manage personal and team goals",experience,0.5
68baec1e-aa27-418b-81d1-8e28c1875e66,df6cc404-4b74-4055-ab48-e3d1530e133b,"As a Nursing Assistant, my role was to support the Registered Nurse shift lead, my team members and clients. A day in the position included keeping clients engaged and enriched mentally, physically, socially, and emotionally. I had to be aware of and sensitive to my clients pain, mobility, and cultural backgrounds, and approach every interaction with compassion. Responsibilities included: ○ Assisting clients with activities of daily living ○ Safeguarding clients by following health and safety policies ○ Charting client behaviour and activities ○ Adhere to company policies and legal regulations (FOIP)",experience,0.5
e17ae4bc-8170-4bf9-bb42-03c8fb7e72af,df941247-edec-4b67-905f-47bff6537d34,Medical student at the University of British Columbia,about,0.8
687f8d81-ee39-432b-8b6d-ee6d80c382ee,df941247-edec-4b67-905f-47bff6537d34,Vancouver Fraser Medical Program,about,0.8
8afa75d0-34fc-4c2e-ad42-edc9c4bc9403,df941247-edec-4b67-905f-47bff6537d34,a well-rounded individual who is highly motivated to achieve success in any field,about,0.8
25cf9c39-a9b8-4227-994a-3da13d50a24d,df941247-edec-4b67-905f-47bff6537d34,Frailty in Parkinson's disease: A systematic review and meta-analysis,publications,0.9
f1805281-f6fe-4223-ad12-13cd3594948c,df941247-edec-4b67-905f-47bff6537d34,"A systematic review of the literature for concurrent Parkinson's Disease and frailty. Frailty prevalence, screening tools, and associations in patients with Parkinson's disease were the outcomes",publications,0.9
831e25fa-4fc8-4601-b5b4-5146cb4dfe07,df941247-edec-4b67-905f-47bff6537d34,"Research assistant through the INtegrated Student Program In Research Education (INSPIRE) of Dr. Srigley, a medical microbiologist and Corporate Director of Infection Prevention and Control at the Provincial Health Services Authority, with an audit-based project centred around patient, family and visitor hand hygiene on medical-surgical inpatient units at the BC Children’s Hospital. Drafted a formal report for implementation of a campus-wide hand hygiene program",experience,0.5
cde9bb27-9c2e-448c-8560-ac0944e3a328,df941247-edec-4b67-905f-47bff6537d34,"Research assistant in PEMRAP (Pediatric Emergency Medical Research Associates Program) at the Alberta Children’s Hospital Emergency Department. Screened and enrolled patient participants in clinical research, ranging from BIKE (bike accidents) and PRIMED (appendicitis “fingerprints”) to KOALA (child traumatic brain injury neuroplasticity) and EPIC (E. Coli antibody) studies",experience,0.5
85b83e1f-e879-48fc-884a-35ae228640a6,df941247-edec-4b67-905f-47bff6537d34,"Knowledgeable in in-vivo, in-vitro and ex-vivo pharmacology techniques and concepts in a variety of model organisms such as rats and rabbits, including therapeutics. Proficient in both written and verbal communication of results",experience,0.5
bde5f020-078b-4fe7-a303-65665ae1b1b2,df941247-edec-4b67-905f-47bff6537d34,Performed a literature search on the effect of chinooks on the environment. Studied mechanisms of chinooks that influence ecological and societal conditions leeward of the Canadian Rockies. Acquired skills such as reading and comparing complex topics like the mechanisms behind chinook winds,experience,0.5
5fbe3f14-3ca4-441c-aeff-eb7228edaae7,df941247-edec-4b67-905f-47bff6537d34,Spent 40+ hours shadowing Emergency Doctors at the Foothills Hospital,experience,0.5
4882c816-8b64-464e-b07a-2ab0ea607bc0,df941247-edec-4b67-905f-47bff6537d34,"shadowed a number of physicians in the Axxis Hospital - May 6th Radiology, May 7th Emergency, May 8th Surgery, May 9th Gastroenterology",experience,0.5
2f209bd2-87fb-4c3b-b635-a5e64e4c2bbb,ecf376a0-a7f8-4050-825a-60e7ed88c0bf,Enhancing Alzheimer Disease Detection Using Neuropsychiatric Symptoms: The Role of Mild Behavioural Impairment in the Revised NIA-AA Research Framework,publications,0.9
41e1cce5-cdde-41a4-8a30-a690f4c4380b,ecf376a0-a7f8-4050-825a-60e7ed88c0bf,"As the prevalence of Alzheimer disease (AD) rises, early identification of at-risk individuals is essential for effective intervention. Mild behavioral impairment (MBI), which captures emergent and persistent neuropsychiatric symptoms (NPS) in later life, may enhance early detection of AD",publications,0.9
5f945183-81eb-46b1-8cba-8040b2b4bde5,ecf376a0-a7f8-4050-825a-60e7ed88c0bf,"however, its associations with 2024 NIA-AA Core 1 biomarkers remain unexplored. We investigated associations between MBI and cerebrospinal fluid (CSF) amyloid β-42 (Aβ42) and phosphorylated tau-181 (p-tau181). … more",publications,0.9
2ca6d78a-9ad5-4fae-9717-6f3bb4fb0541,ecf376a0-a7f8-4050-825a-60e7ed88c0bf,Mild behavioural impairment-apathy and core Alzheimer’s disease cerebrospinal fluid biomarkers,publications,0.9
73d03b36-b559-499d-a16e-c422fb9ebd9d,ecf376a0-a7f8-4050-825a-60e7ed88c0bf,"Apathy is a common neuropsychiatric symptom (NPS) in Alzheimer’s disease (AD), but it can also emerge earlier, during the prodromal or even preclinical stages, as part of mild behavioural impairment (MBI-apathy)—a syndrome characterized by the emergence and persistence of NPS. In dementia, apathy is associated with increased morbidity, mortality, and caregiver distress. However, the significance of MBI-apathy in individuals without dementia, including its associations with AD biomarkers, remains unclear. This study aimed to determine whether MBI-apathy is associated with cerebrospinal fluid (CSF) biomarkers of Alzheimer’s pathology, specifically amyloid beta (Aβ), phosphorylated tau (p-tau), and total tau (t-tau). Because MBI has been shown to predict incident dementia more accurately than NPS occurring outside the MBI framework, we examined the association between apathy and AD biomarkers both when apathy was part of the MBI syndrome and when it was not. … more",publications,0.9
298900e9-6edd-4955-b1a1-40fdea2244c2,ecf376a0-a7f8-4050-825a-60e7ed88c0bf,Exploring the association between mild behavioral impairment and plasma p‐tau217: Implications for early detection of Alzheimer's disease,publications,0.9
d4c2da78-7d8c-40b8-acbb-c1b1fd60563c,ecf376a0-a7f8-4050-825a-60e7ed88c0bf,"Mild behavioral impairment (MBI), characterized by late-onset, persistent neuropsychiatric symptoms (NPS), may signal an increased risk of developing dementia. While MBI has been linked to established cerebrospinal fluid and imaging biomarkers of amyloid-beta (Aβ) and tau, its association with plasma p-tau217—a promising blood-based biomarker for Alzheimer’s disease (AD)—remains unexplored. In this study, we investigated the relationship between MBI and plasma p-tau217 in dementia-free individuals from the Alzheimer’s Disease Neuroimaging Initiative. … more",publications,0.9
afb0eb0f-1123-4783-84eb-05a04bd74406,ecf376a0-a7f8-4050-825a-60e7ed88c0bf,Tau-PET in early cortical Alzheimer brain regions in relation to mild behavioral impairment in older adults with either normal cognition or mild cognitive impairment,publications,0.9
9e1a6aa7-248c-4183-b139-15c195bce5b2,ecf376a0-a7f8-4050-825a-60e7ed88c0bf,"Mild Behavioral Impairment (MBI) uses the emergence and persistence of neuropsychiatric symptoms (NPS) in later life to identify individuals at high risk for incident dementia. Phosphorylated tau (p-tau) is a key biological hallmark of Alzheimer’s disease (AD). We investigated the association between MBI and tau accumulation in cortical regions affected during the early stages of AD. Among 442 participants from the Alzheimer’s Disease Neuroimaging Initiative with normal cognition or mild cognitive impairment, MBI status was assessed alongside corresponding measures of p-tau and amyloid-beta (Aβ). … more",publications,0.9
9991f14f-5613-4582-82ba-98519f6a0562,ecf376a0-a7f8-4050-825a-60e7ed88c0bf,Optimizing detection of Alzheimer’s disease in mild cognitive impairment: a 4-year biomarker study of mild behavioral impairment in ADNI and MEMENTO,publications,0.9
cd7d604f-42f1-47dd-b79e-13de97c4e421,ecf376a0-a7f8-4050-825a-60e7ed88c0bf,"The use of disease-modifying therapies increases the need for improved detection of Alzheimer’s disease (AD). Mild cognitive impairment (MCI) identifies individuals at risk based on cognitive decline, while mild behavioral impairment (MBI) identifies risk based on behavioral changes. Incorporating MBI into MCI assessment improves dementia prognostication compared to traditional approaches that consider neuropsychiatric symptoms (NPS) alone. In this study, we examined whether adding MBI enhances the identification of AD by analyzing associations between MBI within MCI and cerebrospinal fluid biomarkers—β-amyloid (Aβ), phosphorylated tau (p-tau), and total tau (t-tau), in accordance with the ATN framework—both cross-sectionally and longitudinally. … more",publications,0.9
f0a3a422-69dd-46b0-b600-53760a9e5369,ecf376a0-a7f8-4050-825a-60e7ed88c0bf,"Assisted in preparing and facilitating three courses: Brain and Behaviour (NEUR2600), Fundamental Neurobiology (NEUR3600), and Sleep and Function. • Evaluated and graded exams, essays, and research papers. • Developed and delivered supplementary educational materials",experience,0.5
16b5bad9-3cd9-47aa-82ed-59200ff92610,cfaec4a3-cc93-432e-ab4b-4e7bef34013f,Analytical Skills,skills,1.0
3d606d9c-c6bb-4016-b9d4-56575d73e379,cfaec4a3-cc93-432e-ab4b-4e7bef34013f,2 experiences at Alberta Precision Laboratories and 1 other company,skills,1.0
ed10aa4e-ca10-48be-b6e5-306daceb6b4f,cfaec4a3-cc93-432e-ab4b-4e7bef34013f,Agitation management strategies for older adults in the emergency department or with emergency medical services: A scoping review,publications,0.9
d3258c08-efa3-4feb-a28b-430118483024,cfaec4a3-cc93-432e-ab4b-4e7bef34013f,"Worked, and published a research paper titled ""Agitation management strategies for older adults in the emergency department or with emergency medical services: A scoping review""",experience,0.5
3aa81fa2-d1bb-465f-84fc-e37d7f5e1669,4d2317ef-afdf-416f-bbae-969aef2f648d,"Research conducted evaluates how human, animal, and ecosystem interactions in a changing climate are resulting in the emergence and re-emergence of diseases and compromising the effectiveness of human and animal health responses to infectious disease outbreaks",experience,0.5
23a15250-db64-401c-86ba-ac511c98aa5d,4d2317ef-afdf-416f-bbae-969aef2f648d,The Antimicrobial Resistance (AMR) – One Health Consortium is a pan-Alberta collaborative platform focused on antimicrobial use and resistance,experience,0.5
f53ec112-4cd4-4fd6-8c86-199f28617b6f,4d2317ef-afdf-416f-bbae-969aef2f648d,"One Health at UCalgary (OH@UC) was founded in 2019 with funding as an emerging, cross-cutting research theme from the Office of the Vice-President (Research). We are committed to tackling complex problems at the convergence of people, animals, and the environment and the underlying economic and social factors that determine the opportunities for health across all ecosystems. Using a One Health approach we will develop research, training, and community engagement programs to meet that commitment",experience,0.5
5074fd6f-702b-4690-b601-8bbc11f52e9f,4d2317ef-afdf-416f-bbae-969aef2f648d,"Infectious diseases are a considerable threat to the profitability and sustainability of the Canadian dairy industry. Diseases such as Johne's disease, mastitis, neosporosis, bovine leukosis, and bovine viral diarrhea (BVD) not only affect on-farm productivity, fertility and dairy cow welfare, but they increasingly affect our ability to export live dairy cattle and bull semen. The Industrial Research Chair in Infectious Diseases of Dairy Cattle addresses these issues, with the ultimate goal of decreasing the effect of infectious diseases on the Canadian dairy and semen industries",experience,0.5
2db85c1b-a667-4d95-a332-aaa38d9a5e90,4d2317ef-afdf-416f-bbae-969aef2f648d,"this will be achieved through research and training (graduate and summer students and postdocs). The research program focuses on Johne’s disease and mastitis. The proposed Johne’s disease studies focus on transmission of Mycobacterium avium subsp. paratuberculosis infection to the calf, genetic susceptibility, early diagnosis, and adoption of control practices by dairy farmers. The proposed mastitis studies focus on the role of coagulase-negative staphylococci in mastitis, antimicrobial resistance, and heifer mastitis. The vast majority of infectious diseases in dairy cattle are the result of an interaction among the genome, microbes, host immunology, and the environment. Therefore, the research initiated by the IRC is inherently collaborative and multidisciplinary in nature. The research projects by the IRC build upon extensive research efforts currently underway in the University of Calgary's Department of Production Animal Health, opportunities available through the Canadian Bovine Mastitis and Milk Quality Research Network, and research needs for improvement of the Alberta Johne's Disease Initiative and other regional Johne’s disease prevention and control programs. The IRC is funded by Alberta Milk, Dairy Farmers of Canada, WestGen Endowment Fund, CanWest DHI, Dairy Farmers of Manitoba, BC Dairy Association, Canadian Dairy Network, while their contribution is matched by NSERC",experience,0.5
fd0843e9-f380-4ab7-83b6-71e8e84a9893,4d2317ef-afdf-416f-bbae-969aef2f648d,"Established in 2007, the Clinical Research Unit (CRU) is a faculty-wide core resource designed to facilitate research data acquisition, management and analytics, and opportunities for collaboration and education in clinical research. With a focus largely on data management, statistical and methodological support and big data and analytics, the CRU is a custodian for a variety of large and complex data resources, from highly confidential patient information to generic anonymized health information. In addition to facilitating data access and analytics, the CRU supports researchers by providing sophisticated data management platforms. These include customized web-based tools for complex data needs, and iDataFax which is an FDA and Health Canada approved tool for managing the critical data collected in phase 3 clinical trials—the last phase before new therapies are approved",experience,0.5
565afe2c-8156-4e28-b3ed-8ae7062705b1,4d2317ef-afdf-416f-bbae-969aef2f648d,"As Head of the Department of Production Animal Health, I have actively built a research-intensive department (without compromising the quality of teaching DVM and graduate students) that connects well with the agricultural industry and is passionate about knowledge transfer with the livestock industry. After years of building, we now have a well-functioning department of 17 faculty members. I have mentored all young faculty members (9 have started in our department as 1st year assistant professor), and was co-investigator on many of their first grant proposals. This has been important to start their career, and I am proud to see that all research-intensive members of my department are now successful on their own in obtaining research funding and supervision of graduate students. After 6 years, I have handed the Headship over to Dr. John Kastelic, because I have become an NSERC Industrial Research Chair in Infectious Diseases of Dairy Cattle",experience,0.5
f7ef3d48-2924-4f28-8eac-dc99cb3fa78e,4d2317ef-afdf-416f-bbae-969aef2f648d,"The University of Calgary Biostatistics Centre (UCBC) is a multi-faculty initiative “housed” in the O’Brien Institute for Public Health, under the umbrella of the OIPH’s priority theme “Innovative Tools and Methods for Public Health.” The UCBC positions the University of Calgary as a leader in the development and application of biostatistical methodology for research problems on the cutting edge of biomedical research. Emphasis is placed on analyzing big data problems, and high-end computational and ‘statistical learning’ techniques (data science), in the context of, many of University’s existing strengths",experience,0.5
ec3da54d-8806-4f90-9097-13a1303b0aee,4d2317ef-afdf-416f-bbae-969aef2f648d,"for example, bioinformatics, genetics, infectious disease epidemiology, kinesiology, population ecology, and clinical trials",experience,0.5
e5f63c92-b943-4d3d-a5c5-cc420c80ec22,4d2317ef-afdf-416f-bbae-969aef2f648d,"The Alberta IBD Consortium, first funded by a $5 million Interdisciplinary Team Grant (ITG) from AHFMR (now Alberta Innovates—Health Solutions), was formed to identify key gene-environment-microbe interactions that will lead to a better understanding of the pathogenesis of IBD. I was the leader of the Alberta IBD Consortium, which consisted of a multidisciplinary team of 41 clinicians and scientists, mainly from the Universities of Calgary and Alberta, but including members in Lethbridge and Toronto. A key deliverable of the Consortium has been development of one of the world’s most comprehensive IBD patient cohorts, with genotype, phenotype, serotype and environmental data for over 2,000 individuals. An integral part of this collaborative approach to tackling IBD was engaging a wide range of stakeholders in a comprehensive integrated knowledge transfer and exchange (KTE) program in partnership with the Crohn’s and Colitis Foundation of Canada (CCFC)",experience,0.5
8878a13a-34cb-4a26-85eb-51f7527271e0,4d2317ef-afdf-416f-bbae-969aef2f648d,"Department of Ambulatory Clinic and Herd Health, Veterinary Faculty",experience,0.5
4e06f340-8469-4f37-9ae4-f059e5af27b9,4d2317ef-afdf-416f-bbae-969aef2f648d,Managing the 2000-cow dairy herd + young stock (then the largest dairy herd in Costa Rica),experience,0.5
d547027d-dcd7-45bd-8da9-199d4983a8ce,b3fcb97c-7759-4234-98aa-0272cc1c65ef,Medical Science,skills,1.0
db559ccf-99fc-43f5-99b9-c92a45546494,b3fcb97c-7759-4234-98aa-0272cc1c65ef,Cross-functional Coordination,skills,1.0
e0aa259a-0201-4cf4-b4dd-b172e5ac00fe,b3fcb97c-7759-4234-98aa-0272cc1c65ef,Clinical Trials,skills,1.0
7a8b35df-09d7-4685-b80e-a0764bed1cb6,b3fcb97c-7759-4234-98aa-0272cc1c65ef,Program Management,skills,1.0
e4caf6ce-e2c9-4400-a56d-e010f9498bda,b3fcb97c-7759-4234-98aa-0272cc1c65ef,Clinical Outcomes,skills,1.0
f1d3e5d7-2d84-4f0f-902c-7d7c1a3332bd,b3fcb97c-7759-4234-98aa-0272cc1c65ef,Athletic Performance,skills,1.0
a6dd4559-8215-439b-b8f9-8d780e7cedbe,b3fcb97c-7759-4234-98aa-0272cc1c65ef,Clinical Sleep Research,skills,1.0
25cdae56-a502-4628-982d-0efd67ccd02a,b3fcb97c-7759-4234-98aa-0272cc1c65ef,Creativity and Innovation,skills,1.0
a99dac35-1831-4935-a229-9276220fe493,b3fcb97c-7759-4234-98aa-0272cc1c65ef,Sleep Science,skills,1.0
0daa1207-3eaf-48f1-a1c2-83e89e6e84b3,b3fcb97c-7759-4234-98aa-0272cc1c65ef,19 years of sleep expertise across diverse sleep sectors including clinical (RPSGT),about,0.8
be7bad06-0bb8-41af-bb5b-3dc2db1b884c,b3fcb97c-7759-4234-98aa-0272cc1c65ef,academia (MS,about,0.8
87b82201-85e5-42c2-8413-8aa8722e4601,b3fcb97c-7759-4234-98aa-0272cc1c65ef,PhD,about,0.8
70d12fe2-146a-44dd-903f-c421c328a9fe,b3fcb97c-7759-4234-98aa-0272cc1c65ef,Postdoc),about,0.8
285a7d8e-590a-40df-892f-069d5d2adaf1,b3fcb97c-7759-4234-98aa-0272cc1c65ef,medical device industry,about,0.8
62959561-732f-4e82-94e2-13b1c31e445a,b3fcb97c-7759-4234-98aa-0272cc1c65ef,mental health,about,0.8
11adea3c-b855-43b7-b13f-82f8805cce0c,b3fcb97c-7759-4234-98aa-0272cc1c65ef,athlete high-performance,about,0.8
d30e6e6e-1693-4df8-964c-1a5bc5ebd07f,b3fcb97c-7759-4234-98aa-0272cc1c65ef,and the biopharmaceutical industry,about,0.8
88951db4-2d6f-4a6d-8c5c-7b64f49f3a0f,b3fcb97c-7759-4234-98aa-0272cc1c65ef,Top skills Clinical Sleep Research • Neuroscience • Creativity and Innovation • Public Speaking • Leadership,about,0.8
215b5995-f5d9-45fd-a2d9-a900bd53a928,b3fcb97c-7759-4234-98aa-0272cc1c65ef,How to manage travel fatigue and jet lag in athletes? A systematic review of interventions,publications,0.9
89537756-e318-4265-a9b8-d806a1a004a1,b3fcb97c-7759-4234-98aa-0272cc1c65ef,Sleep disturbance and daytime sleepiness in cigarette smokers attempting to quit without treatment,publications,0.9
0e4d861b-802b-45e9-955e-27361a9d9afa,b3fcb97c-7759-4234-98aa-0272cc1c65ef,"Differences in sleep patterns, sleepiness, and physical activity between young adults with Autism Spectrum Disorder and typically developing controls",publications,0.9
9fa7dccc-360c-45a6-b612-96ee8891e58e,b3fcb97c-7759-4234-98aa-0272cc1c65ef,Sleep in elite multi-sport athletes: Implications for athlete health and wellbeing,publications,0.9
50fee7a8-af8a-4543-a377-941e1ff35cd4,b3fcb97c-7759-4234-98aa-0272cc1c65ef,Sleep quality and chronotype differences between elite athletes and non-athlete controls,publications,0.9
869e7787-c86b-4242-8de8-783bbb74e0e5,b3fcb97c-7759-4234-98aa-0272cc1c65ef,The clinical validation of the Athlete Sleep Screening Questionnaire: An instrument to identify athletes that need further assessment,publications,0.9
bcf54ed1-37a0-442f-bacc-b66513b11521,b3fcb97c-7759-4234-98aa-0272cc1c65ef,Sleep continuity is positively correlated with sleep duration in laboratory nighttime sleep recordings,publications,0.9
4d78ed24-6f75-4d5f-8ea9-04efd635e01f,b3fcb97c-7759-4234-98aa-0272cc1c65ef,"Comment on ""Does Elite Sport Degrade Sleep Quality? A Systematic Review""",publications,0.9
8021e66b-fe78-4e5e-a176-6f59e45ecd7a,b3fcb97c-7759-4234-98aa-0272cc1c65ef,Systematic Individual Differences in Sleep: Homeostatic and Circadian Rhythm Contributions to Neurobehavioral Impairment during Sleep Deprivation,publications,0.9
6db27579-6905-40a4-ba7b-720f0afef0cc,b3fcb97c-7759-4234-98aa-0272cc1c65ef,Systematic Inter-individual Differences in Polysomnographic Sleep Variables,publications,0.9
ebb407ef-1bbe-4ccd-9669-bc3fe5c508f5,b3fcb97c-7759-4234-98aa-0272cc1c65ef,"The #1 sports science school in North America. Creates content and lectures for kinesiology classes, examiner on theses, serves on graduate student committees, and collaborates on student and faculty academic research projects",experience,0.5
b55da5b3-84c6-42a2-a8e4-f7238cef61b6,b3fcb97c-7759-4234-98aa-0272cc1c65ef,"Mitacs Accelerate Postdoctoral fellow which combined training from an academic institution (University of Calgary) with an industry partner (Own the Podium and Centre for Sleep & Human Performance) to learn how to work in a corporate environment.  Award-winning researcher and innovator – received the Mitacs Canadian National Award for Commercialization for taking a research idea to market by creating an online sleep screening survey that was commercialized. Also selected as one of Mitacs next 150 Innovators chosen from thousands of researchers who take part in Mitacs’ programs each year. Published peer-reviewed papers (13).  Established global collaborations – partnered with researchers across the world to collaborate on research projects. Co-authored papers with researchers from USA (20), Australia (10), England (9), Canada (7), Ireland (5), South Africa (4), New Zealand (3), France (3), and the Netherlands (1).  Key research scientist and consultant to Olympic teams/medalists – developed a strategy of individualized recommendations for Canadian Olympic Team athletes to sleep better and reduce jet lag, including medalists (Rio Summer 2016 Games – 12 medalists, PyeongChang 2018 Winter Games – 15 medalists)",experience,0.5
11bc33af-a241-4037-a254-8b2edd969236,b3fcb97c-7759-4234-98aa-0272cc1c65ef,Dr. Amy Bender is one of the subject matter experts for this story,experience,0.5
e2596112-e34a-4f40-bcb4-2d33b4fec5a5,4ca5a463-1b29-4e01-a88b-e104f8a763ae,I started out as a healthcare and life sciences executive who likes to think outside the norms to enable businesses and thinkers innovate and aspire together,about,0.8
4a694c3e-d88a-4a6e-8e91-d16a0f3d6d5c,4ca5a463-1b29-4e01-a88b-e104f8a763ae,I now lead partnerships across various sectors leading to real world impact and outcomes,about,0.8
96f7dece-1d76-41a9-909f-a73d6b57b84a,4ca5a463-1b29-4e01-a88b-e104f8a763ae,I am excited to work in organizations willing to challenge mainstream pathways,about,0.8
5ce41275-4eff-46bb-9f05-5567378f58fc,4ca5a463-1b29-4e01-a88b-e104f8a763ae,to spearhead technologies and projects,about,0.8
54bdfafa-85ff-4f48-bc6c-16f4b8631d7f,4ca5a463-1b29-4e01-a88b-e104f8a763ae,for better,about,0.8
3f0fb409-dd90-4e61-92db-50ed0a92d4c5,4ca5a463-1b29-4e01-a88b-e104f8a763ae,faster and reliable applications that changes lives,about,0.8
18f0d92a-c6b0-4d52-9378-e5ae62b595c9,4ca5a463-1b29-4e01-a88b-e104f8a763ae,Check out my portfolio at www,about,0.8
1905f0d1-c593-430b-95ce-35387f3a8e4f,4ca5a463-1b29-4e01-a88b-e104f8a763ae,sidgunamalai,about,0.8
e2d01838-c161-402b-830b-93373bd50f70,4ca5a463-1b29-4e01-a88b-e104f8a763ae,com … more,about,0.8
d463580c-c46b-41da-b135-5ddb4b4e1d89,4ca5a463-1b29-4e01-a88b-e104f8a763ae,"Business development and Project Management: Established and managing local and international life science projects • Liaison to the Research protection, technology transfer, and other inter & intra-departmental offices. • Liaison to external institutions for projects, collaboration & fund share. • Established and managed clinical research and trials, material transfer agreements and non-disclosure agreements. • Identifying collaborations, opportunities for development & upcoming trends. • Management of over millions of dollars in awards annually from funding agencies, industry sponsors, and philanthropy. • Projects: Pre-clinical and clinical research, translational research projects, electro-stimulation",experience,0.5
fd4e0a5c-4346-4dbc-a4ed-a5c720eb8fee,4ca5a463-1b29-4e01-a88b-e104f8a763ae,photonics,experience,0.5
96c87276-f27e-4860-86d3-4166e3c708b0,4ca5a463-1b29-4e01-a88b-e104f8a763ae,Biomarkers,experience,0.5
288611c0-678e-44d7-b3d3-74ac95fa4cb6,4ca5a463-1b29-4e01-a88b-e104f8a763ae,novel medical devices,experience,0.5
1c7db71e-6fd3-46dc-9e35-845a8ef50301,4ca5a463-1b29-4e01-a88b-e104f8a763ae,"Business development and Project Management: Established and managed over 20 different business development projects per year. • Established the Center of Neuroregeneration comprising multiple laboratories generating new safety, animal and laboratory operations, and standard operating procedures, strategic development strategies and managing compliance. • Liaison to the Research protection, technology transfer, and other inter & intra-departmental offices. • Liaison to external institutions for projects, collaboration & fund share. • Established and managed clinical research and trials, material transfer agreements and non-disclosure agreements. • Identifying collaborations, opportunities for development & upcoming trends. • Increased revenue & profits by 15% by negotiation, outreach and collaborations. • Initiation of first-of-a-kind pre clinical and clinical studies at Houston Methodist. • Generated over 20% budget savings using creative solutions. • Involved in and managed over $5M in awards annually from funding agencies, industry sponsors, philanthropic organisations. • Projects overseen: Preclinical and clinical research strategy, primary cell culture",experience,0.5
2afde109-a4d0-43b5-9f39-5ba6f301dd21,4ca5a463-1b29-4e01-a88b-e104f8a763ae,electro-stimulation,experience,0.5
c2821c53-1fb8-48b9-940c-9bdb8ca90488,4ca5a463-1b29-4e01-a88b-e104f8a763ae,optogenetics,experience,0.5
81208e4f-3dc8-4209-8dba-2b3f13e61ca2,4ca5a463-1b29-4e01-a88b-e104f8a763ae,Bioengineered Hydrogels,experience,0.5
d4b64f1f-02bc-4f1b-8631-71de670a8c9d,4ca5a463-1b29-4e01-a88b-e104f8a763ae,Drug Discovery Platforms,experience,0.5
69cb2586-282c-409d-8e7f-d97bb11d8f16,4ca5a463-1b29-4e01-a88b-e104f8a763ae,Nanotherapeutics,experience,0.5
cc528b13-31cd-4580-bfac-8da0ec4627c8,4ca5a463-1b29-4e01-a88b-e104f8a763ae,translational research. Methodologies and procedures I developed are used as an institutional benchmark till date,experience,0.5
01fea6f8-9120-46b3-a8d8-c84bba10d31a,4ca5a463-1b29-4e01-a88b-e104f8a763ae,"At the Houston Methodist Cancer Center, I worked in cancer research, patient derived Xenograft tumor [PDx] models. We developed novel strategies for therapeutic measures against triple negative breast cancer models. I also managed the laboratory, drafted standard operating procedures, safety, compliance and regulatory affairs. I also trained and had oversight over other junior laboratory personnel",experience,0.5
9563ac87-e5ee-4d96-a5c4-b1197cfd432c,4ca5a463-1b29-4e01-a88b-e104f8a763ae,"The Center for Genomic Medicine focussed on using genomics as a therapeutic tool by targeting specific genes and markers. I worked on a variety of projects simultaneously, managed budgets and expenditure and also set-up the department's very first preclinical animal testing models",experience,0.5
3c853338-fddb-4ccd-aac5-004ebfb8ac4b,4ca5a463-1b29-4e01-a88b-e104f8a763ae,"I joined the Baylor College of Medicine as a laboratory manager and scientific researcher. I oversaw the laboratory activities, research, budgets, compliance, safety and operations. I used a variety of molecular biology tools and rodent models in understanding chromatin folding, arrangement in breast development and disease models",experience,0.5
c86bb06a-1136-46df-ab73-2e0b8d117861,192f55da-ccb8-4044-aaa6-85ecbb975620,Artificial Intelligence (AI),skills,1.0
d2c7f127-7b24-42bc-909e-79589eb59a73,192f55da-ccb8-4044-aaa6-85ecbb975620,Machine Learning,skills,1.0
124074ce-2440-4f3e-a223-388b124da48a,192f55da-ccb8-4044-aaa6-85ecbb975620,Python (Programming Language),skills,1.0
c30498b5-fcac-423b-964f-2ca26f54706f,192f55da-ccb8-4044-aaa6-85ecbb975620,Computational Neuroscience,skills,1.0
5f355394-3a0b-4ed6-9f81-e7c192682904,192f55da-ccb8-4044-aaa6-85ecbb975620,R (Programming Language),skills,1.0
91be28b3-9901-461f-9055-021659fc4d3f,192f55da-ccb8-4044-aaa6-85ecbb975620,MySQL,skills,1.0
277ae3e1-010b-46fe-abab-b86c0a372ef2,192f55da-ccb8-4044-aaa6-85ecbb975620,Biomedical Engineering,skills,1.0
359c328a-d9ee-4584-a202-b499a327868e,192f55da-ccb8-4044-aaa6-85ecbb975620,Data Modeling,skills,1.0
1abcfd17-4700-40c9-a34f-671748ac9080,192f55da-ccb8-4044-aaa6-85ecbb975620,Marketing Strategy,skills,1.0
7be34f04-185a-4a20-b0b8-f8835647a806,192f55da-ccb8-4044-aaa6-85ecbb975620,Project Management,skills,1.0
af879bb2-5750-4c81-bcfa-203df13f048a,192f55da-ccb8-4044-aaa6-85ecbb975620,Hi there,about,0.8
01d19dc1-27fe-425b-bd73-e10d2649b977,192f55da-ccb8-4044-aaa6-85ecbb975620,👋 I'm Reza,about,0.8
01cc5a25-4be4-498d-94a9-b06ae43960f9,192f55da-ccb8-4044-aaa6-85ecbb975620,and I'd like to share a brief introduction about myself,about,0.8
b9ec3ae4-b834-4590-ad0e-5751a7492b51,192f55da-ccb8-4044-aaa6-85ecbb975620,I am an experienced biomedical data scientist with over 5 years of hands-on experience and a proven track record of delivering successful projects,about,0.8
65bb57fb-63a7-4729-995e-7a047e4763d3,192f55da-ccb8-4044-aaa6-85ecbb975620,Holding dual master's degrees in medical radiation engineering and neuroscience from the University of Victoria,about,0.8
d7e1150c-faaf-43f3-ad9f-9e63b95cba13,192f55da-ccb8-4044-aaa6-85ecbb975620,I am currently pursuing a Ph,about,0.8
d3a6c475-f1aa-4fe5-b34e-ff6a7cea2dbc,192f55da-ccb8-4044-aaa6-85ecbb975620,at the University of Calgary,about,0.8
e77420c2-8fc9-49c3-91be-95821fba52c3,192f55da-ccb8-4044-aaa6-85ecbb975620,furthering my expertise in applied AI/ML in medical imaging,about,0.8
b290f097-36ac-4f8b-a237-e3509371bb1f,192f55da-ccb8-4044-aaa6-85ecbb975620,Proficient in a wide array of tools and languages including Python (Pandas,about,0.8
21a5758a-4d03-42c1-acfb-28eba6930f8e,192f55da-ccb8-4044-aaa6-85ecbb975620,NumPy,about,0.8
7b0fa344-4188-4625-bd5d-f421cee58a10,192f55da-ccb8-4044-aaa6-85ecbb975620,Matplotlib),about,0.8
4c8b7cab-b8ab-456f-8a54-8af5ae3cc5a6,192f55da-ccb8-4044-aaa6-85ecbb975620,TensorFlow,about,0.8
5d6303d1-6a3c-4205-a72f-2006ea18398a,192f55da-ccb8-4044-aaa6-85ecbb975620,Tableau,about,0.8
0258af65-2f23-4549-865e-565ffce62898,192f55da-ccb8-4044-aaa6-85ecbb975620,and SQL,about,0.8
864f586f-ca37-4c6f-8b24-d9c500e89c37,192f55da-ccb8-4044-aaa6-85ecbb975620,In addition to my academic pursuits,about,0.8
69a8a900-2d3c-49e9-9e2d-3784fa6ceacc,192f55da-ccb8-4044-aaa6-85ecbb975620,I bring valuable industry experience,about,0.8
8ca4932b-82ce-47c6-91f6-860794811e1c,192f55da-ccb8-4044-aaa6-85ecbb975620,I founded Dentethoscope Inc,about,0.8
7b676e44-a625-49b7-bd8a-14031a6e30be,192f55da-ccb8-4044-aaa6-85ecbb975620,in Calgary,about,0.8
78a7ba4a-1bdb-4a54-9b3a-1fd43f68717b,192f55da-ccb8-4044-aaa6-85ecbb975620,where I develop AI-powered intraoral dental imaging tools,about,0.8
a728eb10-5093-4db2-8907-153ed7cb5742,192f55da-ccb8-4044-aaa6-85ecbb975620,I also serve as a Scientist Member of the Animal Care Committee at ImmunoPrecise Antibodies Ltd,about,0.8
68590f4d-4536-4c0d-a9db-5e3f30998c58,192f55da-ccb8-4044-aaa6-85ecbb975620,"(IPA) in Victoria, BC",about,0.8
6cdc3045-4084-405d-a808-85139d05d068,192f55da-ccb8-4044-aaa6-85ecbb975620,Here,about,0.8
e28980f8-e4d2-4ceb-b030-fd2a38081847,192f55da-ccb8-4044-aaa6-85ecbb975620,we develop animal welfare protocols and conduct reviews that have significantly reduced mortality rates,about,0.8
14eb1012-3670-4923-9025-ecc9f6f7d0bd,192f55da-ccb8-4044-aaa6-85ecbb975620,My experience also includes a tenure at Konicaminolta Healthcare Inc,about,0.8
7f946bc8-21f9-43d0-a505-eb64020ee9cd,192f55da-ccb8-4044-aaa6-85ecbb975620,in Tehran,about,0.8
3a5ef333-6bdb-472a-975a-63c8de724fac,192f55da-ccb8-4044-aaa6-85ecbb975620,Iran,about,0.8
1da18c8e-4529-445a-b1d0-df13de353095,192f55da-ccb8-4044-aaa6-85ecbb975620,where I worked as a Field Service Technician,about,0.8
58b0ab55-fdbb-4da2-a54a-b14d2d28cfc5,192f55da-ccb8-4044-aaa6-85ecbb975620,installing and maintaining critical diagnostic equipment and providing exceptional customer service and training,about,0.8
72f1b029-642c-49e2-8927-b4dfdc9378db,192f55da-ccb8-4044-aaa6-85ecbb975620,With a demonstrated history of impactful contributions across academia and industry,about,0.8
0743e585-3f50-42ed-9a94-19f8beef0178,192f55da-ccb8-4044-aaa6-85ecbb975620,I am dedicated to advancing biomedical data science and improving patient care outcomes,about,0.8
93fe2f6c-1771-448f-9148-85bbe3c663af,192f55da-ccb8-4044-aaa6-85ecbb975620,"As a teaching assistant and guest lecturer in Data Science, I help students with data analysis, machine learning, and coding, while also giving guest lectures on Neuroimaging, Health Canada Regulations, in the following courses: Introduction to Biomedical Engineering Biomedical signals, systems, and instrumentation ¹ Biomedical signals, systems, and instrumentation ²",experience,0.5
c4633cf1-efd7-4af8-b534-37d205b972ef,192f55da-ccb8-4044-aaa6-85ecbb975620,Studying brain states dynamics via dynamic functional connectivity. Applying ML on resting-state fMRI to explore brain states in IMID patients and their dynamics linked to cognitive disorders,experience,0.5
bdeba0d9-797c-428e-9726-1fbdfc12b0bf,192f55da-ccb8-4044-aaa6-85ecbb975620,"Developing animal welfare protocols compliant with CCAC regulation (ISBN: 978-0-919087-89-7). • Conducting reviews with Animal Care Committee, trying to reduce mortality. • Collaborating with IPAC research team for animal care support in studies",experience,0.5
24926a8d-2d76-4bb4-8b4f-26342261e367,192f55da-ccb8-4044-aaa6-85ecbb975620,Thesis: Neural areas of activation during feedback processing of clinical decision making,experience,0.5
edba0187-3749-43b9-9daf-f51a22d6e291,192f55da-ccb8-4044-aaa6-85ecbb975620,"Installed CR, DR, printers, PACS, improving diagnostics and workflow. Completed 20+ installations, 100+ repairs at Konica Minolta. • Delivered customer service, training, built client relationships",experience,0.5
ffc0014e-4f37-4e5b-a1dc-db16f14e7a9f,17689c22-cf80-44cf-a1f0-671f6081695e,Energetic,about,0.8
4449af05-f991-4ce7-bf6d-c3ad0434fb98,17689c22-cf80-44cf-a1f0-671f6081695e,enthusiastic educator and researcher with expertise in chemical engineering,about,0.8
48c18668-1f9a-48bc-9a15-30ab3ccee5ba,17689c22-cf80-44cf-a1f0-671f6081695e,bioengineering of stem cells,about,0.8
d9c5ca2e-4365-40ca-bee8-2144b0bb698c,17689c22-cf80-44cf-a1f0-671f6081695e,and tissue engineering,about,0.8
4c275159-b68c-4f10-b89d-e8b7f7f63623,17689c22-cf80-44cf-a1f0-671f6081695e,Experience with running and expanding a multidisciplinary cross-faculty graduate program,about,0.8
2acaca7f-0906-4142-b10d-e3ee72082b72,17689c22-cf80-44cf-a1f0-671f6081695e,Specialties,about,0.8
57bcc02e-bfcf-49b3-a313-5bec7cae4ea1,17689c22-cf80-44cf-a1f0-671f6081695e,My research focus is on the generation of large numbers of stem cells and their differentiated progeny in controlled processes for clinical and therapeutic purposes - the scale-up of stem cell production in bioreactors,about,0.8
61f2124e-e464-42b1-9c3c-983a8b7cf11e,17689c22-cf80-44cf-a1f0-671f6081695e,This is important because large numbers of stem cells are required for research and treatment of diseases ranging from Parkinson's disease to diabetes to musculoskeletal ailments,about,0.8
0a9a5222-308c-4e9a-b66a-fcaaf8e7baf8,17689c22-cf80-44cf-a1f0-671f6081695e,Flowable Polyethylene Glycol Hydrogels Support the in Vitro Survival and Proliferation of Dermal Progenitor Cells in a Mechanically Dependent Manner,publications,0.9
027e4190-7fef-4bf4-a724-c6bd6285334d,17689c22-cf80-44cf-a1f0-671f6081695e,An Integrated Approach toward the Biomanufacturing of Engineered Cell Therapy Products in a Stirred-Suspension Bioreactor,publications,0.9
6ad9f64d-c3d2-4b57-9812-a3fbe38babc4,17689c22-cf80-44cf-a1f0-671f6081695e,Non‐Newtonian rheology in suspension cell cultures significantly impacts bioreactor shear stress quantification,publications,0.9
df7a15ec-bd12-43b5-94a4-4f7b84a074ac,17689c22-cf80-44cf-a1f0-671f6081695e,Scale-up of Embryonic Stem Cell Aggregate Stirred Suspension Bioreactor Culture Enabled by Computational Fluid Dynamics Modeling,publications,0.9
7d1cee73-a07a-41a6-be06-bfa86428d2ac,17689c22-cf80-44cf-a1f0-671f6081695e,https://doi.org/10.1016/j.bej.2018.02.005,publications,0.9
c6fb4b28-0208-4252-af14-e1ec16bdcb46,17689c22-cf80-44cf-a1f0-671f6081695e,Biocomposite nanofiber matrices to support ECM remodeling by human dermal progenitors and enhanced wound closure,publications,0.9
cd95775f-f9d5-4c88-853d-cefc2d3159ca,17689c22-cf80-44cf-a1f0-671f6081695e,Enhanced Expansion and Sustained Inductive Function of Skin-Derived Precursor Cells in Computer-Controlled Stirred Suspension Bioreactors,publications,0.9
c965c647-14fb-4174-97d6-bc7c283170eb,17689c22-cf80-44cf-a1f0-671f6081695e,Serum-free bioprocessing of adult human and rodent skin-derived Schwann cells: implications for cell therapy in nervous system injury,publications,0.9
473153d3-856d-4857-aa15-6f798d6642fa,17689c22-cf80-44cf-a1f0-671f6081695e,Large-scale expansion of human skin-derived precursor cells (hSKPs) in stirred suspension bioreactors,publications,0.9
d9281e05-68af-45ad-9e5c-e6f87d609a16,17689c22-cf80-44cf-a1f0-671f6081695e,Enzyme responsive GAG-based natural-synthetic hybrid hydrogel for tunable growth factor delivery and stem cell differentiation,publications,0.9
9614995a-4c1d-4934-a9ce-92851f9a4467,17689c22-cf80-44cf-a1f0-671f6081695e,Inter-microcarrier transfer and phenotypic stability of stem cell-derived Schwann cells in stirred suspension bioreactor culture,publications,0.9
bcd3d824-881f-482b-b897-ec4494580284,68c33bb0-415b-414f-88f4-6834e2e24d3f,I am a registered Professional Engineer in the Province of Alberta,about,0.8
77bc4415-db39-47b6-a889-f462c09bc8c9,68c33bb0-415b-414f-88f4-6834e2e24d3f,and an experienced educator and researcher with expertise in chemical,about,0.8
6549bba1-1956-4b36-98cd-947ce76266e5,68c33bb0-415b-414f-88f4-6834e2e24d3f,biochemical and biomedical engineering,about,0.8
07d74a20-a59b-4102-9cd9-ae6f71d7665a,68c33bb0-415b-414f-88f4-6834e2e24d3f,My research interests involve the use of fundamental chemical engineering principles to solve problems in the area of applied biology,about,0.8
7e909618-d1f9-44de-be77-2c621d50283e,68c33bb0-415b-414f-88f4-6834e2e24d3f,The intersection of disciplines offers me the opportunity to work on a range of interesting and collaborative projects,about,0.8
43693905-d256-45dc-b332-a3195c536073,68c33bb0-415b-414f-88f4-6834e2e24d3f,I am developing bioreactor-based protocols to scale-up the production of adult stem cell populations and their differentiated progeny for use in tissue repair and regeneration strategies,about,0.8
5f21ca63-5b82-4e97-9c16-cad5e8bc8ff3,68c33bb0-415b-414f-88f4-6834e2e24d3f,Applications of this work include the development of new cell-based therapies for the treatment of a variety of medical conditions,about,0.8
bef18c9c-92d1-4473-bd42-eb5996b52e23,68c33bb0-415b-414f-88f4-6834e2e24d3f,including musculoskeletal disorders (e,about,0.8
02467404-1161-4c38-a321-5aae6b10b9f6,68c33bb0-415b-414f-88f4-6834e2e24d3f,"cartilage damage), blood vessel damage (e",about,0.8
44b6368c-3f35-4d72-b972-c0d61e0166dd,68c33bb0-415b-414f-88f4-6834e2e24d3f,aneurysms) and neurodegenerative conditions (e,about,0.8
16075120-8c50-40ea-a8cf-7593897162c9,68c33bb0-415b-414f-88f4-6834e2e24d3f,Parkinson’s disease),about,0.8
10f1d251-96ac-465a-9c2b-551480527afe,68c33bb0-415b-414f-88f4-6834e2e24d3f,I am also interested in developing new microorganisms-based applications,about,0.8
8bf39bbe-072f-4901-9fc3-d0245bf54fee,68c33bb0-415b-414f-88f4-6834e2e24d3f,I am currently involved in projects to better discern how microbial biofilms evolve in the presence of flow within porous media,about,0.8
ab0e7d78-5619-4d51-9524-22025da36198,68c33bb0-415b-414f-88f4-6834e2e24d3f,developing enzyme based technologies to improve hydrocarbon recovery,about,0.8
e6c41f02-0606-4651-a2a2-f3321f1cb3f5,68c33bb0-415b-414f-88f4-6834e2e24d3f,biofiltration of air pollutants and developing new platforms for the production of recombinant proteins,about,0.8
06c59a66-8429-44d6-a414-c7c9df4464bb,68c33bb0-415b-414f-88f4-6834e2e24d3f,Specialties,about,0.8
9c3aff3c-32ec-4cca-9423-464d87a01e8b,68c33bb0-415b-414f-88f4-6834e2e24d3f,Stem Cell Bioengineering,about,0.8
3f59c8f6-026d-4072-86d9-d5fc3be7a81a,68c33bb0-415b-414f-88f4-6834e2e24d3f,Tissue Engineering,about,0.8
dbb80428-763b-49b6-a0ae-430aaa82dd52,68c33bb0-415b-414f-88f4-6834e2e24d3f,Bioreactor Design and Operation,about,0.8
1fd8948b-1428-439b-8b3f-61737ae82a07,68c33bb0-415b-414f-88f4-6834e2e24d3f,Medium Development,about,0.8
2bb712c1-b4a3-4047-b6a5-43eb6a2d14f2,68c33bb0-415b-414f-88f4-6834e2e24d3f,Biofilm Engineering,about,0.8
593379f0-ebea-4be4-8b7e-5ee1a69016a5,68c33bb0-415b-414f-88f4-6834e2e24d3f,Course Development and Delivery,about,0.8
94603ba4-0b83-469d-9518-e2503be6a576,3d67002f-ea42-477e-9764-d79d06acc9be,Management,skills,1.0
57c3addf-b332-40a8-a298-1d0b58c3b668,3d67002f-ea42-477e-9764-d79d06acc9be,Program Evaluation,skills,1.0
a5a24f51-36ba-4b3c-8e31-01c1171e49a2,3d67002f-ea42-477e-9764-d79d06acc9be,University Teaching,skills,1.0
47ca37d5-5970-4e0a-a531-b2347e218f99,3d67002f-ea42-477e-9764-d79d06acc9be,Mathematics,skills,1.0
c41ff695-e65d-44e8-9a03-f9801a62808d,3d67002f-ea42-477e-9764-d79d06acc9be,Physics,skills,1.0
3f62835c-7d25-4583-8d11-3ab81e41b6f9,3d67002f-ea42-477e-9764-d79d06acc9be,Quantum Optics,skills,1.0
e55b82cf-24d3-4ebc-8567-c83d29f09a66,3d67002f-ea42-477e-9764-d79d06acc9be,Research,skills,1.0
aa48d258-b51a-4db3-8cd3-d35bab793c96,3d67002f-ea42-477e-9764-d79d06acc9be,Bookkeeping,skills,1.0
9306f562-25f2-48b4-89d7-cd307e04fbc9,3d67002f-ea42-477e-9764-d79d06acc9be,Numerical Analysis,skills,1.0
bfb6a31e-c6fc-42b6-ae1a-55161b3aaf8c,3d67002f-ea42-477e-9764-d79d06acc9be,Photonics,skills,1.0
8912a2d7-8118-417f-b945-21b49b821bad,3d67002f-ea42-477e-9764-d79d06acc9be,Research & training,about,0.8
d017bbda-dd1d-40bf-8684-e8edb133f870,3d67002f-ea42-477e-9764-d79d06acc9be,Quantum information including quantum control,about,0.8
eb9ce0ac-2771-467a-803d-fc306e276272,3d67002f-ea42-477e-9764-d79d06acc9be,quantum sensing,about,0.8
7d758674-0c2d-408a-9e0e-7d7e5de0ca26,3d67002f-ea42-477e-9764-d79d06acc9be,quantum communication and quantum computing from computer science and mathematical physics to theoretical physics and theoretical chemistry plus collaboration and co-development with experimentalists,about,0.8
9963e828-ad4f-40af-919f-01491c7d3966,3d67002f-ea42-477e-9764-d79d06acc9be,Outreach,about,0.8
07159aea-58b6-4b6c-b36f-f15ab1566a5d,3d67002f-ea42-477e-9764-d79d06acc9be,Global research collaboration and training activities in the spirit of Open Science,about,0.8
87e24f30-7071-43c5-ab47-a3309389cdcc,3d67002f-ea42-477e-9764-d79d06acc9be,Leadership,about,0.8
6d61fece-1e9e-4c5d-b798-f66b41b707a6,3d67002f-ea42-477e-9764-d79d06acc9be,Experienced Chair of Professional Society Divisions,about,0.8
3bc8b0ce-d748-4fdf-b187-e3e038d8f339,3d67002f-ea42-477e-9764-d79d06acc9be,committees,about,0.8
b0958224-e04c-4a55-a2ed-cb17f5e1bc46,3d67002f-ea42-477e-9764-d79d06acc9be,panels,about,0.8
a1115f87-1691-4608-92d8-7f09b5bee11a,3d67002f-ea42-477e-9764-d79d06acc9be,projects and centres,about,0.8
9df4e878-2ded-4cc5-82aa-9f86a9e96920,3d67002f-ea42-477e-9764-d79d06acc9be,Macroscopically Distinguishable Superposition in Inﬁnitely Many Degrees of Freedom,publications,0.9
5baaf420-6e07-47e2-91d6-c54d62306f3f,3d67002f-ea42-477e-9764-d79d06acc9be,"We investigate the concept of macroscopically distinguishable superpositions within an infinite array of boson sites. Our approach is rigorous within the frame of Hilbert space theory. In this context, it is natural to differentiate between states–and corresponding dynamics–that involve only finitely many degrees of freedom, referred to as local, and those that are inherently nonlocal. Previous studies have shown that such systems can support nonlocal coherent states (NCS). In this work, we demonstrate that NCS can dynamically evolve into nonlocal cat states under the influence of a nonlocal Hamiltonian–specifically, the square of the total number operator. Crucially, the resulting dynamics cannot be decomposed into local factors. Furthermore, we explore broader mathematical implications of these phenomena within the framework of generalized bosons. Our findings highlight that the concepts of coherent states and nonlocal cat states are not inherently bound together",publications,0.9
8340b915-575d-4de4-9ce3-7d5dfd609924,3d67002f-ea42-477e-9764-d79d06acc9be,"rather, their fusion is a distinctive feature of standard bosons. Finally, we propose that if the generalized boson framework can be physically realized in engineered quantum systems, the phenomena described here may hold significant relevance for both physics and materials science. … more",publications,0.9
553200ae-7e99-4348-91f3-6678168899ad,3d67002f-ea42-477e-9764-d79d06acc9be,Quantum Variational Rewinding for Time Series Anomaly Detection,publications,0.9
92c68035-a5e7-43fb-b5b1-8c087e296efc,3d67002f-ea42-477e-9764-d79d06acc9be,"We explore a new quantum computing approach to time series anomaly detection (TAD). Our approach - Quantum Variational Rewinding (QVR) - trains a family of parameterized unitary time-devolution operators to cluster normal time series instances encoded within quantum states. Unseen time series are assigned an anomaly score based upon their distance from the cluster center, which, beyond a given threshold, classifies anomalous behaviour. We apply QVR to identify anomalous trading activity in cryptocurrency market data and blockchain. Finally, we study our algorithm on IBM’s Falcon r5.11H family of superconducting transmon QPUs, where anomaly score errors resulting from hardware noise are shown to be reducible by as much as 14% on average using advanced error mitigation techniques. … more",publications,0.9
6ad96e56-58c7-4a39-b524-f29037d7b5c3,3d67002f-ea42-477e-9764-d79d06acc9be,Quantum-assisted support vector regression,publications,0.9
696b554a-35ce-4359-b8b5-0f82d0513838,3d67002f-ea42-477e-9764-d79d06acc9be,"A popular machine-learning model for regression tasks, including stock-market prediction, weather forecasting and real-estate pricing, is the classical support vector regression (SVR). However, a practically realisable quantum SVR remains to be formulated. We devise annealing-based algorithms, namely simulated and quantum-classical hybrid, for training two SVR models and compare their empirical performances against the SVR implementation of Python’s scikit-learn package for facial-landmark detection (FLD), a particular use case for SVR. Our method is to derive a quadratic-unconstrained-binary formulation for the optimisation problem used for training a SVR model and solve this problem using annealing. Using D-Wave’s hybrid solver, we construct a quantum-assisted SVR model, thereby demonstrating a slight advantage over classical models regarding FLD accuracy. Furthermore, we observe that annealing-based SVR models predict landmarks with lower variances compared to the SVR models trained by gradient-based methods. Our work is a proof-of-concept example for applying quantum-assisted SVR to a supervised-learning task with a small training dataset. … more",publications,0.9
4d285677-68fa-4f1e-84d4-6e8d78c956e8,3d67002f-ea42-477e-9764-d79d06acc9be,Bimodality in E. coli gene expression: Sources and robustness to genome-wide stresses,publications,0.9
f4b274d1-f042-4f90-aecf-493969ba427c,3d67002f-ea42-477e-9764-d79d06acc9be,"Bacteria evolved genes whose single-cell distributions of expression levels are broad, or even bimodal. Evidence suggests that they might enhance phenotypic diversity for coping with fluctuating environments. We identified seven genes in E. coli with bimodal (low and high) single-cell expression levels under standard growth conditions and studied how their dynamics are modified by environmental and antibiotic stresses known to target gene expression. We found that all genes lose bimodality under some, but not under all, stresses. Also, bimodality can reemerge upon cells returning to standard conditions, which suggests that the genes can switch often between high and low expression rates. As such, these genes could become valuable components of future multi-stable synthetic circuits. Next, we proposed models of bimodal transcription dynamics with realistic parameter values, able to mimic the outcome of the perturbations studied. We explored several models’ tunability and boundaries of parameter values, beyond which it shifts to unimodal dynamics. From the model results, we predict that bimodality is robust, and yet tunable, not only by RNA and protein degradation rates, but also by the fraction of time that promoters remain unavailable for new transcription events. Finally, we show evidence that, although the empirical expression levels are influenced by many factors, the bimodality emerges during transcription initiation, at the promoter regions and, thus, may be evolvable and adaptable. … more",publications,0.9
4572b9b2-47d1-496b-981a-0ef5d46772fb,3d67002f-ea42-477e-9764-d79d06acc9be,The success and failure of quantum computing start-ups,publications,0.9
8016fa58-f431-429b-b89d-3f9a6dad6ec4,3d67002f-ea42-477e-9764-d79d06acc9be,"The potential value of quantum computing remains uncertain, which creates substantial risks for any quantum computing start-up. But the successes and failures seen so far in the quantum innovation ecosystem hold lessons for the field. … more",publications,0.9
a7632c93-277b-4d64-bbfc-c110a2a109b2,3d67002f-ea42-477e-9764-d79d06acc9be,Nonadiabatic quantum optimization for crossing quantum phase transitions,publications,0.9
c393685a-c704-4fd4-b06f-3cc5c5cf33b0,3d67002f-ea42-477e-9764-d79d06acc9be,"We consider the optimal driving of the ground state of a many-body quantum system across a quantum phase transition in finite time. In this context, excitations caused by the breakdown of adiabaticity can be minimized by adjusting the schedule of the control parameter that drives the transition. Drawing inspiration from the Kibble-Zurek mechanism, we characterize the timescale of onset of adiabaticity for several optimal control procedures. Our analysis reveals that schedules relying on local adiabaticity, such as Roland-Cerf's local adiabatic driving and the quantum adiabatic brachistochrone, fail to provide a significant speedup over the adiabatic evolution in the transverse-field Ising and long-range Kitaev models. As an alternative, we introduce a framework, nonadiabatic quantum optimization (NAQO), that, by exploiting the Landau-Zener formula and taking into account the role of higher-excited states, outperforms schedules obtained via both local adiabaticity and state-of-the-art numerical optimization. NAQO is not restricted to exactly solvable models, and we further confirm its superior performance in a disordered nonintegrable model. … more",publications,0.9
6789b7c3-7e9d-4235-abec-85441c793f67,3d67002f-ea42-477e-9764-d79d06acc9be,Schrödinger cat states of a nuclear spin qudit in silicon,publications,0.9
d237fa64-a889-4155-b468-7e25fe0caf8c,3d67002f-ea42-477e-9764-d79d06acc9be,"High-dimensional quantum systems are a valuable resource for quantum information processing. They can be used to encode error-correctable logical qubits, which has been demonstrated using continuous-variable states in microwave cavities or the motional modes of trapped ions. For example, high-dimensional systems can be used to realize ‘Schrödinger cat’ states, which are superpositions of widely displaced coherent states that can be used to illustrate quantum effects at large scales. Recent proposals have suggested encoding qubits in high-spin atomic nuclei, which are finite-dimensional systems that can host hardware-efficient versions of continuous-variable codes. Here we demonstrate the creation and manipulation of Schrödinger cat states using the spin-7/2 nucleus of an antimony atom embedded in a silicon nanoelectronic device. We use a multi-frequency control scheme to produce spin rotations that preserve the symmetry of the qudit, and we constitute logical Pauli operations for qubits encoded in the Schrödinger cat states. Our work demonstrates the ability to prepare and control non-classical resource states, which is a prerequisite for applications in quantum information processing and quantum error correction, using our scalable, manufacturable semiconductor platform. … more",publications,0.9
28b60878-5fb4-4939-8654-5c2ee7872f23,3d67002f-ea42-477e-9764-d79d06acc9be,Quantum Computation,publications,0.9
bb17f673-b8c4-4413-9f52-b2ca9ea3322a,3d67002f-ea42-477e-9764-d79d06acc9be,"This chapter summarizes quantum computation, including the motivation for introducing quantum resources into computation and how quantum computation is done. Furthermore, this chapterarticulates advantages and limitations of quantum computation, both fundamental and practical. Finally, this chapter expands on the underlying concepts for building quantum computers. … more",publications,0.9
6842ed8f-a711-4c8a-b843-c55119c16a9d,3d67002f-ea42-477e-9764-d79d06acc9be,Erasure conversion in Majorana qubits via local quasiparticle detection,publications,0.9
4d8ac330-5aac-49db-a894-ae60ff471174,3d67002f-ea42-477e-9764-d79d06acc9be,"Quasiparticle poisoning errors in Majorana-based qubits are not suppressed by the underlying topological properties, which undermines the usefulness of this proposed platform. This work tackles the errors originating from intrinsically excited quasiparticles by developing an erasure conversion scheme based on local quasiparticle detection. To model such measurements, we begin by constructing the quasiparticle position operator for the Kitaev chain. A measurement probe coupling to this operator is shown to allow projective measurements in the Wannier quasiparticle basis. Detection of quasiparticles in a region of width d adjacent to each Majorana zero-energy mode allows implementation of an error-detecting Majorana stabilizer code Cd based on microscopic fermionic (nontopological) physical degrees of freedom. The implementation of Cd converts a large fraction of Pauli errors to erasure errors, thus achieving “erasure conversion” in Majorana qubits. We show that the fraction of Pauli errors escaping conversion to erasure errors is exponentially small in d, a result tied to the exponential localization of Wannier functions which we prove rigorously. The suppression in Pauli error rate comes at the cost of the erasure rate increasing sublinearly with d, but this can be readily compensated for by a suitable outer code, with the net effect being a higher threshold rate of quasiparticle poisoning. The framework developed here serves as a basis for understanding how realistic measurements, such as conductance measurements, could be utilized for achieving fault tolerance in these systems. … more",publications,0.9
0944aa99-82ba-4f60-b6b3-ebd0afa61c0a,3d67002f-ea42-477e-9764-d79d06acc9be,Quadratic quantum speedup for perceptron training,publications,0.9
e4f99cb9-3345-4421-9c03-7891fc4e2f69,3d67002f-ea42-477e-9764-d79d06acc9be,"Perceptrons, which perform binary classification, are the fundamental building blocks of neural networks. Given a data set of size 𝑁 and margin 𝛾 (how well the given data are separated), the query complexity of the best-known quantum training algorithm scales as either (√𝑁/𝛾2)⁢log(1/⁢𝛾2) or 𝑁/√𝛾, which is achieved by a hybrid of classical and quantum search. In this paper, we improve the version space quantum training method for perceptrons such that the query complexity of our algorithm scales as √𝑁/𝛾. This is achieved by constructing an oracle for the perceptrons using quantum counting of the number of data elements that are correctly classified. Once such an oracle is constructed, bounded-error quantum search can be used to search over the hyperplane instances. The optimality of our algorithm is proven by reducing the evaluation of a two-level and-or tree (for which the query complexity lower bound is known) to a multicriterion search. Our quantum training algorithm can be generalized to train more complex machine learning models such as neural networks, which are built on a large number of perceptrons. … more",publications,0.9
fa015ed6-2f26-442a-beb8-b87b4bca2064,3d67002f-ea42-477e-9764-d79d06acc9be,Barry Sanders Professor and Scientific Director of Quantum City,experience,0.5
33d788ae-50a1-4a6a-8af0-e478bd6b4f26,3d67002f-ea42-477e-9764-d79d06acc9be,Externally funded Chair,experience,0.5
a8de9825-2e68-4516-b7a1-b7a523c470d6,3d67002f-ea42-477e-9764-d79d06acc9be,Director of the Institute for Quantum Science and Technology at the University of Calgary,experience,0.5
4ca6740f-01d2-4cb8-8b59-8119aa870e26,3d67002f-ea42-477e-9764-d79d06acc9be,Director of the Institute for Quantum Information Science at the University of Calgary,experience,0.5
c7770ba7-7282-4f80-a12d-8ba6c60d77ad,3d67002f-ea42-477e-9764-d79d06acc9be,Externally funded Professorship in the Department of Physics and Astronomy,experience,0.5
b7d84bb1-7210-4624-86dd-bb3fb300249d,3d67002f-ea42-477e-9764-d79d06acc9be,Visiting Scientist in the group of Andrea Morello working on nuclear qudits,experience,0.5
eb642c05-acdc-4b2c-b535-b693bf7b28eb,3d67002f-ea42-477e-9764-d79d06acc9be,"Research on strategy, governance and investment for emerging dual-use technologies",experience,0.5
41494ce8-f4df-4fc0-8d17-9c16a18d3b12,3d67002f-ea42-477e-9764-d79d06acc9be,Series Editor for The IET Series on Quantum Engineering,experience,0.5
3461b5b6-2780-4974-920a-7d56fcf8c14b,3d67002f-ea42-477e-9764-d79d06acc9be,Perform technical assessments,experience,0.5
7ecb481a-dad0-459e-b61e-203846c541ae,3d67002f-ea42-477e-9764-d79d06acc9be,mentor and coach ventures,experience,0.5
2ada21b1-e164-4bd1-aac7-21e318d83138,3d67002f-ea42-477e-9764-d79d06acc9be,lecture at technical bootcamp,experience,0.5
4277b795-0a8f-4baf-b8a4-ff9769119763,d999af6a-e7ea-421f-a46d-f5fda03ed808,Interviewing,skills,1.0
05eda615-028c-455e-a2fb-d8283d6f65ae,d999af6a-e7ea-421f-a46d-f5fda03ed808,Writing For The Web,skills,1.0
6df9e330-1fe5-45f5-a3b3-7cf46d2390ab,d999af6a-e7ea-421f-a46d-f5fda03ed808,Internal Communications,skills,1.0
bd6061f0-df73-4eee-a9e0-9b249e9e8bcd,d999af6a-e7ea-421f-a46d-f5fda03ed808,Key Message Development,skills,1.0
aa7f98f4-e442-4070-a3ac-4911928733be,d999af6a-e7ea-421f-a46d-f5fda03ed808,Web Content Writing,skills,1.0
c9ffce90-fcc2-4140-8ec8-1da263d32d4c,d999af6a-e7ea-421f-a46d-f5fda03ed808,Strategy,skills,1.0
3632b1e6-a07d-41cc-a92a-a1776f8352e9,d999af6a-e7ea-421f-a46d-f5fda03ed808,Anti-racism,skills,1.0
5303562d-ca03-4421-b69d-17e5c83fc4cb,d999af6a-e7ea-421f-a46d-f5fda03ed808,Diversity & Inclusion,skills,1.0
a638a6d1-9853-4e74-85d7-dce758d733d0,d999af6a-e7ea-421f-a46d-f5fda03ed808,Leadership,skills,1.0
82fc1645-a2a0-4705-8a0a-1c2d592f8579,d999af6a-e7ea-421f-a46d-f5fda03ed808,People Management,skills,1.0
1ad7cb19-be01-4067-b8e3-86f7e580c04c,d999af6a-e7ea-421f-a46d-f5fda03ed808,Integrating Intersectionality into Child Health,publications,0.9
505446f3-fcfd-4c99-b5f0-d50fe1f4e56d,d999af6a-e7ea-421f-a46d-f5fda03ed808,"Child health inequities persist in Canada, particularly among sovereignty-deserving First Nations, Métis and Inuit groups and equity-deserving communities. We argue for a fundamental shift in research to remedy these inequities, via an intersectional lens that highlights how social identities and systems of power contribute to disparities. Specifically, we suggest (a) integrating intersectionality, from research conceptualization to results dissemination",publications,0.9
21c04cfb-90af-48f8-a5d9-c6c562ca457e,d999af6a-e7ea-421f-a46d-f5fda03ed808,(b) respectfully and reciprocally engaging with communities,publications,0.9
4dc595ae-f380-48f9-9455-1101b44ef1a6,d999af6a-e7ea-421f-a46d-f5fda03ed808,(c) respectfully collecting and reporting data,publications,0.9
08d5290c-3128-4a27-b8db-b0e646ba8302,d999af6a-e7ea-421f-a46d-f5fda03ed808,(d) recognizing and explicating the diversity within social categories,publications,0.9
7dadf8a9-ac20-419c-aa25-dfb439ca5981,d999af6a-e7ea-421f-a46d-f5fda03ed808,"(e) applying intersectional analytical approaches, and (f) using diverse, participatory and inclusive dissemination strategies. We further underscore the importance of researchers acknowledging their positionalities and their role in promoting reflexivity, as well as using equity, diversity and inclusion principles throughout the research process. We call for a collective commitment to adopt intersectional and EDI approaches in paediatric research, paving the way towards a more equitable health landscape for all children. … more",publications,0.9
1da022fb-f933-43fa-9f04-f862304b894b,d999af6a-e7ea-421f-a46d-f5fda03ed808,Understanding how patients perceive physician wellness and its links to patient care: a qualitative study,publications,0.9
156bdad3-6759-464c-b1c5-f48efc4ae4b3,d999af6a-e7ea-421f-a46d-f5fda03ed808,"Despite increased interest in physician wellness, little is known about patients’ views on the topic. We explore patients’ perceptions of physician wellness and how it links to patient care. This exploratory, qualitative study employed semi-structured interviews with a convenience sample of 20 patients from outpatient care settings in a western Canadian city. Using inductive thematic analysis, interview transcripts were independently coded by two authors and then discussed to ensure consensus and to abstract into higher-level themes. Three overarching premises were identified. First, patients notice cues that they interpret as signs of physician wellness. These include overt indicators, such as a physician’s demeanor or physical appearance, along with a general impression about a physician’s wellness. Second, patients form judgments based on what they notice, and these judgments affect patients’ views about their care",publications,0.9
e0705ccd-50bb-42da-ae5a-bd05c3747707,d999af6a-e7ea-421f-a46d-f5fda03ed808,"feelings, such as trust, in their interactions with physicians",publications,0.9
c3b462a2-3d20-4b91-b0ed-def84f1c3b83,d999af6a-e7ea-421f-a46d-f5fda03ed808,"and actions, such as following care plans. Third, participants perceive a bi-directional link between physician wellness and patient care. Physician wellness impacts patient care, but physician wellness is also impacted by the care they provide and the challenges they face within the healthcare system. Patients’ judgments regarding physician wellness may have important impacts on the doctor-patient relationship. Furthermore, patients appear to have a nuanced understanding about how physicians’ work may put physicians at risk for being unwell. Patients may be powerful allies in supporting physician wellness initiatives focused on the shared responsibility of individual physicians, the medical profession, and healthcare organizations. … more",publications,0.9
5cd2f3f6-396c-4b94-ab2a-c8b58f9341e3,d999af6a-e7ea-421f-a46d-f5fda03ed808,"""I'm not a person that reads"": Identity Work, Adult Learners, and Educational (Dis)Engagement",publications,0.9
a12c1b93-45f8-4cfc-a977-689d6d462deb,d999af6a-e7ea-421f-a46d-f5fda03ed808,an illustration of the theoretical utility and limitations of research focused on the identity work of individuals,publications,0.9
9af2c65a-56aa-46e1-bad4-ac86f33ebe20,d999af6a-e7ea-421f-a46d-f5fda03ed808,and an exhortation to further research concerned with understanding the role of identity in processes of educational engagement/disengagement. … more,publications,0.9
dace600d-57e9-42ca-89c2-ec5ac04f5e7e,d999af6a-e7ea-421f-a46d-f5fda03ed808,The Power of Positive Thinking: A Hidden Curriculum for Precarious Times,publications,0.9
f0cedd11-2be4-4622-a41f-972ceb49e854,d999af6a-e7ea-421f-a46d-f5fda03ed808,"In this article, we explore the relationship between adult education and socioeconomic precariousness, through extending existing scholarship regarding the concept of the hidden curriculum. We analyze transcripts of 134 qualitative interviews undertaken to explore the learning experiences associated with reading self-help books in the domains of career and financial success, health and well-being, and interpersonal relationships. We find that, in addition to facilitating learning connected to the reasons for which people seek out books, self-help reading encourages people to be positive, optimistic, and confident",publications,0.9
6ded7fe0-330f-4a7f-b201-c8b33e22c80e,d999af6a-e7ea-421f-a46d-f5fda03ed808,to stop thinking negatively,publications,0.9
19dde9d3-5d1a-43e0-b143-750bab1fdf58,d999af6a-e7ea-421f-a46d-f5fda03ed808,"and to change their interpretation of themselves and their lives. We argue that the hidden curriculum of positive thinking both reflects and reproduces the cultural logic of precariousness that characterizes contemporary labor markets and domestic relationships, and we encourage adult educators to apply the concept of hidden curriculum to the critical study of other forms of educational practice. … more",publications,0.9
c15a7625-48b3-4dd4-a7cc-6fbb00d153ad,d999af6a-e7ea-421f-a46d-f5fda03ed808,"As the front-facing arm of the Student Team in the Faculty of Graduate Studies, and working closely with Student Team Associate Deans, I support and advise nearly one hundred graduate students per year who are working through complex, non-routine academic issues. I draw heavily on a nuanced understanding of conflict and power, EDI and systemic issues, in the institutional setting. In this work, I regularly lean on advanced skills in: issue resolution",experience,0.5
53bbc5a5-fa87-40f2-a60e-f08967fec5d3,d999af6a-e7ea-421f-a46d-f5fda03ed808,inclusive language and practice,experience,0.5
ec6e1785-586c-4094-a2b7-8e737aa03c05,d999af6a-e7ea-421f-a46d-f5fda03ed808,"and sophisticated communication techniques. I work on a high performing team, mandated with improving the graduate student experience through careful translation of case data to locally/evidence-based improvements to policies and best practices in student support",experience,0.5
fb8fd956-eb87-4801-9666-4f914d472c43,d999af6a-e7ea-421f-a46d-f5fda03ed808,"In this role, I planned, carried out and supported a program of (mainly) qualitative research to advance understanding of Physician Wellness. I prepared tri-council and external funding agency grant applications, coordinated and oversaw a research-in-progress symposium, and co-authored peer-reviewed journal and conference papers",experience,0.5
c90b67f6-22b3-4d91-a146-1769923658a0,d999af6a-e7ea-421f-a46d-f5fda03ed808,"Within the Multiculturalism and Human Rights policy team, I provided support to senior policy analysts and officers. I prepared fact sheets, memos and briefing notes for senior management and well as the Minister and Deputy Minister. During this role, my major file focus was on the Task Force for International Cooperation on Holocaust Education, Remembrance and Research. I played an active role in preparing a 10-member delegation (led by the Minister) for an international plenary. This involved liaising with staff at the Canadian Embassy abroad, drafting and assembling informative materials and anticipating logistical challenges. I organized and assembled comprehensive briefing binders for government and civil society members of Canadian delegation attending international plenaries in the Czech Republic, Norway and Austria. I also drafted ministerial correspondence on various issues relating to citizenship, multiculturalism and human rights in Canada and coordinated and collected materials from over 15 stakeholders for Government of Canada publication",experience,0.5
1dd83fb5-2dcb-41d5-8e2a-664826546af6,1fc8939c-98aa-40c7-8e8b-b34c99a6d7c1,I've had the privilege of leading graduate recruitment at the University of Calgary’s Faculty of Graduate Studies since 2007,about,0.8
6f5be5f7-7ba8-4e0a-81b9-bf65f3b72dfd,1fc8939c-98aa-40c7-8e8b-b34c99a6d7c1,In this role,about,0.8
2e1ee68e-1335-46db-a74d-40956c605b20,1fc8939c-98aa-40c7-8e8b-b34c99a6d7c1,I help connect prospective students with graduate programs that align with their academic and professional goals whether they’re coming straight from undergrad,about,0.8
d19452c9-5adf-4972-9b15-b03724325900,1fc8939c-98aa-40c7-8e8b-b34c99a6d7c1,returning to school mid-career,about,0.8
bb54c132-0514-4bb3-84bd-c87eb7ca031c,1fc8939c-98aa-40c7-8e8b-b34c99a6d7c1,or coming to Canada from abroad,about,0.8
5faf5801-05f7-4cde-a783-205c03395a6e,1fc8939c-98aa-40c7-8e8b-b34c99a6d7c1,My work involves a mix of strategy,about,0.8
a126435b-6cbc-4f35-897a-5830556acff9,1fc8939c-98aa-40c7-8e8b-b34c99a6d7c1,collaboration,about,0.8
b37e7c0d-b6fa-4f61-8219-2892e3db57d8,1fc8939c-98aa-40c7-8e8b-b34c99a6d7c1,and hands-on coordination,about,0.8
a3b751bf-a49a-4d54-bb78-a7686983781b,1fc8939c-98aa-40c7-8e8b-b34c99a6d7c1,I plan and run recruitment events,about,0.8
2e61d920-9f58-4aec-8210-db75c2460af0,1fc8939c-98aa-40c7-8e8b-b34c99a6d7c1,webinars,about,0.8
4444c054-983f-4fbf-865b-385ae9d773ef,1fc8939c-98aa-40c7-8e8b-b34c99a6d7c1,and contribute to digital campaigns,about,0.8
037153cc-c268-44da-a56b-c34dab85bad1,1fc8939c-98aa-40c7-8e8b-b34c99a6d7c1,manage platforms like The Ambassador Platform (TAP),about,0.8
61d715d3-977a-434e-8402-333a81e48ba0,1fc8939c-98aa-40c7-8e8b-b34c99a6d7c1,our Custom Viewbook,about,0.8
d4ee03e2-674b-4ada-bab9-51436b1f4c32,1fc8939c-98aa-40c7-8e8b-b34c99a6d7c1,and virtual tours,about,0.8
0e4dcbff-ba0c-4288-a5a3-05cf8dcef863,1fc8939c-98aa-40c7-8e8b-b34c99a6d7c1,and build relationships with prospective students,about,0.8
180ba3d3-8517-4070-ab48-98d03d5e0a2f,1fc8939c-98aa-40c7-8e8b-b34c99a6d7c1,faculty,about,0.8
ac16394a-416f-4318-a32a-a0da456c28b8,1fc8939c-98aa-40c7-8e8b-b34c99a6d7c1,and partners across campus and beyond,about,0.8
951efbb0-2225-4b36-a78e-8a1c93c8d2fb,1fc8939c-98aa-40c7-8e8b-b34c99a6d7c1,I'm always looking for ways to make the graduate journey more accessible and to help prospective students feel informed and supported from their first inquiry to their final application,about,0.8
85e27235-3636-4cab-b4df-c099a9f01182,1fc8939c-98aa-40c7-8e8b-b34c99a6d7c1,I also work closely with internal teams to track performance,about,0.8
2ba264eb-254d-4463-a9e0-56d2d2afde57,1fc8939c-98aa-40c7-8e8b-b34c99a6d7c1,analyze trends,about,0.8
5fbd8625-de76-4be0-b838-701297414391,1fc8939c-98aa-40c7-8e8b-b34c99a6d7c1,and fine-tune our outreach using Slate CRM tools and data insights,about,0.8
fd1f45e5-12de-4c61-bd4e-e9fe89816b9c,1fc8939c-98aa-40c7-8e8b-b34c99a6d7c1,Over the years,about,0.8
74f8f372-829e-4574-a28d-fbc6a18b85ab,1fc8939c-98aa-40c7-8e8b-b34c99a6d7c1,I’ve developed a deep understanding of what draws students to grad school and what keeps them from applying,about,0.8
13e644af-e37b-4e68-82ae-4162c38fd2bc,1fc8939c-98aa-40c7-8e8b-b34c99a6d7c1,I’m passionate about helping people see the possibilities of graduate education and making that next step feel a little less overwhelming,about,0.8
a9dbff1c-103c-4ab7-b08c-9c4c79a62ff7,1fc8939c-98aa-40c7-8e8b-b34c99a6d7c1,250-300 admissions per year - Coordinate the printing of Graduate Certificate for the Education department,experience,0.5
49d469b0-04ea-43bd-bc66-e18d53015a37,480cc2ee-0cb0-41ea-96b5-90c6afcb2a8d,Change Management,skills,1.0
9c05b8df-c2ec-4b3c-a201-559b5aacb1a4,480cc2ee-0cb0-41ea-96b5-90c6afcb2a8d,Project Planning,skills,1.0
c5ee81da-5a10-4e99-a452-a5b4a05a3fe9,480cc2ee-0cb0-41ea-96b5-90c6afcb2a8d,Leadership,skills,1.0
ae7255a3-76c4-4225-9708-091cbe387258,480cc2ee-0cb0-41ea-96b5-90c6afcb2a8d,Collaborative Problem Solving,skills,1.0
cc6e4164-4d6a-4cfb-a708-372d968d719e,480cc2ee-0cb0-41ea-96b5-90c6afcb2a8d,Collaboration,skills,1.0
5fb3b92a-c15c-4f30-b944-c83c38c0b016,480cc2ee-0cb0-41ea-96b5-90c6afcb2a8d,Project Evaluation,skills,1.0
7b0e416b-3e94-42eb-85f6-bb092035ee02,480cc2ee-0cb0-41ea-96b5-90c6afcb2a8d,Change strategy,skills,1.0
84753e2e-87a2-4996-84e4-729029d935fd,480cc2ee-0cb0-41ea-96b5-90c6afcb2a8d,Speaking French,skills,1.0
94565059-037d-4f11-86bc-96c180470631,480cc2ee-0cb0-41ea-96b5-90c6afcb2a8d,Program Development,skills,1.0
4ee8b4fd-3f0f-4365-aa47-0df15fd36f61,480cc2ee-0cb0-41ea-96b5-90c6afcb2a8d,Program Management,skills,1.0
b0778f17-ce8f-415f-9c0d-c7156595d0ad,480cc2ee-0cb0-41ea-96b5-90c6afcb2a8d,UCalgary MSc Medical Sciences 2021 | UCalgary BHSc Biomedical Sciences 2019 My goal is to make a meaningful positive impact in all that I do,about,0.8
6b23e01b-859d-4c47-9468-53557b2345ca,480cc2ee-0cb0-41ea-96b5-90c6afcb2a8d,I am passionate about health sciences,about,0.8
7ae10e55-911b-4fdc-8d07-957e16e7d478,480cc2ee-0cb0-41ea-96b5-90c6afcb2a8d,fitness,about,0.8
962ddf26-2708-49ef-bc23-19cca958427f,480cc2ee-0cb0-41ea-96b5-90c6afcb2a8d,and making a positive impact on the lives of individuals living with disabilities,about,0.8
db157ac5-8f6c-4981-9220-e0c62b57f19b,480cc2ee-0cb0-41ea-96b5-90c6afcb2a8d,I am a lifelong learner that loves to work as a team and individually,about,0.8
15b4b140-4f46-46fc-8eb0-242bc324a3cf,480cc2ee-0cb0-41ea-96b5-90c6afcb2a8d,try new things,about,0.8
a3cbf480-cd2d-4a1f-97cc-3ce17da0bc99,480cc2ee-0cb0-41ea-96b5-90c6afcb2a8d,and find creative solutions to a problem,about,0.8
ccd49ae4-23a1-417d-9d4a-b2cf6ccb1dbd,480cc2ee-0cb0-41ea-96b5-90c6afcb2a8d,With a thesis-based Master of Science and while working at a non-profit organization,about,0.8
53a83726-9aa4-417e-9803-00149b9ac7e8,480cc2ee-0cb0-41ea-96b5-90c6afcb2a8d,I have honed skills to think critically,about,0.8
e8dc319b-5cb9-4147-b3c2-86ad841b94be,480cc2ee-0cb0-41ea-96b5-90c6afcb2a8d,find creative solutions to problems,about,0.8
f72aa027-eccf-4425-bc4e-089c1f661cff,480cc2ee-0cb0-41ea-96b5-90c6afcb2a8d,As I progress in my career,about,0.8
1c3c75bf-6aab-4ebe-889c-0da2e2311406,480cc2ee-0cb0-41ea-96b5-90c6afcb2a8d,I look forward to connecting with you,about,0.8
5ba4fd1f-f2a5-4c5c-a1be-3757c5084afb,480cc2ee-0cb0-41ea-96b5-90c6afcb2a8d,"Establish, develop, and implement best practices and initiatives for engaging patient partners and stakeholders, and demonstrate added-value of research participants and their families Lead meetings for lab members and patient engagement partners in a timely and organized manner Develop marketing content for public social media and stakeholder engagement purposes",experience,0.5
2185f164-8d13-4165-9287-d5bf22f9d0ec,480cc2ee-0cb0-41ea-96b5-90c6afcb2a8d,"Initiate, foster, and maintain strong relationships with internal and external stakeholders Collaboratively develop and implement strategy, including change management and project management plans, to increase research capacity and integrate with the medical technology ecosystem Support research program launch and its objectives, timelines, personnel, and resources Work with faculty members, staff, and trainees to identify gaps and support research excellence",experience,0.5
983c820f-c33d-4e9d-bb8b-d8d594dbc3e4,480cc2ee-0cb0-41ea-96b5-90c6afcb2a8d,"Planning, organizing and facilitating expressive arts classes and camps for individuals of all ages with special needs. Managing both volunteers and participants in classes to maximize participants' enjoyment, engagement, and goal achievement. Mentor volunteers to provide expertise on behavioural management and physical safety during classes. Interact with parents to identify participants' goals, subsequently incorporate activities to work towards participants' goals",experience,0.5
bb41c727-1350-48a2-8a9a-7f2e55a3fb79,ef121235-d2e7-4250-bbe1-9fceb6febae7,Leadership,skills,1.0
e2f836b3-0fdc-47f6-a7ea-eb816b7755d4,ef121235-d2e7-4250-bbe1-9fceb6febae7,Higher Education Funding Environment,skills,1.0
ae4ce723-6d8e-4349-bed4-87edf2f64b7f,ef121235-d2e7-4250-bbe1-9fceb6febae7,Project Management,skills,1.0
f34a85ec-a83a-4e4b-aa8e-16c440b6a479,ef121235-d2e7-4250-bbe1-9fceb6febae7,Team Leadership,skills,1.0
860ece50-dd21-4b63-9652-2c261352923f,ef121235-d2e7-4250-bbe1-9fceb6febae7,Grant Development,skills,1.0
0da033c4-a974-4956-8fd6-aac8f2762a68,ef121235-d2e7-4250-bbe1-9fceb6febae7,Research and Development (R&D),skills,1.0
33331b4b-c457-4455-8701-3c3491753103,ef121235-d2e7-4250-bbe1-9fceb6febae7,Management,skills,1.0
d2e22e3c-44fb-48dd-ab22-551e7600e26d,ef121235-d2e7-4250-bbe1-9fceb6febae7,Volunteer Management,skills,1.0
c960d706-03b4-493c-8da8-e1c42232e547,ef121235-d2e7-4250-bbe1-9fceb6febae7,Nonprofits,skills,1.0
cbc87244-7f84-4460-9141-c9a6b83cf549,ef121235-d2e7-4250-bbe1-9fceb6febae7,Public Speaking,skills,1.0
249a43aa-4d0c-4073-86ea-dfa4b32252ed,59f1baa7-c47e-4120-aab8-90de02a38acf,AI and machine learning,skills,1.0
b8434eae-683b-4a6c-8cf0-8f37aa356c65,59f1baa7-c47e-4120-aab8-90de02a38acf,"Hyperspectral, LiDAR and SAR remote sensing",skills,1.0
55a530af-05e3-4231-9220-4249b18f7551,59f1baa7-c47e-4120-aab8-90de02a38acf,Environmental Monitoring,skills,1.0
3b080e20-2f40-47f1-8f91-daed8ac686ad,59f1baa7-c47e-4120-aab8-90de02a38acf,Spatial Analysis,skills,1.0
65c233ae-5b3c-47f2-bb8a-5027fde14051,59f1baa7-c47e-4120-aab8-90de02a38acf,With the explosion of Remote Sensing (RS) data,about,0.8
23bc5df9-628d-4e51-8b88-b993f844d63a,59f1baa7-c47e-4120-aab8-90de02a38acf,fast market growth is bottlenecked by the lack of intelligent analytics that can automatically transfer large-volume,about,0.8
3d591bbc-87d8-479c-88ac-dec43c07750f,59f1baa7-c47e-4120-aab8-90de02a38acf,ever-increasing,about,0.8
d4edbe9b-33dc-4983-9da7-cc918216a7f1,59f1baa7-c47e-4120-aab8-90de02a38acf,noisy,about,0.8
63301749-ea33-4194-85ab-32e9df8c4637,59f1baa7-c47e-4120-aab8-90de02a38acf,heterogeneous raw RS data into compact,about,0.8
d32744d0-4516-454b-b9ed-94cc9bd417bb,59f1baa7-c47e-4120-aab8-90de02a38acf,real-time,about,0.8
88724697-ea7f-490f-a23c-ac5ed8c4d5af,59f1baa7-c47e-4120-aab8-90de02a38acf,value-added information products,about,0.8
27db0552-1f74-4850-94e8-6eadcf82989b,59f1baa7-c47e-4120-aab8-90de02a38acf,I tailor-design cutting-edge AI solutions to enable automatic generation of scalable RS information products in a high-precision,about,0.8
2d6eda0a-1ef0-4ee0-97f2-abb32410aed7,59f1baa7-c47e-4120-aab8-90de02a38acf,fast and cost-effective manner to better support various key applications in environmental monitoring,about,0.8
58c58196-f89d-4315-b4d3-58fc6fa4ce72,59f1baa7-c47e-4120-aab8-90de02a38acf,climate change studies and resource exploration,about,0.8
9e5f8760-6743-465d-8c6d-2cd9aa87343e,59f1baa7-c47e-4120-aab8-90de02a38acf,I have strong expertise on AI and machine learning (ML),about,0.8
8f8bf101-2cda-40ff-a837-db0ad3e1b0c3,59f1baa7-c47e-4120-aab8-90de02a38acf,different remote sensing techniques (i,about,0.8
1e34e33d-e535-45a9-a756-cadc7fdcd97e,59f1baa7-c47e-4120-aab8-90de02a38acf,Hyperspectral,about,0.8
a62cf09f-c894-4693-89b0-b9ea84b372ea,59f1baa7-c47e-4120-aab8-90de02a38acf,Lidar and SAR remote sensing),about,0.8
a09d3f1a-2adf-44b1-a352-3fd237a79279,59f1baa7-c47e-4120-aab8-90de02a38acf,and their environmental monitoring applications,about,0.8
4e9c0282-d0fd-4d8b-9e8e-7c7eb5717103,59f1baa7-c47e-4120-aab8-90de02a38acf,land cover/use classification,about,0.8
202e09fd-8ed9-45dc-ba98-0af22ca72577,59f1baa7-c47e-4120-aab8-90de02a38acf,hyperspectral environmental monitoring,about,0.8
f155a521-498c-4f26-90f6-68718e752245,59f1baa7-c47e-4120-aab8-90de02a38acf,oil spill detection,about,0.8
3c01c767-613f-424f-9909-1b21f7b1f838,59f1baa7-c47e-4120-aab8-90de02a38acf,and sea/lake ice mapping,about,0.8
1e737f59-4cec-4dee-9549-6d65c997b379,59f1baa7-c47e-4120-aab8-90de02a38acf,In my key research areas,about,0.8
6274fd9a-a3aa-4b80-82c5-6627bb5ee11d,59f1baa7-c47e-4120-aab8-90de02a38acf,I have demonstrated excellence,about,0.8
959c10d8-c420-48f8-9ad1-fef53cc5e1b8,59f1baa7-c47e-4120-aab8-90de02a38acf,leadership and recognition,about,0.8
057c4801-5d56-4097-bdc3-6eb7a830d147,59f1baa7-c47e-4120-aab8-90de02a38acf,as principal investigator,about,0.8
a530ddcc-c258-47a9-a691-fcdffa81e9ac,59f1baa7-c47e-4120-aab8-90de02a38acf,have successfully secured many competitive grants,about,0.8
28e3d105-c412-4f34-bc42-18c42b1510cc,59f1baa7-c47e-4120-aab8-90de02a38acf,including NSERC Discovery Grant,about,0.8
8120372e-f6f2-40e3-aa92-5e5374c38de6,59f1baa7-c47e-4120-aab8-90de02a38acf,I have published one book chapter,about,0.8
22205375-ceb4-4b65-a4b8-4c74d6243017,59f1baa7-c47e-4120-aab8-90de02a38acf,79 journal papers on high-rank remote sensing journals and 50 conference articles on high-impact conferences,about,0.8
0b758dfb-1829-405b-af72-9cf9b16d4353,59f1baa7-c47e-4120-aab8-90de02a38acf,and I frequently receive reviewer invitations from high-impact remote sensing journals and conferences,about,0.8
a36513da-7328-4773-b8ca-ca7d19e77020,59f1baa7-c47e-4120-aab8-90de02a38acf,Multi-Task Edge Detection for Building Vectorization From Aerial Images,publications,0.9
c50ad812-6809-4763-a1e8-525fae8f18ab,59f1baa7-c47e-4120-aab8-90de02a38acf,Uncertainty-Incorporated Ice and Open Water Detection on Dual-polarized SAR Sea Ice Imagery,publications,0.9
13b69c2e-0dd1-47ba-8ef7-402a87241d93,59f1baa7-c47e-4120-aab8-90de02a38acf,"NeRF: Neural Radiance Field in 3D Vision, A Comprehensive Review",publications,0.9
789803ba-eb2c-42f6-a01d-29554b83faa6,59f1baa7-c47e-4120-aab8-90de02a38acf,3DCTN: 3D convolution-transformer network for point cloud classification,publications,0.9
c1a4881a-d474-4475-99fe-e721cc655a31,59f1baa7-c47e-4120-aab8-90de02a38acf,Transformers in 3D Point Clouds: A Survey,publications,0.9
a2d7a91b-51ac-41c7-b546-e2a8ecd30ae4,59f1baa7-c47e-4120-aab8-90de02a38acf,BCUN: Bayesian Fully Convolutional Neural Network for Hyperspectral Spectral Unmixing,publications,0.9
6642f72a-0d5a-404a-b734-3f25f6aea305,59f1baa7-c47e-4120-aab8-90de02a38acf,SAR image denoising via clustering-based principal component analysis,publications,0.9
a1c7c4df-d40a-4940-afe3-d95d139076b9,59f1baa7-c47e-4120-aab8-90de02a38acf,JAVA web programming: from beginner to expert (in Chinese),publications,0.9
a67d4cf0-9eab-4559-881a-dcbd4a01fc9d,59f1baa7-c47e-4120-aab8-90de02a38acf,Mapping sea ice with artificial intelligence,experience,0.5
6aa7f1ee-1473-4aa3-b65e-d75654ebff79,59f1baa7-c47e-4120-aab8-90de02a38acf,Water Institute,experience,0.5
c4a697d6-c691-4d1f-801a-4685573462a7,f600f82d-b642-448e-acce-a465b810051c,A bit about me… I’m Buffy (truly my real name),about,0.8
d61436b0-44e5-42df-b5bd-7c7b6a2f5481,f600f82d-b642-448e-acce-a465b810051c,Senior Director of UCalgary International and Senior Internationalization Officer at the University of Calgary,about,0.8
175e1a6a-1eab-431b-9388-06b49b44d444,f600f82d-b642-448e-acce-a465b810051c,I have the privilege of leading an exceptional team that helps the university build meaningful global relationships and amplify its impact around the world,about,0.8
082dfa56-dc6e-48b9-b1f6-169082030d8a,f600f82d-b642-448e-acce-a465b810051c,My work spans,about,0.8
d7332ee9-19b5-44c4-ac3c-62d013a9496f,f600f82d-b642-448e-acce-a465b810051c,Strategic global partnerships and alliances • International relations and diplomacy • Research and innovation collaborations across borders • Institution-wide global initiatives • Strengthening global engagement and visibility I’m known for bringing people together,about,0.8
60cee955-3a08-41f6-9746-ec4a686e7979,f600f82d-b642-448e-acce-a465b810051c,sparking ideas,about,0.8
b9953504-3ddc-44fd-b542-9c6bd31e2993,f600f82d-b642-448e-acce-a465b810051c,and moving strategy into action,about,0.8
a1569074-2a0e-4e50-9ab3-678e9d5f7486,f600f82d-b642-448e-acce-a465b810051c,I love the work of building bridges — between institutions,about,0.8
45cfe662-fbe9-4bf1-990e-134ffa191136,f600f82d-b642-448e-acce-a465b810051c,cultures,about,0.8
d251480f-f065-4859-85f5-4ccb22967af4,f600f82d-b642-448e-acce-a465b810051c,and communities — and I approach every initiative with clarity,about,0.8
2f6389d2-0900-4eef-ae27-c82bfb02134e,f600f82d-b642-448e-acce-a465b810051c,purpose,about,0.8
ad9dfea8-0a3e-4a2a-85fd-44666a773a2b,f600f82d-b642-448e-acce-a465b810051c,and a global mindset,about,0.8
b7c001a1-a1fc-4da9-a801-2cf29eadbd77,f600f82d-b642-448e-acce-a465b810051c,JS Daw & Associates is a vibrant boutique consultancy. We partner with leading businesses and nonprofit organizations to create innovative and measurable community strategies that create shared value while advancing positive social change and building meaningful partnerships. www.jsdaw.com,experience,0.5
4f918b9d-cd59-4e72-b866-236f0b24e81f,f600f82d-b642-448e-acce-a465b810051c,* Managed international partnerships as part of the college recruitment strategy with foreign public and private organizations. * Developed a comprehensive international student services plan,experience,0.5
d706ad9e-9378-4262-bd1f-14917329186a,f600f82d-b642-448e-acce-a465b810051c,"* Developed and maintained over 55 partnerships with institutions from around the world (Europe, USA, Australia, Japan, Hong Kong, China, Mexico, New Zealand, Malaysia, Ghana)",experience,0.5
a04b9528-a545-49ae-9813-a439a19b1729,f600f82d-b642-448e-acce-a465b810051c,"* Responsible for recruiting, advising, selecting, admissions, pre-departure and re-entry of Canadians and international students for semester or year abroad programs",experience,0.5
2eb4d675-f9b0-493d-8282-2203f1f6dd6d,f600f82d-b642-448e-acce-a465b810051c,* Worked closely with foreign embassies and trade delegations including import and export associations. * Coached the Chamber's members with creating business opportunities for both Canadian and Filipino companies,experience,0.5
11dea495-a9a9-471c-8032-a028660939ff,4c0c0162-2a03-466a-81c2-14c47c0b5042,Cyber security seed investor and startup advisor dedicated to reducing the barriers faced by entrepreneurs of all backgrounds,about,0.8
2e0710b3-6f48-4b44-91bf-60988a0c3bf2,4c0c0162-2a03-466a-81c2-14c47c0b5042,Co-founded Osney Capital a pure cyber security venture capital fund focused on Seed and Series A investments,about,0.8
70154633-02f1-45b7-841d-7c5afa43be5f,4c0c0162-2a03-466a-81c2-14c47c0b5042,Previously,about,0.8
cc6eb87d-21ef-4e6d-a178-9f50acc76654,4c0c0162-2a03-466a-81c2-14c47c0b5042,named top 10 VCs in the world by Forbes and the #2 investor in female-founded companies by CrunchBase,about,0.8
3eb18832-5e65-4410-8e3c-e1e2b97244f2,4c0c0162-2a03-466a-81c2-14c47c0b5042,Experience building entrepreneurship programming at some of the world's top universities,about,0.8
b6d79ab7-edb0-4311-9811-58ae1eeebff6,4c0c0162-2a03-466a-81c2-14c47c0b5042,4 questions to determine if you’re ready to meet investors,publications,0.9
853bb754-3e63-4248-84e9-e10487aadaf0,4c0c0162-2a03-466a-81c2-14c47c0b5042,"For some time, it seemed like everyone who sought out funding received it. In 2015, you couldn’t escape funding-round news. That was a year that saw $148 billion invested via VC deals in the United States, the highest level in almost 20 years. In 2017, that number fell to $71.9 billion. The more than 50 percent decline in total funding dollars was accompanied by a drop in total deals: 8,381 in 2015 and 5,052 in 2017. Last year saw the lowest level of deals since 2012. For startups seeking investment, this news may be alarming. A significant drop in dollars, as well as deals, portends venture capital money is not as free-flowing as it once was. The drop in deals is the result of larger mega-rounds, which trend toward larger, more-experienced companies. … more",publications,0.9
3f528f7c-cd5c-46df-8761-6bf06e3e4259,4c0c0162-2a03-466a-81c2-14c47c0b5042,3 critical elements for a great investor pitch,publications,0.9
b3a75bf2-29e0-445e-8a9a-171adf98f417,4c0c0162-2a03-466a-81c2-14c47c0b5042,"What makes one pitch, versus one that’s just mediocre? A great pitch will always address three critical points: opportunity, timing, and team. … more",publications,0.9
2942a094-2e66-4546-82b7-4e7c091a91e7,4c0c0162-2a03-466a-81c2-14c47c0b5042,How to ace your accelerator application,publications,0.9
9c38a0ed-b2b2-4e26-811d-e7a0c66e1704,4c0c0162-2a03-466a-81c2-14c47c0b5042,"In the process of growing a business, it’s not uncommon to consider an accelerator program. Accelerators aren’t about just buying runway for a company. They aren’t even purely about the money. The goal of an accelerator is to move a company from one level to the next. … more",publications,0.9
a84b7c1d-b0db-4dbc-a172-34d2758e04ac,4c0c0162-2a03-466a-81c2-14c47c0b5042,"Helped navigate a period of transition and oversaw the launch of the Hunter Hub for Entrepreneurial Thinking as part of the University's strategic plan, fostering a community of innovative thinkers. • Managed activities to support entrepreneurial student experiences and enable faculty to lead in innovation. • Expanded the community of entrepreneurial and innovative thinkers at the University of Calgary. • Raised over $16m for projects to support entrepreneurs and innovators",experience,0.5
02332e01-3487-46e4-b0e3-ce6cc86d3738,4c0c0162-2a03-466a-81c2-14c47c0b5042,"Managed investments in early-stage ventures across various industries, leading to a Forbes recognition as a top 10 VC globally. • Spearheaded the accelerator program, providing $150k funding and a 12-week curriculum to startups, resulting in Quake being named #2 investor in female-founded companies by CrunchBase. • Collaborated with teams globally to drive innovation and growth, with offices in New York City, Los Angeles, and Austin",experience,0.5
d24f2fab-2b1d-4325-ae64-92072aa9e61c,4c0c0162-2a03-466a-81c2-14c47c0b5042,"Developed entrepreneurial classes for NYU students, faculty, and alumni, leading to the establishment of the Leslie Entrepreneurs Lab. • Led workshops on lean startup methodology and customer development, hosting over 100 workshops and hackathons in the first year. • Designed and built the first open prototyping space on campus with 3D printers and a laser cutter for NYU entrepreneurs",experience,0.5
10b0f757-bfee-470c-a21d-b8ffe219b170,4c0c0162-2a03-466a-81c2-14c47c0b5042,Developed programs to enhance entrepreneurial skills of MIT students. • Counseled student entrepreneurs to maximize center resources. • Planned and executed entrepreneurship events attended by hundreds. • Led the redevelopment of the Center’s online presence,experience,0.5
cb05813b-3879-4292-938f-40cca7d0a18e,8f535946-b499-48c1-981b-8dc619076464,University Teaching,skills,1.0
753656da-8469-4da9-b00f-5f9e2b83dfb4,8f535946-b499-48c1-981b-8dc619076464,Educational Assessment,skills,1.0
09357d37-a91b-4351-a049-3b20e6434e6a,8f535946-b499-48c1-981b-8dc619076464,Talent Development,skills,1.0
e1407f3f-9f7f-4e2d-a8ce-cb43c0dd52a8,8f535946-b499-48c1-981b-8dc619076464,Curriculum Development,skills,1.0
113a8709-bad1-4284-8714-6bf79bba1d97,8f535946-b499-48c1-981b-8dc619076464,Growth-Oriented,skills,1.0
db0f5a59-2df3-4691-9c5a-28eb51616d47,8f535946-b499-48c1-981b-8dc619076464,CRM Software,skills,1.0
7a0cdaf6-4ed9-4774-bc78-ff39d0aa9599,8f535946-b499-48c1-981b-8dc619076464,Building Business Partnerships,skills,1.0
1129318c-f5bb-4d8b-9a13-fb3b622a1af8,8f535946-b499-48c1-981b-8dc619076464,Client Development,skills,1.0
cc3f08ef-c295-43eb-b423-a6b61d3264b9,8f535946-b499-48c1-981b-8dc619076464,International Education,skills,1.0
c8bf200b-259a-40fd-a111-cd4f9fec7e50,8f535946-b499-48c1-981b-8dc619076464,Community Engagement,skills,1.0
fde7a4c5-740d-41e8-ab9d-bab1e6000ad5,8f535946-b499-48c1-981b-8dc619076464,I have always been driven by a deep passion for connecting with people and empowering them to fully develop their talent,about,0.8
552a2c70-0568-42c7-bb4f-eeb9a4de90b4,8f535946-b499-48c1-981b-8dc619076464,I firmly believe that when we each contribute our unique strengths and play our part we can change the world,about,0.8
4feccfe9-34c9-4f70-93ad-35779d49b5cf,8f535946-b499-48c1-981b-8dc619076464,I am drawn to organizations and individuals who are pioneering innovative solutions to address real-life challenges,about,0.8
9a92174a-27d3-41f7-a25e-4e9e88cba85b,8f535946-b499-48c1-981b-8dc619076464,As a bridge builder between problems and solutions,about,0.8
c8e59f2f-e1c4-4124-b801-41833c4b928d,8f535946-b499-48c1-981b-8dc619076464,I am committed to helping create a better future for us all,about,0.8
11c16712-6d75-4027-8539-b656a518827b,8f535946-b499-48c1-981b-8dc619076464,Top skills Sales • Communication • Marketing Strategy,about,0.8
90e1c400-2a9e-4582-bf19-d728e37ae547,8f535946-b499-48c1-981b-8dc619076464,"I help bridge the gap between academia and industry by building collaborations that drive research, innovation, and economic growth. I work closely with companies, non-profits, and post-secondary institutions to identify R&D or strategic challenges and connect them with the right academic expertise and funding. From early scoping to proposal development and approval, I guide partners through the Mitacs process, ensuring projects are well-designed, impactful, and fully aligned with program requirements. My work blends relationship-building and strategic insight—helping organizations access top research talent while enabling students and professors to apply their expertise to real-world challenges that make a difference",experience,0.5
7ea35d66-3e9b-40a5-95d0-112a7e8f2bcb,8f535946-b499-48c1-981b-8dc619076464,Identify and promote strategic partnerships between academia and industry Help innovative organizations access the talent they need Help organizations leverage their R&D dollars through our funding programs Guide applicants through project funding options Develop and manage relationships with key stakeholders,experience,0.5
e8ff67e4-c7ac-4561-bc38-e14f6c8d5406,8f535946-b499-48c1-981b-8dc619076464,MDBT 604 - Finances in Biomedical Technology MDBT 601 - Business Fundamentals MDBT 607 - Product Commercialization: Go to Market Strategies,experience,0.5
3c0695b2-2d1e-43eb-ba78-8392621a8700,8f535946-b499-48c1-981b-8dc619076464,"Department of Entrepreneurship, Marketing and Social Innovation ENTR 4433 - Business Plan Development",experience,0.5
2bf8f727-1636-496a-aaab-3ea7831bb2b0,8f535946-b499-48c1-981b-8dc619076464,"We partner with people-first organizations to help their leaders grow in ways that strengthen both culture and performance. Our work blends strategy with humanity—offering personalized, high-touch leadership development programs that help leaders thrive at work and in life",experience,0.5
3bf64db9-a539-4abf-b574-52db79d11022,8f535946-b499-48c1-981b-8dc619076464,Designed and conducted a market survey to gather information on clients’ needs Researched market size and identified target group for new product launch Identified system requirements for the creation of a novel e-learning platform and developed the necessary documentation including specification on functional and technical requirements Investigated potential project pitfalls and implemented appropriate preventative measures Worked closely with Circle’s scientific team to guarantee cohesive development of the platform Assisted web developer to ensure objectives were met efficiently and in a timely manner,experience,0.5
0896b1d2-f275-4c7f-bd9a-0ca1bc7db6b6,e3554ab7-4bf7-4abc-98a3-eaa265ca524e,Gina Grandy brings a wealth of experience and expertise to her role as Dean and Professor at the Haskayne School of Business,about,0.8
20109b62-c222-4f32-8c12-e2f9c9cf3eb4,e3554ab7-4bf7-4abc-98a3-eaa265ca524e,University of Calgary,about,0.8
88c92623-72bb-481b-a8af-ebb90fcc7876,e3554ab7-4bf7-4abc-98a3-eaa265ca524e,Having also served as the former Dean of the Hill-Levene Schools of Business at the University of Regina,about,0.8
61d31d59-a283-400c-87cb-2d557c6d0d5d,e3554ab7-4bf7-4abc-98a3-eaa265ca524e,Gina is known for her dynamic leadership and commitment to excellence,about,0.8
adac87be-4c32-487d-84a4-cb6bb0728809,e3554ab7-4bf7-4abc-98a3-eaa265ca524e,In addition to her academic leadership,about,0.8
2dcbf570-3641-4fea-8617-74eac6e64ee0,e3554ab7-4bf7-4abc-98a3-eaa265ca524e,Gina is a certified leadership and performance coach,about,0.8
215d4411-eabc-4fc8-a97f-c3ebd73b0b88,e3554ab7-4bf7-4abc-98a3-eaa265ca524e,offering strategic guidance to individuals and organizations seeking to excel in areas such as leadership development,about,0.8
a9fc2d09-116a-456c-bd62-d0f3fddb5f6f,e3554ab7-4bf7-4abc-98a3-eaa265ca524e,women in leadership,about,0.8
21c3d592-88bc-4490-8022-02c0dd1c23fc,e3554ab7-4bf7-4abc-98a3-eaa265ca524e,strategy,about,0.8
d3f2bc54-9b45-4e02-b80b-9e9cf94a6757,e3554ab7-4bf7-4abc-98a3-eaa265ca524e,and change management,about,0.8
5a85d302-57f4-4c98-88c5-ed1a2489889f,e3554ab7-4bf7-4abc-98a3-eaa265ca524e,Her consulting portfolio extends across diverse sectors,about,0.8
47657ebd-0a25-49f5-bf68-46a0bdbf702d,e3554ab7-4bf7-4abc-98a3-eaa265ca524e,including for-profit,about,0.8
175d7f26-6b7f-4557-8cb3-9efeeab2785c,e3554ab7-4bf7-4abc-98a3-eaa265ca524e,public,about,0.8
8bda7b5f-e4c0-4440-8092-da3d242b8706,e3554ab7-4bf7-4abc-98a3-eaa265ca524e,and non-profit organizations in Canada,about,0.8
783ab861-c03c-4f9f-a124-f00764d4328f,e3554ab7-4bf7-4abc-98a3-eaa265ca524e,the US,about,0.8
13cc3c26-f10d-4a50-adbd-1a100e33e16e,e3554ab7-4bf7-4abc-98a3-eaa265ca524e,and the UK,about,0.8
de56c23e-4e5b-4eeb-a731-3f3d1fc971c3,e3554ab7-4bf7-4abc-98a3-eaa265ca524e,Having taught at several institutions worldwide,about,0.8
0d11d16b-94e6-4c0d-bd7e-1e085226c364,e3554ab7-4bf7-4abc-98a3-eaa265ca524e,including Mount Allison University,about,0.8
80ce4c67-bdec-4945-8ba7-eac0d18aef99,e3554ab7-4bf7-4abc-98a3-eaa265ca524e,Memorial University of Newfoundland and Labrador,about,0.8
39fde325-b19d-4d5e-97eb-7506ec655f3a,e3554ab7-4bf7-4abc-98a3-eaa265ca524e,and Northumbria University,about,0.8
21b71065-aff2-4a38-95b9-b97884f5fc95,e3554ab7-4bf7-4abc-98a3-eaa265ca524e,Gina's global perspective enriches her research and consulting endeavors,about,0.8
c207f380-db80-44a8-a0e3-08061346c96c,e3554ab7-4bf7-4abc-98a3-eaa265ca524e,Her work,about,0.8
caf3ff71-138d-4774-a8f2-83bc96b5baa9,e3554ab7-4bf7-4abc-98a3-eaa265ca524e,which delves into themes of leadership,about,0.8
fe898c92-6af3-4f1d-8c9a-6f0a7ee32e1b,e3554ab7-4bf7-4abc-98a3-eaa265ca524e,gender dynamics,about,0.8
f93f4517-fb0e-4a56-8a39-1285c3318bba,e3554ab7-4bf7-4abc-98a3-eaa265ca524e,stigmatized work,about,0.8
76b619c1-dae5-459a-ab93-8136c18ef244,e3554ab7-4bf7-4abc-98a3-eaa265ca524e,and case studies,about,0.8
3b08d83e-8d0e-45c6-bc17-e892fc8fb85c,e3554ab7-4bf7-4abc-98a3-eaa265ca524e,has been published extensively,about,0.8
45c524fb-946a-4dbe-b09f-ac0f39e1ba74,e3554ab7-4bf7-4abc-98a3-eaa265ca524e,Notably,about,0.8
b2b59cf3-e9db-466c-a1ea-ec9ef49dd752,e3554ab7-4bf7-4abc-98a3-eaa265ca524e,Gina has secured research grants from prestigious bodies such as the Social Sciences and Humanities Research Council of Canada and the Canadian Institutes of Health Research,about,0.8
ec804203-e260-4588-bd96-d3ec90bff26e,e3554ab7-4bf7-4abc-98a3-eaa265ca524e,Gina is a respected figure in the scholarly community,about,0.8
ea0ec135-a419-49bf-a4d3-d74890356343,e3554ab7-4bf7-4abc-98a3-eaa265ca524e,serving as the co-editor of two books and holding editorial positions for journals such as the Case Research Journal (past Editor) and Gender in Management,about,0.8
96f27d2b-c24e-4129-86bd-fd0cbdbb17b9,e3554ab7-4bf7-4abc-98a3-eaa265ca524e,An International Journal (Regional Editorial Board),about,0.8
46f3c9a0-fa5e-430d-af70-45533cb7e9dc,e3554ab7-4bf7-4abc-98a3-eaa265ca524e,She also serves on the international advisory board for Management Learning,about,0.8
73f84402-fcc2-45ef-8410-6281d70d07e1,e3554ab7-4bf7-4abc-98a3-eaa265ca524e,Gina Grandy epitomizes the fusion of academic rigor and real-world impact,about,0.8
ac91e758-6237-46cb-8804-de10da021c7c,e3554ab7-4bf7-4abc-98a3-eaa265ca524e,making her a sought-after authority in the fields of business education,about,0.8
f974ce2f-e80e-4b4f-a715-e2ffab8d3ce5,e3554ab7-4bf7-4abc-98a3-eaa265ca524e,leadership development and women's leadership,about,0.8
2fc01661-5062-4cec-822e-418be1fd2885,2ebb1f65-4f5d-4acd-92de-62d2c34e9f5f,Turin's primary research interests are challenges in access to care and unmet needs faced by the socially vulnerable population of the society,about,0.8
089e3057-1797-4634-819f-0d99fa844263,2ebb1f65-4f5d-4acd-92de-62d2c34e9f5f,including new immigrants,about,0.8
5917405c-e353-49cb-a234-849a23013eb0,2ebb1f65-4f5d-4acd-92de-62d2c34e9f5f,refugees,about,0.8
bbfee14d-9bd1-4817-9f73-b13182c864fe,2ebb1f65-4f5d-4acd-92de-62d2c34e9f5f,and ethnic communities,about,0.8
69a6bedd-75e6-4452-83de-bff33c2471ce,2ebb1f65-4f5d-4acd-92de-62d2c34e9f5f,He leads his program of research through the approach of Community Based Participatory Research and Integrated Knowledge Translation where efforts for Meaningful Community Engagement is at the core,about,0.8
9e5b8ee0-ed7e-4dfd-8eef-afe624356fa0,2ebb1f65-4f5d-4acd-92de-62d2c34e9f5f,Turin has been highly productive and has published more than 280 scholarly / academic publications including research manuscripts,about,0.8
52c13f2a-72c3-449e-8fed-f2dce8a8cda5,2ebb1f65-4f5d-4acd-92de-62d2c34e9f5f,conference proceedings,about,0.8
86bdf136-497c-45f3-886d-422466f0e23c,2ebb1f65-4f5d-4acd-92de-62d2c34e9f5f,and book/book-chapters,about,0.8
15842c0c-71ca-4b5c-83a4-8521a48b6e7c,2ebb1f65-4f5d-4acd-92de-62d2c34e9f5f,He draws upon the background as a clinician with a diverse set of research methodological skills and multidisciplinary experience and has been involved in research collaborations both nationally and internationally,about,0.8
17fd3a09-36d3-4981-b860-41ab8819d1a7,2ebb1f65-4f5d-4acd-92de-62d2c34e9f5f,Turin supervises graduate and undergraduate students on topics directly related to his research program,about,0.8
26aa1903-8632-430d-a932-3852e7a838b1,2ebb1f65-4f5d-4acd-92de-62d2c34e9f5f,Turin has received training in medicine,about,0.8
d65d13f8-5c96-4779-a341-0aa71a778926,2ebb1f65-4f5d-4acd-92de-62d2c34e9f5f,population and public health,about,0.8
7296b4eb-89dd-45ea-92b5-d32c7c6085a2,2ebb1f65-4f5d-4acd-92de-62d2c34e9f5f,epidemiology and health services research,about,0.8
12b2e616-2d61-47a7-a136-fd6eeac2cad7,2ebb1f65-4f5d-4acd-92de-62d2c34e9f5f,He trained and worked as a physician in Bangladesh,about,0.8
236c4bba-7fa8-4be7-a465-2a9ae3882681,2ebb1f65-4f5d-4acd-92de-62d2c34e9f5f,He received his Masters in 2005 from Karolinska Institute,about,0.8
467ab6ed-cab7-4205-bdea-c00c2f52c5b5,2ebb1f65-4f5d-4acd-92de-62d2c34e9f5f,Sweden and his PhD in 2008 from Shiga Medical University,about,0.8
f8736c10-1e5a-4afe-a89e-80d9ccd3ade8,2ebb1f65-4f5d-4acd-92de-62d2c34e9f5f,Japan,about,0.8
d3a7a532-ca37-4d52-aff5-c120f7ea6627,2ebb1f65-4f5d-4acd-92de-62d2c34e9f5f,After finishing a Postdoctoral Fellowship from Japan Science of Promotion of Sciences (JSPS),about,0.8
28afa966-aeb4-4304-b220-28d3051b9f5d,2ebb1f65-4f5d-4acd-92de-62d2c34e9f5f,he moved to University of Calgary in 2010 to pursue another Postdoctoral Fellowship with The Interdisciplinary Chronic Disease Collaboration (ICDC),about,0.8
c5a634b4-f04f-4d2d-9277-7e9149e162b3,2ebb1f65-4f5d-4acd-92de-62d2c34e9f5f,He also acquired fellowship awards from the Canadian Health Research Institute (CIHR) and the Canadian Diabetes Association (CDA),about,0.8
b4644f9b-7b68-44ee-ac43-b7c7b0d5e251,835db8ff-2a81-4470-a51f-3a9567827e6b,I hold a Doctor of Philosophy (Ph,about,0.8
216f12df-190c-4702-b746-4f543b588c8f,835db8ff-2a81-4470-a51f-3a9567827e6b,) Degree with a 1st Class Top Ranking in Electrical and Computer Engineering from the University of Calgary,about,0.8
4ed80ff9-5c2e-4a86-823a-3b237a66d1f4,835db8ff-2a81-4470-a51f-3a9567827e6b,Canada,about,0.8
99e4d0a0-a25a-43df-b9d0-4a99f37b9796,835db8ff-2a81-4470-a51f-3a9567827e6b,My doctoral thesis and research lie at the intersection of Artificial Intelligence–driven signal processing,about,0.8
912b9c40-8941-4795-a299-11cb94becc79,835db8ff-2a81-4470-a51f-3a9567827e6b,data-driven optimization,about,0.8
c77b863e-8e3b-49e6-8339-1e04d9ef8a2f,835db8ff-2a81-4470-a51f-3a9567827e6b,and advanced wireless communications for 5G,about,0.8
fbaece75-2e0a-4437-beca-e6449e2c8579,835db8ff-2a81-4470-a51f-3a9567827e6b,and beyond,about,0.8
6173c1ab-fc93-4055-887b-018f02eb7571,835db8ff-2a81-4470-a51f-3a9567827e6b,with a strong emphasis on energy-efficient transmission,about,0.8
eb8349d6-9e36-43f3-b0d7-d85313d59312,835db8ff-2a81-4470-a51f-3a9567827e6b,high-mobility systems,about,0.8
a139a384-dcdb-420b-90af-6d89762c1c53,835db8ff-2a81-4470-a51f-3a9567827e6b,and the integration of software optimization with reliable,about,0.8
eb9c8e77-5c95-4c8b-a9fd-736544bab0f2,835db8ff-2a81-4470-a51f-3a9567827e6b,energy-aware hardware implementation for embedded and sensor-based devices,about,0.8
82c7eb83-74d3-4117-a673-0286fdaaa822,835db8ff-2a81-4470-a51f-3a9567827e6b,My work reflects a balanced blend of innovation and novelty,about,0.8
68b50ffd-d9da-415a-93ab-cfc74547726f,835db8ff-2a81-4470-a51f-3a9567827e6b,combining strong theoretical rigour with real-world,about,0.8
097543e6-89ac-4c69-b3eb-b67f3093670d,835db8ff-2a81-4470-a51f-3a9567827e6b,application-focused design and validation,about,0.8
0748634e-b028-4999-9feb-162828f16d92,835db8ff-2a81-4470-a51f-3a9567827e6b,bridging the gap between hardware and software co-design,about,0.8
61d5a44f-1a60-4fda-b246-05e13af91ea6,835db8ff-2a81-4470-a51f-3a9567827e6b,Based on the overall rigour,about,0.8
87a3015d-e1fa-446a-9ab8-770197defedb,835db8ff-2a81-4470-a51f-3a9567827e6b,originality,about,0.8
b8c0380e-7378-4d28-a9b0-d90ad70e0096,835db8ff-2a81-4470-a51f-3a9567827e6b,and quality of the research,about,0.8
00eb84db-6c24-4709-9a09-e1e1bb201e28,835db8ff-2a81-4470-a51f-3a9567827e6b,my Ph,about,0.8
513caeef-b880-42b2-978a-37df3f7a4664,835db8ff-2a81-4470-a51f-3a9567827e6b,thesis research has been ranked within the top 10% at the University of Calgary,about,0.8
e6560a43-23fb-4cf7-a374-943e490b2b11,835db8ff-2a81-4470-a51f-3a9567827e6b,I was awarded the Alberta Innovates Graduate Scholarship,about,0.8
e9395ae0-8d39-49c0-9ded-39b7f74c5915,835db8ff-2a81-4470-a51f-3a9567827e6b,jointly funded by the Government of Alberta and the University of Calgary (4 times),about,0.8
27632e47-b4d4-42de-887b-3644c70110dc,835db8ff-2a81-4470-a51f-3a9567827e6b,(awarded to only 7 out of 700 = 1%) of total applicants per year in recognition of the potential impact of my research on green and energy-efficient technologies in Alberta,about,0.8
913d9df4-fcba-40cd-bb99-ff6f473fa314,835db8ff-2a81-4470-a51f-3a9567827e6b,research was further supported by the International Graduate Tuition Award,about,0.8
47dd1fb0-1417-42a0-ad4c-f5c7f4ed7750,835db8ff-2a81-4470-a51f-3a9567827e6b,ESE Departmental Funding Award,about,0.8
9ab6e309-9736-4a87-8b5a-20d2c95d5866,835db8ff-2a81-4470-a51f-3a9567827e6b,I have been serving as an Instructor at the University of Calgary across multiple undergraduate and graduate courses in the Departments of Electrical and Software Engineering and Computer Science,about,0.8
a740bdbc-4c69-40e9-a3b2-cab497fbb227,835db8ff-2a81-4470-a51f-3a9567827e6b,under both the Schulich School of Engineering and the Faculty of Science,about,0.8
38f99dfb-ff97-4f41-9355-2885b0b98d35,835db8ff-2a81-4470-a51f-3a9567827e6b,I actively mentor undergraduate and graduate students interested in going beyond course requirements through research projects,about,0.8
8c1ae2f5-e70b-4a69-83d7-614036f2ee88,835db8ff-2a81-4470-a51f-3a9567827e6b,system-level demonstrations,about,0.8
f351955d-35ba-4d7e-8bb0-bd4b84bf25a4,835db8ff-2a81-4470-a51f-3a9567827e6b,and innovation-focused career development,about,0.8
77d82759-c020-466e-b0f9-fc43ee1a9270,835db8ff-2a81-4470-a51f-3a9567827e6b,In parallel,about,0.8
75c11d59-adc3-4fff-88d0-6fcc389e1122,835db8ff-2a81-4470-a51f-3a9567827e6b,I have served as an Invited IEEE Reviewer for over 7 years for several flagship journals and conferences,about,0.8
da0cb386-f83e-45fc-912f-3ee9d3c62f09,835db8ff-2a81-4470-a51f-3a9567827e6b,mentoring early-career researchers through constructive peer review,about,0.8
ffce3ef0-6a3e-442f-a589-ca073e56c9da,835db8ff-2a81-4470-a51f-3a9567827e6b,I have also volunteered as an Invited Judge for over three years at science fairs and academic competitions,about,0.8
c49eb747-ddff-49e9-b1c0-c8687c064008,835db8ff-2a81-4470-a51f-3a9567827e6b,supporting and encouraging young researchers at the school and college levels,about,0.8
a80b27eb-184f-4653-9eb0-06516b0908d1,835db8ff-2a81-4470-a51f-3a9567827e6b,Prior to my Ph,about,0.8
b67b15c2-03ea-470a-93e7-6fcce02e34d5,835db8ff-2a81-4470-a51f-3a9567827e6b,I earned a Master of Engineering degree from Chulalongkorn University,about,0.8
2f021915-2dde-45f7-9247-16c9c56ad02c,835db8ff-2a81-4470-a51f-3a9567827e6b,Bangkok,about,0.8
e277638c-3eec-45d3-a3eb-de1cf2a25ff3,835db8ff-2a81-4470-a51f-3a9567827e6b,Thailand (ranked 1st nationally),about,0.8
64bfc7d6-d915-4d6b-a9c1-1e50fdc7617a,835db8ff-2a81-4470-a51f-3a9567827e6b,graduating with a perfect CGPA of 4,about,0.8
93ef2457-25df-4545-8d62-92e5ed75ed62,835db8ff-2a81-4470-a51f-3a9567827e6b,fully funded by the ASEAN & Non-ASEAN Scholarship from the Thai Government & Chulalongkorn University,about,0.8
b0d76dfd-0b81-4ddb-8ce5-57f2c9e5e2bf,835db8ff-2a81-4470-a51f-3a9567827e6b,Top skills University Teaching • Research • Academic Publishing • Computer Science • Electrical Engineering,about,0.8
81067f07-1ab4-4288-98ef-bb82edaddbad,835db8ff-2a81-4470-a51f-3a9567827e6b,A New SS-VDS-SLM Technique for PAPR Reduction in High-Mobility Real-time OTSM,publications,0.9
6c1e8439-0915-4482-ba14-d3d32102333d,835db8ff-2a81-4470-a51f-3a9567827e6b,A Semi-Supervised QPSO-TR PAPR Reduction Scheme for OTSM Systems,publications,0.9
2defd897-34b8-42e8-810e-d0dbaf5ccf60,835db8ff-2a81-4470-a51f-3a9567827e6b,"This paper proposes a semi-supervised quantum particle swarm optimization-based tone reservation (SS-QPSO-TR) method with affinity propagation (AP) clustering and k-nearest neighbours (KNN) algorithms. The proposed SS-QPSO-TR method reduces the high peak-to-average power ratio (PAPR) in orthogonal time sequency multiplexing (OTSM) systems. The main finding is a significant 4.5 dB, 4.3 dB and 4 dB PAPR reduction in contrast to the original OTSM for QAM-64, 16 and 4, respectively while concurrently reducing transmission computational complexity by 16.7 times, compared to adapted tone reservation in both-domain (A-TR-BD), at the same bit error rate (BER) and error vector magnitude (EVM) performance. The proposed SS-QPSO-TR scheme enables efficient modulation of OTSM transmitters in high-mobility, real-time, wireless communication scenarios. … more",publications,0.9
18603555-6811-4766-8e68-dfcde4ad76a1,835db8ff-2a81-4470-a51f-3a9567827e6b,OFDM PAPR Reduction by ANN-Aided Tone Reservation via PSO,publications,0.9
18100e7b-d95d-435a-97ca-f262031e4ace,835db8ff-2a81-4470-a51f-3a9567827e6b,"Orthogonal frequency division multiplexing (OFDM) is a well-known modulation technique in wireless communications, due to its spectral efficiency and robustness against frequency-selective fading. Nevertheless, OFDM signals confront a significant challenge in the form of a high peak-to-average power ratio (PAPR), leading to distortion when transmitted through power amplifiers (PAs). This research introduces an artificial neural network-aided tone reservation with particle swarm optimization (ANN-TR-PSO) PAPR reduction technique to address this issue. The proposed method not only attains superior PAPR reduction gains but also reduces transmission computational complexity while maintaining bit error rate (BER) integrity. The outcome of this technique will enable efficient and reliable deployment for real-time applications in 5 G and beyond communications. … more",publications,0.9
86392957-d6d7-42ed-8d01-8b2ddb965ca1,835db8ff-2a81-4470-a51f-3a9567827e6b,Analysis and Mitigation of Transmitter Nonlinearity Effects on FBMC Signals,publications,0.9
9ba8278c-5b69-4518-9c96-8ac46bae5080,835db8ff-2a81-4470-a51f-3a9567827e6b,"This paper investigates the performance enhancement of wireless transmitters driven by Filter Bank Multi-Carrier (FBMC) signals using digital pre-distortion (DPD) techniques. The study explores the superiority of FBMC over Orthogonal Frequency Division Multiplexing (OFDM) in terms of spectral efficiency and error performance. Extensive measurements are conducted on a base station transmitter, employing both memory-less and memory polynomial DPD models to analyze the impact of non-linearity and memory on FBMC and OFDM signals. Experimental results demonstrate that DPD significantly improves Adjacent Channel Power Ratio (ACPR) and Error Vector Magnitude (EVM), thereby enhancing Power Amplifier (PA) efficiency. The study provides valuable insights for designers in selecting appropriate waveforms and DPD algorithms to achieve desired performance metrics in wireless communications. … more",publications,0.9
eea91979-72b7-45ad-a673-65128c1ba999,835db8ff-2a81-4470-a51f-3a9567827e6b,Analysis of Adapted Tone Reservation PAPR Reduction Techniques in OTSM System,publications,0.9
d5442204-b6ff-4715-aba7-52cd855f18d5,835db8ff-2a81-4470-a51f-3a9567827e6b,"Orthogonal time sequency multiplexing (OTSM) is one of the novel modulation candidates which has been recently proposed for future 6G wireless communications, as it outperforms the well-known orthogonal frequency division multiplexing (OFDM) and orthogonal time frequency space (OTFS) systems in terms of bit error rate (BER) and computational complexity, respectively in a high-mobility doubly dispersive wireless channel. However, a current analysis reveals that OTSM suffers from a very high peak-to-average power ratio (PAPR) problem like the conventional OFDM. As a result, this paper takes the initiative to analyze the efficacy of the adapted versions of the classical tone reservation (TR) PAPR reduction technique in the sequency-delay domain of the new OTSM systems, in terms of PAPR reduction gains, computational complexity and BER performance as currently, none exists in the literature. This research reveals how the TR can be adapted with reserved tone vectors (RVs) to the new delay-sequency domains and how its PAPR reduction capability and computation complexity vary with each new algorithmic change. The results provide analytical and simulation-wise insights into the newly-adapted TR (A-TR) algorithms in OTSM systems which will prove to be useful for carrying out future research in 6G. … more",publications,0.9
222b2ac3-b7b5-42e6-953f-fdbaaca8285d,835db8ff-2a81-4470-a51f-3a9567827e6b,A Discrete-Time Simulation for Throughput Performance Evaluation of IEEE802.11 with Hidden Stations,publications,0.9
02bd655e-1323-4905-a5e8-45576974e35e,835db8ff-2a81-4470-a51f-3a9567827e6b,"The hidden station is a major problem in Wireless Local Area Network (WLAN). As the hidden stations obstruct the perception of transmitting packets, this results in a collision during transmission. In this paper, a discrete-time simulation for IEEE802.11 is demonstrated, and the saturation throughput is observed. A comparison between the analytical model and the simulation model is also conducted. For the sake of lucidity, the number of hidden channels is varied and the shared channel medium is monitored over a longer period to observe the situation of hidden and contending stations. Results show an excellent agreement between the analytical and experimental approaches. … more",publications,0.9
2e7e1092-5213-4e76-a5c2-80e0e2f05ed4,835db8ff-2a81-4470-a51f-3a9567827e6b,Development of Chinese Vocabulary Learning by utilizing Virtual Reality,publications,0.9
6e90b96a-e6b7-435e-b535-5c84589c66cf,835db8ff-2a81-4470-a51f-3a9567827e6b,Artificial Neural Network (ANN) based Classification of High and Low PAPR OFDM signals,publications,0.9
d234dc1d-076d-45ef-8d8e-2cd606eaac1b,835db8ff-2a81-4470-a51f-3a9567827e6b,"In the upcoming era, 5G is expected to enhance communications in terms of high-speed data rate, low latency, and efficient power utilization. Orthogonal frequency division multiplexing (OFDM) is the modulation technique of 5G. However, OFDM suffers from a large peak-to-average power ratio (PAPR). This degrades the performance of the power amplifiers (PA). As a result, the PAPR deteriorates the overall power efficiency of the 5G system. So, it is often highly essential to find which type of OFDM signals results in high PAPR. This classification will enable PAPR reduction techniques such as Clipped-Control Tone Reservation (CC- TR) to focus effectively on the classes of OFDM signals that have high PAPRproblems. So, we have proposed a model of Artificial Neural Network (ANN) for classifying OFDM signals having high and low PAPR. Here we have compared our ANN's performance, by using different types of activation functions, optimizers, signal chunk samples, and input data types such as combinations of bits and complex symbols to demonstrate the varying estimation ability and accuracy of our ANN model. … more",publications,0.9
3e2c3c66-3530-4241-a003-532338926ad9,835db8ff-2a81-4470-a51f-3a9567827e6b,Comparative Analysis of Successive Cancellation and List Decoders Using Distinct Combinations of LLRs for Polar Codes,publications,0.9
51fabe32-7560-4893-b3a1-ffeb115709e0,835db8ff-2a81-4470-a51f-3a9567827e6b,"Under the 3rd Generation Partnership Project (3GPP) New Radio (NR), polar codes have been chosen as one of the methods of channel coding. Polar codes are used for the control channel in 5G wireless communication deployment. So, the channel decoding schemes used to decode the received codeword must be properly analyzed for efficient utilization of 5G. This paper performed a comparative analysis of the distinct channel state-based capabilities of decoding of the two different contenders of polar code decoders: 1) Successive Cancelation (SC) decoder and 2) Successive Cancellation List (SCL) decoder. Here we have analyzed both the decoders in terms of the various combinations of high and low Log-Likelihood Ratios (LLRs) of the received codewords from the channel. This investigation has revealed that even the SCL decoder always explores more decodable candidates than the SC counterpart, under some specific received codewords the SC may decode better. … more",publications,0.9
fbd8e953-d4d5-463f-b54a-d03494126166,835db8ff-2a81-4470-a51f-3a9567827e6b,A GUI based Self-learning Tool for Polar Codes using Successive Cancellation and List Decoders,publications,0.9
5ba71c92-79b9-4ac8-ae78-5fafc509e7d2,835db8ff-2a81-4470-a51f-3a9567827e6b,"Alhamdulillah! 🙏 I am honored to be teaching as a Sessional Instructor for Explorations in Information Security and Privacy for Spring 2026 by the Department of Computer Science at the University of Calgary, Canada 🇨🇦. This course continues to engage a diverse cohort of undergraduate students ranging from 1st year to 5th year 🎓, exploring critical areas such as cybersecurity 🔐, ethical hacking 🧠⚔️, privacy laws ⚖️, AI-driven risks 🤖, and even the future of cryptographic security in the quantum era ⚛️ . As Albert Einstein once said, ""Education is not the learning of facts, but the training of the mind to think."" 🧠✨ Hence, I look forward to fostering critical thinking, ethical responsibility, and technical depth in shaping the next generation of cybersecurity professionals and responsible digital innovators 💡👩‍💻👨‍💻. This journey is made possible through the continuous blessings of my mother ❤️ and the infinite grace of Almighty Allah 🤲. #Instructor 🎓🇨🇦 #CyberSecurity 🧠⚔️ #UniversityOfCalgary 🍁🏫 #GratefulAndHonored 😇✨ #InformationSecurity 📡 ##ComputerScience 🌐🧪✌️ #TeachingJourney 🚀 #Spring2026 📅",experience,0.5
716a0a71-9e74-4d6b-a84a-eda255d36bb1,835db8ff-2a81-4470-a51f-3a9567827e6b,"Alhamdulillah! 🙏 I am honoured to be teaching as a Sessional Instructor for the TWO upper-year Undergraduate Courses: Application-Specific Processors & Accelerators (for the Electrical and Software Engineering Department) and Explorations in Information Security and Privacy (2nd time)(for the Computer Science Department) for teaching over 250 students for the Upcoming Winter 2026 Term at the University of Calgary, Canada 🇨🇦. These courses serve a diverse and motivated cohort of senior undergraduate students 🎓 and engage deeply with two essential dimensions of modern computing systems: • Application-specific processor architectures and hardware accelerators —focusing on performance, energy efficiency, and hardware–software co-design for workloads in machine learning, signal processing, and embedded systems ⚙️⚡ • Information security and privacy —addressing secure system design, privacy-preserving techniques, ethical responsibilities, and real-world challenges in protecting data and digital infrastructure 🔐🖥️ As Richard Feynman once said, “What I cannot create, I do not understand.” 💡 With this philosophy at heart, I am passionate to help students design before they optimize, build before they abstract, and reason before they assume—connecting rigorous theory with hands-on experimentation and real-world impact 🚀👩‍💻👨‍💻. This milestone is made possible by the endless blessings of my beloved mother ❤ and the infinite grace of Almighty Allah 🤲. hashtag#SessionalInstructor 🎓🇨🇦 hashtag#ApplicationSpecificProcessors ⚙️⚡ hashtag#HardwareAccelerators 🛠️💻 hashtag#InformationSecurity 🔐 hashtag#PrivacyEngineering 🖥️🛡️ hashtag#UniversityOfCalgary 🍁🏫 hashtag#ElectricalEngineering ⚡ hashtag#ComputerScience 💻 hashtag#TeachingJourney 🚀 hashtag#GratefulAndHonored 😇✨ hashtag#Winter2026 ❄️📅",experience,0.5
7009d2e8-acd7-49b4-846a-d3670797125b,835db8ff-2a81-4470-a51f-3a9567827e6b,"Alhamdulillah! 🙏 I am honoured to be teaching as the Doctoral Sessional Instructor for the TWO courses: Applied Optimization for Sustainable Design (Graduate M.Eng. Course)(2nd time) and Scalable Data Analytics (Upper-year Undergraduate Course) for the Upcoming Fall 2025 Term by the Department of Electrical and Software Engineering at the University of Calgary, Canada 🇨🇦. These courses serve a dynamic range of graduate and senior undergraduate students 🎓, and delve into the fascinating worlds of optimization for sustainable engineering—covering convex analysis, linear, integer, non-linear, and meta-heuristic methods ♻️📈—as well as the principles of big data, scalable programming paradigms, and large-scale analytics frameworks applied to domains such as web behavior and text mining 📊💻. As Albert Einstein once said, “Education is not the learning of facts, but the training of the mind to think.” 💡 I am truly excited to share my passion for optimization, sustainability, and data analytics—helping empower students to become innovative problem solvers and leaders of tomorrow 🔬👩‍💻👨‍💻. This milestone is made possible by the endless blessings of my beloved mother ❤ and the infinite grace of Almighty Allah 🤲. hashtag#DoctoralSessionalInstructor 🎓🇨🇦 hashtag#AppliedOptimization ♻️📈 hashtag#ScalableDataAnalytics 📊💻 hashtag#UniversityOfCalgary 🍁🏫 hashtag#ElectricalEngineering ⚡ hashtag#SoftwareEngineering 💻🛠 hashtag#TeachingJourney 🚀 hashtag#GratefulAndHonored 😇✨ hashtag#Fall2025 🍂📅",experience,0.5
4075dc8e-1180-436c-b863-2720bc953002,835db8ff-2a81-4470-a51f-3a9567827e6b,I have been invited by the International Student Service (ISS) of the University of Calgary for leading new International Graduate Students as their Mentor. Looking Forward to making a blast in this role. #ucalgary ✌️❤️😎🇨🇦,experience,0.5
3d70a130-9b12-4ef9-b1fe-7822a63012fa,835db8ff-2a81-4470-a51f-3a9567827e6b,"Alhamdulillah! 🙏 I am honoured to be re-appointed as a Doctoral Sessional Instructor for the TWO courses: Signals & Transforms and Computer Organization for the Summer 2025 Term by the Department of Electrical and Software Engineering at the University of Calgary, Canada 🇨🇦. These courses serve a dynamic range of undergraduate students from 2nd year to 5th year 🎓, and delve into the fascinating worlds of signal analysis, system transformations, and mathematical foundations 📈🔉 as well as the internal workings of computers, processor architecture, and digital logic design 🖥️⚙️. As Steve Jobs once said, “The only way to do great work is to love what you do.” 💡 Hence, I’m excited to share my passion for these core engineering subjects and to help shape the minds of future innovators, problem solvers, and technology leaders 🔬👨‍💻👩‍💻. This milestone is made possible by the endless blessings of my beloved mother ❤️ and the infinite grace of Almighty Allah 🤲. #DoctoralSessionalInstructor 🎓🇨🇦 #SignalsAndTransforms 📊🎶 #ComputerOrganization 🖥️🔧 #UniversityOfCalgary 🍁🏫 #ElectricalEngineering ⚡️ #SoftwareEngineering 💻🛠️ #TeachingJourney 🚀 #GratefulAndHonored 😇✨ #Summer2025 ☀️📅",experience,0.5
bc6706ee-22c6-4300-b726-e364ff88dcae,835db8ff-2a81-4470-a51f-3a9567827e6b,"Alhamdulillah! 🙏 I am honoured to be teaching as a Doctoral Sessional Instructor for the TWO courses: Signals & Transforms and Computer Organization for the Summer 2025 Term by the Department of Electrical and Software Engineering at the University of Calgary, Canada 🇨🇦. These courses serve a dynamic range of undergraduate students from 2nd year to 5th year 🎓, and delve into the fascinating worlds of signal analysis, system transformations, and mathematical foundations 📈🔉 as well as the internal workings of computers, processor architecture, and digital logic design 🖥️⚙️. As Steve Jobs once said, “The only way to do great work is to love what you do.” 💡 Hence, I’m excited to share my passion for these core engineering subjects and to help shape the minds of future innovators, problem solvers, and technology leaders 🔬👨‍💻👩‍💻. This milestone is made possible by the endless blessings of my beloved mother ❤️ and the infinite grace of Almighty Allah 🤲. #DoctoralSessionalInstructor 🎓🇨🇦 #SignalsAndTransforms 📊🎶 #ComputerOrganization 🖥️🔧 #UniversityOfCalgary 🍁🏫 #ElectricalEngineering ⚡️ #SoftwareEngineering 💻🛠️ #TeachingJourney 🚀 #GratefulAndHonored 😇✨ #Summer2025 ☀️📅",experience,0.5
5ca870e2-8b13-45a5-92ec-1d8bd7d22d1f,835db8ff-2a81-4470-a51f-3a9567827e6b,"Alhamdulillah! 🙏 I am honored to be teaching as a Doctoral Sessional Instructor for Explorations in Information Security and Privacy for Spring 2025 by the Department of Computer Science at the University of Calgary, Canada 🇨🇦. This course serves a diverse cohort of undergraduate students ranging from 1st year to 5th year 🎓, and dives into the vital world of cybersecurity 🔐, data protection 🛡️, and digital ethics ⚖️. As Nelson Mandela once said, ""Education is the most powerful weapon which you can use to change the world."" 🌍 Hence, I’m excited to guide and empower the next generation of cyber-aware leaders and responsible digital citizens 💡👩‍💻👨‍💻. This achievement is made possible by the continuous blessings of my mother ❤️ and the infinite grace of Almighty Allah 🤲. #DoctoralSessionalInstructor 🎓🇨🇦 #CyberSecurity 🧠⚔️ #UniversityOfCalgary 🍁🏫 #GratefulAndHonored 😇✨ #InformationSecurity 📡 ##ComputerScience 🌐🧪✌️ #TeachingJourney 🚀 #Spring2025 📅",experience,0.5
84a104c9-3da9-47bb-b8c6-6f890af16950,835db8ff-2a81-4470-a51f-3a9567827e6b,"Alhamdulillah, it's one of my Highest Achievements and Honor to teach as a Doctoral Sessional Instructor by the University of Calgary, Canada 🇨🇦. As a Sessional UCalgary Faculty Academic, I will teaching nearly 80 new Masters and Ph.D Graduate Students regarding Applied Optimization Methods that provides Sustainable Designs and Outcomes. It wouldn't be possible without my Mother's Blessings and Almighty Allah's Wishes. #DoctoralSessionalInstructor 😇❤️🇨🇦✌️ #UniversityOfCalgary 🇨🇦✌️😇 #Canada 🇨🇦❤️✌️😇",experience,0.5
357e432f-887e-453d-bd02-209b6c28a650,835db8ff-2a81-4470-a51f-3a9567827e6b,This course teaches the following as per APEGA's criteria: The professional duties and responsibilities of the engineer as they relate to society. Ethics and the engineering profession. Public and worker safety and health. Design for safety. Sustainable development. The engineer and the environment. Environmental stewardship. Essentials of leadership. Gender issues. Employment equity. Fundamentals of Engineering Law. Professional organizations. The Engineering Professions Act,experience,0.5
be4d676f-7171-4181-9c83-9f44e0ac4be4,835db8ff-2a81-4470-a51f-3a9567827e6b,"I'm happy to share that I have started to work as a Co-instructor of Introductions to Communications Systems and Networks at the University of Calgary, Canada 🇨🇦... #University_of_Calgary #Canada 🇨🇦 ❤️ ✌️",experience,0.5
656cbc8c-ee32-4a03-8617-398ec0c7dfa0,835db8ff-2a81-4470-a51f-3a9567827e6b,"This course teaches the principles of computer networks such as: layered protocol stacks, socket programming, programming frameworks for developing secure distributed systems, and introduction to principles of software-defined networks. to final-year undergraduates. So I look forward to working with them. #University_of_Calgary ❤🇨🇦😇",experience,0.5
5cd8edcd-cab4-40e1-9ac6-d6e92f5532de,835db8ff-2a81-4470-a51f-3a9567827e6b,"I’m happy to share that I have been selected among 150 other applicants to teach the fundamentals of programming constructs, data structures and algorithm development, that facilitates data analytics, validation and visualization using Python and Machine Learning to first-year students in all engineering disciplines. #University_of_Calgary ❤🇨🇦😇✌",experience,0.5
3ce40eaa-d705-4e08-a280-dff78d25e4f8,835db8ff-2a81-4470-a51f-3a9567827e6b,"I am blessed to share that I will be teaching this Big Scalable Data Analytics course to new M.Eng., M.Sc. and Ph.D. Students at the University of Calgary, which has several Industrial Applications. #University_Of_Calgary ✌️🇨🇦❤️",experience,0.5
a89107ca-5f90-4f42-b08f-34321490a0ef,835db8ff-2a81-4470-a51f-3a9567827e6b,"This course teaches the following topics: Introduction to communications systems and networks. Analog communications concepts include filtering and analog modulation. Sampling and digital communications concepts including binary baseband/passband modulation matched filtering and detection. Telecommunications and data network fundamentals including network protocol architectures, design and performance",experience,0.5
d31625a6-691a-433c-b9c4-5e49295385f4,835db8ff-2a81-4470-a51f-3a9567827e6b,"This course teaches the following topics to 1st-year Undergraduate Students: Current, voltage and power",experience,0.5
76673337-f3a6-4a73-ab75-405c78f9904b,835db8ff-2a81-4470-a51f-3a9567827e6b,Kirchhoff's current and voltage laws,experience,0.5
c59fec85-cf6b-4b61-9c14-9e2fa98e9a55,835db8ff-2a81-4470-a51f-3a9567827e6b,capacitors,experience,0.5
745e15af-0a15-49c2-9401-92673dda48dc,835db8ff-2a81-4470-a51f-3a9567827e6b,electricity and magnetism fundamentals applied to circuit elements and machines,experience,0.5
1affd49c-1718-4579-b934-69ddd336af82,835db8ff-2a81-4470-a51f-3a9567827e6b,inductors,experience,0.5
372db054-acb2-4ccb-949a-837fb2bef1d7,835db8ff-2a81-4470-a51f-3a9567827e6b,topics in electrical circuits and systems,experience,0.5
b14db02a-bf91-456c-8387-5ba9e71c9521,835db8ff-2a81-4470-a51f-3a9567827e6b,instrumentation,experience,0.5
f4231a6f-22ad-421b-a654-3e2c143cb202,835db8ff-2a81-4470-a51f-3a9567827e6b,"circuit design, DC and AC circuit analysis methods",experience,0.5
7b9ba613-bebd-4520-82fd-9bd117d299a2,835db8ff-2a81-4470-a51f-3a9567827e6b,DC and AC machines,experience,0.5
3e9c3afb-ee07-4379-a859-8703f5975aa1,835db8ff-2a81-4470-a51f-3a9567827e6b,first order circuits and transient analysis,experience,0.5
b8fcd7b1-6569-4046-b8b8-3630260a02bc,835db8ff-2a81-4470-a51f-3a9567827e6b,"Alhamdulillah, I am delighted to share that I have been officially invited to serve as a Reviewer for the IEEE Transactions on Vehicular Technology (TVT) (📈 Impact Factor: 7.1) 📰 — a prestigious, top-tier IEEE journal dedicated to publishing high-quality research in the fields of vehicular technology, wireless communications, connected and autonomous vehicles, and intelligent transportation systems 🚗📡. IEEE TVT is globally recognized for advancing innovative theories, practical methodologies, and impactful applications that shape the future of transportation and wireless technologies. It is truly an honour 🙏 to join this esteemed community of scholars, and I look forward to contributing to the progress of knowledge through thorough and constructive peer review 🧠🛠️. Grateful for the opportunity to support cutting-edge research and uphold the values of IEEE TVT publications ✅. #IEEE #TVT #PeerReview #VehicularTechnology #WirelessCommunications #ConnectedVehicles #AutonomousDriving #AcademicService 🎓 #Gratitude #ResearchCommunity 🌐 #ReviewerRole #ProfessionalGrowth 📈 #ImpactfulResearch #AcademicExcellence 🏅",experience,0.5
459d0f75-5fa6-4d70-a245-d30deb6716bc,835db8ff-2a81-4470-a51f-3a9567827e6b,"Alhamdulillah, I am delighted to share that I have been officially invited to serve as a Reviewer for the IEEE Transactions on Network Science and Engineering (TNSE)(📈 Impact Factor: 7.9) 📰 — a prestigious, top-tier IEEE journal dedicated to high-quality research in network science, complex systems, and their engineering applications worldwide 🌐. With its strong reputation and rigorous peer-review standards, TNSE plays a key role in advancing fundamental theories, innovative methodologies, and impactful applications across domains like communications, social networks, biological systems, and cyber‑physical infrastructures. It is truly an honour 🙏 to join this esteemed scholarly community, and I look forward to contributing through thorough and constructive reviews 🧠🛠️. I’m grateful for this opportunity to support cutting-edge research and uphold the values of IEEE TNSE publications ✅. #IEEE #TNSE #PeerReview #NetworkScience #ComplexSystems #AcademicService 🎓 #Gratitude #ResearchCommunity 🌐 #ReviewerRole #ProfessionalGrowth 📈 #ImpactfulResearch #AcademicExcellence 🏅",experience,0.5
b598ed99-aa23-4731-b98f-cf5a231051e1,835db8ff-2a81-4470-a51f-3a9567827e6b,It's a pleasure to be invited to work as a Reviewer for one of the Top-TIER IEEE Conferences in Wireless Communications in the world. I hope to make it a blast... #IEEE_GLOBECOM ❤️✌️,experience,0.5
03f07ddb-33a6-4745-9c26-ab0bdaef1438,835db8ff-2a81-4470-a51f-3a9567827e6b,"I have acted as an invited IEEE reviewer for several international IEEE conferences and journals: ISBI 2024-2026, Greece-USA, AGRETA 2024, ICSGRC 2024, I2CACIS 2024, ICSGRC 2024, Malaysia, ICCC 2024, China, ISBI 2023, Columbia, ICECET 2022, Czech Republic, ICECCME 2022, Maldives, SSPHE Journal 2022, China, ICECET 2021, South Africa, ICSPC 2021, Malaysia, IWCMC 2020, Cyprus, etc",experience,0.5
312ecac5-4d0e-44cf-a21a-2c0864c6990c,835db8ff-2a81-4470-a51f-3a9567827e6b,"I researched on Edge Cutting 5G Communication Technologies, as part of my masters degree's requirement. For my research I focus on efficient utilization and deployment of 5G Channel Coding schemes, such as: Polar codes and LDPC. Additionally I also focus on PAPR reduction schemes for OFDM systems for effective 5G deployment, according to 3GPP",experience,0.5
e07fa930-c798-45a7-b6b5-e25af665cb9c,835db8ff-2a81-4470-a51f-3a9567827e6b,"Fundamentals of Digital Communication is a course for conveying the Basic Principles of Digital Communication systems to Undergraduate students of Electrical Engineering at Chulalongkorn University. This course would be highly beneficial and useful to those students who are interested in doing research in fields related to Wireless Communications, Networks, and Signal Processing in the future",experience,0.5
c471b621-bdb3-4908-a399-12e0b90f4838,835db8ff-2a81-4470-a51f-3a9567827e6b,"IoT for Bangladesh aims to explore the capabilities and potential of ‘Internet of Things (IoT)’ technology in Bangladesh. As globally, the number of connected devices in IoT platform is rising exponentially and it is predicted that there will be more than 30 billion devices connected to the internet by 2020. We would like to be an integral part on following up the highlights of this overwhelming ‘IoT’ journey in Bangladesh. Our Ambassadors will bring the change we aim for, by promoting IoT and spread the messages of IoT for Bangladesh in their own campus. They will also have the responsibility of organizing events in collaboration with the IEEE Student Branches and various clubs of their institution. In future our ambassadors with be provided with the Recognition and Honor that they deserve",experience,0.5
d782fcd8-b3df-4f2b-b33b-f3818a073db5,835db8ff-2a81-4470-a51f-3a9567827e6b,"IEEE Signal Processing Society (SPS) and Communications Society (ComSoc) Joint Student Branch Chapter at Ahsanullah University of Science and Technology (AUST) was formed on January 30, 2019, with the geo-code: SBC63101. It’s the first Technical Student Branch Chapter at AUST. The mission of this Joint Societies Student Branch Chapter is to encourage our student members to get involved with the emerging fields of signal processing and to promote recent advancements of technology in the communication sector and related fields. @ISCJSBCA",experience,0.5
33c95988-5eb2-4ea1-a97d-aeda26e2f621,bba2f0fd-61b9-44c9-913f-539995be1bb0,"Hi, I’m Sophia",about,0.8
e10827cb-2b76-4f17-ae9d-bafaa8fcf724,bba2f0fd-61b9-44c9-913f-539995be1bb0,I’m currently focused on developing next-generation CAR-T strategies for solid tumors,about,0.8
e9600aa9-23aa-4e3d-a615-6d2476087519,bba2f0fd-61b9-44c9-913f-539995be1bb0,a field where immunotherapy has historically faced challenges like the tumor microenvironment,about,0.8
4f2830ac-ab31-4513-891a-89ef7a43ead7,bba2f0fd-61b9-44c9-913f-539995be1bb0,antigen heterogeneity,about,0.8
a3900b9a-4e34-4b40-8d76-f1c178e48184,bba2f0fd-61b9-44c9-913f-539995be1bb0,and T-cell persistence,about,0.8
70a739b0-aa53-4691-b49c-3cfe6125e2f5,bba2f0fd-61b9-44c9-913f-539995be1bb0,I’m exploring how we can engineer smarter,about,0.8
682a5e83-17ee-41c7-b6ad-d0a640219f9c,bba2f0fd-61b9-44c9-913f-539995be1bb0,more resilient cell therapies that overcome these barriers,about,0.8
988dae3b-59e8-4883-a663-5b24b1f77372,bba2f0fd-61b9-44c9-913f-539995be1bb0,Top skills Bioengineering Design Thinking • Biotechnology • Advanced Receptor Engineering • Immunotherapy Delivery Optimization • Innovation in Non-Invasive Treatment Development,about,0.8
686e32e5-6fea-4bee-9d30-c1b87b15c70e,9d5f0bbb-93d1-4b95-be33-efdd0d0da533,Experienced leader,about,0.8
ecd5b6d4-b829-42fa-a45e-65b26791b9fc,9d5f0bbb-93d1-4b95-be33-efdd0d0da533,social worker,about,0.8
096d9a1b-1fba-488e-a31a-7fb40bf2b19e,9d5f0bbb-93d1-4b95-be33-efdd0d0da533,and teaching professor with a demonstrated history of working in social service,about,0.8
f29dc194-559c-4f09-a11d-fb5655aaf371,9d5f0bbb-93d1-4b95-be33-efdd0d0da533,community,about,0.8
c3c852ca-a640-425f-a0f2-d0a6b1d36577,9d5f0bbb-93d1-4b95-be33-efdd0d0da533,government,about,0.8
29f0bb42-bb2f-4c76-a37f-95348b1d648d,9d5f0bbb-93d1-4b95-be33-efdd0d0da533,and higher education,about,0.8
5a887e68-89e9-4050-b417-5adfc05204be,9d5f0bbb-93d1-4b95-be33-efdd0d0da533,Award recipient in areas of Educational Leadership,about,0.8
c71b8ed8-72a1-4900-9c33-b33e84d0a0f4,9d5f0bbb-93d1-4b95-be33-efdd0d0da533,Respect and Communication,about,0.8
6354f989-250e-40a4-a890-403ccd6f2568,9d5f0bbb-93d1-4b95-be33-efdd0d0da533,and Employee Engagement,about,0.8
51d89199-f17a-43fc-ada2-9e2182731658,9d5f0bbb-93d1-4b95-be33-efdd0d0da533,Skilled in collaboration,about,0.8
eee220de-dd82-4f47-92b5-fc565b1faa5a,9d5f0bbb-93d1-4b95-be33-efdd0d0da533,crisis intervention and leading positive change,about,0.8
153bb545-dc75-47b3-a5f7-09c50278b965,9d5f0bbb-93d1-4b95-be33-efdd0d0da533,Guided by respectfully serving,about,0.8
343c799e-3a29-4652-8d8d-02a11300c628,9d5f0bbb-93d1-4b95-be33-efdd0d0da533,with joy,about,0.8
23fab292-98f3-42e0-96d2-94c6f00bcb88,9d5f0bbb-93d1-4b95-be33-efdd0d0da533,courage,about,0.8
e7300075-754b-4f82-85e7-eb9088c96936,9d5f0bbb-93d1-4b95-be33-efdd0d0da533,and love,about,0.8
1e5886fd-b63c-4d9a-89eb-cdfd5d5aef12,323fbbed-76a5-4236-be5c-8a730e2b37fd,As a Postdoctoral Research Fellow and Sessional Instructor at the University of Calgary with over eleven years of combined academic and research experience,about,0.8
3a9ba02c-f45d-45d9-8767-3ae90938f8cb,323fbbed-76a5-4236-be5c-8a730e2b37fd,my work focuses on advancing knowledge in biomechanics,about,0.8
056681c5-e128-4967-833a-7619b97aefb7,323fbbed-76a5-4236-be5c-8a730e2b37fd,injury prevention,about,0.8
b060ad9d-ace4-4528-8cbc-6f09ed14013f,323fbbed-76a5-4236-be5c-8a730e2b37fd,and movement and neurodevelopment disorders,about,0.8
423abf72-4a08-4e4e-a71c-b74d8e3e7649,323fbbed-76a5-4236-be5c-8a730e2b37fd,I am driven by a commitment to leveraging technology for improving human performance and well-being,about,0.8
b593694a-c73c-479b-9e82-b78bfbc3d0ac,323fbbed-76a5-4236-be5c-8a730e2b37fd,My academic and research journey is firmly rooted in the development of innovative solutions,about,0.8
345dd9bb-b116-4521-9bfa-d51d72683015,323fbbed-76a5-4236-be5c-8a730e2b37fd,from prosthetic devices to assistive technologies for post-stroke and spinal cord injury rehabilitation,about,0.8
be517add-3ca9-40af-bdc4-286190261a14,323fbbed-76a5-4236-be5c-8a730e2b37fd,supported by multiple research fellowships and scholarships,about,0.8
5de239dd-d58b-4187-a899-39d101d39024,323fbbed-76a5-4236-be5c-8a730e2b37fd,Top skills Medical Devices • Writing • Biomedical Engineering • Healthcare • Teaching,about,0.8
df8ea6e4-5d78-44cc-9408-b057cc5d4935,323fbbed-76a5-4236-be5c-8a730e2b37fd,Influence of Binaural Beats Stimulation of Gamma Frequency over Memory Performance and EEG Spectral Density,publications,0.9
bc029127-6715-4a89-87e7-c9148f695a16,323fbbed-76a5-4236-be5c-8a730e2b37fd,Role of cortical cholinergic mechanisms in pallidal-DBS for dystonia,publications,0.9
4cc554cc-a1bb-4919-9893-ffd4a2d34b7e,323fbbed-76a5-4236-be5c-8a730e2b37fd,Persistent effects of DBS on functional brain networks in patients with dystonia,publications,0.9
13ca4e46-6545-4acb-b761-bca2a618f076,323fbbed-76a5-4236-be5c-8a730e2b37fd,Assessing the ability of different transducers to target deep brain nuclei from two trajectories,publications,0.9
73d1c3b4-f71b-490a-a9f1-355721623a30,323fbbed-76a5-4236-be5c-8a730e2b37fd,Classification of muscle inertial motion and electromyographic activity integration in other to improve accuracy in pattern recognition,publications,0.9
f702f958-1e66-4980-8362-fcaf2a9d3158,323fbbed-76a5-4236-be5c-8a730e2b37fd,"Development of a complete upper extremity model for assessment of shoulder, elbow, wrist, and finger motion",publications,0.9
faa967c7-140e-4ca1-9709-3f1b5e52342e,323fbbed-76a5-4236-be5c-8a730e2b37fd,Development of a portable device for diagnostic and treatment for patients with bruxism,publications,0.9
4fe72a18-65df-454b-a286-343b664e7553,323fbbed-76a5-4236-be5c-8a730e2b37fd,Effects of GPi on sensorimotor integration in dystonia: A pilot ON/OFF study,publications,0.9
3752cb58-abd6-479c-af18-06ccb5e97a21,323fbbed-76a5-4236-be5c-8a730e2b37fd,"Developed and delivered course materials for Code Standards for Electrical Installations and Introduction to Occupational Safety. Designed structured lesson plans aligned with industry standards and regulatory requirements. Taught theoretical concepts and practical applications related to electrical codes and workplace safety. Facilitated student understanding through lectures, discussions, and applied examples. Assessed student performance through assignments, exams, and practical evaluations Ensured course content reflected current safety regulations and best practices in electrical installations. Promoted a strong culture of safety awareness and compliance among students",experience,0.5
62d82ff3-f994-452a-8452-737b03552d2a,323fbbed-76a5-4236-be5c-8a730e2b37fd,Activities in management and clinical engineering. Responsible for medical personal training in hospital equipment. Survey and control of preventive and corrective maintenance of all the hospital equipment,experience,0.5
5f950b14-2100-4a6a-865d-7fdb50bf98a5,323fbbed-76a5-4236-be5c-8a730e2b37fd,"Conducted screening, technical evaluation, and calibration of medical equipment. Performed installation of medical devices and delivered user training",experience,0.5
f7ab347d-6654-4220-873e-579804abc9e9,cc357ee5-52d2-4f98-b44d-f5006ad3650a,Fluid Dynamics,skills,1.0
e0a2bf55-74c1-4f4d-bc95-aab8f527729a,cc357ee5-52d2-4f98-b44d-f5006ad3650a,Outreach.io,skills,1.0
a826e42e-16fe-48db-a8de-7b7be1a2a3fa,cc357ee5-52d2-4f98-b44d-f5006ad3650a,Cooling Towers,skills,1.0
eb7ea2dd-7adb-4efd-b433-9a2d2a74b28d,cc357ee5-52d2-4f98-b44d-f5006ad3650a,Commissioning Support,skills,1.0
c52b9239-e9a1-4ef0-a73f-4085009c8547,cc357ee5-52d2-4f98-b44d-f5006ad3650a,Complaint Resolution & Escalation Handling,skills,1.0
559b9975-93d6-4166-9907-120fdbbd4b12,cc357ee5-52d2-4f98-b44d-f5006ad3650a,Billing & Plan Optimization,skills,1.0
e46941f9-dfe2-41fa-887c-35a69e5319ae,cc357ee5-52d2-4f98-b44d-f5006ad3650a,Bundled Service Sales,skills,1.0
0c461123-9d9d-4733-8774-0751bafe823a,cc357ee5-52d2-4f98-b44d-f5006ad3650a,Sales Growth,skills,1.0
983a8355-94ca-4397-80d4-f6e7beb4d8e9,cc357ee5-52d2-4f98-b44d-f5006ad3650a,Service Recommendation & Personalization,skills,1.0
6cb44da8-744e-49c5-bf4d-07f977d83352,cc357ee5-52d2-4f98-b44d-f5006ad3650a,Account Management,skills,1.0
1f5face1-674b-445b-8ecd-51f852ba9ba7,cc357ee5-52d2-4f98-b44d-f5006ad3650a,"""The capacity to learn is a gift",about,0.8
f1452901-055a-40d7-84dd-3a82fd94109b,cc357ee5-52d2-4f98-b44d-f5006ad3650a,the ability to learn is a skill,about,0.8
6d5aaffb-d1b9-4371-9063-cfa89222f9ff,cc357ee5-52d2-4f98-b44d-f5006ad3650a,"the willingness to learn is a choice"" - Brian Herbert I am an innovative",about,0.8
de93ab8a-6602-43ac-9e48-8a1fc016831d,cc357ee5-52d2-4f98-b44d-f5006ad3650a,proactive,about,0.8
03bed07e-932d-472e-87a0-831c1a6c9e51,cc357ee5-52d2-4f98-b44d-f5006ad3650a,enthusiastic and results-orientated Engineer with a diverse background from Chemical Engineering to Process Engineering Project Coordination and (QAQC),about,0.8
397aa2b7-9e2e-4e61-be7f-afd28e9c29b3,cc357ee5-52d2-4f98-b44d-f5006ad3650a,I can potentially work in a fast and challenging industrial environment by applying my experience and expertise in Industrial Construction,about,0.8
1c3e5d10-2cf0-4b23-853b-6325df7366c8,cc357ee5-52d2-4f98-b44d-f5006ad3650a,Production,about,0.8
596c95a8-8bf1-4136-a096-74acec31be4b,cc357ee5-52d2-4f98-b44d-f5006ad3650a,Quality management,about,0.8
e5dfebb3-9ca5-474a-89ad-059b1d5f8b3c,cc357ee5-52d2-4f98-b44d-f5006ad3650a,Commissioning,about,0.8
4971f127-699a-4386-8cbb-21f8a7a5fa23,cc357ee5-52d2-4f98-b44d-f5006ad3650a,product distribution etc,about,0.8
2437a217-dece-4e9a-b8cb-a074867ddcc2,cc357ee5-52d2-4f98-b44d-f5006ad3650a,Apart from these technical experiences,about,0.8
49ffe25f-21ff-4beb-a2cb-f5ab7ab53711,cc357ee5-52d2-4f98-b44d-f5006ad3650a,Project Coordinator work experiences also helped me how to successfully manage a project,about,0.8
f9fe901d-65a8-4b15-bf99-50060f7133cb,cc357ee5-52d2-4f98-b44d-f5006ad3650a,work effectively with the management team,about,0.8
3f0f2482-e205-4e85-8785-6fd4b41e41b4,cc357ee5-52d2-4f98-b44d-f5006ad3650a,and maintain good relations with clients and provide required work within the time limit,about,0.8
8c9cba74-3e6d-48a4-9c6a-1cd31e657ec8,cc357ee5-52d2-4f98-b44d-f5006ad3650a,in budget & required quality standards,about,0.8
518a78bc-5596-4460-9ffb-04137c9f8e1a,cc357ee5-52d2-4f98-b44d-f5006ad3650a,Thro-out my Chemical & Process Engineering,about,0.8
29f41447-8257-4d46-aa38-af515b62b7e0,cc357ee5-52d2-4f98-b44d-f5006ad3650a,I broaden my scope by gaining technical knowledge in the following area,about,0.8
49b91e55-0f88-4488-baac-e13b6159cc07,cc357ee5-52d2-4f98-b44d-f5006ad3650a,Advanced Topics in Heat & Mass Transfer • Modelling and Identification for Advanced Control • Process Equipment’s Design • Engineering Project Management • Engineering Safety • Engineering Economics • Acid Gas Processing Principles and Technologies My knowledge of Engineering methodologies such as,about,0.8
a4613d13-2402-45bc-b2d5-62b64de859e0,cc357ee5-52d2-4f98-b44d-f5006ad3650a,○ Pipe Hydraulics & Line Sizing ○ Process Design,about,0.8
d1d16294-d677-4113-9102-46f70e3a5f0c,cc357ee5-52d2-4f98-b44d-f5006ad3650a,Optimization & Simulations ○ Process & Instrumentation Diagram (P&ID) reviews ○ Equipment,about,0.8
3056dd68-8fd2-453f-88d7-73a6806c98c5,cc357ee5-52d2-4f98-b44d-f5006ad3650a,pump & valve sizing ○ Equipment Sizing • Knowledge of Technical & Engineering Software such as,about,0.8
41d90dc5-b1b8-49a6-8a81-17328a0f2ef5,cc357ee5-52d2-4f98-b44d-f5006ad3650a,○ ASPEN Hysys ○ ASPEN PLUS ○ MS Office ○ AutoCAD ○ NevisWorks-3D,about,0.8
8ba64d32-9e78-4bfe-b97b-fdf58ef612a6,c2a51769-ff4e-41b3-a853-1177cbf076b8,Scholarly Research,skills,1.0
f9805ed8-c27f-4524-a13d-7ad0abde8636,c2a51769-ff4e-41b3-a853-1177cbf076b8,Research Collaboration,skills,1.0
9931ef60-cbf5-49a3-9a50-4e371c3e280d,c2a51769-ff4e-41b3-a853-1177cbf076b8,Ethics,skills,1.0
ec019502-c99b-45d6-9022-f3103b2b0491,c2a51769-ff4e-41b3-a853-1177cbf076b8,NVivo,skills,1.0
43e2020f-27d0-4e86-b4df-037b92145a28,c2a51769-ff4e-41b3-a853-1177cbf076b8,educational evaluaion,skills,1.0
2747a3d6-a4d4-49f7-8952-6c8f8fd83f7a,c2a51769-ff4e-41b3-a853-1177cbf076b8,Educational Assessment,skills,1.0
0b5e1675-f80f-478a-8a03-ede98d297119,c2a51769-ff4e-41b3-a853-1177cbf076b8,scholarship of teaching and learnign,skills,1.0
a06d591e-94b3-4779-acd6-0ed898e36d99,c2a51769-ff4e-41b3-a853-1177cbf076b8,Educational Consulting,skills,1.0
1ba72571-d22c-4da7-98f1-eec51dd88b53,c2a51769-ff4e-41b3-a853-1177cbf076b8,Higher Education Teaching,skills,1.0
762fc65e-5dac-4931-a49d-ee94c212d69b,c2a51769-ff4e-41b3-a853-1177cbf076b8,University Lecturing,skills,1.0
2c8e2aea-ea78-4365-b813-686fe07a930b,c2a51769-ff4e-41b3-a853-1177cbf076b8,With over a decade of experience in quantitative and qualitative research,about,0.8
6dff1710-fb41-4f4e-8180-9f49068f678b,c2a51769-ff4e-41b3-a853-1177cbf076b8,in both academic and community-based research contexts,about,0.8
cfbfe456-7d7a-48e7-a52a-654996a675bb,c2a51769-ff4e-41b3-a853-1177cbf076b8,I specialize in designing and executing impactful studies that drive evidence-based decision-making,about,0.8
a6b20e1a-75f8-4120-8c21-0b1073e8306b,c2a51769-ff4e-41b3-a853-1177cbf076b8,Currently,about,0.8
4766daf7-e0c1-4a5f-90d7-02056af7e3ae,c2a51769-ff4e-41b3-a853-1177cbf076b8,as a Senior Researcher at the Centre for Immigrant Research,about,0.8
5996aa25-7b3b-4aec-acc0-d2ff6a0273f1,c2a51769-ff4e-41b3-a853-1177cbf076b8,I focus on developing research strategies to support immigrant integration and enhance settlement services,about,0.8
1c252cdb-22d7-4cac-bb95-9e7605ca809d,c2a51769-ff4e-41b3-a853-1177cbf076b8,I bring expertise in working within immigrant-serving organizations,about,0.8
81442b9a-afe1-4d1e-9a0f-d40eadea6017,c2a51769-ff4e-41b3-a853-1177cbf076b8,conducting community-based research,about,0.8
158a8e24-64f5-42f3-a6e0-4a22cd78d4a1,c2a51769-ff4e-41b3-a853-1177cbf076b8,and leveraging data to improve services for newcomers,about,0.8
c58312e7-b5a0-4968-ae22-49e521de2f5b,c2a51769-ff4e-41b3-a853-1177cbf076b8,As an experienced educational psychologist,about,0.8
2e439c72-dc2d-49d8-9d8f-9d95a301da9b,c2a51769-ff4e-41b3-a853-1177cbf076b8,I have spent over ten years instructing large undergraduate classrooms in higher education,about,0.8
c5497adc-4809-42bf-b17a-6e4a7dc5c5ee,c2a51769-ff4e-41b3-a853-1177cbf076b8,I also consult faculty members on developing effective teaching and learning environments,about,0.8
f967938e-26a5-4fa6-a9ba-819685884d5a,c2a51769-ff4e-41b3-a853-1177cbf076b8,helping to enhance both instructional practices and student outcomes,about,0.8
33205a5c-c167-46cb-abeb-a84365d1fc59,c2a51769-ff4e-41b3-a853-1177cbf076b8,Top skills Measurement and evaluation • Statistical Data Analysis • Community based reserach • Higher Education Teaching • Project Management,about,0.8
efa4c819-518d-480b-9634-dd30b1545114,c2a51769-ff4e-41b3-a853-1177cbf076b8,"Community Steered Research: A Conceptual Model for Tackling Power Symmetries, Cognitive Justice, and Integrated Knowledge in Research",publications,0.9
9fab5024-f946-4164-9b13-a71c235e9a17,c2a51769-ff4e-41b3-a853-1177cbf076b8,Collaborative approaches to crisis intervention: Enhancing mental health support for newcomers,publications,0.9
43896432-4817-44f7-8336-90fea850899b,c2a51769-ff4e-41b3-a853-1177cbf076b8,Exploring Language Teachers' Perspectives on Hybrid Delivery with Adult Literacy Learners: A Participatory Approach to Developing a Teacher Toolkit,publications,0.9
e5834a55-d51f-4a18-a4ac-b3222f1ea6db,c2a51769-ff4e-41b3-a853-1177cbf076b8,"Canada’s federally-funded English language programming has historically overlooked the holistic learning needs of adult literacy learners, who have limited prior education and low English proficiency. Literacy learners’ educational and language needs are further compounded by limited digital literacy, as they face barriers accessing and navigating digital interfaces, which are increasingly integrated into educational spaces. The challenge falls on literacy instructors to address these challenges. Yet instructors lack sufficient support, training, and resources to do so effectively. This study addresses this gap using a participatory approach to develop a teacher toolkit to support literacy educators in integrating technology and transitioning to hybrid modes of instruction. The research team collaborated with an advisory group (n=7) made up of literacy educators to co-design a teacher toolkit. The toolkit was pilot-tested by literacy educators (n=24) on a local and national scale and was iteratively revised according to their feedback. Three themes emerged that shaped the toolkit: adapting a multifaceted, dynamic, flexible role as an instructor, addressing the diverse needs of literacy learners, and adapting to digital pedagogies. We explain how the toolkit addresses each theme and reflect on the methodological implications of using a participatory approach for toolkit development. … more",publications,0.9
e6a25d30-1d69-464b-9bff-649cb6a69603,c2a51769-ff4e-41b3-a853-1177cbf076b8,"Digital Supports for Immigrant Professionals’ Settlement and Information Needs: Developing a Wiki-Style Tool with Intersectional, Targeted Conent",publications,0.9
931761e5-f62c-4aa5-89c8-ad9e7d9d3539,c2a51769-ff4e-41b3-a853-1177cbf076b8,Digital Information Platforms and Support for Immigrant Professionals’ Employment and Settlement: An Integrative Review,publications,0.9
09dac1c4-b0f6-41c9-87b5-b765ed253881,c2a51769-ff4e-41b3-a853-1177cbf076b8,"Peer Review of ""Beyond Translation: Exploring Child Language Brokering in Alberta's Culturally Diverse Landscape"" Book",publications,0.9
68f480d6-28e3-4b3d-a122-dccbb0097012,c2a51769-ff4e-41b3-a853-1177cbf076b8,"I had the privilege of peer reviewing Chapter 3 of this book, titled Overview of Quantitative Findings and Their Implications for Child Language Brokering. My review focused on assessing the accuracy and clarity of the statistical methodologies, as well as the chapter's overall academic rigor and contribution to this important field. … more",publications,0.9
72f2c2ca-e662-406f-80b7-83964ad76948,c2a51769-ff4e-41b3-a853-1177cbf076b8,Navigating self in a new land: reconstructing identities among immigrant ptofessionals,publications,0.9
64503587-8036-4a58-8256-cb8d20a1d92f,c2a51769-ff4e-41b3-a853-1177cbf076b8,Centre for Immigrant Research,publications,0.9
fa930af0-7fba-4236-b38b-86dbccaadd8b,c2a51769-ff4e-41b3-a853-1177cbf076b8,our recent findings,publications,0.9
3285e04b-09a1-4d0b-b4e2-dda8c07a6392,c2a51769-ff4e-41b3-a853-1177cbf076b8,Online Employment Services for Immigrant Professionals: An Environmental Scan,publications,0.9
479a248f-22a8-4b9b-b46d-504e09f63ba6,c2a51769-ff4e-41b3-a853-1177cbf076b8,"Faculty of Education, Educational and Counselling Psychology, and Special Education",experience,0.5
62487628-8ca8-4aa3-b7dd-3eb56a508ee8,c2a51769-ff4e-41b3-a853-1177cbf076b8,"Statistical Data Analysis, Project Management and +5 skills",experience,0.5
cf3aada4-84ae-4121-b524-06d5724fe72f,c2a51769-ff4e-41b3-a853-1177cbf076b8,SPSS for psychology students,experience,0.5
a3806768-0216-49b0-8acc-d249c28a50a0,c2a51769-ff4e-41b3-a853-1177cbf076b8,Social Psychology,experience,0.5
cd2baad1-3425-473c-9db1-f4f4f87d6f09,c2a51769-ff4e-41b3-a853-1177cbf076b8,"Attitude change , Applied social psychology",experience,0.5
dfbdff7b-f0ae-41b4-b60e-2697c9fbc1b6,c2a51769-ff4e-41b3-a853-1177cbf076b8,"Counsel students regarding educational issues such as course and program selection, class scheduling, time management, study habits, and career planning. - Counsel individuals to help them understand and overcome personal, social, or behavioral problems affecting their educational or vocational situations. - Instruct individuals in career development techniques such as job search and application strategies, resume writing, and interview skills. - Encourage students to seek additional assistance from mental health professionals when necessary. - Psychological assessment and evaluation",experience,0.5
e2a3ce91-b2c5-4ea6-ba02-2e6538a36ab4,c2a51769-ff4e-41b3-a853-1177cbf076b8,"Teaching these courses for BA students: Statistical Methods in Psychology, Learning Theories, Psychology Seminar, Applied Behavior Change",experience,0.5
f9979b8f-00c0-43d0-bce1-fb4ee6d73148,2fbf709e-7f3c-43b6-b7b8-e61155861101,Documentation Strategy,skills,1.0
74611f2f-e27d-429e-9379-a2533560910a,2fbf709e-7f3c-43b6-b7b8-e61155861101,Talent Acquisition & Performance Management,skills,1.0
b888544d-3183-45bf-85d6-69886957e666,2fbf709e-7f3c-43b6-b7b8-e61155861101,Cross-team Collaboration,skills,1.0
bb1d8ac5-dfd9-47dc-912c-4e873beff128,2fbf709e-7f3c-43b6-b7b8-e61155861101,Science Education,skills,1.0
bcaaad0d-a0a8-4105-aeb3-dc29a507d2ca,2fbf709e-7f3c-43b6-b7b8-e61155861101,Mathematics Instruction,skills,1.0
325006ae-da87-4db6-9fce-1b44d091a0ae,2fbf709e-7f3c-43b6-b7b8-e61155861101,Curriculum Development,skills,1.0
3689c587-d3fe-4260-a67b-21fd8074530d,2fbf709e-7f3c-43b6-b7b8-e61155861101,Student Engagement,skills,1.0
c326b6f0-f746-48b2-bc13-4c44b49deab4,2fbf709e-7f3c-43b6-b7b8-e61155861101,Assessment & Feedback,skills,1.0
dec24e39-d549-489b-905b-7fd547b7bd39,2fbf709e-7f3c-43b6-b7b8-e61155861101,React.js,skills,1.0
a1a5bfcf-4a54-4ae3-84c3-ebe152ee9a77,2fbf709e-7f3c-43b6-b7b8-e61155861101,Flask,skills,1.0
2bc1dac9-140d-4321-8414-deceb43e108e,2fbf709e-7f3c-43b6-b7b8-e61155861101,I make technology easier to understand,about,0.8
df34982d-f87c-423a-9f0e-b1218477bc65,2fbf709e-7f3c-43b6-b7b8-e61155861101,I learn by doing and share what I learn,about,0.8
e818b72f-9c9a-47c5-9ac1-a42b0d803a84,2fbf709e-7f3c-43b6-b7b8-e61155861101,Top skills Team Leadership • Business Development • Data Science • Project Management • Software Development,about,0.8
f9141fa7-be77-45b6-b3c0-84a7c012258d,05294035-6509-4928-8f61-52aaa10ad166,Randall Marusyk is a partner of the firm and has been certified as a specialist in all areas of Canadian Intellectual Property Law (Patent/Trademark/Copyright) by the Law Society of Upper Canada,about,0.8
61ea7a16-9af7-4077-aaf0-7dc9ab31c104,05294035-6509-4928-8f61-52aaa10ad166,Randall specializes in designing strategic intellectual property portfolios in light of clients’ business and marketplace needs,about,0.8
e660fa5c-72db-481e-9180-c41418fc1713,05294035-6509-4928-8f61-52aaa10ad166,He has extensive experience in drafting and prosecuting a variety of patent applications before the Canadian and United States Patent Offices as well as coordinating their prosecution worldwide,about,0.8
32887e4f-e5ea-4169-bf3b-bfead827a459,05294035-6509-4928-8f61-52aaa10ad166,Randall has particular expertise in drafting and prosecuting a wide range of patentable technologies,about,0.8
150d20de-2c99-4a3a-9e5c-c1bf1cc4d7dd,05294035-6509-4928-8f61-52aaa10ad166,bioinformatics,about,0.8
d57329b3-b511-4be1-ab1a-98a0d38c67c7,05294035-6509-4928-8f61-52aaa10ad166,business methods,about,0.8
73a79117-d3c6-45a5-8e79-55e35da65f9b,05294035-6509-4928-8f61-52aaa10ad166,medical devices,about,0.8
6686b805-5cd2-42e3-b70e-81d2e39d3d27,05294035-6509-4928-8f61-52aaa10ad166,medical equipment,about,0.8
79649a5f-63f7-4557-9bfa-b0dfee852e46,05294035-6509-4928-8f61-52aaa10ad166,gaming,about,0.8
6c1670e0-3c48-4839-b2f8-b22680b5b96e,05294035-6509-4928-8f61-52aaa10ad166,consumer product,about,0.8
7e482ea8-990a-4747-90a7-4c1b407946cd,05294035-6509-4928-8f61-52aaa10ad166,personal care products and environmental products,about,0.8
62dca11a-ebbe-46f2-adc2-198432c5ad33,05294035-6509-4928-8f61-52aaa10ad166,He also designs and oversees client litigation strategies for patent,about,0.8
b5e32df8-ca67-4741-b50f-76be459e6e93,05294035-6509-4928-8f61-52aaa10ad166,trademark and copyright cases before the Federal Court of Canada as well as provincially based Superior Courts,about,0.8
ea10420a-37b6-415c-aa20-df63c821f977,05294035-6509-4928-8f61-52aaa10ad166,As Chair of the firm`s Legal Practice Group,about,0.8
4ecff015-cbe5-4ed0-9d69-3b66b95b4ec4,05294035-6509-4928-8f61-52aaa10ad166,he has extensive experience in negotiating and drafting complex licensing,about,0.8
5d0903d2-091d-403c-b296-1f0fd34517a7,05294035-6509-4928-8f61-52aaa10ad166,research & development,about,0.8
33eb571b-22cb-419c-be18-01099fd0c29d,05294035-6509-4928-8f61-52aaa10ad166,and other technology related agreements,about,0.8
32c64db6-1a41-4bcb-97d8-ed16dccb7115,05294035-6509-4928-8f61-52aaa10ad166,In addition,about,0.8
df0eda83-66bd-4232-9839-1ea094ba4fd1,05294035-6509-4928-8f61-52aaa10ad166,Randall coordinates the firm’s IP audit team,about,0.8
559d851a-b309-4d75-8dbe-e0efb390d6e7,05294035-6509-4928-8f61-52aaa10ad166,which evaluates the status and strength of an IP portfolio and provides clients with advice with respect to strategy,about,0.8
babb2459-66aa-49d3-b490-0e1dd4f09176,05294035-6509-4928-8f61-52aaa10ad166,IP aspects of mergers and acquisitions,about,0.8
ae3ba17c-09a2-4b60-abec-0b3a9ff9790c,05294035-6509-4928-8f61-52aaa10ad166,Randall is a Registered Canadian Patent and Trademark Agent as well as a Registered U,about,0.8
26f59214-b973-4070-90d3-64c388aed784,05294035-6509-4928-8f61-52aaa10ad166,Patent Agent,about,0.8
d8e8a317-79d4-4b32-ade8-5be701133a78,05294035-6509-4928-8f61-52aaa10ad166,In addition to being on the Editorial Board of the Biotechnology Law Report,about,0.8
5dd40190-3467-494e-a907-f0eae82cef2f,05294035-6509-4928-8f61-52aaa10ad166,he has published dozens of articles on intellectual property law,about,0.8
7aae6798-8960-459d-9e7e-2489cc1256e4,05294035-6509-4928-8f61-52aaa10ad166,Recent publications have focused on Canadian biotechnology and pharmaceutical law,about,0.8
29ac73f7-7919-4032-b592-2526d27e0657,05294035-6509-4928-8f61-52aaa10ad166,Canadian trademark law,about,0.8
d08d577e-a7ac-4738-9c4d-2e634de5c98d,05294035-6509-4928-8f61-52aaa10ad166,and the effect of NAFTA on Canadian intellectual property law,about,0.8
9dd6d786-b707-4a75-91de-3864ecbfebf4,05294035-6509-4928-8f61-52aaa10ad166,Randy also teaches a course entitled “Biotechnology,about,0.8
b033d167-27c3-44d1-bc8b-38c412663216,05294035-6509-4928-8f61-52aaa10ad166,Pharmaceuticals and Intellectual Property” in the Faculty of Law of the University of Ottawa and has lectured at the Franklin Pierce Law Center,about,0.8
e5e5dd70-d712-4511-b741-057a9dc6c831,05294035-6509-4928-8f61-52aaa10ad166,Specialties,about,0.8
fcd74df0-d4fc-4af4-bc85-6fb0e4806e58,05294035-6509-4928-8f61-52aaa10ad166,Patents,about,0.8
5f06cf66-03c3-41f8-8bad-b069016e8330,05294035-6509-4928-8f61-52aaa10ad166,trademarks,about,0.8
76213d49-6640-4d0d-81b8-859f5c868759,05294035-6509-4928-8f61-52aaa10ad166,copyright industrial design and related litigation along with licensing of intellectual property rights,about,0.8
38685e2e-2f5b-4850-aec0-8e69317bc66f,2c06bb8b-d6a1-4741-8970-4ce0860de006,Work experience in Aluminum Pars Company & kaveh Copper & API Company as Quality control inspectors,about,0.8
d3423ab8-e58e-4b76-bd08-2d4979a72bea,2c06bb8b-d6a1-4741-8970-4ce0860de006,and Akbari Metal Melt as quality control manager,about,0.8
e6d76e79-cce5-495a-bc29-7ae07ca94948,58d70489-86f5-4099-bd79-7d7a2194f586,R (Programming Language),skills,1.0
8f66acbf-fa27-44ad-a738-098918b2789f,58d70489-86f5-4099-bd79-7d7a2194f586,Microsurgery,skills,1.0
f675ea5d-11a6-42b7-9fd1-ba40e0a245ef,58d70489-86f5-4099-bd79-7d7a2194f586,Chemogenetics,skills,1.0
4428ade7-0b06-4fc2-af2c-8e64a200c4db,58d70489-86f5-4099-bd79-7d7a2194f586,Optogenetics,skills,1.0
5ae72935-1bfa-4eb2-a8ba-b432f22820d4,58d70489-86f5-4099-bd79-7d7a2194f586,Mouse Models,skills,1.0
5195abaa-8cf7-49b7-bcbe-9a2fbe59f1b9,58d70489-86f5-4099-bd79-7d7a2194f586,Writing,skills,1.0
8c4c4f6f-078d-467c-89ba-c93e4ad9335f,58d70489-86f5-4099-bd79-7d7a2194f586,Manuscript,skills,1.0
212a717a-5f7b-425f-8ae7-2c4b1ed32f1e,58d70489-86f5-4099-bd79-7d7a2194f586,Editing,skills,1.0
27e785f7-489b-4150-8019-a6f5dcb8ed13,58d70489-86f5-4099-bd79-7d7a2194f586,Computer Literacy,skills,1.0
960af8a1-2050-4603-a1b4-36aa62d29d69,58d70489-86f5-4099-bd79-7d7a2194f586,Academic Editing,skills,1.0
25688db3-9e1e-4dd1-914c-84668a022d49,58d70489-86f5-4099-bd79-7d7a2194f586,Mechanical fatigue of whole rabbit-tibiae under combined compression-torsional loading is better explained by strained volume than peak strain magnitude,publications,0.9
2ccda434-0be4-45c2-b56d-7ba58ac414fe,58d70489-86f5-4099-bd79-7d7a2194f586,Finite-element modelling to predict the fatigue life of rabbit tibiae subject to compression-torsional loading,publications,0.9
5069ebdf-459b-4e3f-98f4-97e669f9ecc3,58d70489-86f5-4099-bd79-7d7a2194f586,"The focus of my thesis work is to better understand and treat cardiovascular dysfunction following spinal cord injury through the use of epidural spinal stimulation. Individuals living with spinal cord injury are at a four-fold greater risk of developing cardiovascular disease than uninjured individuals, so developing and testing a therapeutic for this condition is of the utmost importance to improve health outcomes in this population",experience,0.5
4d7764f6-a77d-4c0a-9b5c-bcd33f065aa1,58d70489-86f5-4099-bd79-7d7a2194f586,"As a member of the Affiliate Management Committee, I am responsible for ensuring that there is a clear vision for Special Olympics Calgary that is founded in championing the health and social benefits afforded to Calgarians with an intellectual disability through the Special Olympics programs offered",experience,0.5
51661895-0e40-49a0-a0ad-0c0bfa7b3156,58d70489-86f5-4099-bd79-7d7a2194f586,"As Social Director for the HBITO, I was responsible for organizing and running the social events of the HBITO. The aim of these events was to bring together trainees from the HBI of all all levels (MSc, PhD, and Post-Doctoral Fellows) in an informal setting to get to know one another and foster a better sense of community",experience,0.5
37e89eb2-b846-42c9-8564-5f8caf75185f,58d70489-86f5-4099-bd79-7d7a2194f586,"Line cook for JOEY Crowfoot. Responsibilities included preparing and cooking meals for customers, maintaining kitchen cleanliness, and training new cooks to the kitchen. After starting out as an appetizers cook, I was promoted to an entrée cook after only 4 shifts on the job",experience,0.5
a2d2cc2b-1a82-4776-a005-09efbd9e927f,b23b8e92-e714-4120-9e60-e12ee0aaafdd,Machine Learning-based Estimation of Respiratory Fluctuations in a Healthy Adult Population using resting state BOLD fMRI and Head Motion Parameters,publications,0.9
3b696c56-6500-456c-824d-7f484b2f7035,b23b8e92-e714-4120-9e60-e12ee0aaafdd,Image Translation for Estimating Two‐Dimensional Axial Amyloid‐Beta PET From Structural MRI,publications,0.9
0f8cbd81-69e7-4fb5-ae1c-3ad39112e228,b23b8e92-e714-4120-9e60-e12ee0aaafdd,Limitations Of the Derived Respiratory Variation Measurements Used in Functional Magnetic Resonance Imaging,publications,0.9
c6388a83-5239-43de-bcf3-5e05a267238d,b23b8e92-e714-4120-9e60-e12ee0aaafdd,Direct Machine Learning Reconstruction of Respiratory Variation Waveforms from Resting State fMRI Data in a Pediatric Population,publications,0.9
46feabff-37d3-4220-94e0-516ddc65aefc,b23b8e92-e714-4120-9e60-e12ee0aaafdd,An intelligent system based on optimized ANFIS and association rules for power transformer fault diagnosis,publications,0.9
9001b6b1-161f-4bc9-91f8-0a527fd8232b,b23b8e92-e714-4120-9e60-e12ee0aaafdd,Control chart pattern recognition using RBF neural network with new training algorithm and practical features,publications,0.9
9ee26313-8493-4102-9501-384177c1cbec,b23b8e92-e714-4120-9e60-e12ee0aaafdd,"As a 4th-year PhD candidate in Biomedical Engineering at the University of Calgary, my research focuses on advancing machine learning applications for fMRI data analysis. I specialize in physiological signal processing and functional connectivity, aiming to improve the accuracy of physiological noise correction and enhance our understanding of brain dynamics. My current projects involve reconstructing physiological waveforms, such as respiratory and cardiac signals, directly from BOLD-fMRI data. Key achievements: -Awarded the Hotchkiss Brain Institute Scholarship and Eyes High Doctoral Recruitment Scholarship for outstanding research contributions. -Recipient of the Graduate Student Research Impact Excellence Award and BME Graduate Program Research Excellence Award in recognition of research impact and excellence in the Biomedical Engineering program. -Trainee at the Hotchkiss Brain Institute and Alberta Children’s Hospital Research Institute, collaborating on interdisciplinary research projects. -Published multiple peer-reviewed papers on physiological signal estimation and fMRI data processing in leading journals and conferences",experience,0.5
c3081e03-b76f-4aba-ae09-831bb2811967,b23b8e92-e714-4120-9e60-e12ee0aaafdd,"Unpaid volunteer position as an Editorial Board Member for the Computational Research Progress in Applied Science & Engineering (CRPASE) journal. Responsibilities include evaluating manuscript submissions, collaborating with the Editor-in-Chief and fellow board members to maintain publication standards, and providing expert guidance on research methodologies and relevance. Actively contribute to promoting high-quality research in computational science and engineering by supporting the editorial and peer-review processes",experience,0.5
47c3b344-d19c-45be-baae-1a2640ed6a19,b23b8e92-e714-4120-9e60-e12ee0aaafdd,"Teaching Introduction to Biomedical Imaging and Applications (BMEN 509), covering foundational concepts and applications in biomedical imaging. -Designed and led a weekly 2-hour lab session, providing hands-on experience with MRI, CT, X-ray, PET, and ultrasound imaging. -Supervised two teaching assistants for lab sessions and student support. -Developed course materials, delivered lectures, and guided students in understanding biomedical imaging techniques. -Assessed student performance through assignments, labs, and exams",experience,0.5
81130dd0-e634-424f-8a12-3ce4fd525b0b,b23b8e92-e714-4120-9e60-e12ee0aaafdd,"Co-founded and led Ferdows Golestan Ghaboos, an NGO dedicated to supporting education for underprivileged children, particularly Afghan refugee families in Iran. -Organized fundraising efforts and distributed over 2,500 aid packages, including school supplies and essentials, to children from low-income families. -Provided free tutoring, counseling, and resources to help children continue their education, especially after the Zemestan-Yurt coal mine disaster, which left 100 children without a parent. -Honored by the President of Iran and the Welfare Organization in 2018 for impactful contributions to the community. -Developed leadership and interpersonal skills, managing a diverse team and fostering a culture of inclusion and support for disadvantaged groups",experience,0.5
b18d4b29-16fa-45de-84fc-9183cb7ef3de,e754b33f-1a31-420f-b17a-1c21838a82dd,Teaching,skills,1.0
3a5b723c-2642-4ad0-99ef-69a5f5df81fc,e754b33f-1a31-420f-b17a-1c21838a82dd,Leadership,skills,1.0
81a96b47-f44d-491b-b3d2-049488b2c72e,e754b33f-1a31-420f-b17a-1c21838a82dd,Research Skills,skills,1.0
ee3f6ac9-d426-4dda-a4dd-9bacc6f6c911,e754b33f-1a31-420f-b17a-1c21838a82dd,Shift Supervisor,experience,0.5
b2a6fbc7-096b-49a9-8a6e-102f0099ad36,e754b33f-1a31-420f-b17a-1c21838a82dd,Teaching and Leadership,experience,0.5
0e5786df-5457-4da8-a45f-bbc231f5df51,e754b33f-1a31-420f-b17a-1c21838a82dd,Nephrology Research Group,experience,0.5
3f60eb05-9361-4bd0-9685-ead986b73353,e754b33f-1a31-420f-b17a-1c21838a82dd,Why am I seeing this ad?,experience,0.5
823cd90d-cf28-4fba-81e0-fe6eeb06606d,2150e7f0-9348-4733-b56a-600d219f5a78,Machine Learning-based Estimation of Respiratory Fluctuations in a Healthy Adult Population using resting state BOLD fMRI and Head Motion Parameters,publications,0.9
384f0753-1c7a-430b-8304-62d71ef051cd,2150e7f0-9348-4733-b56a-600d219f5a78,Image Translation for Estimating Two‐Dimensional Axial Amyloid‐Beta PET From Structural MRI,publications,0.9
d7a71556-f422-4c49-bfff-2fde0dbd8be5,2150e7f0-9348-4733-b56a-600d219f5a78,Limitations Of the Derived Respiratory Variation Measurements Used in Functional Magnetic Resonance Imaging,publications,0.9
dcf57c53-39db-4e25-b6a3-24aeffce6138,2150e7f0-9348-4733-b56a-600d219f5a78,Direct Machine Learning Reconstruction of Respiratory Variation Waveforms from Resting State fMRI Data in a Pediatric Population,publications,0.9
70f10c0c-a370-4ae5-8e94-d23c5e54072e,2150e7f0-9348-4733-b56a-600d219f5a78,An intelligent system based on optimized ANFIS and association rules for power transformer fault diagnosis,publications,0.9
90238af4-60d2-4b57-8165-7b4374665dc6,2150e7f0-9348-4733-b56a-600d219f5a78,Control chart pattern recognition using RBF neural network with new training algorithm and practical features,publications,0.9
ddf7729e-edd4-495f-a6c0-d5c53e2c6c95,2150e7f0-9348-4733-b56a-600d219f5a78,"As a 4th-year PhD candidate in Biomedical Engineering at the University of Calgary, my research focuses on advancing machine learning applications for fMRI data analysis. I specialize in physiological signal processing and functional connectivity, aiming to improve the accuracy of physiological noise correction and enhance our understanding of brain dynamics. My current projects involve reconstructing physiological waveforms, such as respiratory and cardiac signals, directly from BOLD-fMRI data. Key achievements: -Awarded the Hotchkiss Brain Institute Scholarship and Eyes High Doctoral Recruitment Scholarship for outstanding research contributions. -Recipient of the Graduate Student Research Impact Excellence Award and BME Graduate Program Research Excellence Award in recognition of research impact and excellence in the Biomedical Engineering program. -Trainee at the Hotchkiss Brain Institute and Alberta Children’s Hospital Research Institute, collaborating on interdisciplinary research projects. -Published multiple peer-reviewed papers on physiological signal estimation and fMRI data processing in leading journals and conferences",experience,0.5
aabda4f0-2ab9-4347-852f-4149c40612cf,2150e7f0-9348-4733-b56a-600d219f5a78,"Unpaid volunteer position as an Editorial Board Member for the Computational Research Progress in Applied Science & Engineering (CRPASE) journal. Responsibilities include evaluating manuscript submissions, collaborating with the Editor-in-Chief and fellow board members to maintain publication standards, and providing expert guidance on research methodologies and relevance. Actively contribute to promoting high-quality research in computational science and engineering by supporting the editorial and peer-review processes",experience,0.5
99eaa714-ed4a-4a34-9876-7e7fac51932f,2150e7f0-9348-4733-b56a-600d219f5a78,"Teaching Introduction to Biomedical Imaging and Applications (BMEN 509), covering foundational concepts and applications in biomedical imaging. -Designed and led a weekly 2-hour lab session, providing hands-on experience with MRI, CT, X-ray, PET, and ultrasound imaging. -Supervised two teaching assistants for lab sessions and student support. -Developed course materials, delivered lectures, and guided students in understanding biomedical imaging techniques. -Assessed student performance through assignments, labs, and exams",experience,0.5
470be891-b14d-498b-ba9b-c6104dd5212a,2150e7f0-9348-4733-b56a-600d219f5a78,"Co-founded and led Ferdows Golestan Ghaboos, an NGO dedicated to supporting education for underprivileged children, particularly Afghan refugee families in Iran. -Organized fundraising efforts and distributed over 2,500 aid packages, including school supplies and essentials, to children from low-income families. -Provided free tutoring, counseling, and resources to help children continue their education, especially after the Zemestan-Yurt coal mine disaster, which left 100 children without a parent. -Honored by the President of Iran and the Welfare Organization in 2018 for impactful contributions to the community. -Developed leadership and interpersonal skills, managing a diverse team and fostering a culture of inclusion and support for disadvantaged groups",experience,0.5
06a94d80-c57d-45ee-97c4-c4218168d721,855929b9-766b-4077-97ce-9ea170a67b85,As a Software Developer & Data Scientist specializing in health tech,about,0.8
00669364-d8a4-4a81-9a23-a3cd077963d9,855929b9-766b-4077-97ce-9ea170a67b85,I build scalable,about,0.8
54b703de-c060-4e30-9903-035bc0554d3c,855929b9-766b-4077-97ce-9ea170a67b85,production-grade software that seamlessly integrates advanced AI and machine learning capabilities into clinical workflows,about,0.8
df5c6301-7459-4605-b1a3-995cd641d048,855929b9-766b-4077-97ce-9ea170a67b85,Currently developing robust software systems at the University of Calgary,about,0.8
798cc95f-2f11-4185-ba89-5373d698fe9d,855929b9-766b-4077-97ce-9ea170a67b85,my expertise lies at the intersection of full-stack software architecture and applied AI,about,0.8
3faa7fbf-6227-45de-800e-6ecb78f43b7f,855929b9-766b-4077-97ce-9ea170a67b85,I focus on transforming complex clinical datasets and Electronic Health Records (EHR) into reliable,about,0.8
203ee093-483a-4e48-bb97-766300b4a628,855929b9-766b-4077-97ce-9ea170a67b85,high-performance applications that improve patient outcomes,about,0.8
e756e327-f34d-428e-bdf1-561b1e1c44c4,855929b9-766b-4077-97ce-9ea170a67b85,Key Highlights & Expertise,about,0.8
49154758-85ec-4e17-9761-6a382ed31cc6,855929b9-766b-4077-97ce-9ea170a67b85,AI-Applied Software Engineering,about,0.8
47bb768d-cf62-4e14-b1f7-288e5098e273,855929b9-766b-4077-97ce-9ea170a67b85,Architected an end-to-end clinical risk prediction application,about,0.8
1a5e70c6-f498-4bfa-9541-c1d59e45584f,855929b9-766b-4077-97ce-9ea170a67b85,integrating fine-tuned Transformer models (Bio-BERT/ClinicalBERT) via PyTorch directly into secure,about,0.8
ef5b3822-f749-49b8-8374-0c9a5243a595,855929b9-766b-4077-97ce-9ea170a67b85,cloud-native software microservices,about,0.8
e7685a4a-e8e7-4416-8b8e-599ed1280b01,855929b9-766b-4077-97ce-9ea170a67b85,Cloud Architecture & MLOps,about,0.8
799b7f1b-c7c5-4fc0-875b-30f855752007,855929b9-766b-4077-97ce-9ea170a67b85,Experienced in designing scalable backend infrastructure on AWS (ECS,about,0.8
65866601-e288-47b9-b39b-152f66647eaf,855929b9-766b-4077-97ce-9ea170a67b85,EKS,about,0.8
8702f655-05f5-4c5c-8157-91ce995ad223,855929b9-766b-4077-97ce-9ea170a67b85,SageMaker) using Docker and robust CI/CD pipelines to ensure efficient,about,0.8
695bc142-0600-4560-afdc-a1dfb2fe457c,855929b9-766b-4077-97ce-9ea170a67b85,low-latency model inference in production,about,0.8
76b74dcf-1b61-4885-8705-656b0bd00691,855929b9-766b-4077-97ce-9ea170a67b85,I hold a Master's in Software Engineering,about,0.8
9c00a679-8ce1-4d4a-893b-2a8c868bb9c3,855929b9-766b-4077-97ce-9ea170a67b85,providing me with a deep foundation in algorithm design,about,0.8
16d41268-f8c2-4132-9257-073ee1977787,855929b9-766b-4077-97ce-9ea170a67b85,object-oriented programming,about,0.8
7f7d3c92-ddfc-4a38-9345-8e8c212f1512,855929b9-766b-4077-97ce-9ea170a67b85,and scalable systems,about,0.8
e782fbf6-f49c-446b-a767-3983d8c20144,855929b9-766b-4077-97ce-9ea170a67b85,I am passionate about modern software craftsmanship,about,0.8
fa4aa3b7-3e9d-4edc-b6e7-c77640d750a5,855929b9-766b-4077-97ce-9ea170a67b85,currently expanding my focus into building robust deployment pipelines for clinical LLMs and implementing Explainable AI (XAI) frameworks within software user interfaces,about,0.8
12c245be-7a7b-42f0-b1b3-d83186a4f682,855929b9-766b-4077-97ce-9ea170a67b85,Always open to connecting with fellow engineers,about,0.8
08840ab6-cb7f-491d-b1d7-a5ac0e1efffe,855929b9-766b-4077-97ce-9ea170a67b85,architects,about,0.8
dd2c119b-291f-4fc6-b8fc-3fa35a5dacb3,855929b9-766b-4077-97ce-9ea170a67b85,and innovators building the future of health tech,about,0.8
4a822767-ef8a-4b9d-9c19-4b2c21f0216d,855929b9-766b-4077-97ce-9ea170a67b85,"As a Data Scientist at University of Calgary, Hotchkiss Brain Institute (HBI), I develop & deploy ML models on health datasets for actionable insights & improved patient outcomes. Specializing in end-to-end workflows (preprocessing, anomaly detection, predictive modeling), I leverage advanced ML/NLP to drive data-driven healthcare decisions. Key Projects & Impact: Readmission Risk Prediction: Developed & deployed a real-time model by fine-tuning BioBERT using PEFT (QLoRA, PyTorch, Transformers). Deployed as a scalable API on AWS (ECS, EKS, API Gateway), improving prediction accuracy by 90%, aiding doctors in proactive discharge decisions. Dementia Risk Prediction: Architected an NLP pipeline using EHR & clinical data with BioBERT & advanced fine-tuning (PEFT, PyTorch, Transformers). Achieved 95% prediction accuracy & 80% false positive reduction, enabling targeted interventions. Time-Series Analysis: Used autoregressive modeling (ARIMA) on longitudinal clinical datasets to forecast patient health trends & inform proactive interventions. Feature Engineering: Applied PCA, LASSO, & Random Forest feature importance (Scikit-learn) to optimize model performance & interpretability. EDA & Data Cleaning: Performed comprehensive EDA, statistical analysis, & robust data cleaning (Pandas, NumPy, SciPy) for high-quality data inputs. Cross-functional Collaboration: Partnered with psychiatrists, data engineers, & mathematicians to integrate predictive models into healthcare workflows, ensuring operational alignment",experience,0.5
78f51cc4-682a-4ec0-b844-f773afb05f19,855929b9-766b-4077-97ce-9ea170a67b85,"As an Associate Researcher, I engaged in AI-driven healthcare research projects, specializing in the analysis of complex clinical datasets to develop robust predictive models that enhance patient care. My work encompassed designing and implementing end-to-end data pipelines, from meticulous data preprocessing and feature engineering to advanced predictive modeling, to extract actionable insights for healthcare providers. Key Contributions & Technical Accomplishments: * Predictive Modeling for Kidney Disease: Developed and implemented a predictive pipeline for identifying high-risk kidney disease patients, utilizing Random Forest models for classification and comprehensive feature importance analysis (Scikit-learn). * A/B Testing & Model Validation: Conducted A/B testing to compare different model performances and refine prediction accuracy, ensuring the most effective model for high-risk patient identification. * Clinical Data Analysis & Feature Extraction: Performed in-depth statistical and time-series analysis on diverse clinical datasets to extract meaningful features and identify critical trends, leveraging tools like SciPy and Pandas. * AI Knowledge Sharing & Collaboration: Collaborated with cross-functional teams, including executives, to organize and schedule workshops on AI development, fostering knowledge-sharing and promoting innovation in applied machine learning",experience,0.5
88b9c5cb-3cf1-415d-a0d9-ea09216cfd42,855929b9-766b-4077-97ce-9ea170a67b85,"As a Data Scientist, I have successfully applied machine learning and statistical methods to solve business challenges across various industries. I specialize in sentiment analysis, trend prediction, and building data-driven solutions that enhance decision-making processes. Key Projects: Customer Sentiment Prediction -Developed a sentiment prediction model for a Canadian telephone operator, leveraging Natural Language Processing (NLP) techniques to analyze customer feedback. This model enabled the business to gain insights into customer sentiment, identify areas for improvement, and improve customer satisfaction. -KPI Prediction Built and deployed a prediction model to forecast business key performance indicators (KPIs) for dashboard visualization in QlikView. This empowered stakeholders to make proactive data-driven decisions and adjust strategies based on predicted trends. -Market Basket Analysis for Transactional Data Utilized association rule mining techniques (Apriori, FP-Growth) to conduct Market Basket Analysis, identifying product combinations and purchasing patterns. This analysis improved the company's cross-selling strategies and recommendation systems, leading to higher customer engagement and increased sales",experience,0.5
7eb3cd17-b397-4d32-80b0-cfaeda13b66b,b711d973-3252-49f4-a51f-d2a4eb9d300c,Homework Help,skills,1.0
0f6c65b9-2736-489c-bd94-6cb4c57cbbec,b711d973-3252-49f4-a51f-d2a4eb9d300c,One-on-one Instruction,skills,1.0
0d656db7-7d50-4560-b658-73955f462cc9,b711d973-3252-49f4-a51f-d2a4eb9d300c,Individualized Instruction,skills,1.0
4b2c794d-0731-4e4f-9513-38c672188fa8,b711d973-3252-49f4-a51f-d2a4eb9d300c,Autism Spectrum Disorders,skills,1.0
f9d0979b-3bb4-4f41-a57c-80987b6f8d6f,b711d973-3252-49f4-a51f-d2a4eb9d300c,Public Outreach,skills,1.0
6ff6e225-5e90-4c4c-80a1-6df14f99d73e,b711d973-3252-49f4-a51f-d2a4eb9d300c,Corporate Outreach,skills,1.0
169e2f84-fcfd-48a6-94b4-c2a195a2ae15,b711d973-3252-49f4-a51f-d2a4eb9d300c,Community Outreach,skills,1.0
877f23f7-bd2c-4ba2-a06a-22ee2081edad,b711d973-3252-49f4-a51f-d2a4eb9d300c,Social Outreach,skills,1.0
1027c8b5-8de7-4b74-8076-3a635dc9456a,b711d973-3252-49f4-a51f-d2a4eb9d300c,Online Content Creation,skills,1.0
c50cf1b6-f41a-4ff7-9e9f-65796079ea13,b711d973-3252-49f4-a51f-d2a4eb9d300c,I am a doctoral student in the Psychedelic and Cannabinoid Therapeutics lab at the University of Calgary,about,0.8
de4f89a1-0807-4a51-8d93-799279fe1365,b711d973-3252-49f4-a51f-d2a4eb9d300c,I have a special interest in neuropharmacology and the development of novel therapeutics for psychiatric disorders,about,0.8
ad2369b8-6f92-4434-b55a-7bf4eb74ac1e,b711d973-3252-49f4-a51f-d2a4eb9d300c,My current work largely focuses on the psychophysiological impacts of childhood maltreatment,about,0.8
176fe7c0-a284-45c9-abb9-abb0416bcc87,b711d973-3252-49f4-a51f-d2a4eb9d300c,particularly concerning the endocannabinoid system and social information processing,about,0.8
e10a2e44-c5fb-417b-9718-bf67a03fba38,b711d973-3252-49f4-a51f-d2a4eb9d300c,I am eager to connect and collaborate in science,about,0.8
579942ea-f014-40f3-9407-dbd0a48c1361,b711d973-3252-49f4-a51f-d2a4eb9d300c,advocacy,about,0.8
b45a15d9-562a-4a36-a96d-4d548519729d,b711d973-3252-49f4-a51f-d2a4eb9d300c,or on the trails 🥾,about,0.8
9964e808-d099-4e1b-809b-8f28e50c5640,b711d973-3252-49f4-a51f-d2a4eb9d300c,Individual and additive effects of childhood maltreatment and substance use disorder histories on baseline and stress-induced changes in peripheral stress biomarkers,publications,0.9
7efd5abb-397b-4872-8b10-bc8afb7d657c,b711d973-3252-49f4-a51f-d2a4eb9d300c,Endocannabinoids and the neurobiology of emotional states,publications,0.9
3f995aa1-41a3-4711-adb3-791cc1640226,b711d973-3252-49f4-a51f-d2a4eb9d300c,"Endocannabinoids play a crucial role in regulating the stress response, influencing both the initiation and resolution of stress-related processes in the brain. This discovery has been greatly advanced by the development of pharmacological tools, particularly fatty acid amide hydrolase (FAAH) and monoacylglycerol lipase (MAGL) inhibitors, which have been pivotal in uncovering the endocannabinoid (eCB) system's role in stress regulation. The success of these inhibitors in animal models of stress and emotion has led to the development of clinical therapies targeting eCB enzymes. FAAH inhibitors have demonstrated potential for enhancing fear extinction in healthy humans, offering hope for posttraumatic stress disorder (PTSD) treatment, though clinical trials in PTSD have yet to provide clear therapeutic evidence. In social anxiety disorder (SAD), FAAH inhibitors have shown potential for symptom reduction, but further research is needed. These findings emphasize the growing understanding of eCBs in regulating the stress response and the promise of eCB-based therapies for stress-related disorders. … more",publications,0.9
48bdc008-5df0-4d94-993d-4648e58f99b1,b711d973-3252-49f4-a51f-d2a4eb9d300c,Endocannabinoid Contributions to Psychiatric Risk,publications,0.9
b033ada9-487d-472a-b43b-740df1335443,b711d973-3252-49f4-a51f-d2a4eb9d300c,"This chapter examines the role of the endocannabinoid (eCB) system in psychiatric disorders, including anxiety, depression, eating disorders, post-traumatic stress disorder, substance use disorders, autism spectrum disorder, and schizophrenia. We pay specific attention to the eCB system's role in regulating stress, fear, emotional processing, metabolism, and synaptic plasticity. 10.1007/978-3-031-87990-6_15 … more",publications,0.9
9a2be7ee-754b-44ce-9141-f60c91f698ae,b711d973-3252-49f4-a51f-d2a4eb9d300c,"Endocannabinoid contributions to the perception of socially relevant, affective touch in humans",publications,0.9
fe874f74-f8d3-4dc1-b1b1-b0b89adc5572,b711d973-3252-49f4-a51f-d2a4eb9d300c,"Calgary, Alberta, Canada",experience,0.5
45bef4b8-76f2-4253-b1ca-d3bc3213a9ce,b711d973-3252-49f4-a51f-d2a4eb9d300c,Outreach Director with the Hotchkiss Brain Institute Trainee Organization,experience,0.5
c640d9d9-63ec-4655-b7f5-e19c6bf55e53,b711d973-3252-49f4-a51f-d2a4eb9d300c,"I tutor children with various neurodivergent conditions (such as Autism Spectrum Disorder), primarily in math, reading comprehension, and verbal expression",experience,0.5
14966b16-68f0-4f69-9911-4229df80c9b6,b711d973-3252-49f4-a51f-d2a4eb9d300c,MSc. Thesis student in the Psychedelic and Cannabinoid Therapeutics lab at the University of Calgary,experience,0.5
02464eba-d3a2-438f-b6bf-2eb9386e17a0,b711d973-3252-49f4-a51f-d2a4eb9d300c,Assisted in preclinical research investigating novel pharmacological interventions for PTSD in rodent models,experience,0.5
ee081832-8191-440f-8caf-4fc0cebef51a,b1c80b61-8cab-47b2-b741-5828bd5f16f8,"Calgary, Alberta, Canada",experience,0.5
912f92a0-3425-4ce9-813d-8d2a72413609,e26978e5-af18-4929-be79-e444c5aad696,Event Management,skills,1.0
6f4417ec-547f-43b6-9eca-4c7592b0d729,e26978e5-af18-4929-be79-e444c5aad696,Budgeting,skills,1.0
dc5e34da-e4f1-4eee-a6dd-4553fb89aeee,e26978e5-af18-4929-be79-e444c5aad696,Budget Management,skills,1.0
88fe46a2-e57f-412a-95ee-ce42dd57e489,e26978e5-af18-4929-be79-e444c5aad696,Grant Writing,skills,1.0
85207bb1-b69a-45d4-9240-32f238407db0,e26978e5-af18-4929-be79-e444c5aad696,Fundraising,skills,1.0
4ee2d9c2-aa61-44b0-aa60-f0e4c9b7a7eb,e26978e5-af18-4929-be79-e444c5aad696,Teamwork,skills,1.0
edf54abf-26da-4837-8033-c0706fd69b9f,e26978e5-af18-4929-be79-e444c5aad696,Leadership Development,skills,1.0
693460b9-0eec-4542-9316-c72b7ccda7e7,e26978e5-af18-4929-be79-e444c5aad696,Educational Leadership,skills,1.0
4bfe0552-6c58-4b9e-9886-a50d6d6de030,e26978e5-af18-4929-be79-e444c5aad696,Clinical Research,skills,1.0
7c40ddf8-2f97-418b-bd4e-d239614b5a43,e26978e5-af18-4929-be79-e444c5aad696,Medical Genetics,skills,1.0
b0f59b07-529d-42c9-9c2f-62fe4acd896e,e26978e5-af18-4929-be79-e444c5aad696,Inspired graduate student with excellent work ethic and communication,about,0.8
222d068e-453e-475c-8327-a5ec91c5a280,e26978e5-af18-4929-be79-e444c5aad696,Interested in in vitro and in vivo disease modelling with a focus on mitochondrial disease,about,0.8
24171a99-843e-43a5-8931-3ff685093807,e26978e5-af18-4929-be79-e444c5aad696,Relevant scientific writing,about,0.8
8e7de36e-168b-4e1b-b22b-fde3ec26e071,e26978e5-af18-4929-be79-e444c5aad696,Drug repurposing screen identifies an HRI activating compound that promotes adaptive mitochondrial remodeling in MFN2-deficient cells,publications,0.9
96e2fb11-b0cb-42b4-b372-e518dc1edde0,e26978e5-af18-4929-be79-e444c5aad696,The MFN2 Q367H variant reveals a novel pathomechanism connected to mtDNA-mediated inflammation,publications,0.9
f2d57a2d-2498-4707-8e55-4dc50865eedf,e26978e5-af18-4929-be79-e444c5aad696,Pharmacological activation of integrated stress response kinases inhibits pathological mitochondrial fragmentation,publications,0.9
c351fa3a-32e8-4bf9-8663-4f7fa5200b16,e26978e5-af18-4929-be79-e444c5aad696,"In this work, we show pharmacological activation of the Integrated Stress Response using small molecules promotes adaptive mitochondrial elongation. This proves to be a therapeutic tool for patient derived cells from a patient with CMT2a, harboring MFN2 D414V mutation. … more",publications,0.9
d9d150fe-7d33-4cd3-8c52-5493b9756d44,e26978e5-af18-4929-be79-e444c5aad696,Valosin-Containing Protein (VCP): A Review of Its Diverse Molecular Functions and Clinical Phenotypes,publications,0.9
e8c2b327-88c2-44e2-9e6e-35f226ca02ad,e26978e5-af18-4929-be79-e444c5aad696,"Characterization of a novel variant in the HR1 domain of MFN2 in a patient with ataxia, optic atrophy and sensorineural hearing loss",publications,0.9
d124c8cb-5b91-46ef-a92f-ee2fd955e6ab,e26978e5-af18-4929-be79-e444c5aad696,The Role of Impaired Mitochondrial Dynamics in MFN2-Mediated Pathology,publications,0.9
42567253-1229-43f2-aa74-e1fedc48aba0,e26978e5-af18-4929-be79-e444c5aad696,A review looking at the function of MFN2 in regulating mito-ER contacts and pathological consequences of failure to do so,publications,0.9
0c3225bd-2c1e-43e8-b647-a70c66c97ee6,e26978e5-af18-4929-be79-e444c5aad696,4th Year Ph.D. Candidate in Shutt Lab,experience,0.5
cf9b24bc-80e5-4526-aa0c-54284c4398ba,e26978e5-af18-4929-be79-e444c5aad696,"Calgary, Alberta, Canada",experience,0.5
d1a33e8a-977d-428f-942b-18435d384bb4,e26978e5-af18-4929-be79-e444c5aad696,"London Area, United Kingdom",experience,0.5
b3d62b6d-5be0-42fb-ac69-15f5e864a950,e26978e5-af18-4929-be79-e444c5aad696,"Dhaka, Bangladesh",experience,0.5
abe05607-1452-4ab4-9fec-92e402441712,e26978e5-af18-4929-be79-e444c5aad696,Biomodelling Project- How do MAGUKs cluster proteins at the synapse?,experience,0.5
40057c85-37e7-4a65-b8b9-232de859450e,f1d407b4-9c1c-45dc-95f5-1500ce248150,Creativity and Innovation,skills,1.0
34aa3ad6-fc6a-4478-934a-d18465c2ec64,f1d407b4-9c1c-45dc-95f5-1500ce248150,Problem Solving,skills,1.0
c394469e-32d3-420f-bbb7-c84938e56efd,f1d407b4-9c1c-45dc-95f5-1500ce248150,Entrepreneurial Thinking,skills,1.0
ed0c9c32-c7f5-42f1-9cb5-d4e7bb0ac9d9,f1d407b4-9c1c-45dc-95f5-1500ce248150,Research Design,skills,1.0
3d9ed3d9-7b39-4a5d-be67-e29ba5e04d22,f1d407b4-9c1c-45dc-95f5-1500ce248150,Online Content Creation,skills,1.0
0841c015-57a9-4862-82a4-eb2105158009,f1d407b4-9c1c-45dc-95f5-1500ce248150,Networking,skills,1.0
5d5d380c-113b-4e56-9e64-32f684309239,f1d407b4-9c1c-45dc-95f5-1500ce248150,Canva,skills,1.0
a4c2e85e-e3cf-4753-90af-468b9c941c8d,f1d407b4-9c1c-45dc-95f5-1500ce248150,Creative Writing,skills,1.0
8c7c8284-6318-4873-b527-e201a261dfa3,f1d407b4-9c1c-45dc-95f5-1500ce248150,Leadership,skills,1.0
1ab13ed0-b055-4b36-9350-d49214692885,f1d407b4-9c1c-45dc-95f5-1500ce248150,Time Management,skills,1.0
1312c917-31f2-4206-9792-c56762a074ef,f1d407b4-9c1c-45dc-95f5-1500ce248150,I am a first year psychology student at the University of Calgary,about,0.8
4ec4c2ea-410a-4965-b372-0d648265449f,f1d407b4-9c1c-45dc-95f5-1500ce248150,I could say a lot in this bio — but the description with the greatest potency in the least amount of words is this,about,0.8
9f2ac8a7-6bd6-434c-a5ad-0131c862111e,f1d407b4-9c1c-45dc-95f5-1500ce248150,asking stupid questions has served me well,about,0.8
d04aad83-edeb-42e6-856b-adb82b4380a5,f1d407b4-9c1c-45dc-95f5-1500ce248150,I love learning,about,0.8
0bacc257-93e6-4c8e-b8a6-7538b4e8e304,f1d407b4-9c1c-45dc-95f5-1500ce248150,whenever I can,about,0.8
156a795b-c3f5-428d-914b-54bcb36e4f66,f1d407b4-9c1c-45dc-95f5-1500ce248150,everything I do reflects that,about,0.8
bbe9f5e4-7995-4ef7-8808-6e7c9d267a7b,f1d407b4-9c1c-45dc-95f5-1500ce248150,Top skills Leadership • Academic Research,about,0.8
bd2de58a-6e5d-412c-bfa7-46f3f450b53a,f1d407b4-9c1c-45dc-95f5-1500ce248150,"Calgary, Alberta, Canada",experience,0.5
d67f4729-1696-44ee-a99a-93483fcd76e5,f1d407b4-9c1c-45dc-95f5-1500ce248150,"In this role I mark Kumon math and reading worksheets and instruct students who face difficulties with their coursework. I have also worked within my Kumon centre to organize supplementary activities, such as the Kumon Southcentre Charity Book Drive",experience,0.5
890abf0b-d156-4b7c-91b3-fc9e5735effd,f1d407b4-9c1c-45dc-95f5-1500ce248150,"Edmonton, Alberta, Canada",experience,0.5
cddd1842-48e5-4bde-8ad8-3291faffe50e,b1a543d6-4992-429d-9bb5-a904a8ede2af,I am a physician-scientist in training,about,0.8
ca56299b-202d-4617-a397-626fba970192,b1a543d6-4992-429d-9bb5-a904a8ede2af,currently pursuing a PhD in biomedical engineering,about,0.8
e09bb949-f7a1-4675-a93b-ee204004254a,b1a543d6-4992-429d-9bb5-a904a8ede2af,where I work at the intersection of systems and computational neuroscience,about,0.8
f06db698-fd90-4245-b7e9-311ad37503bd,b1a543d6-4992-429d-9bb5-a904a8ede2af,My research investigates how neuronal circuits compute to give rise to behavior and cognition,about,0.8
8046ed69-83c2-4dc8-9b9e-bef77c01e058,b1a543d6-4992-429d-9bb5-a904a8ede2af,using in vivo experiments,about,0.8
3782aef5-b8b8-4715-adb2-287993b7bb68,b1a543d6-4992-429d-9bb5-a904a8ede2af,brain-stimulation tools,about,0.8
0779669a-d4d8-4591-b296-8c91fc6b0f60,b1a543d6-4992-429d-9bb5-a904a8ede2af,and statistical and computational modeling,about,0.8
3f46e621-eedc-4908-87d3-45cfecab6053,b1a543d6-4992-429d-9bb5-a904a8ede2af,I'm drawn to complex systems,about,0.8
babd4bda-2623-4088-8bb3-24a3dcce1948,b1a543d6-4992-429d-9bb5-a904a8ede2af,circuit-level mechanisms,about,0.8
c4aedc80-59ae-4497-9b32-83ff8f2133ad,b1a543d6-4992-429d-9bb5-a904a8ede2af,and questions at the boundary of neuroscience and clinical translation – to explain intricate brain functions that can be disrupted by neurological diseases and to inform next-generation therapeutic interventions,about,0.8
3d88c361-9ccb-4154-a362-6403fc88a308,b1a543d6-4992-429d-9bb5-a904a8ede2af,"Selected for the 2025 cohort of the Evolve to Innovate (e2i) program at the Hunter Hub for Entrepreneurial Thinking, with a focus on research innovation and translating research into real-world impact. • Collaborated with mentors, entrepreneurs, and researchers to explore the intersection of research, innovation, and entrepreneurship. • Gained hands-on experience in problem-solving, science communication, and early-stage innovation strategy",experience,0.5
ebb09e66-a3f0-4282-a342-f170fb69f435,b1a543d6-4992-429d-9bb5-a904a8ede2af,"Completed rotational-based, hands-on clinical training and gained experience in diagnosis and treatment planning. • Conducted patient assessments and provided medical care under supervision. • Collaborated with healthcare professionals to develop comprehensive treatment plans and ensure optimal patient care outcomes",experience,0.5
45f684c7-8be7-4f86-ae73-6ab761ecfec2,b494b370-173c-43b3-bff1-34696fd2c960,Emocodes,skills,1.0
5d75deec-9906-4503-8652-92ba7deba524,b494b370-173c-43b3-bff1-34696fd2c960,MNE Python (for EEG processing and analysis),skills,1.0
85bfb304-28b2-4a18-9569-0137db90c7da,b494b370-173c-43b3-bff1-34696fd2c960,Pandas (Software),skills,1.0
38709b35-8b70-4dd7-b636-2e01817368b6,b494b370-173c-43b3-bff1-34696fd2c960,Python (Programming Language),skills,1.0
e88370ce-6206-4e5f-b7de-2b195ceb442f,b494b370-173c-43b3-bff1-34696fd2c960,Clinical Research,skills,1.0
9fd2f4eb-1557-445a-8998-82ae2a79d21f,b494b370-173c-43b3-bff1-34696fd2c960,R (Programming Language),skills,1.0
4440ad13-f1e2-4768-a672-85859f7a251e,b494b370-173c-43b3-bff1-34696fd2c960,Data Entry,skills,1.0
762e4572-3230-49c4-83b9-5e25083a7181,b494b370-173c-43b3-bff1-34696fd2c960,MRI,skills,1.0
b42614db-f130-4da6-af4e-428e6768237e,b494b370-173c-43b3-bff1-34696fd2c960,EEG,skills,1.0
a918db34-42ad-436c-960c-4a7891cc3ab5,b494b370-173c-43b3-bff1-34696fd2c960,Computer Science,skills,1.0
0a9853c5-afe0-43ea-b772-415a4477a4a8,b494b370-173c-43b3-bff1-34696fd2c960,I am currently an incoming fourth year student at the University of Calgary working towards an Honours Bachelor of Science degree in Neuroscience,about,0.8
85947f8c-f930-4558-bbef-39c2c2f4efc0,b494b370-173c-43b3-bff1-34696fd2c960,I am passionate about everything science-related (especially the brain) and always strive to improve the world even in little ways,about,0.8
c54b9040-fb3c-4bce-a47a-f6d84d698e60,b494b370-173c-43b3-bff1-34696fd2c960,Over the summer of 2023,about,0.8
3ed57fb0-aad4-4b48-9405-51f30bf73bcf,b494b370-173c-43b3-bff1-34696fd2c960,I volunteered at numerous locations primarily to work with and give back to children in my local community,about,0.8
bc8415ac-142d-4fe0-ba16-38ee1dd696f7,b494b370-173c-43b3-bff1-34696fd2c960,Currently,about,0.8
d10b7bb1-ebae-4436-8a57-2373f62f5d69,b494b370-173c-43b3-bff1-34696fd2c960,I am working as a student researcher at the Alberta Children's Hospital under Dr,about,0.8
cabfefdf-b81f-47a7-95c2-7f7b68fcaf6f,b494b370-173c-43b3-bff1-34696fd2c960,Signe Bray to determine how preterm birth impacts the brain's development and increases the potential for neurodevelopmental disorders,about,0.8
a3725747-4065-4c06-9af3-58ce537a27a0,b494b370-173c-43b3-bff1-34696fd2c960,"For the summer following my first year of university and continuing throughout my second year, I worked as a summer research student with a PURE Award in the lab of Dr. Signe Bray at the Alberta Children's Hospital Research Institute in conjunction with the Hotchkiss Brain Institute this summer. This research entails contributing to the collection and analysis of MRI, EEG, and questionnaire data using a variety of data-analysis methods to dive deeper into the effects of preterm birth on the brain's developmental processes",experience,0.5
dcb75bb2-f2e7-4d1a-84f0-4a8f9a1bf512,b494b370-173c-43b3-bff1-34696fd2c960,"Calgary, Alberta, Canada",experience,0.5
a52b2509-9118-4ce4-9430-7f967594e40c,b494b370-173c-43b3-bff1-34696fd2c960,Remote,experience,0.5
bbdc548e-f818-4a28-86f7-37b6245d9732,2cb70037-13e6-419a-ba19-e50d1faf70ca,Analytical Skills,skills,1.0
8a24c50f-ba7b-41a4-b9e2-c16b0d45ac8e,2cb70037-13e6-419a-ba19-e50d1faf70ca,Research Collaboration,skills,1.0
fed82390-3715-48ff-8f61-aec63776c552,2cb70037-13e6-419a-ba19-e50d1faf70ca,Research Skills,skills,1.0
a2d72a1d-947f-400c-a9b6-1403d16446a4,2cb70037-13e6-419a-ba19-e50d1faf70ca,Problem Solving,skills,1.0
7f264fc6-3f2f-4a03-ba5d-70a1a6ab2861,2cb70037-13e6-419a-ba19-e50d1faf70ca,Statistical Data Analysis,skills,1.0
d0e047ff-211f-4f6d-97df-e11c6260f1d9,2cb70037-13e6-419a-ba19-e50d1faf70ca,Scientific Experimentation,skills,1.0
e7d680a2-bf18-4432-9d26-61929d583c54,2cb70037-13e6-419a-ba19-e50d1faf70ca,Leadership,skills,1.0
4af02616-3202-42b7-96e0-08467d77d819,2cb70037-13e6-419a-ba19-e50d1faf70ca,Communication,skills,1.0
e80478d6-4954-4961-a24f-afd9a8bbf22b,2cb70037-13e6-419a-ba19-e50d1faf70ca,Tutoring,skills,1.0
652e23a7-2580-439c-ab23-9fa3f0f4d488,2cb70037-13e6-419a-ba19-e50d1faf70ca,TensorFlow,skills,1.0
0076412f-4a2c-441b-bbc3-b59d9f6674bd,2cb70037-13e6-419a-ba19-e50d1faf70ca,"Conducted a thorough literature search on multiple sclerosis, current therapies, and lack of treatment options. • Preprocessed a dataset of MRI scans of patients with multiple sclerosis to prepare images for analysis. • Constructed deep learning models such as Convolutional Neural Networks and Visual Transformers to help mediate prediction of disease outcome and progression of individuals 5 years post diagnosis",experience,0.5
522c8356-b70a-492c-aa62-c4450de4283f,2cb70037-13e6-419a-ba19-e50d1faf70ca,"Collaborated with community partners to culturally adapt The World Health Organization's Care for Child Development (CCD) intervention materials for children with mental and developmental disorders in Pakistan. • Played pivotal role in developing comprehensive set of ethics guidelines for study, covering rights and responsibilities of children, families, healthcare workers, and all other study participants involved in Pakistan. • Organized specific protocol to serve as guiding framework for implementation of research study, ensuring all aspects of project were carried out efficiently and in accordance with established procedures",experience,0.5
282843c5-9b7c-4b69-b77c-9ed9fe1b1003,2cb70037-13e6-419a-ba19-e50d1faf70ca,University of Calgary,experience,0.5
96c3df71-2cd8-48e3-80c2-585da9390dee,2cb70037-13e6-419a-ba19-e50d1faf70ca,"Dedicated tutor, mentor, and instructor at Kumon North America with a proven track record of fostering academic growth and excellence in students. • Demonstrated expertise in providing personalized guidance and support to students, effectively adapting teaching methods to individual learning styles and needs. • Played a key role in implementing Kumon's renowned educational programs, contributing to the intellectual development and success of students under my mentorship",experience,0.5
7f8e01dd-5243-4a77-8340-6edbfeb7d1d0,ae8f2298-3f48-4842-a28f-26d5b99d89da,Academic Research,skills,1.0
3f027141-baea-4f95-9fcc-e72c3ba27ba6,ae8f2298-3f48-4842-a28f-26d5b99d89da,Medical Research,skills,1.0
43772978-66e6-4650-950f-aff6538b48fc,ae8f2298-3f48-4842-a28f-26d5b99d89da,Data Analysis,skills,1.0
286190c1-c1e5-4b79-95e3-51a666f0da8f,ae8f2298-3f48-4842-a28f-26d5b99d89da,Computational Neuroscience,skills,1.0
c5ab9dcd-fdc2-4cd9-8e7a-68e45f27e6bc,ae8f2298-3f48-4842-a28f-26d5b99d89da,Behavioral Neuroscience,skills,1.0
06695e6d-6928-48fe-bb0c-77d3a38fcbf6,ae8f2298-3f48-4842-a28f-26d5b99d89da,Analytical Skills,skills,1.0
50dd4ab6-98b1-4fc6-9e37-aa18c5639b81,ae8f2298-3f48-4842-a28f-26d5b99d89da,English,skills,1.0
84563351-4bd5-4f21-9f05-60594ba73645,ae8f2298-3f48-4842-a28f-26d5b99d89da,Research Skills,skills,1.0
1c94da14-e083-4c1c-aa67-70739ec2029c,ae8f2298-3f48-4842-a28f-26d5b99d89da,Communication,skills,1.0
fa105ccd-fc14-4469-a942-08450e0a291d,ae8f2298-3f48-4842-a28f-26d5b99d89da,An undergraduate Neuroscience student interested in experimental/clinical Neuroscience,about,0.8
e894eb19-36c7-4bfd-bf43-9523408d2be5,ae8f2298-3f48-4842-a28f-26d5b99d89da,Seeking to expand my understanding,about,0.8
5c155e54-20f8-4729-b54d-d706d10d7e61,ae8f2298-3f48-4842-a28f-26d5b99d89da,experience,about,0.8
fc7597ae-ac4e-461f-80dd-d0ed633a15da,ae8f2298-3f48-4842-a28f-26d5b99d89da,and learn from innovative research while pursuing my academic and career goals in neuroscience,about,0.8
facd17c4-6940-4aad-8361-98d403ecd9df,aa28c4c8-98d0-4768-be32-117a98568259,RESEARCH FOCUS The Ryan Lab strives to answer fundamental questions in neuroscience,about,0.8
69bc0d45-1615-4734-a026-7fb96a5eb8fe,aa28c4c8-98d0-4768-be32-117a98568259,develop new tools for collaborative investigation into the mechanisms underlying neurological disorders and train scientists in the areas of molecular neuroscience and stem cell biology,about,0.8
81ab290b-83f5-4331-b2c4-97bdf4a769b3,aa28c4c8-98d0-4768-be32-117a98568259,We currently utilize stem cell and animal based models of Parkinson's Disease (PD) to study how protein aggregation impact on neuronal function in human disease,about,0.8
5ec73c86-0673-47c5-8dbc-e1cce5bcba77,aa28c4c8-98d0-4768-be32-117a98568259,"Calgary, Alberta, Canada",experience,0.5
ad32245e-05e3-415d-8b63-110e22f64206,aa28c4c8-98d0-4768-be32-117a98568259,"Guelph, ON Canada",experience,0.5
1bccf8d8-d8da-42a3-9ad0-97a7e4cf3c92,aa28c4c8-98d0-4768-be32-117a98568259,"La Jolla, California",experience,0.5
27623d0b-e7ef-4b80-81b3-066514b7a6fc,aa28c4c8-98d0-4768-be32-117a98568259,Greater Ottawa Metropolitan Area,experience,0.5
0b253f90-b4e5-49a8-8d98-e8f5efdd4afd,242792b2-cdbc-40ef-b95b-1beafbf8e438,Highly motivated research scientist with experience in both academic and industrial research settings,about,0.8
1b98970a-07b3-4882-aceb-90321841c67e,242792b2-cdbc-40ef-b95b-1beafbf8e438,A goal-oriented individual that has consistently thrived in multiple diverse research environments,about,0.8
7334f05e-3d88-4bee-b445-8c3b9f1a1079,242792b2-cdbc-40ef-b95b-1beafbf8e438,A proven track record of productivity that has consistently achieved objectives including rapid development of assays from concept through validation and has published 16 (8 first author) peer reviewed articles,about,0.8
a5978d44-a0ef-4f99-96ac-d5e2249bbd9e,242792b2-cdbc-40ef-b95b-1beafbf8e438,Strong work ethic either independently or as part of a team,about,0.8
ef99929c-5b4d-41c5-ba89-12714251cc94,242792b2-cdbc-40ef-b95b-1beafbf8e438,enjoys challenges and has a demonstrated creative capacity to overcome technical hurdles,about,0.8
c1597cb0-b702-4fda-92bd-42934f594734,242792b2-cdbc-40ef-b95b-1beafbf8e438,A consistent,about,0.8
9faee84c-00b5-4127-9e8b-3c153534c846,242792b2-cdbc-40ef-b95b-1beafbf8e438,talented performer that is a valuable addition to a research intensive organization,about,0.8
e77b19e1-33a7-481b-9f16-d02769c98e84,242792b2-cdbc-40ef-b95b-1beafbf8e438,Mutation of Trp29 of human equilibrative nucleoside transporter 1 alters affinity for coronary vasodilator drugs and nucleoside selectivity,publications,0.9
172d0eb3-b97f-4262-9b5a-f548d784b1cc,242792b2-cdbc-40ef-b95b-1beafbf8e438,K+ -dependent Na+/Ca2+ exchangers: key contributors to Ca2+ signaling,publications,0.9
8b41fa11-7172-44e7-a454-0d9387b7791a,242792b2-cdbc-40ef-b95b-1beafbf8e438,"Residues 334 and 338 in transmembrane segment 8 of human equilibrative nucleoside transporter 1 are important determinants of inhibitor sensitivity, protein folding, and catalytic turnover",publications,0.9
89a2082c-61ae-49ed-b7f6-0d308d3974a2,242792b2-cdbc-40ef-b95b-1beafbf8e438,"Analysis of Ion Interactions with the K+ -dependent Na+/Ca2+ Exchangers NCKX2, NCKX3, and NCKX4: identification of Thr-551 as a key residue in defining the apparent K(+) affinity of NCKX2",publications,0.9
edb576b0-2e39-4049-8e80-b32bbe641af2,242792b2-cdbc-40ef-b95b-1beafbf8e438,Residue 33 of human equilibrative nucleoside transporter 2 is a functionally important component of both the dipyridamole and nucleoside binding sites,publications,0.9
7061e5a2-6175-4119-a35b-ca3347d60938,242792b2-cdbc-40ef-b95b-1beafbf8e438,Identification and mutational analysis of amino acid residues involved in dipyridamole interactions with human and Caenorhabditis elegans equilibrative nucleoside transporters,publications,0.9
a9988e00-b2c8-4353-95e6-8294f0452767,242792b2-cdbc-40ef-b95b-1beafbf8e438,Mutation of residue 33 of human equilibrative nucleoside transporters 1 and 2 alters sensitivity to inhibition of transport by dilazep and dipyridamole,publications,0.9
89b1d6d7-fd72-4885-ad17-ab07207d8004,242792b2-cdbc-40ef-b95b-1beafbf8e438,Responsible for in parallel development of numerous highly specialized industrial immunoassays and cell based assays for R&amp,experience,0.5
e74d6dbe-6009-448e-a8c0-9fe2c27357c2,242792b2-cdbc-40ef-b95b-1beafbf8e438,"D and analytical purposes critical to the insulin and Apo AI programs that required a strong work ethic and time management skills. This allowed management to meet deadlines for submission and approval of regulatory documents in advance of clinical trials. • Prepared weekly data reports, numerous assay development and validation reports and attended weekly team meetings for effective communication of results to upper management. These communications empowered management with the necessary data to stay current on research progress and utilize the data to drive partnering activities. • This position required a strong emphasis on attention to detail in experimental design and data record keeping such as electronic files and laboratory notebooks. Standard operating procedures were prepared for many of the assays developed and subsequently transferred to quality control personnel to assay manufactured materials. • Cultured and maintained numerous mammalian cell lines for development of cell based assays. • Worked effectively as part of several multidisciplinary teams by developing analytical tools and intellectual input to drive projects forward. This resulted in productive collaborations and expanded the work exposure into new areas including process optimization, protein purification and manufacturing",experience,0.5
3fb92638-eca5-4571-8919-fc80c24947dd,242792b2-cdbc-40ef-b95b-1beafbf8e438,"Studied the structure and function of calcium signaling proteins. These studies resulted in high impact publications and gained significant exposure to the fields of cardiovascular science and neuroscience. • Developed fluorescence and electrophysiology based cell assays for the study of protein function. These approaches were applied to the study of protein structure, regulation and physiological function that were critical to publications and successful grant applications. • Worked with cell culture, maintenance and differentiation of numerous cell lines, cell transfections and primary cultures. • Employed a vast array of molecular techniques including mutagenesis, various PCR/cloning approaches, western blotting, immunoprecipitations and various phosphorylation experiments. These approaches contributed to the published work as well as added significantly to the hands on molecular biology skill set. • Completed two teaching courses and lectured membrane biology to 50 second year honours students in the Bachelor of Health Sciences program. This served to significantly develop effective communication skills. • Held both Alberta Heritage Foundation for Medical Research and Canadian Institutes of Health Research Postdoctoral Fellowships",experience,0.5
f97895ef-bd0b-460d-bf66-f536cab09a02,242792b2-cdbc-40ef-b95b-1beafbf8e438,Why am I seeing this ad?,experience,0.5
3fd09904-1cef-462d-818a-88e3b51c7365,6d6e37bd-f761-4b38-a0ce-3b82e49418d2,Collaborative Problem Solving,skills,1.0
8a9de896-186f-4e41-b6a3-6464f6037946,6d6e37bd-f761-4b38-a0ce-3b82e49418d2,constructive dialogue,skills,1.0
d890e267-7c2d-4a47-b2ca-677e77829537,6d6e37bd-f761-4b38-a0ce-3b82e49418d2,R (Programming Language),skills,1.0
44966ba3-44a4-4e58-9886-71af00dc2714,6d6e37bd-f761-4b38-a0ce-3b82e49418d2,Laboratory Skills,skills,1.0
a5b6387b-1fe9-4d39-a055-854b63760abd,6d6e37bd-f761-4b38-a0ce-3b82e49418d2,Science Communication,skills,1.0
57049856-fee2-4fb1-b0b4-96b253af5ed4,6d6e37bd-f761-4b38-a0ce-3b82e49418d2,Data Extraction,skills,1.0
35cba025-1388-4c56-b425-7ec4c621d196,6d6e37bd-f761-4b38-a0ce-3b82e49418d2,Collaborative Teamwork,skills,1.0
0e3bc848-42b1-4242-b0ab-6bb510b88072,6d6e37bd-f761-4b38-a0ce-3b82e49418d2,Research Design & Experimental Planning,skills,1.0
dd7f5f53-1b5b-48b9-b638-71cd132ec504,6d6e37bd-f761-4b38-a0ce-3b82e49418d2,Microsoft Excel,skills,1.0
e40e9c39-c3bb-4694-9798-6211b3b20ac1,6d6e37bd-f761-4b38-a0ce-3b82e49418d2,Literature Review & Scientific Reading,skills,1.0
4db8fa8f-e8ed-45b1-b750-e5e0f7c86799,6d6e37bd-f761-4b38-a0ce-3b82e49418d2,On-site,experience,0.5
04f5bf0c-69bf-469b-ad91-d8a3a4cd7984,6d6e37bd-f761-4b38-a0ce-3b82e49418d2,"Provide exceptional customer service to over 200 customers daily while operating the POS system, managing inventory levels, supporting store opening and closing procedures, monitoring staff schedules, maintaining product displays, and collaborating with team members to ensure smooth, efficient daily operations",experience,0.5
342642d9-e379-482c-8f95-4d4b30f5e516,6d6e37bd-f761-4b38-a0ce-3b82e49418d2,"Calgary, Alberta, Canada",experience,0.5
352cf762-19ba-4228-810a-d32bd756f1a8,ec8553ea-f718-4279-99e4-fe45fc092ccd,Why am I seeing this ad?,experience,0.5
46a950d6-c5b7-41a5-a8af-d86652c405d1,9369f93a-9938-4cda-a0cc-10f5348f1ef4,Glutamatergic synaptic integration of locomotion speed via septoentorhinal projections,publications,0.9
787e5b5a-7b39-4b8e-90e6-95915a932ce3,9369f93a-9938-4cda-a0cc-10f5348f1ef4,Mouse model of CADASIL reveals novel insights into Notch3 function in adult hippocampal neurogenesis,publications,0.9
12fb4d2b-0d12-4f58-b7de-727a4fbe8be1,9369f93a-9938-4cda-a0cc-10f5348f1ef4,Systemic administration of epothilone B promotes axon regeneration after spinal cord injury,publications,0.9
9b6ad550-78ed-4c49-a3fb-8d17c6af0fff,9369f93a-9938-4cda-a0cc-10f5348f1ef4,Deletion of Abca7 increases cerebral amyloid-β accumulation in the J20 mouse model of Alzheimer’s disease,publications,0.9
a5dbd22b-d36c-433a-9180-a1033d99c3c8,9369f93a-9938-4cda-a0cc-10f5348f1ef4,Leucine-rich repeat kinase 2 and alternative splicing in Parkinson's disease,publications,0.9
ad2563ce-8bd6-4503-9f5f-22b23bba814d,9369f93a-9938-4cda-a0cc-10f5348f1ef4,Isoform-specific proteolysis of apolipoprotein-E in the brain,publications,0.9
b9c59839-d2d4-4a6b-8d69-ada27e0bec99,9369f93a-9938-4cda-a0cc-10f5348f1ef4,Apolipoprotein-E forms dimers in human frontal cortex and hippocampus,publications,0.9
2c2e556d-f2aa-4faa-9406-621b690abda6,9369f93a-9938-4cda-a0cc-10f5348f1ef4,Apolipoproteins in the brain – implications for neurological and psychiatric disorders,publications,0.9
9663af3c-7240-4773-bcf0-d2f800e1008c,9369f93a-9938-4cda-a0cc-10f5348f1ef4,Increased ATP-binding cassette transporter A1 expression in Alzheimer's disease hippocampal neurons,publications,0.9
3da9b35d-4fd5-4b80-9e51-dcec599d820e,9369f93a-9938-4cda-a0cc-10f5348f1ef4,Analysis of apolipoprotein E nuclear localization using green fluorescent protein and biotinylation approaches,publications,0.9
25bd189e-cbc9-47a0-a47a-ed259e05fefc,9369f93a-9938-4cda-a0cc-10f5348f1ef4,Greater Calgary Metropolitan Area,experience,0.5
1b646f3d-2201-44f5-b6f6-34093df1026a,9369f93a-9938-4cda-a0cc-10f5348f1ef4,"Bonn, Germany",experience,0.5
5c3e32d5-1953-48c4-b966-41f7e1ec6dad,9369f93a-9938-4cda-a0cc-10f5348f1ef4,Greater Sydney Area,experience,0.5
5cffad4d-fd40-4039-a848-b375a5ee7517,9369f93a-9938-4cda-a0cc-10f5348f1ef4,"Sydney, Australia",experience,0.5
312eae68-95cd-4222-b25a-9f46e7879c39,9369f93a-9938-4cda-a0cc-10f5348f1ef4,"Kelowna, British Columbia, Canada",experience,0.5
11b96601-ed92-45a3-938b-7d1cda9bb8d1,d4f4df5e-5d68-4377-840e-bda400b303d8,I am interested in Magnetic Resonance Imaging (MRI) technology,about,0.8
07b55709-c029-4bb4-afa0-9cadc5c2fc23,d4f4df5e-5d68-4377-840e-bda400b303d8,both new and legacy,about,0.8
9e91b105-0721-4964-b6b8-eb6d6dd5a556,d4f4df5e-5d68-4377-840e-bda400b303d8,as well as emerging methods of analysis,about,0.8
b1bbdae1-85fc-44eb-bd49-a9526e7d867c,d4f4df5e-5d68-4377-840e-bda400b303d8,I enjoy communicating these advances from developers to end users,about,0.8
f84dc3d2-76fd-43e8-9d0b-75dc68f3fe33,d4f4df5e-5d68-4377-840e-bda400b303d8,whether research,about,0.8
6521f6de-7959-4416-8d86-2a5f6069565c,d4f4df5e-5d68-4377-840e-bda400b303d8,clinical,about,0.8
6be17e01-6765-4d9d-a525-aee9a0f3cf0b,d4f4df5e-5d68-4377-840e-bda400b303d8,or client,about,0.8
cba20702-48e5-43ea-9261-0feec7344efc,d4f4df5e-5d68-4377-840e-bda400b303d8,My journey within the umbrella field of MRI has taught me about the physics,about,0.8
7d6290e0-df13-4c5a-8072-5e9ef8947ddf,d4f4df5e-5d68-4377-840e-bda400b303d8,hardware,about,0.8
8afb9c7d-eff2-40a1-8bbc-32ce57213d65,d4f4df5e-5d68-4377-840e-bda400b303d8,and data processing required in modern image analysis,about,0.8
117669ab-58ba-479a-9c2e-6a41a678ee20,d4f4df5e-5d68-4377-840e-bda400b303d8,as well as medical pathology throughout the human body throughout the life span,about,0.8
278e208b-14bd-47bc-a7db-77b621af3460,d4f4df5e-5d68-4377-840e-bda400b303d8,"Calgary, Alberta",experience,0.5
dcd0d694-1975-4775-a015-89cc996ebe75,d4f4df5e-5d68-4377-840e-bda400b303d8,"London, Ontario",experience,0.5
a59d4fce-ddd3-418b-a934-be6ce16e94f7,d4f4df5e-5d68-4377-840e-bda400b303d8,"Greater Toronto Area, Canada",experience,0.5
84f28a96-bd05-441c-9b0f-5876dd8672be,d4f4df5e-5d68-4377-840e-bda400b303d8,Why am I seeing this ad?,experience,0.5
cc3c4c38-61c8-4a1d-a0f7-628089e11e8e,c6500b0b-7864-43d8-a930-b89d673c3749,Teaching,skills,1.0
4d7b32b9-aee9-4e5b-ab2d-b3102640a218,c6500b0b-7864-43d8-a930-b89d673c3749,Leadership,skills,1.0
ed977287-2864-452e-a6bc-949b5aa0facc,c6500b0b-7864-43d8-a930-b89d673c3749,Research Skills,skills,1.0
2c599342-ec41-41cc-baca-2644da22a691,c6500b0b-7864-43d8-a930-b89d673c3749,Shift Supervisor,experience,0.5
dc67fc31-a4db-4b56-a2ed-3e47d1b3881a,c6500b0b-7864-43d8-a930-b89d673c3749,Teaching and Leadership,experience,0.5
c39623bb-9606-41ea-959c-ea8505301bbf,c6500b0b-7864-43d8-a930-b89d673c3749,Nephrology Research Group,experience,0.5
152464b3-7bab-44bc-a585-502068edec44,c6500b0b-7864-43d8-a930-b89d673c3749,Why am I seeing this ad?,experience,0.5
7bb572b8-1fbd-40b3-9cf1-b0ac690e3366,5793b1d3-2b8e-4cbe-9935-810433e8f4e3,Advertising,skills,1.0
6ec7e5b2-e490-49d1-bb7e-578c0c73895b,5793b1d3-2b8e-4cbe-9935-810433e8f4e3,Leadership,skills,1.0
e896d552-103b-4372-8fba-d2ead205e7ae,5793b1d3-2b8e-4cbe-9935-810433e8f4e3,Communication,skills,1.0
c36b35c0-8640-4dfc-b2b7-780a3dce97ca,5793b1d3-2b8e-4cbe-9935-810433e8f4e3,Clinical Research,skills,1.0
fb325ef8-d803-40db-8fb3-1c453f7b94ac,5793b1d3-2b8e-4cbe-9935-810433e8f4e3,Writing,skills,1.0
40e00639-a745-4591-9e90-e921fab0a1a5,5793b1d3-2b8e-4cbe-9935-810433e8f4e3,Team Leadership,skills,1.0
8cca704c-a25f-4eee-84c5-8f922d0673ed,5793b1d3-2b8e-4cbe-9935-810433e8f4e3,Project Management,skills,1.0
253de027-08fd-40e1-95b1-b963833ceae0,5793b1d3-2b8e-4cbe-9935-810433e8f4e3,Neuroscience,skills,1.0
9e7b058b-8bb2-4352-94e8-4212da599689,5793b1d3-2b8e-4cbe-9935-810433e8f4e3,Society for AI Literacy (SAIL) - Promoting Ethical and Responsible AI Use,experience,0.5
1f0674cb-48bd-4d30-883e-a9b927571fcb,5793b1d3-2b8e-4cbe-9935-810433e8f4e3,Society for AI Literacy,experience,0.5
d997a53e-7cc1-438b-91e7-0e080cd2d5ac,5793b1d3-2b8e-4cbe-9935-810433e8f4e3,Hybrid,experience,0.5
d0d4dae6-d279-4e74-b644-e634c0f42f95,5793b1d3-2b8e-4cbe-9935-810433e8f4e3,"Calgary, Alberta, Canada",experience,0.5
93249d7c-95ad-46ee-97dc-a2f96a7da59f,5793b1d3-2b8e-4cbe-9935-810433e8f4e3,"As VP Marketing Associate for the Rotaract Club at my university, I led a team in enhancing the club's visibility and promoting charity initiatives. My responsibilities involved creating innovative advertising campaigns, crafting engaging content across various platforms, and advocating for social causes. This role not only strengthened my marketing and leadership skills, but also deepened my commitment to community service and philanthropy.""",experience,0.5
cd555637-8572-4275-83d2-3b6eeb0471f9,a281f3de-f7fc-440a-b069-ba1c6f5eb35b,Written Communication,skills,1.0
cf764906-fa0c-41b6-baa7-33549e9baa91,a281f3de-f7fc-440a-b069-ba1c6f5eb35b,Debugging,skills,1.0
59bb3cdc-2ccf-42ac-910c-ad7c338b48ee,a281f3de-f7fc-440a-b069-ba1c6f5eb35b,Database Management System (DBMS),skills,1.0
0c4afa14-2d2e-4b0c-8145-12eab8160a82,a281f3de-f7fc-440a-b069-ba1c6f5eb35b,Algorithms,skills,1.0
751f0084-d0b0-4da0-9161-1e578213ef21,a281f3de-f7fc-440a-b069-ba1c6f5eb35b,React.js,skills,1.0
be08688f-9c1c-4992-b332-ac97e97e9ca7,a281f3de-f7fc-440a-b069-ba1c6f5eb35b,Programming,skills,1.0
d4760be2-5013-4f1f-8e8a-4fcc151972bf,a281f3de-f7fc-440a-b069-ba1c6f5eb35b,Object Oriented Design,skills,1.0
38c5cab5-534f-4d8a-b25f-99bd714ee6ba,a281f3de-f7fc-440a-b069-ba1c6f5eb35b,C++,skills,1.0
09e22af5-608c-4fb4-b174-883cc4ee5b6a,a281f3de-f7fc-440a-b069-ba1c6f5eb35b,Pandas (Software),skills,1.0
942cbd91-1dad-4d37-9a97-b214a68757ca,a281f3de-f7fc-440a-b069-ba1c6f5eb35b,NumPy,skills,1.0
2d88e255-a5b7-4bcb-a1af-76bf474a3f68,a281f3de-f7fc-440a-b069-ba1c6f5eb35b,Performing cell segmentation and analyzing gene expression on nuclei-stained cells in spatially defined brain regions using post-mortem samples from patients with progressive Multiple Sclerosis (PMS),experience,0.5
08f9cadf-b586-4beb-a649-1fc74718b2e1,a281f3de-f7fc-440a-b069-ba1c6f5eb35b,"Vancouver, British Columbia, Canada",experience,0.5
35f87d5c-a74e-43a3-9e3b-1dfab26289ca,a281f3de-f7fc-440a-b069-ba1c6f5eb35b,"Calgary, Alberta, Canada",experience,0.5
ffd133c4-db4e-45d9-9f08-d671a3f8dbf4,ac93a9ce-4bc9-4747-b429-b95943d220d9,Community Outreach,skills,1.0
119d87d9-bc63-46b6-bebe-5b5d8b7c0fa1,ac93a9ce-4bc9-4747-b429-b95943d220d9,Educational Outreach,skills,1.0
2286f6fb-9da3-4c68-b1de-0bca0a4e3b56,ac93a9ce-4bc9-4747-b429-b95943d220d9,Event Planning,skills,1.0
f14dd144-0af7-4c2a-8665-f039715574df,ac93a9ce-4bc9-4747-b429-b95943d220d9,Data Analysis,skills,1.0
8344ae8d-1bea-4b43-b965-9874b553089b,ac93a9ce-4bc9-4747-b429-b95943d220d9,Analytical Skills,skills,1.0
916b0205-d921-411e-aa1f-affdab9ca4ae,ac93a9ce-4bc9-4747-b429-b95943d220d9,Adobe Photoshop,skills,1.0
ff015002-1555-426f-acaf-b0ca6ea6c4c6,ac93a9ce-4bc9-4747-b429-b95943d220d9,Research Skills,skills,1.0
969ed6d4-4c12-4bc0-97e4-66f5ae3cb525,ac93a9ce-4bc9-4747-b429-b95943d220d9,Communication,skills,1.0
d160afcf-c2e2-4f47-8ffd-83d709e45c62,ac93a9ce-4bc9-4747-b429-b95943d220d9,"Calgary, Alberta, Canada",experience,0.5
05adb516-ba26-495e-b8c5-84804d0b245e,6c01773e-ab9a-431b-9726-68e5c604d955,The Hotchkiss Brain Institute Trainee Organization (HBITO) is an organization of postdoctoral and graduate students supervised by members of the HBI,about,0.8
797f4bdf-de51-497b-9804-7ec4192859ca,6c01773e-ab9a-431b-9726-68e5c604d955,The HBITO aims to facilitate and foster stronger interactions between trainees while shaping their educational environment,about,0.8
6f9c974f-73c5-451d-8c4a-c5ec60449370,6c01773e-ab9a-431b-9726-68e5c604d955,We accomplish these goals by hosting world-renowned speakers,about,0.8
e4e4ffba-a6f0-4317-9131-787f02a6aa9a,6c01773e-ab9a-431b-9726-68e5c604d955,organizing events to celebrate the achievements of HBI trainees,about,0.8
2597fa78-ddad-4de9-a215-1160e0d4c382,6c01773e-ab9a-431b-9726-68e5c604d955,and playing an active role in the education of our community,about,0.8
fb9269ab-cca6-4129-befe-4be837199b1e,d06308e7-14c8-480f-b2df-25998cba800b,ArcGIS Products,skills,1.0
b8856719-4c50-499c-bdc8-4f3f91d7fbaf,d06308e7-14c8-480f-b2df-25998cba800b,Statistics,skills,1.0
700023c9-8931-40e7-9281-7642cc0aa6e1,d06308e7-14c8-480f-b2df-25998cba800b,Research Skills,skills,1.0
62aa1b95-6c23-4431-bec8-602cb3662887,d06308e7-14c8-480f-b2df-25998cba800b,Field Work,skills,1.0
a9f31619-5a3c-42d2-adfd-9106642e6541,d06308e7-14c8-480f-b2df-25998cba800b,City-wide survey of concrete assets evaluating and marking hazards while recommending repairs,experience,0.5
1da9b2eb-f0a0-4f1a-b2ed-ede45d268688,d06308e7-14c8-480f-b2df-25998cba800b,"Responsible for managing regular pool operations, training new staff, and ensuring that the pool runs smoothly alongside normal lifeguard operations. Swim instructor for all ages and ability of swimmers from parent and tot to advanced adult levels and children with disabilities",experience,0.5
8cd4154b-af82-4993-878c-69136b58b2e1,4f077cb1-7072-4a1f-916c-a8e7a0b19697,Event Planning,skills,1.0
049c476e-3a53-41bf-b1d0-09223510c48f,4f077cb1-7072-4a1f-916c-a8e7a0b19697,Education,skills,1.0
e9bf9d74-5bb5-4dcf-bbde-14158344c231,4f077cb1-7072-4a1f-916c-a8e7a0b19697,Research Support,skills,1.0
a618bd54-47aa-4352-86a5-fc8d63af2a42,4f077cb1-7072-4a1f-916c-a8e7a0b19697,Academic Research,skills,1.0
dba8b465-adb4-407c-9fd5-3ba3fd46c889,4f077cb1-7072-4a1f-916c-a8e7a0b19697,Microsoft Office,skills,1.0
6a762677-1b57-40c8-8547-84d8a71fff12,4f077cb1-7072-4a1f-916c-a8e7a0b19697,Teamwork,skills,1.0
5b9ac3a4-4909-4540-b7c1-342b790fcc05,4f077cb1-7072-4a1f-916c-a8e7a0b19697,Attention to detail and ability to work accurately,skills,1.0
d66bf75c-e406-4adc-9d6f-a899db7f8877,4f077cb1-7072-4a1f-916c-a8e7a0b19697,Organization and leadership skills,skills,1.0
7a59c8c6-38fe-4f43-8fac-7b34b75f7386,4f077cb1-7072-4a1f-916c-a8e7a0b19697,Strong written and verbal communication,skills,1.0
af0b427f-c039-4fa3-af12-63839d473e3c,4f077cb1-7072-4a1f-916c-a8e7a0b19697,"Calgary, Alberta, Canada",experience,0.5
a40bf789-08d1-4d90-a378-7d1a74053b9f,4f077cb1-7072-4a1f-916c-a8e7a0b19697,"My current research with Dr. Ganesh’s lab explores the relationship between antithrombotic medication regimens prescribed at the time of hospital admission and the risk of short-term recurrent strokes. We are also examining this relationship across different stroke etiologies, as determined following diagnostic investigations, to better understand how tailored treatment strategies can influence early recurrence risk and patient outcomes",experience,0.5
68e74415-26fb-44ce-b412-e2124a37129c,4f077cb1-7072-4a1f-916c-a8e7a0b19697,"Experienced in selecting and preparing grocery orders with precision, efficiency, and care. Focused on ensuring product quality, order accuracy, and excellent customer service for online, curbside, and delivery clients",experience,0.5
64cb4adf-567d-46d8-85bf-ecbcd9ef8779,5f89e53a-fad1-4b57-a8e0-b4627dc6d120,Team Leadership,skills,1.0
ba1283d4-6fb8-477d-b106-bb885f152304,5f89e53a-fad1-4b57-a8e0-b4627dc6d120,Management,skills,1.0
5ee1f43d-f198-4233-9832-315300e5129a,5f89e53a-fad1-4b57-a8e0-b4627dc6d120,Clinical Services,skills,1.0
2c9c38b4-685c-4fef-b0aa-6adcb018df24,5f89e53a-fad1-4b57-a8e0-b4627dc6d120,Clinical Support,skills,1.0
7ddc2ece-8a0e-4894-b864-a975c1d4a75b,5f89e53a-fad1-4b57-a8e0-b4627dc6d120,Customer Service,skills,1.0
eb7d9074-1275-442b-99d7-99ec6b3fe76c,5f89e53a-fad1-4b57-a8e0-b4627dc6d120,Communication,skills,1.0
ba5c8e84-8f34-4b4e-bb08-3016d0845a2f,5f89e53a-fad1-4b57-a8e0-b4627dc6d120,"Calgary, Alberta, Canada",experience,0.5
6a381124-1f83-4f29-bebb-d414dd66d78f,5f89e53a-fad1-4b57-a8e0-b4627dc6d120,On-site,experience,0.5
4457910d-042f-44d3-90c6-2d441d8e6de0,5f89e53a-fad1-4b57-a8e0-b4627dc6d120,"Assisted in providing mental and physical health support, knowledge, and resources to students, facilitated clinic operations, and supported wellness initiatives",experience,0.5
0a8a218b-4914-46c3-beec-fc90a482f108,5f89e53a-fad1-4b57-a8e0-b4627dc6d120,Provide attentive service to guests. Thorough menu knowledge to provide recommendations and answer product questions,experience,0.5
8bd4d8ca-c840-4645-9734-e19aaf9e4f0c,89c4088b-73ff-4c4d-bcc1-2a2d1318a9dd,Behavioural testing of animal models,skills,1.0
ff4ba421-5284-40f0-9d59-39e99b15926e,89c4088b-73ff-4c4d-bcc1-2a2d1318a9dd,Swim Instruction (All Levels),skills,1.0
2ca69ea5-97ee-4242-a629-a3004a34ce08,89c4088b-73ff-4c4d-bcc1-2a2d1318a9dd,First Aid Training,skills,1.0
4442d3b9-630e-4735-bc27-50864697262c,89c4088b-73ff-4c4d-bcc1-2a2d1318a9dd,Cardiopulmonary Resuscitation (CPR),skills,1.0
9313e3b0-fc27-4044-a144-ec8ca826a562,89c4088b-73ff-4c4d-bcc1-2a2d1318a9dd,Youth Coaching,skills,1.0
2c0f5307-d393-4140-ae47-e1a66f8d39a2,89c4088b-73ff-4c4d-bcc1-2a2d1318a9dd,Risk Assessment,skills,1.0
ac94dc97-69fe-4628-9c61-260333eb3763,89c4088b-73ff-4c4d-bcc1-2a2d1318a9dd,Team Building,skills,1.0
74a67d01-8f45-4823-9fef-d1049bbb2a5f,89c4088b-73ff-4c4d-bcc1-2a2d1318a9dd,Athlete Motivation,skills,1.0
e9345cc9-3889-4d93-85ad-c7d0c4041961,89c4088b-73ff-4c4d-bcc1-2a2d1318a9dd,Immunohistochemisty,skills,1.0
023e8212-4739-4dda-a26f-d8de4b424b2c,89c4088b-73ff-4c4d-bcc1-2a2d1318a9dd,Confocal Microscopy,skills,1.0
1cfab32d-d12f-4a21-9242-1184f4c3f701,89c4088b-73ff-4c4d-bcc1-2a2d1318a9dd,Hi my name is Matthew Komori,about,0.8
ee1841dd-86c1-48ec-b193-0c47f8b52c8a,89c4088b-73ff-4c4d-bcc1-2a2d1318a9dd,I am a third year Kinesiology BSc student at the University of Calgary,about,0.8
75410309-fc61-4f0d-8db8-e08a51b1bbc9,89c4088b-73ff-4c4d-bcc1-2a2d1318a9dd,I find the human body so fascinating and integrative and I have always had a passion for sports,about,0.8
57b5e31e-5508-4238-8b01-a31ee22a84bd,89c4088b-73ff-4c4d-bcc1-2a2d1318a9dd,Specifically,about,0.8
6d9206b8-a6e0-4d92-98f4-83e0f1e3ad54,89c4088b-73ff-4c4d-bcc1-2a2d1318a9dd,I played competitive volleyball,about,0.8
4d1268fa-7ae3-46c6-8996-1667aadd0622,89c4088b-73ff-4c4d-bcc1-2a2d1318a9dd,winning many provincial titles and one national championship,about,0.8
b0261fb2-066e-4214-8ae5-572171f78372,89c4088b-73ff-4c4d-bcc1-2a2d1318a9dd,Now,about,0.8
0bd74f22-1f11-41f4-bf00-2409257936b2,89c4088b-73ff-4c4d-bcc1-2a2d1318a9dd,I’m currently the head coach for a volleyball club in Calgary,about,0.8
065187e9-bc4e-4b4e-8554-c1063a119300,89c4088b-73ff-4c4d-bcc1-2a2d1318a9dd,owned by one of my former coaches,about,0.8
85e2f41d-9e84-4f43-ad6f-f7b1eb5f10b3,89c4088b-73ff-4c4d-bcc1-2a2d1318a9dd,Coaching has been incredibly rewarding—I love working with kids and seeing them learn,about,0.8
ea064856-2279-481b-82ad-22710cd3fe29,89c4088b-73ff-4c4d-bcc1-2a2d1318a9dd,grow,about,0.8
da66159e-71ec-41b1-9efc-711da0f65552,89c4088b-73ff-4c4d-bcc1-2a2d1318a9dd,and have fun through sport,about,0.8
2d767bfb-a7be-48d9-905e-e607bdb98ca1,89c4088b-73ff-4c4d-bcc1-2a2d1318a9dd,In addition to volleyball,about,0.8
0a27dc09-ad17-4a18-b2ab-67be22520eb0,89c4088b-73ff-4c4d-bcc1-2a2d1318a9dd,I also teach swimming and work as a lifeguard at a local pool,about,0.8
1f82e588-5eff-4536-b9cf-b329c4b8f325,89c4088b-73ff-4c4d-bcc1-2a2d1318a9dd,Whether on the court or in the water,about,0.8
edb8f55c-b716-4190-bca6-8104b5439272,89c4088b-73ff-4c4d-bcc1-2a2d1318a9dd,I’ve had the pleasure of helping many groups of kids develop their skills,about,0.8
9d596aae-4ecf-47f0-8f49-cbe080dc1b81,89c4088b-73ff-4c4d-bcc1-2a2d1318a9dd,build friendships,about,0.8
ea8b9d32-38ee-489a-b9c2-a5bbb6b4f4e5,89c4088b-73ff-4c4d-bcc1-2a2d1318a9dd,and create lasting memories,about,0.8
2bd752e0-4782-4672-8800-c08a7f8047f9,89c4088b-73ff-4c4d-bcc1-2a2d1318a9dd,There’s nothing more fulfilling than watching them progress and enjoy the process along the way,about,0.8
60e3ad67-8891-4a9f-8821-cebf9c2d7163,89c4088b-73ff-4c4d-bcc1-2a2d1318a9dd,In addition to this,about,0.8
247686a4-cee7-49fc-ac88-71660beeb823,89c4088b-73ff-4c4d-bcc1-2a2d1318a9dd,I am also an undergraduate research student with hands-on experience in the neuroscience field,about,0.8
f7473064-e934-43df-8e37-4ea4390d3e5c,89c4088b-73ff-4c4d-bcc1-2a2d1318a9dd,including behavioral testing,about,0.8
79d6e5a0-2e30-462f-a87a-47a2935cab46,89c4088b-73ff-4c4d-bcc1-2a2d1318a9dd,molecular techniques,about,0.8
1da26ec3-7c88-4532-948d-a7084705a9c0,89c4088b-73ff-4c4d-bcc1-2a2d1318a9dd,and imaging analysis,about,0.8
80b72d92-b737-4e25-88e5-278109c7cfa1,89c4088b-73ff-4c4d-bcc1-2a2d1318a9dd,At the Hotchkiss Brain Institute,about,0.8
0883c558-9fd1-453a-9108-1e46c65e8331,89c4088b-73ff-4c4d-bcc1-2a2d1318a9dd,my recent work focused on investigating how astrocytes influence stress-related behaviors using viral gene delivery,about,0.8
c9e3e714-f133-4d8d-beb6-e21fe6ec3be2,89c4088b-73ff-4c4d-bcc1-2a2d1318a9dd,immunohistochemistry,about,0.8
72cd9155-db49-40e0-a8de-399198267243,89c4088b-73ff-4c4d-bcc1-2a2d1318a9dd,and confocal microscopy,about,0.8
e62df66a-1f78-44da-b4e3-9e42e2f8dfec,89c4088b-73ff-4c4d-bcc1-2a2d1318a9dd,Through this,about,0.8
ed25cf18-e677-4274-8506-0d6d6780457e,89c4088b-73ff-4c4d-bcc1-2a2d1318a9dd,I developed strong skills in experimental design,about,0.8
eca410e4-2e0a-4c7e-bcf7-294c1632932d,89c4088b-73ff-4c4d-bcc1-2a2d1318a9dd,data interpretation,about,0.8
b93eab91-055d-488d-8a56-a0c2a0374857,89c4088b-73ff-4c4d-bcc1-2a2d1318a9dd,and troubleshooting complex lab protocols,about,0.8
67fdd792-3285-46c2-9d86-8e4a0b0acb13,89c4088b-73ff-4c4d-bcc1-2a2d1318a9dd,I’m passionate about understanding brain function at the cellular level and translating that knowledge into meaningful insights about mental health and neurobiology,about,0.8
ddba89f3-c2a3-4ce0-a7fa-69785d467856,89c4088b-73ff-4c4d-bcc1-2a2d1318a9dd,I’m always eager to collaborate,about,0.8
01f60b79-d93e-424e-9965-d16746e5b059,89c4088b-73ff-4c4d-bcc1-2a2d1318a9dd,learn,about,0.8
646fafab-6dd4-48c3-9970-d46917fe21e8,89c4088b-73ff-4c4d-bcc1-2a2d1318a9dd,and apply science in innovative ways so don’t be afraid to reach out,about,0.8
65debe22-1c31-4aca-a84d-f48c3ebc6260,89c4088b-73ff-4c4d-bcc1-2a2d1318a9dd,Research student in Dr. Grant Gordon’s lab. Investigating the mechanisms by which astrocytes modulate neurons following chronic stress in the paraventricular nucleus of the hypothalamus,experience,0.5
0d587101-02cb-4dee-ac1d-306fe6dfc5ed,89c4088b-73ff-4c4d-bcc1-2a2d1318a9dd,Coaching kids U9-U13 basic volleyball fundamentals and skills,experience,0.5
472aa62d-8361-4c83-b993-048e08c22065,89c4088b-73ff-4c4d-bcc1-2a2d1318a9dd,Coaching kids U8-U12 basic volleyball fundamentals and skills,experience,0.5
9808b00a-5893-4d83-bc8b-57ac9b8fea8c,664d7fa2-f7f9-4959-a948-fe144f628b7e,MRI,skills,1.0
fc39c051-d40e-4c4e-b9b0-268f98753262,664d7fa2-f7f9-4959-a948-fe144f628b7e,Parkinson's Disease,skills,1.0
d61fd946-b373-465b-86db-e4a85016074c,664d7fa2-f7f9-4959-a948-fe144f628b7e,MATLAB,skills,1.0
5620a3ee-a0fc-435c-aae7-094b0cd0f410,664d7fa2-f7f9-4959-a948-fe144f628b7e,Cognitive Neuroscience,skills,1.0
ac7c17cd-d9d6-4525-884f-8fc46ec89e4d,664d7fa2-f7f9-4959-a948-fe144f628b7e,Neuroscience,skills,1.0
368b588a-4e69-43a4-b93c-89d4633a0e64,664d7fa2-f7f9-4959-a948-fe144f628b7e,Physics,skills,1.0
0fe495d1-1661-40c3-ae80-0af4f48d7126,664d7fa2-f7f9-4959-a948-fe144f628b7e,Teaching,skills,1.0
4a430d2c-857e-431f-bccc-b75abcbc13f6,664d7fa2-f7f9-4959-a948-fe144f628b7e,Epilepsy,skills,1.0
768d0602-e78a-450b-ba85-b663e4d12a4b,664d7fa2-f7f9-4959-a948-fe144f628b7e,Neuroimaging,skills,1.0
6d5984ed-5765-4ac3-b569-d95452839eb7,664d7fa2-f7f9-4959-a948-fe144f628b7e,Python (Programming Language),skills,1.0
e9bec7dd-2c8a-458c-9ae8-3610066ec095,664d7fa2-f7f9-4959-a948-fe144f628b7e,Deep learning in neuroimaging of epilepsy,publications,0.9
5c7a2e14-6ec2-4786-838d-db4e5a46edfe,664d7fa2-f7f9-4959-a948-fe144f628b7e,A Novel Noninvasive Approach Based on SPECT and EEG for the Location of the Epileptogenic Zone in Pharmacoresistant Non-Lesional Epilepsy,publications,0.9
25968538-5a68-4b85-ba23-6f3c2a69e7ef,664d7fa2-f7f9-4959-a948-fe144f628b7e,What We Know About the Brain Structure–Function Relationship,publications,0.9
2ba4cc18-51c8-4074-b217-3bca607dbd54,664d7fa2-f7f9-4959-a948-fe144f628b7e,"Calgary, Alberta, Canada",experience,0.5
8c77db96-cd17-42ed-aa28-3f1cf8400cb0,664d7fa2-f7f9-4959-a948-fe144f628b7e,"Havana, Cuba",experience,0.5
bf0b132d-5bd0-4551-833c-2006301463e5,436b91e1-d4ff-43f3-b6bf-c7f564832bd2,"Calgary, Alberta, Canada",experience,0.5
4acd5f84-25a4-4175-b4e5-18004b6bf481,436b91e1-d4ff-43f3-b6bf-c7f564832bd2,"Kelowna, British Columbia, Canada",experience,0.5
559f26ec-2b4b-450b-8c1b-c95252df49d5,436b91e1-d4ff-43f3-b6bf-c7f564832bd2,"Waterloo, Ontario, Canada",experience,0.5
44fab11d-da81-4648-a8f5-e7f639ffa953,436b91e1-d4ff-43f3-b6bf-c7f564832bd2,"Toronto, Ontario, Canada",experience,0.5
d1ee3ebc-b047-4a68-b07d-04d7c521aba8,436b91e1-d4ff-43f3-b6bf-c7f564832bd2,"Edmonton, Alberta, Canada",experience,0.5
1ad33f42-8008-4598-b294-ad1fd6e73f33,36d7f945-11f2-43e5-9b9c-f853e3e5773d,"Calgary, Alberta, Canada",experience,0.5
c080938c-bfb4-4c8f-a2c2-0c08dab66b18,36d7f945-11f2-43e5-9b9c-f853e3e5773d,Tutored students ranging from grades K-12 on mathematics based on the Alberta curriculum. - Answered students' questions on Mathnasium-provided worksheets and homework brought in from school. - Assisted 2-5 students of varying math levels at once each shift,experience,0.5
884b521b-827d-4f60-8ad4-f8ea9f49746f,36d7f945-11f2-43e5-9b9c-f853e3e5773d,Provided instructions to students on the proper technique of ballet steps. - Created lesson plans and chose supporting materials to suit the skillset of students. - Choreographed performance pieces for recitals to showcase students' skills and progress,experience,0.5
ef9206a4-549c-455e-bdef-d6fe0ea2a1bf,36d7f945-11f2-43e5-9b9c-f853e3e5773d,Why am I seeing this ad?,experience,0.5
61ee7de6-c0fa-4030-a0a8-d85c10e77104,4f2f7c3a-d585-4aa1-880a-a9e136c97b8a,Hello,about,0.8
5737b29f-81e2-4591-b1ca-ae1834a20796,4f2f7c3a-d585-4aa1-880a-a9e136c97b8a,My name is CreeAnn,about,0.8
a45d9401-3fb6-47e2-ae6c-63dea27737ba,4f2f7c3a-d585-4aa1-880a-a9e136c97b8a,and I am a curious,about,0.8
3e15e9ec-9bbd-4afb-9247-113960c1cc9a,4f2f7c3a-d585-4aa1-880a-a9e136c97b8a,passionate,about,0.8
18e9596d-69b8-4d07-8cf7-e660d21520fb,4f2f7c3a-d585-4aa1-880a-a9e136c97b8a,and motivated student at the University of Calgary,about,0.8
e9d8cf08-5dde-4c1b-9240-4bfc0550c07d,4f2f7c3a-d585-4aa1-880a-a9e136c97b8a,I am passionate about finding solutions and answers to advance the field of neuroscience,about,0.8
ee19ef9a-c261-48d1-94a7-4ed6675a965a,4f2f7c3a-d585-4aa1-880a-a9e136c97b8a,stroke,about,0.8
f55c424e-0ff4-4681-bcad-48072dbfad91,4f2f7c3a-d585-4aa1-880a-a9e136c97b8a,and geriatric health,about,0.8
ae7e5306-aba8-4a4b-a9d2-28aab956b71e,4f2f7c3a-d585-4aa1-880a-a9e136c97b8a,Led a pilot study investigating neurocognitive changes in Long-COVID and Postural Orthostatic Tachycardia Syndrome (POTS) patients and completed an honours thesis under the supervision of Dr. Satish Raj,experience,0.5
d8d877b3-54fd-4dd6-b356-dd8f7872eb48,4f2f7c3a-d585-4aa1-880a-a9e136c97b8a,"Calgary, Alberta, Canada",experience,0.5
ceaeed7c-a8cb-40e5-bd63-885e7742984c,1813974b-6d56-422b-9f39-0248a5ad79ab,Clinical Data Management,skills,1.0
d34e71e2-9987-4cde-8795-c79792329784,1813974b-6d56-422b-9f39-0248a5ad79ab,Electronic Data Capture (EDC),skills,1.0
f84625f4-e5f5-449d-a7cc-1793aa74ce1f,1813974b-6d56-422b-9f39-0248a5ad79ab,Leadership,skills,1.0
3d817460-ef30-435a-a84a-9dd35845cda3,1813974b-6d56-422b-9f39-0248a5ad79ab,Classroom Management,skills,1.0
b0eaa568-5523-4ca4-bc00-3df2b519ae46,1813974b-6d56-422b-9f39-0248a5ad79ab,Strategic Planning,skills,1.0
c9dc8481-5311-4c76-8f02-f6dcf3b5f52f,1813974b-6d56-422b-9f39-0248a5ad79ab,Problem Solving,skills,1.0
7d0b6d33-ac34-4b7d-8e82-45add21b31ab,1813974b-6d56-422b-9f39-0248a5ad79ab,Research Skills,skills,1.0
84262d33-c6b6-4d7f-9c82-4eb366d25804,1813974b-6d56-422b-9f39-0248a5ad79ab,Scientific Writing,skills,1.0
f81d0cc2-b877-4503-9059-1c08cf7ae3f8,1813974b-6d56-422b-9f39-0248a5ad79ab,Teaching,skills,1.0
37c815a2-6c8a-4e27-9c2a-2e5120462c93,1813974b-6d56-422b-9f39-0248a5ad79ab,Communication,skills,1.0
1754cb9c-03a1-4cc6-947c-52e6108d5614,1813974b-6d56-422b-9f39-0248a5ad79ab,"Working in the Aaron Phillips Lab, I contributed towards the creation of a brain-computer interface (BCI) designed for the restoration of autonomic cardiovascular control in SCI patients. Provided expertise towards the combination of neural signals with external equipment that allowed for real-time monitoring and control based on physiological feedback and worked on developing signal processing techniques for interpreting neural signals involved in the regulation of blood pressure. Collaborated with members of a multidisciplinary team of researchers from neuroscience, biomedical engineering, and clinical science in order to set up experiments, collect data, and analyze their results",experience,0.5
4e169683-2d00-4abd-b320-c810afce5696,1813974b-6d56-422b-9f39-0248a5ad79ab,"As a Research Associate in the Paschke Research Group, I support a prospective study on differentiated thyroid cancer outcomes. My role involves clinical data capture and database maintenance across University of Calgary and Alberta Health Services systems. I update and maintain the long-term thyroid cancer outcomes database, including chart review and data capture for approximately 435 patients. I enter and verify new patient data in REDCap using the study’s standardized data dictionary and quality control procedures. I access and extract information from AHS clinical systems, including ConnectCare and ARIA, following secure data handling protocols. I also assist in ongoing prospective audits of treatment response, recurrence risk stratification, and outcomes following ATA guidelines",experience,0.5
f4e4d7b7-1ca0-4e17-b068-b1e2d1c7ccb7,1813974b-6d56-422b-9f39-0248a5ad79ab,"Calgary, Alberta, Canada",experience,0.5
d4d99189-36ca-48f0-9780-fe1bd486fd74,1813974b-6d56-422b-9f39-0248a5ad79ab,"I provided support to students across a range of subjects, helping them strengthen their understanding, improve their study skills, and build academic confidence by tailoring each session to fit their goals and learning style. This role taught me how to communicate clearly, stay patient under pressure, and adapt my teaching approach to help others succeed",experience,0.5
985f46d3-7f69-4627-9401-428099838f23,1813974b-6d56-422b-9f39-0248a5ad79ab,"As a UCMAS instructor, I taught young students the fundamentals of mental math and abacus-based arithmetic through structured and interactive lessons focused on concentration, memory, and speed. This experience helped me strengthen my communication, leadership, and classroom management skills while making a real difference in students’ confidence and cognitive development",experience,0.5
c422e72c-9005-4bad-b767-56e669aca160,1813974b-6d56-422b-9f39-0248a5ad79ab,"As part of the Science Division, I contributed to the design and execution of scientific tasks for our Mars rover prototype, competing in the international University Rover Challenge (URC). My role involved the assistance of research that would help the rover collect and interpret soil samples as well as writing a scientific report that would be submitted in the challenge. Through this experience, I gained hands-on skills in research and scientific report writing within a fast-paced, problem-solving environment",experience,0.5
d004c435-2d62-44f7-b47a-b4ba14a5ee8c,1813974b-6d56-422b-9f39-0248a5ad79ab,"I worked with students in small groups and one-on-one to assist them in developing strong study habits, preparing for exams, and to attain a better understanding of course material as a biology tutor. Through this role, I strengthened my ability to communicate clearly, adapt to different learning styles, and support students in building confidence in science",experience,0.5
c4e5bb9e-06e1-48fc-91da-fe4965d6c47c,2c45aecd-fd7b-4d2f-9247-bd76d91f0b64,"Calgary, Alberta, Canada",experience,0.5
c9bc250f-31ac-45e3-9e8e-f1f3a81a9df1,2c45aecd-fd7b-4d2f-9247-bd76d91f0b64,Home of RAMalgo,experience,0.5
6ad6c137-4a13-445b-9165-a3316847bfb4,2c45aecd-fd7b-4d2f-9247-bd76d91f0b64,"Pittsburgh, Pennsylvania, United States",experience,0.5
8ce802d2-9326-448e-844d-e3c2f78b2c73,2c45aecd-fd7b-4d2f-9247-bd76d91f0b64,"Montreal, Quebec, Canada",experience,0.5
4b79a2e6-e3d4-4000-96f7-a5eaf2304ffa,2c45aecd-fd7b-4d2f-9247-bd76d91f0b64,"Birmingham, England, United Kingdom",experience,0.5
3f526c89-cf87-4b8a-9338-1750d63d3e39,f88540d0-b213-4fd9-9f2e-458aabd26874,"Age-related changes in neuronal receptive fields of primary auditory cortex in frequency, amplitude, and temporal domains",publications,0.9
ec69abcb-18cb-47a4-b4c0-6cb1f99999f7,f88540d0-b213-4fd9-9f2e-458aabd26874,"Aging populations often experience difficulties hearing. This phenomenon, known as age-related hearing loss, is associated with decreases in hearing sensitivity and pathophysiological changes in the central auditory system, including the primary auditory cortex (AI). To better understand changes in the central auditory system, this study is designed to compare the receptive fields of AI neurons of young and old C57 mice in frequency, amplitude, and temporal domains by using random-delivery (various interval) of multi-frequency gamma-shaped tone pips and a novel data processing approach known as the intensity-stacked spectrotemporal receptive field (iSTRF). Our data suggests that age-related hearing loss has relatively less impact on auditory information processing when sounds fall into the optimal frequency and amplitude ranges of given AI neurons. … more",publications,0.9
0c2781e7-8ee0-4bd4-bed7-34f564b06fd7,f88540d0-b213-4fd9-9f2e-458aabd26874,"Calgary, Alberta, Canada",experience,0.5
9a8dabb0-2c96-4ea1-b46b-a603a8a9e90c,f88540d0-b213-4fd9-9f2e-458aabd26874,"Whitehorse, Yukon Territory, Canada",experience,0.5
aeebc30d-ace7-4482-8616-29f5e4bd87d0,f88540d0-b213-4fd9-9f2e-458aabd26874,"Airdrie, Alberta, Canada",experience,0.5
d8798ec9-e341-4c26-ba67-8e04613b49a0,f74db81b-4eeb-4b17-8762-32bc97ce4438,Clinical Study Management,skills,1.0
44b5b4ab-91b5-4158-a227-275172cb70da,f74db81b-4eeb-4b17-8762-32bc97ce4438,"Laboratory Skills (Pipetting, Titrating, Streaking & Straining)",skills,1.0
c19a8415-9199-4917-bca8-10e8ea499ca5,f74db81b-4eeb-4b17-8762-32bc97ce4438,"Programing Software (Python, C++, HTML, Java)",skills,1.0
630d0dc3-71b8-4a2f-ad7e-9dfaca570219,f74db81b-4eeb-4b17-8762-32bc97ce4438,"Microsoft Office (Excel, Word, PowerPoint, Outlook, OneNote)",skills,1.0
967a7597-93a4-41c4-994a-22f72f895667,f74db81b-4eeb-4b17-8762-32bc97ce4438,"Calgary, Alberta, Canada",experience,0.5
7ce7bbe2-4c40-47d3-a9c5-e7dbd08e4e1b,d99f4fbc-49ae-4e26-80b5-23ae02c87015,Skills,skills,1.0
6b139b62-18f6-4bf5-92e7-b780a4eeef0b,d99f4fbc-49ae-4e26-80b5-23ae02c87015,Academic Research,skills,1.0
fdd6bae9-c7c4-4b19-b4fe-b44796c93ae5,d99f4fbc-49ae-4e26-80b5-23ae02c87015,and school-based contexts,about,0.8
ab6e910c-2005-47e7-85e5-f31503bafde1,d99f4fbc-49ae-4e26-80b5-23ae02c87015,I have training in both qualitative and quantitative research methods,about,0.8
4fb660a9-2af1-449d-896b-c2cca07c4b04,d99f4fbc-49ae-4e26-80b5-23ae02c87015,with quantitative work focused on cannabis use and mental health,about,0.8
a5828cb9-b1ea-441a-a882-b388bef980b1,d99f4fbc-49ae-4e26-80b5-23ae02c87015,including a sole-authored publication in this area,about,0.8
37556368-75c5-458c-a58d-7d563a4b8295,d99f4fbc-49ae-4e26-80b5-23ae02c87015,My background includes research assistantships,about,0.8
21b0c81d-fb8b-4ff7-b00f-af777237bb25,d99f4fbc-49ae-4e26-80b5-23ae02c87015,counselling and volunteer roles that support high-risk youth,about,0.8
4a058379-3bb9-4009-b8fc-0ecc8bc9598d,d99f4fbc-49ae-4e26-80b5-23ae02c87015,I have developed strong skills in interviewing,about,0.8
5dce448d-3bb5-4861-a2e7-5cef137d840c,d99f4fbc-49ae-4e26-80b5-23ae02c87015,survey design,about,0.8
ed023ede-00cd-40d0-9e73-54ec33c7f77b,d99f4fbc-49ae-4e26-80b5-23ae02c87015,statistical analysis,about,0.8
f13fcac5-bf06-4c83-80b5-fae374421246,d99f4fbc-49ae-4e26-80b5-23ae02c87015,thematic analysis,about,0.8
f1f7f606-f583-4d3f-884b-5913748dea00,d99f4fbc-49ae-4e26-80b5-23ae02c87015,academic writing,about,0.8
3d0d45df-4c27-48d3-9a20-da133f31e056,d99f4fbc-49ae-4e26-80b5-23ae02c87015,and collaborative project work with faculty and peers,about,0.8
368c5dc0-dfad-4be1-a492-dad7982726d2,d99f4fbc-49ae-4e26-80b5-23ae02c87015,and my work is currently focused on grief-literacy initiatives aimed at improving support for students,about,0.8
46725114-6dec-42eb-977d-5b56a7c1bee3,d99f4fbc-49ae-4e26-80b5-23ae02c87015,I am an advocate for men's mental health,about,0.8
742995c9-a25e-48b2-a998-6eaf603eeaa5,d99f4fbc-49ae-4e26-80b5-23ae02c87015,and my current focus is on supporting mental health in adolescent boys,about,0.8
0f70d14a-ef8b-4868-a160-a3e1c2f43fbd,d99f4fbc-49ae-4e26-80b5-23ae02c87015,"Sole author of research publication: “Understanding Bidirectional Relations Between Adolescent Cannabis Use and Internalizing and Externalizing Symptoms” Journal of Child and Adolescent Substance Abuse. Team member in research design and data collection Completion of statistical data analyses (multiple regressions, correlations) using SPSS and SAS",experience,0.5
aa256502-82f0-47be-97b3-8e1d39b60926,d99f4fbc-49ae-4e26-80b5-23ae02c87015,Why am I seeing this ad?,experience,0.5
e22742c3-c90f-47f9-934b-4331edc95d78,3574dd3c-aeed-400f-8729-f2f4df0c4bb0,"Hello, my name is Ravi",about,0.8
bc4172b2-fcd9-4258-827a-afc75356437a,3574dd3c-aeed-400f-8729-f2f4df0c4bb0,📚 Current MSc student in biomedical engineering with a specialization in medical imaging 📖 BSc (Hons,about,0.8
f22ad38b-e3d2-4e7a-ba53-f653fb14b043,3574dd3c-aeed-400f-8729-f2f4df0c4bb0,) graduate with a major in computer science and minor in mathematics (+Premed) 📙 Honours thesis in Computational Convex Analysis 📘 Two-time Faculty of Medicine Summer Student Research Program (FoM SSRP) awardee,about,0.8
19954962-93d0-4619-b5b6-22e9882c4959,3574dd3c-aeed-400f-8729-f2f4df0c4bb0,Owerko Graduate Scholarship awardee 2025,about,0.8
2cfedfc7-b0ca-4959-8828-89778afd5514,3574dd3c-aeed-400f-8729-f2f4df0c4bb0,I enjoy applying mathematics and computer science to real world scenarios,about,0.8
b119ad0a-7354-4767-9181-82458d51578a,3574dd3c-aeed-400f-8729-f2f4df0c4bb0,My current research interest is in biomedical engineering,about,0.8
decf86b7-29f6-4e1d-97cf-27d7005db1bc,3574dd3c-aeed-400f-8729-f2f4df0c4bb0,Conference - A synthetic data‑based evaluation framework for global and voxelwise biological brain age prediction methods,publications,0.9
e7145655-c8de-446c-9d40-e0223d00d1f9,3574dd3c-aeed-400f-8729-f2f4df0c4bb0,An evaluation framework that may be used to benchmark machine learning-based biological brain age prediction methods using synthetic data,publications,0.9
724d4a18-39e4-4f04-afb2-62bf44ca328d,3574dd3c-aeed-400f-8729-f2f4df0c4bb0,Conference - Radiomics-ResNet Fusion Models for Improved Mammogram Abnormality Identification,publications,0.9
a1719a00-d17f-47f6-bb0f-f804d03959d7,3574dd3c-aeed-400f-8729-f2f4df0c4bb0,An extension of 'A Radiomics-Based Breast Cancer Detection Model' with additional radiomics features and a late-fusion radiomics+ResNet method,publications,0.9
725f8c8e-0e8d-4c24-a4a8-fb2564cdc008,3574dd3c-aeed-400f-8729-f2f4df0c4bb0,Conference - A Radiomics-Based Breast Cancer Detection Model,publications,0.9
27553ad7-1db3-4cc7-bff8-e00b4c95cb17,3574dd3c-aeed-400f-8729-f2f4df0c4bb0,Radiomics pipeline for early breast cancer screening that is accurate and computationally-inexpensive,publications,0.9
41fd77a5-0903-46f4-9b3f-8d66d82825f5,3574dd3c-aeed-400f-8729-f2f4df0c4bb0,Undergraduate Thesis - A New Data Structure to Compute the Conjugate of Bivariate Piecewise Linear-Quadratic Functions,publications,0.9
5ed67d12-0bc7-49bf-ba59-3f4574a20652,3574dd3c-aeed-400f-8729-f2f4df0c4bb0,A Radiomics-Based Breast Cancer Detection Model,experience,0.5
9c45977c-5ee8-40cf-a7fd-16716b5fac13,3574dd3c-aeed-400f-8729-f2f4df0c4bb0,Why am I seeing this ad?,experience,0.5
1434005a-1062-4927-a4f9-fa906b04af90,a6e2ee49-40fe-472f-8d64-2d12f050c853,Cognitive Neuroscience,skills,1.0
8accd95b-6fff-4f72-84e1-3ee797644302,a6e2ee49-40fe-472f-8d64-2d12f050c853,Academic Research,skills,1.0
d08d270b-ebfa-417d-9aea-98dba742f366,a6e2ee49-40fe-472f-8d64-2d12f050c853,Electrophysiology,skills,1.0
34deb2a3-c256-4914-bc28-3675ed7cd3a7,a6e2ee49-40fe-472f-8d64-2d12f050c853,Movement Disorders,skills,1.0
1764cb5a-bed7-45d0-bf10-dbd3ba003004,a6e2ee49-40fe-472f-8d64-2d12f050c853,Recruiting,skills,1.0
0aead70d-062f-4ef1-9ab5-0cbc4a5fbe5c,a6e2ee49-40fe-472f-8d64-2d12f050c853,Transcranial Magnetic Stimulation,skills,1.0
f894034a-98d3-4820-9624-87996c17f10c,a6e2ee49-40fe-472f-8d64-2d12f050c853,Computational Neuroscience,skills,1.0
ec38a792-5287-4683-9358-27e37cd15a3a,a6e2ee49-40fe-472f-8d64-2d12f050c853,Transcribing,skills,1.0
84abc89d-ac3a-4d06-9f0e-7633f7f92b82,a6e2ee49-40fe-472f-8d64-2d12f050c853,MATLAB,skills,1.0
c5dbc429-d3bc-4d01-ad74-b932ba8fa9f7,a6e2ee49-40fe-472f-8d64-2d12f050c853,Statistics,skills,1.0
e505f1e0-4771-4dc6-bafa-e4712720d804,a6e2ee49-40fe-472f-8d64-2d12f050c853,Recent graduate from the MSc Neuroscience program at the University of Calgary and former student-athlete at Mount Royal University,about,0.8
3e64d0bf-c723-4ca9-ba6e-156315d6ae52,a6e2ee49-40fe-472f-8d64-2d12f050c853,Passionate about the brain and it's impact on human behaviour,about,0.8
3933b2e9-c252-47a4-bbf5-c9139cf97e93,a6e2ee49-40fe-472f-8d64-2d12f050c853,"Calgary, Alberta, Canada",experience,0.5
ef5d9562-7b31-472a-8343-81161fabc094,a6e2ee49-40fe-472f-8d64-2d12f050c853,Hotchkiss Brain Institute,experience,0.5
92d3fdd5-e1b1-495a-b483-a3aa9214a479,eb4360fa-e6e2-466f-bd66-877e8d33ed95,University of Calgary,experience,0.5
efcbc946-9d98-48c5-8d8b-6175c5e26ae3,eb4360fa-e6e2-466f-bd66-877e8d33ed95,"Alberta, Canada",experience,0.5
1c3b0169-1cca-4c71-85d8-db3a7647a81f,eb4360fa-e6e2-466f-bd66-877e8d33ed95,Greater Calgary Metropolitan Area,experience,0.5
323cd4c1-9ae3-44b9-9f94-95f4a578eb63,eb4360fa-e6e2-466f-bd66-877e8d33ed95,Robson DNA Science Centre - University of Calgary,experience,0.5
6031995f-70f9-484e-9a81-88c54714cfed,032babd0-2e68-4172-8d2b-fb76e2ffaf51,I am an MD/PhD Student at the University of Calgary,about,0.8
53933b90-7918-4460-a97f-27a1ccb3f66b,032babd0-2e68-4172-8d2b-fb76e2ffaf51,I completed my PhD in Neuroscience at the University of Calgary where I studied the cellular mechanisms of opioids,about,0.8
446a5c96-f637-4599-80a3-d414d7263935,032babd0-2e68-4172-8d2b-fb76e2ffaf51,I am enrolled in the Leaders in Medicine joint MD/PhD program and now completing the MD portion of my training,about,0.8
004d05fd-1d8d-44a8-8e03-844fd490607f,032babd0-2e68-4172-8d2b-fb76e2ffaf51,I am originally from Ottawa,about,0.8
f6717ae0-ed4b-46de-a597-e4872b34e994,032babd0-2e68-4172-8d2b-fb76e2ffaf51,Ontario and completed an undergraduate degree in Biochemistry at Queen's University in Kingston,about,0.8
fafea87d-c9f9-4e92-b794-a31cb50cc5dc,032babd0-2e68-4172-8d2b-fb76e2ffaf51,I have been working towards a career in Medicine for many years and I hope to specialize in either Pediatrics or in Neurology,about,0.8
345cfe4a-873b-459c-8f39-47c7d76797cc,032babd0-2e68-4172-8d2b-fb76e2ffaf51,I hope to be able to pursue both clinical practice and research in the future,about,0.8
8201b103-ebbc-418e-8b00-a97e66aa1860,032babd0-2e68-4172-8d2b-fb76e2ffaf51,I am very interested in expanding my experiences both within research and medicine and in other areas as I work towards my future career,about,0.8
5374e8c7-fe9e-40c4-8534-c11cb6417edc,032babd0-2e68-4172-8d2b-fb76e2ffaf51,Blocking microglial pannexin-1 channels alleviates morphine withdrawal in rodents,publications,0.9
07c94075-2634-473c-8d2d-ba4aaacf58c1,032babd0-2e68-4172-8d2b-fb76e2ffaf51,Modulatory and plastic effects of kinins on spinal cord networks,publications,0.9
c582d157-a64b-4264-ba7d-9daff002c933,032babd0-2e68-4172-8d2b-fb76e2ffaf51,"Toll-like receptor 4 mutant and null mice retain morphine-induced tolerance, hyperalgesia, and physical dependence",publications,0.9
4a383cba-2368-4ae5-9c38-c9be86e45861,032babd0-2e68-4172-8d2b-fb76e2ffaf51,"Calgary, Alberta, Canada",experience,0.5
9025d9fb-c25f-4962-9e0f-0c7dfe05dbaf,032babd0-2e68-4172-8d2b-fb76e2ffaf51,University of Calgary,experience,0.5
41562031-22f9-4a1b-8e89-935b2bcdf4de,032babd0-2e68-4172-8d2b-fb76e2ffaf51,Greater Calgary Metropolitan Area,experience,0.5
bc521775-08e0-474e-b8a4-aa04ca33be74,032babd0-2e68-4172-8d2b-fb76e2ffaf51,"Toronto, Ontario",experience,0.5
8060a356-41d2-464a-b179-62b854cc3f20,032babd0-2e68-4172-8d2b-fb76e2ffaf51,Greater Ottawa Metropolitan Area,experience,0.5
f7fe77ea-22a4-4156-80bb-b28e637abdca,6d4b66dc-1227-411d-bd34-96ffd837ed5c,"Calgary, Alberta, Canada",experience,0.5
d40b755a-94ae-4605-bf5f-dc5dc351def8,6d4b66dc-1227-411d-bd34-96ffd837ed5c,Why am I seeing this ad?,experience,0.5
2a6d8dbb-6b43-4312-a604-d783e1922556,e7267525-c18f-41da-9bec-eb4868c93c8b,Research Skills,skills,1.0
1d60677c-e51d-403f-88a4-d893f9b94e44,e7267525-c18f-41da-9bec-eb4868c93c8b,Communication,skills,1.0
596613f1-d308-4131-b913-d70d0b701574,e7267525-c18f-41da-9bec-eb4868c93c8b,Team Leadership,skills,1.0
77a077d6-f156-40ea-97bc-f16e7c08ece6,e7267525-c18f-41da-9bec-eb4868c93c8b,Laboratory Techniques,skills,1.0
1fe73647-3b81-4255-84c6-e47c94f980bc,e7267525-c18f-41da-9bec-eb4868c93c8b,Powerlifting,skills,1.0
a0bbfd82-1df2-43b8-8ada-230f66665974,e7267525-c18f-41da-9bec-eb4868c93c8b,Chandan is a student with a diverse range of interests and a strong passion for leadership,about,0.8
3f50ce72-2044-4d74-8d81-8c77ea18c0f1,e7267525-c18f-41da-9bec-eb4868c93c8b,community engagement,about,0.8
57c74766-c2fb-4763-91bb-932c5b56b538,e7267525-c18f-41da-9bec-eb4868c93c8b,and personal development,about,0.8
6b9f0139-f34d-420a-a614-22d3f647cb73,e7267525-c18f-41da-9bec-eb4868c93c8b,His experiences and involvement in various organizations and initiatives showcase their dedication,about,0.8
39b63e54-d0ed-4329-91bb-85adcb907efa,e7267525-c18f-41da-9bec-eb4868c93c8b,organizational skills,about,0.8
9c23d74b-e8d8-43c6-abcf-9bc55ee2af2d,e7267525-c18f-41da-9bec-eb4868c93c8b,and ability to make a positive impact,about,0.8
dabb98a9-72bb-43ef-9af6-40100e55c6db,e7267525-c18f-41da-9bec-eb4868c93c8b,From Cause to Treatment: A Comprehensive Overview of Dyslipidemia,publications,0.9
caecbc36-f9e6-43dd-8f32-08d1f1ae1adf,e7267525-c18f-41da-9bec-eb4868c93c8b,"This paper explores the roles of lipids—LDL, HDL, and triglycerides—in health and disease, emphasizing their contribution to atherosclerosis and cardiovascular risk. It also examines the causes, effects, and management strategies for dyslipidemia, highlighting both lifestyle interventions and pharmacological treatments used to improve lipid profiles and reduce disease progression. … more",publications,0.9
cb1bf847-36a6-41f6-a321-aa57407e95fc,e7267525-c18f-41da-9bec-eb4868c93c8b,"As an Outreach Volunteer with Be The Change YYC, I support street-based teams in building trust with community members, distributing essentials (food, water, clothing, hygiene), and connecting people to shelter, health, and social services through a harm-reduction, trauma-informed approach. I contribute to safety on shift—including basic first aid when needed—while practicing clear communication, de-escalation, and accurate documentation to enable referrals and follow-up",experience,0.5
540cc055-4dbe-4206-8eaf-def09348ac71,e7267525-c18f-41da-9bec-eb4868c93c8b,"Continuing my coaching from BC, I continue my role as a Special Olympics coach in AB, assisting individuals with intellectual disabilities through sports. As a coach, I provide training, motivation, and guidance to athletes, helping them develop skills, build confidence, and achieve their personal and athletic goals. Through dedication and passion, I strive to create a positive and inclusive environment that nurtures the physical, social, and emotional well-being of Special Olympics athletes",experience,0.5
5ea02a77-4641-4826-8874-ceec0fa8f697,e7267525-c18f-41da-9bec-eb4868c93c8b,"As a Special Olympics coach in BC I assist in empowering individuals with intellectual disabilities through sports. The role of a coach is to provide training, motivation, and guidance to athletes, enabling them to develop skills, build confidence, and achieve personal and athletic goals. Through their dedication and passion, we create a positive and inclusive environment that nurtures the physical, social, and emotional well-being of Special Olympics athletes in BC",experience,0.5
f0dcffbe-cf65-4db7-90a5-961730ab28ed,e7267525-c18f-41da-9bec-eb4868c93c8b,"While working in the lab as a Lab Technician's assistant I collaborate closely with researchers and lab technicians to assist in the preparation and execution of experiments. This includes preparing laboratory equipment, solutions, and reagents, ensuring their availability and proper functioning. They may also be involved in maintaining cell cultures or animal models used in neuroimmunology research, adhering to established protocols and ethical guidelines",experience,0.5
9663bddc-8eae-497d-9758-8c4388bd8c60,70ab25bd-f4df-42c1-a09f-3bf3b020a75d,On-site,experience,0.5
63cfae81-6ec6-461f-bcd9-953d2a954583,70ab25bd-f4df-42c1-a09f-3bf3b020a75d,Greater Calgary Metropolitan Area,experience,0.5
9420697c-2cf2-4ddf-aab5-c48fc5c419fd,70ab25bd-f4df-42c1-a09f-3bf3b020a75d,Why am I seeing this ad?,experience,0.5
82267169-1519-433a-a955-661aad918533,c394d1f5-c0c8-4194-abfd-2cb3833d9c9c,Why am I seeing this ad?,publications,0.9
69d6b768-c665-49b5-bc30-dfef37acc32e,c394d1f5-c0c8-4194-abfd-2cb3833d9c9c,I don’t want to see this ad in my feed,publications,0.9
c8d9861a-1db1-4e7f-9ea5-3a96630d0872,1e87e535-72b9-4cd1-a45b-7388a40664aa,Satisfaction client,skills,1.0
a5a85393-d447-462a-a20e-01c4da546927,1e87e535-72b9-4cd1-a45b-7388a40664aa,Connaissances en informatique,skills,1.0
cbe00ef1-df47-4e24-bbea-b85b7ee8a459,1e87e535-72b9-4cd1-a45b-7388a40664aa,Administration,skills,1.0
3c2a1c39-0e84-45b6-86be-98f7b570ac21,1e87e535-72b9-4cd1-a45b-7388a40664aa,Business-to-Business (BtoB),skills,1.0
c452b8e4-5505-4f39-8598-dd8bcfaa81f9,1e87e535-72b9-4cd1-a45b-7388a40664aa,Français,skills,1.0
5afb06bc-90ed-4275-a196-0d68628e126d,1e87e535-72b9-4cd1-a45b-7388a40664aa,Adaptation,skills,1.0
66eb8bad-12ea-4f00-a331-2d30d5011b17,1e87e535-72b9-4cd1-a45b-7388a40664aa,Marketing,skills,1.0
3d408989-4a5d-4355-975e-141e5882e6e5,1e87e535-72b9-4cd1-a45b-7388a40664aa,Gastro-entérologie,skills,1.0
a0c0a027-ffd4-4c6d-a842-2cbbb7af0e00,1e87e535-72b9-4cd1-a45b-7388a40664aa,Développement de relations,skills,1.0
3858e3ba-01a9-4a7c-ba1e-2d2e327da589,1e87e535-72b9-4cd1-a45b-7388a40664aa,Conseil en vente,skills,1.0
7c1dc09b-3d4d-4b56-83fc-03f93d4c1c88,1e87e535-72b9-4cd1-a45b-7388a40664aa,Enseignate de technique d'expression et chargée du cours méthodologie de rredactio,about,0.8
e1597c27-8862-4b02-aa14-55149c790e6a,1e87e535-72b9-4cd1-a45b-7388a40664aa,"Zeralda, Alger, Algérie",experience,0.5
be5a6a32-4c05-4549-9170-86a16c799578,1e87e535-72b9-4cd1-a45b-7388a40664aa,Algeria,experience,0.5
8ff65bc8-9593-4df3-85f4-f2f7bccacb3d,8da88d24-84cc-470f-b23d-5df08100d0f9,Western Blotting,skills,1.0
0d0ccc27-5230-4ad0-b664-0fed2b79d183,8da88d24-84cc-470f-b23d-5df08100d0f9,Real-Time Polymerase Chain Reaction (qPCR),skills,1.0
9edfcfa2-f58d-44cb-bca2-22b4e5c1db32,8da88d24-84cc-470f-b23d-5df08100d0f9,ELISA,skills,1.0
45591cca-7ca9-43fc-b73b-d1c2e0bee5c3,8da88d24-84cc-470f-b23d-5df08100d0f9,Luciferase Assay,skills,1.0
1094e515-358d-4541-8572-d2b8dc17c339,8da88d24-84cc-470f-b23d-5df08100d0f9,Data Analysis,skills,1.0
d3e649b8-08d8-4aac-9f35-e9cf449d459d,8da88d24-84cc-470f-b23d-5df08100d0f9,"Calgary, Alberta, Canada",experience,0.5
48bf2018-4f73-4463-9f78-67b6862cb876,8da88d24-84cc-470f-b23d-5df08100d0f9,Conducting a four-month research project in the Trang Lab that will extend into my honours thesis. My project investigates the mechanistic sex differences between males and females who experience chronic neuropathic pain,experience,0.5
aaa1d963-8378-4d1c-a198-553a3fb8c183,8da88d24-84cc-470f-b23d-5df08100d0f9,Conducted a four-month research project funded by the O'Brien Center Summer Studentship Award investigating the role of novel AstraZeneca glucocorticoid receptor ligands compared to conventional glucocorticoids on the expression of IRF1 via the NFkB signalling pathway,experience,0.5
58eb5c22-5058-4aaa-a447-b6df93ba536e,8da88d24-84cc-470f-b23d-5df08100d0f9,Why am I seeing this ad?,experience,0.5
da67afe0-25c0-4627-82e2-aacbde2b5ae0,29775a4f-602f-42b3-a85a-bc3b2a6e83f6,Currently in my Master's of School and Applied Child Psychology at the University of Calgary,about,0.8
703fe950-12ac-4c94-baed-f2e7e6da36fd,29775a4f-602f-42b3-a85a-bc3b2a6e83f6,I’m an enthusiast of research and clinical practice involving the psychology of children,about,0.8
ba338eca-06e5-436a-b9f1-5dec7f0979d7,29775a4f-602f-42b3-a85a-bc3b2a6e83f6,My passion for work in this field extends to a variety of experiences,about,0.8
decfb185-da23-4838-9463-96cbda1b18f2,29775a4f-602f-42b3-a85a-bc3b2a6e83f6,including work at summer camps,about,0.8
97f92a32-81b6-4640-aaae-1288c7225788,29775a4f-602f-42b3-a85a-bc3b2a6e83f6,mentorship programs,about,0.8
21485cc0-5d1a-4d9d-9f51-b19ab9a719f8,29775a4f-602f-42b3-a85a-bc3b2a6e83f6,working with traumatic brain injury,about,0.8
2ee9a403-2eba-4b5a-91fb-a2c63edddd67,29775a4f-602f-42b3-a85a-bc3b2a6e83f6,work in the field of applied behaviour analysis,about,0.8
8a5fc381-e23e-4e0f-b701-14078bf78c7f,29775a4f-602f-42b3-a85a-bc3b2a6e83f6,I've now extended my work in these areas to clinical experience and research,about,0.8
5a7cba1d-ae8f-47cb-b125-078b21e27880,29775a4f-602f-42b3-a85a-bc3b2a6e83f6,I value hard work,about,0.8
d24fb151-e180-4709-9d74-4182276dbcd7,29775a4f-602f-42b3-a85a-bc3b2a6e83f6,compassion,about,0.8
1ca3f9db-a19c-4d88-ad78-3be983193358,29775a4f-602f-42b3-a85a-bc3b2a6e83f6,and kindness in the field that I am in,about,0.8
644c39c0-0c16-4f68-9fce-c7eb55827a6e,29775a4f-602f-42b3-a85a-bc3b2a6e83f6,Currently,about,0.8
b5627437-6de2-449f-9cc4-562bd292a2af,29775a4f-602f-42b3-a85a-bc3b2a6e83f6,I am involved in a variety of projects,about,0.8
e20a48d2-2a36-4add-9e80-b83dfc6eaa05,29775a4f-602f-42b3-a85a-bc3b2a6e83f6,and I am focussed on putting my passions and skills to good use in valuable research and practice involving children and youth,about,0.8
f6b96409-1399-4061-b02c-bd06f8c0c671,29775a4f-602f-42b3-a85a-bc3b2a6e83f6,"Strong organization, communication, and advocacy skills",about,0.8
eec3e444-bb4f-4746-b031-50a4d08c548a,29775a4f-602f-42b3-a85a-bc3b2a6e83f6,Multimodal and spectral degradation effects on speech and emotion recognition in adult listeners,publications,0.9
99fde5e3-5366-48c5-88c5-8f21af1ce8e1,29775a4f-602f-42b3-a85a-bc3b2a6e83f6,Externalizing problems in children and youth with multiple early risks,publications,0.9
0ef0efe4-b84d-46ff-a871-26f77c61ae97,29775a4f-602f-42b3-a85a-bc3b2a6e83f6,CPA Developmental Section Elinor Ames Award,publications,0.9
6accc942-d6a0-47d9-ad09-c4df7991da9b,29775a4f-602f-42b3-a85a-bc3b2a6e83f6,Verbal mands in adult autism,publications,0.9
8797c740-1bf8-4962-9a01-9588800ae4a4,29775a4f-602f-42b3-a85a-bc3b2a6e83f6,Greater Calgary Metropolitan Area,experience,0.5
1ff8b0c2-6197-4672-9c22-5b382fe5178f,29775a4f-602f-42b3-a85a-bc3b2a6e83f6,University of Calgary,experience,0.5
a9735e61-efc6-4187-8af6-cb1c778c17dd,29775a4f-602f-42b3-a85a-bc3b2a6e83f6,"Calgary, Alberta, Canada",experience,0.5
c821113f-11f7-43ee-b446-3cbbaa6724b9,29775a4f-602f-42b3-a85a-bc3b2a6e83f6,Stony Plain,experience,0.5
8cb5f14c-1861-457c-ab3d-bd97ec442962,53482146-5b76-4e5d-823c-35f3903cd0fd,Postdoctoral Fellow at the University of Calgary,about,0.8
5bb8b4e8-bf80-4835-9b0e-1ffb2da6a5fe,53482146-5b76-4e5d-823c-35f3903cd0fd,Hotchkiss Brain Institute in the Medical Image Processing and Machine Learning Lab,about,0.8
90f223c5-2928-4414-ad17-4a3eeba9c35f,53482146-5b76-4e5d-823c-35f3903cd0fd,Citizen and Canadian Permanent Resident,about,0.8
eadb277a-a4de-4ca9-8a8e-1ea95b442a5c,53482146-5b76-4e5d-823c-35f3903cd0fd,Top skills Applied Mathematics • Deep Learning • Medical AI,about,0.8
dcfb8550-37f7-4e3e-96b6-ff661a7b7e48,53482146-5b76-4e5d-823c-35f3903cd0fd,"Calgary, Alberta, Canada",experience,0.5
83acf08d-0aec-4c3a-b4a2-d45955613873,53482146-5b76-4e5d-823c-35f3903cd0fd,"Developing NeuroAI-inspired deep learning architectures for decoding functional MRI signals and interpreting neural activities with associative memory: deep convolutional neural networks equipped with modern Hopfield network. • Developing applications of Hopfield networks for image generation from associative memories. • Leading research on machine learning approaches for neuroimaging biomarker discovery and automated segmentation of multimodal data: 3D MRI image scans, CTA-derived plaques, breast mammography, and radiology reports. • Co-authored multiple peer-reviewed publications on in silico modeling of “brain-like” neural networks",experience,0.5
cd2a4637-2be1-47d4-909c-ff52fb468658,53482146-5b76-4e5d-823c-35f3903cd0fd,emergent structural properties in lottery-ticket neural networks,experience,0.5
d4356d87-c44c-4329-9f33-66201c1d9a66,53482146-5b76-4e5d-823c-35f3903cd0fd,Basic Mathematics (MATH 100) • Mathematical Computing (MATH 300) • Differential Equations (MATH 314) • Mathematics for Business and Economics (MATH 201),experience,0.5
81bd3ec3-d4f2-4fb9-9c38-19b0179e0725,53482146-5b76-4e5d-823c-35f3903cd0fd,"Conducted research on uncertainty quantification using Bayesian inference and Hamiltonian Monte Carlo (HMC). • Applied adjoint sensitivity analysis to improve gradient estimation for MCMC methods, with a focus on a synthetic SIR epidemiological model. • Explored methods for enhancing computational efficiency and accuracy in probabilistic inference workflows",experience,0.5
42df97f4-f54d-4552-8225-1dd326235bc5,53482146-5b76-4e5d-823c-35f3903cd0fd,"Developed Biocellion models for multiscale, agent-based modeling project of multiple myeloma in the bone marrow microenvironment, funded by Celgene Corp. • Integrated ODEs, PDEs, and Boolean networks in cell dynamics for high-performance simulations with the Biocellion framework. • Developed Biocellion tutorial models and executables, facilitating deployment on Google Cloud with Institute for Systems Biology collaborators",experience,0.5
2eed15a9-b0e8-45c6-97dd-80706da102eb,53482146-5b76-4e5d-823c-35f3903cd0fd,"Database Administrator (DBA) for the Seattle Humane Society’s CRM, Raiser’s Edge. Performed statistical analyses and queries for strategic fundraising for direct mail campaigns. • Applied machine learning for the capital campaign and marketing events to increase constituent engagement. • Created MSSQL-supported automated Excel reports in VBA and developed R-Shiny applications for reporting Raiser’s Edge donor data",experience,0.5
31cff161-1e3c-451c-bb60-ffeb30085355,1b491565-a021-477c-9595-d1043ef5a2a3,On the Role of Epigenetic Modifications of HPA Axis in Post Traumatic Stress Disorder (PTSD) and Resilience,publications,0.9
e979823c-6160-4f65-861e-f33834db5445,1b491565-a021-477c-9595-d1043ef5a2a3,267. Clinical and Functional Efficacy of Long-Term Subcallosal Cingulate Deep Brain Stimulation for Treatment-Resistant Depression,publications,0.9
5968e5c3-8457-4302-9efd-9625d900880d,1b491565-a021-477c-9595-d1043ef5a2a3,Accelerated sequential bilateral theta-burst stimulation in major depression: an open trial,publications,0.9
4332c21d-cd12-4ff6-a8d0-7665e47ed364,1b491565-a021-477c-9595-d1043ef5a2a3,Scoping review: barriers to primary care access experienced by immigrants and refugees in English-speaking countries,publications,0.9
b0257b63-4e3b-489f-ac6f-5d9b03d252c4,1b491565-a021-477c-9595-d1043ef5a2a3,"Calgary, Alberta, Canada",experience,0.5
9161fae1-8b78-4895-9005-85c54e1a8e43,71042bfc-1644-4fbe-9794-77144ab6423e,"Calgary, Alberta, Canada",experience,0.5
353b485d-42be-4a94-80b0-535d05d6968d,fb12dac6-f094-4555-a930-e99f428db3b3,Greater Calgary Metropolitan Area,experience,0.5
b6d9c7ff-1e5e-4843-bd67-264fac2e0cd0,fb12dac6-f094-4555-a930-e99f428db3b3,Greater Ottawa Metropolitan Area,experience,0.5
4a8b9632-3300-4cf7-ab85-d26d5caafd6d,9285644a-db7a-4a16-8477-7b9e595e3894,Supported by the NSERC Undergraduate Student Research Award,experience,0.5
0cd91313-7959-403d-a5ef-79d2402e2d29,9285644a-db7a-4a16-8477-7b9e595e3894,Supported by the Program for Undergraduate Research Experience (PURE) Award,experience,0.5
326565d8-a96e-494f-b314-417911b3aaeb,9285644a-db7a-4a16-8477-7b9e595e3894,Venue Services Attendant,experience,0.5
6c4e378e-b267-46d2-99f5-ec29ca2cf7d7,3e4c18fc-b7cb-486a-9d04-6a469268083e,Why am I seeing this ad?,experience,0.5
